id,month,period,seas_mean_delta,seas_areaW_mean_delta,seas_sd_delta,seas_min_delta,seas_max_delta,seas_se_delta,n,scenario,var,biome,loc,type,seas_mean_abs,seas_areaW_mean_abs,seas_sd_abs,seas_min_abs,seas_max_abs,seas_se_abs
ssp245_aqueous_Atl_EQU,1,1850s,-1.974997493,-1.974857968,0.17309279,-2.284723345,-1.289702963,0.003208725,2910,ssp245,aqueous,Atl_EQU,Atl,EQU,8.229963012,8.22985011,0.420725891,6.413687746,9.51431023,0.007799248
ssp245_aqueous_Atl_EQU,10,1850s,-2.021740317,-2.02168168,0.159399698,-2.37448235,-0.902365818,0.002954888,2910,ssp245,aqueous,Atl_EQU,Atl,EQU,8.321505394,8.321843441,0.54661909,4.545960006,10.23431152,0.010133006
ssp245_aqueous_Atl_EQU,11,1850s,-2.026878601,-2.026831646,0.156483348,-2.322494339,-0.965488097,0.002900826,2910,ssp245,aqueous,Atl_EQU,Atl,EQU,8.24938934,8.249445581,0.546255473,5.184698492,11.16715025,0.010126265
ssp245_aqueous_Atl_EQU,12,1850s,-2.023280922,-2.023192127,0.16979058,-2.305233029,-1.062263323,0.00314751,2910,ssp245,aqueous,Atl_EQU,Atl,EQU,8.195469792,8.19533238,0.49891071,5.601773756,9.374948604,0.009248607
ssp245_aqueous_Atl_EQU,2,1850s,-1.976104901,-1.975979677,0.160156744,-2.284109553,-1.354694858,0.002968922,2910,ssp245,aqueous,Atl_EQU,Atl,EQU,8.318291708,8.318297826,0.384095559,6.621932321,9.582740853,0.00712021
ssp245_aqueous_Atl_EQU,3,1850s,-1.966128286,-1.96601979,0.138801588,-2.359000541,-1.349985897,0.002573048,2910,ssp245,aqueous,Atl_EQU,Atl,EQU,8.343163039,8.343249998,0.344211012,7.085838971,9.451129227,0.006380846
ssp245_aqueous_Atl_EQU,4,1850s,-1.968073449,-1.96800636,0.116900819,-2.268562491,-1.349552214,0.002167061,2910,ssp245,aqueous,Atl_EQU,Atl,EQU,8.300863471,8.300946033,0.287252764,6.841810493,10.14891855,0.005324977
ssp245_aqueous_Atl_EQU,5,1850s,-1.9718644,-1.971840909,0.136262284,-2.480407536,-1.271765729,0.002525976,2910,ssp245,aqueous,Atl_EQU,Atl,EQU,8.241817905,8.241886018,0.312526463,6.303633655,10.76959857,0.005793491
ssp245_aqueous_Atl_EQU,6,1850s,-1.972729544,-1.972745062,0.157867559,-2.821507159,-1.304566452,0.002926486,2910,ssp245,aqueous,Atl_EQU,Atl,EQU,8.202063471,8.20228592,0.392157113,5.842659708,10.06004549,0.007269652
ssp245_aqueous_Atl_EQU,7,1850s,-1.970808898,-1.970770331,0.15345484,-2.672121753,-1.190414671,0.002844684,2910,ssp245,aqueous,Atl_EQU,Atl,EQU,8.272486914,8.273098426,0.513265762,6.638369338,10.1605238,0.009514715
ssp245_aqueous_Atl_EQU,8,1850s,-1.989603678,-1.989542313,0.149772913,-2.51196375,-0.929735195,0.00277643,2910,ssp245,aqueous,Atl_EQU,Atl,EQU,8.369430788,8.370124312,0.590169084,5.994756214,10.28168145,0.010940318
ssp245_aqueous_Atl_EQU,9,1850s,-2.007718085,-2.007666126,0.156827581,-2.4189348,-0.790120615,0.002907207,2910,ssp245,aqueous,Atl_EQU,Atl,EQU,8.382985853,8.383542554,0.575161212,4.969192051,10.20106054,0.010662108
ssp245_aqueous_Atl_EQU,1,2090s,5.187902792,5.187829855,0.320709835,3.879821151,5.99461262,0.005945191,2910,ssp245,aqueous,Atl_EQU,Atl,EQU,15.3928633,15.39253793,0.788844577,12.00402061,17.20564914,0.014623285
ssp245_aqueous_Atl_EQU,10,2090s,5.218413081,5.218387757,0.394186811,2.812638272,6.165306374,0.007307277,2910,ssp245,aqueous,Atl_EQU,Atl,EQU,15.56165879,15.56191288,0.912088914,8.703083174,17.22342664,0.016907939
ssp245_aqueous_Atl_EQU,11,2090s,5.19679999,5.196637599,0.406866581,2.881504735,6.149191384,0.00754233,2910,ssp245,aqueous,Atl_EQU,Atl,EQU,15.47306793,15.47291483,0.964110152,9.072972534,18.5605188,0.017872288
ssp245_aqueous_Atl_EQU,12,2090s,5.16629606,5.166096345,0.365716595,3.4981894,6.076623232,0.006779508,2910,ssp245,aqueous,Atl_EQU,Atl,EQU,15.38504677,15.38462085,0.909437631,10.55218322,17.15841898,0.016858791
ssp245_aqueous_Atl_EQU,2,2090s,5.194153307,5.194218262,0.299197985,4.321503832,5.88355898,0.005546413,2910,ssp245,aqueous,Atl_EQU,Atl,EQU,15.48854992,15.48849577,0.701258739,12.96062337,17.14997995,0.012999654
ssp245_aqueous_Atl_EQU,3,2090s,5.178086411,5.178181541,0.273696415,4.38805953,5.931843699,0.005073675,2910,ssp245,aqueous,Atl_EQU,Atl,EQU,15.48737774,15.48745133,0.596403729,13.38692056,16.88102106,0.011055894
ssp245_aqueous_Atl_EQU,4,2090s,5.133724342,5.133810991,0.254960373,4.103232953,6.142921649,0.004726353,2910,ssp245,aqueous,Atl_EQU,Atl,EQU,15.40266126,15.40276338,0.520054956,13.5445107,18.12150359,0.009640571
ssp245_aqueous_Atl_EQU,5,2090s,5.107758733,5.1078825,0.281948969,4.02714879,6.043431678,0.005226657,2910,ssp245,aqueous,Atl_EQU,Atl,EQU,15.32144104,15.32160943,0.576357118,13.15413816,18.22193515,0.010684278
ssp245_aqueous_Atl_EQU,6,2090s,5.104863472,5.10501173,0.313309256,3.547586467,5.923502724,0.005808002,2910,ssp245,aqueous,Atl_EQU,Atl,EQU,15.27965649,15.28004271,0.659270397,12.37595879,17.38218518,0.012221291
ssp245_aqueous_Atl_EQU,7,2090s,5.164422349,5.164627951,0.324080321,3.579230877,6.030203979,0.006007671,2910,ssp245,aqueous,Atl_EQU,Atl,EQU,15.40771816,15.40849671,0.748444259,11.64874879,17.32627141,0.01387436
ssp245_aqueous_Atl_EQU,8,2090s,5.237385389,5.237596405,0.3419058,3.31640175,6.093385505,0.006338113,2910,ssp245,aqueous,Atl_EQU,Atl,EQU,15.59641986,15.59726303,0.835143607,10.66100379,17.31883607,0.015481558
ssp245_aqueous_Atl_EQU,9,2090s,5.242874809,5.242996182,0.373693771,3.215943969,6.438487215,0.006927386,2910,ssp245,aqueous,Atl_EQU,Atl,EQU,15.63357875,15.63420486,0.861156974,9.718553152,17.24925864,0.015963783
ssp245_aqueous_IND_STPS,1,1850s,-2.233576222,-2.214766788,0.328621139,-3.166643387,-1.389557586,0.002675433,15087,ssp245,aqueous,IND_STPS,IND,STPS,8.193616108,8.160275055,0.651190443,6.748984309,10.97969397,0.005301595
ssp245_aqueous_IND_STPS,10,1850s,-2.259179867,-2.240969267,0.321948459,-3.545760823,-1.352381042,0.002621108,15087,ssp245,aqueous,IND_STPS,IND,STPS,8.160691388,8.128354855,0.712926944,6.093515663,11.56129402,0.005804216
ssp245_aqueous_IND_STPS,11,1850s,-2.265395408,-2.246996946,0.323914249,-3.419526586,-1.356002051,0.002637112,15087,ssp245,aqueous,IND_STPS,IND,STPS,8.167402139,8.135586889,0.677511777,6.559717442,11.57175699,0.005515888
ssp245_aqueous_IND_STPS,12,1850s,-2.281551289,-2.262594223,0.333209946,-3.261725464,-1.50506062,0.002712792,15087,ssp245,aqueous,IND_STPS,IND,STPS,8.182491278,8.150205563,0.656231086,6.689293858,11.08547437,0.005342633
ssp245_aqueous_IND_STPS,2,1850s,-2.22892445,-2.210387948,0.322183657,-3.151636791,-1.296278972,0.002623023,15087,ssp245,aqueous,IND_STPS,IND,STPS,8.17727904,8.144579246,0.62897806,6.760392606,10.96256234,0.005120756
ssp245_aqueous_IND_STPS,3,1850s,-2.224255747,-2.206823114,0.305141304,-3.134899175,-1.276413053,0.002484274,15087,ssp245,aqueous,IND_STPS,IND,STPS,8.152967565,8.12291686,0.588641661,6.840151077,10.91747283,0.004792361
ssp245_aqueous_IND_STPS,4,1850s,-2.212368016,-2.195890617,0.290874064,-3.141512521,-1.339109505,0.002368119,15087,ssp245,aqueous,IND_STPS,IND,STPS,8.126076589,8.098916104,0.558564764,6.96912739,10.88290599,0.004547494
ssp245_aqueous_IND_STPS,5,1850s,-2.200543449,-2.184168471,0.289041257,-3.189755486,-1.447489617,0.002353198,15087,ssp245,aqueous,IND_STPS,IND,STPS,8.099570606,8.073316508,0.565787661,7.230685566,10.91996279,0.004606298
ssp245_aqueous_IND_STPS,6,1850s,-2.203795257,-2.187046304,0.295848466,-3.267407221,-1.525157772,0.002408618,15087,ssp245,aqueous,IND_STPS,IND,STPS,8.097108962,8.069473817,0.606558377,7.169777377,11.0326561,0.004938228
ssp245_aqueous_IND_STPS,7,1850s,-2.217635694,-2.200244683,0.30866993,-3.580738261,-1.55721668,0.002513002,15087,ssp245,aqueous,IND_STPS,IND,STPS,8.123975975,8.09377058,0.667557055,7.083904442,11.18263242,0.005434842
ssp245_aqueous_IND_STPS,8,1850s,-2.236408699,-2.218346748,0.322012446,-3.879194908,-1.550178393,0.002621629,15087,ssp245,aqueous,IND_STPS,IND,STPS,8.15913663,8.12671993,0.721207428,6.611156205,11.33430975,0.005871631
ssp245_aqueous_IND_STPS,9,1850s,-2.25085392,-2.232855915,0.321945095,-3.777878172,-1.540688549,0.002621081,15087,ssp245,aqueous,IND_STPS,IND,STPS,8.168444977,8.135412609,0.740281272,6.225865775,11.4800004,0.006026918
ssp245_aqueous_IND_STPS,1,2090s,5.635598563,5.595788664,0.703900801,4.165364402,7.885607243,0.005730731,15087,ssp245,aqueous,IND_STPS,IND,STPS,16.06279089,15.97083051,1.581563854,12.99065232,20.86767381,0.012876128
ssp245_aqueous_IND_STPS,10,2090s,5.693921587,5.65311832,0.777788631,4.062638854,12.12348462,0.006332281,15087,ssp245,aqueous,IND_STPS,IND,STPS,16.11379284,16.02244244,1.659657024,12.01802682,22.89640095,0.013511915
ssp245_aqueous_IND_STPS,11,2090s,5.681965169,5.640516035,0.770574116,4.025105311,9.771535649,0.006273544,15087,ssp245,aqueous,IND_STPS,IND,STPS,16.11476272,16.02309987,1.626422634,12.61717657,22.40432406,0.013241341
ssp245_aqueous_IND_STPS,12,2090s,5.650264419,5.608582132,0.75051778,4.076003324,8.205121719,0.006110258,15087,ssp245,aqueous,IND_STPS,IND,STPS,16.11430699,16.02138192,1.619063992,12.79798305,21.48476892,0.013181431
ssp245_aqueous_IND_STPS,2,2090s,5.570503174,5.535708266,0.622052841,4.20286645,7.599287792,0.005064375,15087,ssp245,aqueous,IND_STPS,IND,STPS,15.97670666,15.89067546,1.476881585,13.2381459,20.06136615,0.012023869
ssp245_aqueous_IND_STPS,3,2090s,5.503578743,5.472804978,0.560027376,4.268501678,7.516101179,0.004559401,15087,ssp245,aqueous,IND_STPS,IND,STPS,15.88080206,15.80254495,1.355851121,13.35381052,19.9252896,0.011038513
ssp245_aqueous_IND_STPS,4,2090s,5.452401832,5.423073724,0.537115297,4.395956803,7.426296112,0.004372865,15087,ssp245,aqueous,IND_STPS,IND,STPS,15.79084644,15.71788045,1.281922642,13.68550217,19.85924383,0.010436632
ssp245_aqueous_IND_STPS,5,2090s,5.44069618,5.410090399,0.554334845,4.461749096,7.581738525,0.004513056,15087,ssp245,aqueous,IND_STPS,IND,STPS,15.74081024,15.66757538,1.295097416,13.81827173,20.13314989,0.010543893
ssp245_aqueous_IND_STPS,6,2090s,5.465202563,5.431001595,0.606563873,4.456179213,7.942648547,0.004938273,15087,ssp245,aqueous,IND_STPS,IND,STPS,15.76610678,15.68752172,1.38936279,13.8072341,20.89778669,0.011311344
ssp245_aqueous_IND_STPS,7,2090s,5.542060911,5.504158711,0.670612388,4.419797837,8.353465063,0.005459717,15087,ssp245,aqueous,IND_STPS,IND,STPS,15.88367258,15.79817397,1.526424583,13.71880849,21.69344838,0.012427218
ssp245_aqueous_IND_STPS,8,2090s,5.618668573,5.579447543,0.705551694,4.328086672,8.480792629,0.005744171,15087,ssp245,aqueous,IND_STPS,IND,STPS,16.0142139,15.92451422,1.626750545,12.91032124,22.37697688,0.01324401
ssp245_aqueous_IND_STPS,9,2090s,5.682357204,5.64195004,0.756866369,4.112909833,10.55047867,0.006161944,15087,ssp245,aqueous,IND_STPS,IND,STPS,16.1016561,16.01021856,1.678588521,12.24311274,22.80445545,0.013666044
ssp245_aqueous_NA_SPSS,1,1850s,-3.829155098,-3.757713159,0.710427815,-7.254734325,-1.848675445,0.008140601,7616,ssp245,aqueous,NA_SPSS,NA,SPSS,13.28547225,13.1683199,1.212014465,8.327110942,23.2108537,0.013888148
ssp245_aqueous_NA_SPSS,10,1850s,-3.526434096,-3.445403252,0.685000788,-5.959201894,-1.937433567,0.00784924,7616,ssp245,aqueous,NA_SPSS,NA,SPSS,12.26608893,12.14697967,1.234018253,7.514136803,20.23503231,0.014140283
ssp245_aqueous_NA_SPSS,11,1850s,-3.697679405,-3.616404194,0.67868295,-7.5594047,-2.020971515,0.007776845,7616,ssp245,aqueous,NA_SPSS,NA,SPSS,12.71026247,12.57026498,1.224240979,8.004434553,21.14300985,0.014028248
ssp245_aqueous_NA_SPSS,12,1850s,-3.821719613,-3.744324086,0.696872764,-7.4569953,-2.076402858,0.007985278,7616,ssp245,aqueous,NA_SPSS,NA,SPSS,13.0544879,12.92042226,1.219417207,8.135673613,22.46464054,0.013972974
ssp245_aqueous_NA_SPSS,2,1850s,-3.843527141,-3.776123673,0.72878695,-7.891644064,-1.784097845,0.008350974,7616,ssp245,aqueous,NA_SPSS,NA,SPSS,13.42997554,13.32627005,1.19971971,8.627713122,23.69894473,0.013747266
ssp245_aqueous_NA_SPSS,3,1850s,-3.836574078,-3.77275263,0.748054703,-7.075381404,-1.739565788,0.008571758,7616,ssp245,aqueous,NA_SPSS,NA,SPSS,13.46876329,13.36788325,1.181026356,9.010585938,24.35058647,0.013533064
ssp245_aqueous_NA_SPSS,4,1850s,-3.746121377,-3.684742724,0.76777629,-7.244290947,-1.794212178,0.008797742,7616,ssp245,aqueous,NA_SPSS,NA,SPSS,13.22674653,13.10726383,1.220897627,7.707645675,25.59093701,0.013989938
ssp245_aqueous_NA_SPSS,5,1850s,-3.419496284,-3.396035729,0.876764404,-6.51925677,-0.726516303,0.010046608,7616,ssp245,aqueous,NA_SPSS,NA,SPSS,12.2881161,12.18301208,1.530166299,6.933778935,24.44507582,0.017533764
ssp245_aqueous_NA_SPSS,6,1850s,-3.140006143,-3.148993447,0.939092357,-6.633155928,1.66949302,0.010760807,7616,ssp245,aqueous,NA_SPSS,NA,SPSS,11.54665423,11.51861117,1.785316528,7.266582625,23.18685876,0.020457462
ssp245_aqueous_NA_SPSS,7,1850s,-3.220405668,-3.202907436,0.884915945,-5.577376179,0.490563984,0.010140014,7616,ssp245,aqueous,NA_SPSS,NA,SPSS,11.45589907,11.47641444,1.621272572,7.42376443,22.70620306,0.018577727
ssp245_aqueous_NA_SPSS,8,1850s,-3.267889479,-3.222603487,0.820635992,-5.307309886,-1.407530539,0.009403447,7616,ssp245,aqueous,NA_SPSS,NA,SPSS,11.55464467,11.54911071,1.476863397,7.455685832,21.38745855,0.016922981
ssp245_aqueous_NA_SPSS,9,1850s,-3.3693062,-3.301798554,0.723501276,-5.251491051,-1.866068959,0.008290407,7616,ssp245,aqueous,NA_SPSS,NA,SPSS,11.83052512,11.76521957,1.316215875,7.408517833,20.26408399,0.015082164
ssp245_aqueous_NA_SPSS,1,2090s,11.00123529,10.82784055,2.43775992,5.234748653,17.66221485,0.027933636,7616,ssp245,aqueous,NA_SPSS,NA,SPSS,28.11586264,27.75387361,3.584847805,16.14663844,43.0238951,0.041077807
ssp245_aqueous_NA_SPSS,10,2090s,10.10292075,9.882239869,2.283425257,5.1605034,16.38820004,0.026165156,7616,ssp245,aqueous,NA_SPSS,NA,SPSS,25.89544378,25.47462279,2.996090953,15.66341148,35.78447985,0.034331401
ssp245_aqueous_NA_SPSS,11,2090s,10.35569754,10.13748291,2.303550298,5.301162338,17.64050233,0.026395764,7616,ssp245,aqueous,NA_SPSS,NA,SPSS,26.76363942,26.32415209,3.24325593,15.79313302,37.20564493,0.037163598
ssp245_aqueous_NA_SPSS,12,2090s,10.65966372,10.46519728,2.347030961,5.241863808,17.27839449,0.026893997,7616,ssp245,aqueous,NA_SPSS,NA,SPSS,27.53587123,27.12994362,3.426587005,15.74074602,40.27716669,0.039264339
ssp245_aqueous_NA_SPSS,2,2090s,11.24832404,11.0839974,2.491906292,5.445717607,18.13604538,0.028554084,7616,ssp245,aqueous,NA_SPSS,NA,SPSS,28.52182671,28.18639112,3.686197897,16.59448234,43.36493376,0.042239151
ssp245_aqueous_NA_SPSS,3,2090s,11.38875436,11.23437724,2.508141523,5.246748352,18.25680821,0.02874012,7616,ssp245,aqueous,NA_SPSS,NA,SPSS,28.69409173,28.37501313,3.722769716,16.93068724,43.95354171,0.042658218
ssp245_aqueous_NA_SPSS,4,2090s,11.32836173,11.22673039,2.507502575,4.674301415,18.40314354,0.028732798,7616,ssp245,aqueous,NA_SPSS,NA,SPSS,28.30122964,28.01873694,3.651535361,17.12393403,43.69183058,0.041841962
ssp245_aqueous_NA_SPSS,5,2090s,11.05970031,11.05750181,2.356665901,4.708004873,18.09023954,0.027004401,7616,ssp245,aqueous,NA_SPSS,NA,SPSS,26.7673127,26.63654962,3.285118824,16.31171567,40.15294108,0.037643294
ssp245_aqueous_NA_SPSS,6,2090s,11.11872209,11.11840886,2.749379001,5.446747031,17.9910056,0.031504395,7616,ssp245,aqueous,NA_SPSS,NA,SPSS,25.80538246,25.78601348,3.078886863,16.05497602,40.1625713,0.035280137
ssp245_aqueous_NA_SPSS,7,2090s,10.99779024,10.87112504,2.79784169,5.312792708,17.87329758,0.032059716,7616,ssp245,aqueous,NA_SPSS,NA,SPSS,25.67409497,25.55044692,2.94417677,16.03108708,38.40493703,0.03373653
ssp245_aqueous_NA_SPSS,8,2090s,10.54447267,10.37236378,2.616355109,4.987866051,17.19182119,0.02998011,7616,ssp245,aqueous,NA_SPSS,NA,SPSS,25.36700682,25.14407798,2.78507641,15.83477394,35.68421735,0.031913442
ssp245_aqueous_NA_SPSS,9,2090s,10.11727665,9.928631512,2.377097321,5.09566228,16.55940618,0.027238519,7616,ssp245,aqueous,NA_SPSS,NA,SPSS,25.31710797,24.99564964,2.771349369,15.58066131,34.44578618,0.031756148
ssp245_aqueous_NA_STPS,1,1850s,-2.215547901,-2.210141804,0.153130814,-3.061283487,-1.814235742,0.001765028,7527,ssp245,aqueous,NA_STPS,NA,STPS,8.286609058,8.265328952,0.574111668,7.424982435,10.45669809,0.00661737
ssp245_aqueous_NA_STPS,10,1850s,-2.266944902,-2.261326522,0.164032191,-3.094029661,-1.5580016,0.00189068,7527,ssp245,aqueous,NA_STPS,NA,STPS,8.380859003,8.360146302,0.600034518,7.192342998,10.79628499,0.006916164
ssp245_aqueous_NA_STPS,11,1850s,-2.245630789,-2.240456183,0.158499306,-3.089743932,-1.655301963,0.001826907,7527,ssp245,aqueous,NA_STPS,NA,STPS,8.293072658,8.274442993,0.565771933,7.117078678,10.62632624,0.006521244
ssp245_aqueous_NA_STPS,12,1850s,-2.240360938,-2.235041566,0.1547256,-3.100573619,-1.799189361,0.00178341,7527,ssp245,aqueous,NA_STPS,NA,STPS,8.266220705,8.247172939,0.552254639,7.404373517,10.52213212,0.00636544
ssp245_aqueous_NA_STPS,2,1850s,-2.224188772,-2.218928103,0.155981916,-3.089444524,-1.58311832,0.001797891,7527,ssp245,aqueous,NA_STPS,NA,STPS,8.320029472,8.296961672,0.599796495,7.410421709,10.79153414,0.00691342
ssp245_aqueous_NA_STPS,3,1850s,-2.223060732,-2.21796853,0.159721365,-3.138465387,-1.714420775,0.001840993,7527,ssp245,aqueous,NA_STPS,NA,STPS,8.325020645,8.302445855,0.594361591,7.397945663,10.67778033,0.006850776
ssp245_aqueous_NA_STPS,4,1850s,-2.227432087,-2.22222196,0.168265866,-3.194201421,-1.796130789,0.001939479,7527,ssp245,aqueous,NA_STPS,NA,STPS,8.308231641,8.289430875,0.556080983,7.403262219,10.58082916,0.006409543
ssp245_aqueous_NA_STPS,5,1850s,-2.26233556,-2.256017057,0.188603612,-3.239782154,-1.794397075,0.002173897,7527,ssp245,aqueous,NA_STPS,NA,STPS,8.340035418,8.322964499,0.561274611,7.460766435,10.7631886,0.006469406
ssp245_aqueous_NA_STPS,6,1850s,-2.300757886,-2.292702239,0.210751728,-3.292793754,-1.793198548,0.002429183,7527,ssp245,aqueous,NA_STPS,NA,STPS,8.437218062,8.416366949,0.606465926,7.542234112,10.94169418,0.006990294
ssp245_aqueous_NA_STPS,7,1850s,-2.324104554,-2.315273683,0.212386464,-3.248504801,-1.785107528,0.002448025,7527,ssp245,aqueous,NA_STPS,NA,STPS,8.505899911,8.481327871,0.642971185,7.218949287,11.16433274,0.007411064
ssp245_aqueous_NA_STPS,8,1850s,-2.321994248,-2.313732955,0.196451249,-3.201351009,-1.758667447,0.002264351,7527,ssp245,aqueous,NA_STPS,NA,STPS,8.513521269,8.488264066,0.647947214,7.012642777,11.27194808,0.007468419
ssp245_aqueous_NA_STPS,9,1850s,-2.297283489,-2.290582779,0.171916514,-3.119116788,-1.600242203,0.001981557,7527,ssp245,aqueous,NA_STPS,NA,STPS,8.475137373,8.451333365,0.634437198,7.158868779,11.1077949,0.007312699
ssp245_aqueous_NA_STPS,1,2090s,5.598016607,5.576157084,0.495509546,4.795213764,7.490102583,0.00571138,7527,ssp245,aqueous,NA_STPS,NA,STPS,16.10017357,16.05162784,1.09984361,14.5119915,20.25482656,0.012677102
ssp245_aqueous_NA_STPS,10,2090s,5.53423157,5.514251954,0.467920367,4.693458803,7.673560929,0.00539338,7527,ssp245,aqueous,NA_STPS,NA,STPS,16.18203548,16.13572478,1.078147528,14.27648862,20.36125387,0.012427027
ssp245_aqueous_NA_STPS,11,2090s,5.505176968,5.485551059,0.464704234,4.730644117,7.431940865,0.00535631,7527,ssp245,aqueous,NA_STPS,NA,STPS,16.04388042,16.00045024,1.039755221,14.41303895,20.23933361,0.011984506
ssp245_aqueous_NA_STPS,12,2090s,5.523723817,5.503289015,0.473825602,4.730495332,7.556654216,0.005461445,7527,ssp245,aqueous,NA_STPS,NA,STPS,16.03030546,15.98550352,1.04589913,14.47095103,20.22636304,0.012055323
ssp245_aqueous_NA_STPS,2,2090s,5.672923798,5.64834109,0.545335159,4.855908867,7.749986089,0.006285684,7527,ssp245,aqueous,NA_STPS,NA,STPS,16.21714204,16.16423087,1.168781757,14.61442938,20.50555954,0.013471702
ssp245_aqueous_NA_STPS,3,2090s,5.712622272,5.68764339,0.555348581,4.789011611,7.700785988,0.006401101,7527,ssp245,aqueous,NA_STPS,NA,STPS,16.26070365,16.20805778,1.173007962,14.63463093,20.61950922,0.013520414
ssp245_aqueous_NA_STPS,4,2090s,5.741150104,5.714766492,0.584158059,4.604660568,7.831845407,0.006733167,7527,ssp245,aqueous,NA_STPS,NA,STPS,16.27681383,16.22641933,1.168860304,14.67631257,20.93562898,0.013472607
ssp245_aqueous_NA_STPS,5,2090s,5.787837071,5.757956903,0.650064716,4.476143939,8.36456658,0.007492826,7527,ssp245,aqueous,NA_STPS,NA,STPS,16.39020805,16.33693846,1.243110624,14.42642547,21.30493314,0.014328437
ssp245_aqueous_NA_STPS,6,2090s,5.806189401,5.774933093,0.664461635,4.534758716,8.349166562,0.007658769,7527,ssp245,aqueous,NA_STPS,NA,STPS,16.54416535,16.48400228,1.326860028,14.40769308,21.51041339,0.015293756
ssp245_aqueous_NA_STPS,7,2090s,5.761634487,5.732387574,0.6187948,4.406057157,8.233975278,0.0071324,7527,ssp245,aqueous,NA_STPS,NA,STPS,16.59163895,16.52898913,1.334392595,13.91365352,21.39281856,0.015380578
ssp245_aqueous_NA_STPS,8,2090s,5.674698359,5.650296885,0.533946459,4.559055615,8.059716894,0.006154415,7527,ssp245,aqueous,NA_STPS,NA,STPS,16.51021388,16.45229391,1.242427009,13.99682029,20.99174037,0.014320558
ssp245_aqueous_NA_STPS,9,2090s,5.598015581,5.57662921,0.483286463,4.534563758,7.895693939,0.005570494,7527,ssp245,aqueous,NA_STPS,NA,STPS,16.37043644,16.31854535,1.147325174,14.15255081,20.61458526,0.013224387
ssp245_aqueous_NA_STSS,1,1850s,-2.640431845,-2.622275379,0.406592924,-4.426217989,-1.38070556,0.007264063,3133,ssp245,aqueous,NA_STSS,NA,STSS,10.04039596,9.983689131,1.129126354,7.396695019,13.29686722,0.020172622
ssp245_aqueous_NA_STSS,10,1850s,-2.477566177,-2.465385208,0.382979072,-4.268669892,-1.70271314,0.006842186,3133,ssp245,aqueous,NA_STSS,NA,STSS,9.300642799,9.253303626,1.060795687,7.550743075,13.46774846,0.018951847
ssp245_aqueous_NA_STSS,11,1850s,-2.542037263,-2.526521545,0.381224899,-4.254115026,-1.781829284,0.006810846,3133,ssp245,aqueous,NA_STSS,NA,STSS,9.420607179,9.368015569,1.043501425,7.553256342,13.10039417,0.018642873
ssp245_aqueous_NA_STSS,12,1850s,-2.618286162,-2.600755703,0.397253539,-4.340720358,-1.831217137,0.007097209,3133,ssp245,aqueous,NA_STSS,NA,STSS,9.708359222,9.652397377,1.072228993,7.449884869,13.09871461,0.019156111
ssp245_aqueous_NA_STSS,2,1850s,-2.666600311,-2.64740871,0.422596905,-4.453220319,-1.007161375,0.007549985,3133,ssp245,aqueous,NA_STSS,NA,STSS,10.27444486,10.21754831,1.179323205,7.436695886,13.55327426,0.021069423
ssp245_aqueous_NA_STSS,3,1850s,-2.620911506,-2.601123235,0.434924976,-4.477095158,-1.632991585,0.007770235,3133,ssp245,aqueous,NA_STSS,NA,STSS,10.31973444,10.26329988,1.171855739,7.510032608,13.57495459,0.020936012
ssp245_aqueous_NA_STSS,4,1850s,-2.539327929,-2.521585583,0.444263012,-4.433880379,-1.771438011,0.007937065,3133,ssp245,aqueous,NA_STSS,NA,STSS,9.926472627,9.874955488,1.02819629,7.453413077,13.46034907,0.018369437
ssp245_aqueous_NA_STSS,5,1850s,-2.423349085,-2.410697318,0.502280186,-4.681288711,-1.508392289,0.008973582,3133,ssp245,aqueous,NA_STSS,NA,STSS,9.33028128,9.286741085,1.067494614,7.466670931,13.50135623,0.019071528
ssp245_aqueous_NA_STSS,6,1850s,-2.446536479,-2.437309987,0.496088237,-4.907644989,-1.457486358,0.008862959,3133,ssp245,aqueous,NA_STSS,NA,STSS,9.235552506,9.195627748,1.096530842,7.527379853,13.63962212,0.01959028
ssp245_aqueous_NA_STSS,7,1850s,-2.545180755,-2.535136263,0.488085745,-4.836477782,-1.387347009,0.008719989,3133,ssp245,aqueous,NA_STSS,NA,STSS,9.405483305,9.365298828,1.108426663,7.604537856,13.98038125,0.019802808
ssp245_aqueous_NA_STSS,8,1850s,-2.562439972,-2.551968594,0.445929808,-4.646454646,-1.500197375,0.007966844,3133,ssp245,aqueous,NA_STSS,NA,STSS,9.475618679,9.43393581,1.116417326,7.624936358,14.08793467,0.019945566
ssp245_aqueous_NA_STSS,9,1850s,-2.496258368,-2.485776353,0.407089875,-4.432002324,-1.645190285,0.007272942,3133,ssp245,aqueous,NA_STSS,NA,STSS,9.381148939,9.337940338,1.097768932,7.596401524,13.86069269,0.0196124
ssp245_aqueous_NA_STSS,1,2090s,7.362648639,7.306921109,1.258371364,5.002032601,11.95517387,0.022481673,3133,ssp245,aqueous,NA_STSS,NA,STSS,20.04347645,19.91288562,2.506067929,14.51023191,28.75865319,0.044772634
ssp245_aqueous_NA_STSS,10,2090s,6.994637372,6.940659506,1.338211167,4.518311051,11.05364486,0.023908066,3133,ssp245,aqueous,NA_STSS,NA,STSS,18.77284635,18.65934834,2.182039484,14.94214931,25.40297757,0.038983642
ssp245_aqueous_NA_STSS,11,2090s,6.982000246,6.927529754,1.285045307,4.617428287,11.22779022,0.022958222,3133,ssp245,aqueous,NA_STSS,NA,STSS,18.94464469,18.82206687,2.283731404,14.64513323,26.39151283,0.040800438
ssp245_aqueous_NA_STSS,12,2090s,7.170552191,7.114180409,1.279724667,4.909356741,11.53362958,0.022863165,3133,ssp245,aqueous,NA_STSS,NA,STSS,19.49719758,19.36733349,2.41404844,14.48831051,27.68231847,0.043128642
ssp245_aqueous_NA_STSS,2,2090s,7.500862937,7.449287245,1.208342309,5.075121363,12.09008103,0.02158787,3133,ssp245,aqueous,NA_STSS,NA,STSS,20.44190811,20.31424427,2.519560708,14.65322531,29.49036103,0.045013691
ssp245_aqueous_NA_STSS,3,2090s,7.577230628,7.523589073,1.216001087,5.173881131,12.30084103,0.021724699,3133,ssp245,aqueous,NA_STSS,NA,STSS,20.51787657,20.38801219,2.520119562,14.76655316,29.77051399,0.045023676
ssp245_aqueous_NA_STSS,4,2090s,7.624217481,7.558842017,1.451359413,5.216554562,12.89441737,0.025929538,3133,ssp245,aqueous,NA_STSS,NA,STSS,20.09001804,19.95538309,2.504359488,14.95608861,29.0311487,0.044742111
ssp245_aqueous_NA_STSS,5,2090s,7.761430364,7.683926214,1.838186202,4.3574696,13.87965357,0.032840465,3133,ssp245,aqueous,NA_STSS,NA,STSS,19.51506073,19.38136462,2.575292267,14.91223947,27.3198236,0.046009374
ssp245_aqueous_NA_STSS,6,2090s,7.920527737,7.840016595,1.818820035,5.288562555,14.0729815,0.032494476,3133,ssp245,aqueous,NA_STSS,NA,STSS,19.60261672,19.47295433,2.548962952,15.08736625,27.27549639,0.045538983
ssp245_aqueous_NA_STSS,7,2090s,7.837315668,7.761868853,1.684473967,5.257368732,12.90982418,0.03009429,3133,ssp245,aqueous,NA_STSS,NA,STSS,19.78797973,19.66230394,2.412373309,15.25036642,26.94836905,0.043098715
ssp245_aqueous_NA_STSS,8,2090s,7.527933052,7.461148249,1.58300748,5.010170823,12.14596735,0.028281521,3133,ssp245,aqueous,NA_STSS,NA,STSS,19.5659917,19.44705265,2.27279474,15.23907425,26.33972823,0.040605047
ssp245_aqueous_NA_STSS,9,2090s,7.221185937,7.162178587,1.469377288,4.644499351,11.44454042,0.02625144,3133,ssp245,aqueous,NA_STSS,NA,STSS,19.09859324,18.98589528,2.179404704,15.15475661,25.56433042,0.03893657
ssp245_aqueous_NP_SPSS,1,1850s,-4.069248586,-4.021471473,0.691667191,-6.42586748,-1.152215802,0.007955981,7558,ssp245,aqueous,NP_SPSS,NP,SPSS,14.02705659,13.84164413,2.477110438,7.957326856,23.21640529,0.028493246
ssp245_aqueous_NP_SPSS,10,1850s,-3.500466567,-3.467131393,0.48335182,-5.516849707,0.37734171,0.00555981,7558,ssp245,aqueous,NP_SPSS,NP,SPSS,12.14759811,12.00978867,1.686365669,8.11181024,18.37706031,0.019397614
ssp245_aqueous_NP_SPSS,11,1850s,-3.785285333,-3.743782063,0.575382384,-5.590075793,-0.138286413,0.006618402,7558,ssp245,aqueous,NP_SPSS,NP,SPSS,12.85568616,12.6949282,1.979804638,7.885909408,19.82016168,0.022772929
ssp245_aqueous_NP_SPSS,12,1850s,-3.99860161,-3.953697423,0.640206565,-5.864773278,-0.826387735,0.007364049,7558,ssp245,aqueous,NP_SPSS,NP,SPSS,13.51757559,13.34203133,2.256974057,7.821008443,21.42007552,0.025961102
ssp245_aqueous_NP_SPSS,2,1850s,-4.117222275,-4.069337561,0.729817716,-6.544059325,-1.278135323,0.008394812,7558,ssp245,aqueous,NP_SPSS,NP,SPSS,14.33845742,14.14880689,2.608438334,8.082533457,24.24044194,0.03000386
ssp245_aqueous_NP_SPSS,3,1850s,-4.138819877,-4.094788986,0.763663108,-6.477135571,-0.731070806,0.008784122,7558,ssp245,aqueous,NP_SPSS,NP,SPSS,14.38404423,14.19410183,2.646236012,8.114383285,24.96828679,0.030438632
ssp245_aqueous_NP_SPSS,4,1850s,-3.969982888,-3.929999682,0.707517124,-6.273870926,-0.167196189,0.008138297,7558,ssp245,aqueous,NP_SPSS,NP,SPSS,13.95274404,13.77412649,2.550792226,8.190087966,25.08225419,0.029340779
ssp245_aqueous_NP_SPSS,5,1850s,-3.691188116,-3.660468463,0.635831776,-5.817100857,0.309554004,0.007313728,7558,ssp245,aqueous,NP_SPSS,NP,SPSS,12.92633468,12.78303126,2.179994526,7.616319179,20.47162282,0.025075636
ssp245_aqueous_NP_SPSS,6,1850s,-3.431765906,-3.41060933,0.598383167,-5.859335991,0.825665565,0.006882971,7558,ssp245,aqueous,NP_SPSS,NP,SPSS,12.02052251,11.91469697,1.943229341,7.732408947,18.4935827,0.022352218
ssp245_aqueous_NP_SPSS,7,1850s,-3.268708611,-3.254586178,0.522960986,-6.08607737,0.949602134,0.006015418,7558,ssp245,aqueous,NP_SPSS,NP,SPSS,11.66463314,11.57358824,1.679456763,8.101303698,17.17437116,0.019318143
ssp245_aqueous_NP_SPSS,8,1850s,-3.231469379,-3.217272465,0.453815,-6.03506979,0.831619019,0.005220059,7558,ssp245,aqueous,NP_SPSS,NP,SPSS,11.56150551,11.47153927,1.48646697,8.089030581,16.87153988,0.017098256
ssp245_aqueous_NP_SPSS,9,1850s,-3.261830741,-3.24072125,0.428802482,-5.765721655,0.815297708,0.00493235,7558,ssp245,aqueous,NP_SPSS,NP,SPSS,11.66486257,11.55499525,1.499589753,8.041492135,17.39513529,0.017249202
ssp245_aqueous_NP_SPSS,1,2090s,9.163342344,9.103654869,1.293879858,5.262050382,13.87927577,0.014883001,7558,ssp245,aqueous,NP_SPSS,NP,SPSS,27.25964752,26.96677047,4.135523101,16.20592091,40.42749873,0.047569327
ssp245_aqueous_NP_SPSS,10,2090s,7.263122493,7.213871919,0.899305797,4.442843538,10.86951446,0.010344368,7558,ssp245,aqueous,NP_SPSS,NP,SPSS,22.91118717,22.69079198,2.564735056,15.49079181,32.2642475,0.029501158
ssp245_aqueous_NP_SPSS,11,2090s,7.958402693,7.896681172,1.084615605,4.931117366,11.3588944,0.012475915,7558,ssp245,aqueous,NP_SPSS,NP,SPSS,24.59937419,24.33539143,3.270777318,15.7452912,35.00187989,0.03762249
ssp245_aqueous_NP_SPSS,12,2090s,8.634673505,8.568828983,1.224040234,5.087052422,12.67852316,0.014079663,7558,ssp245,aqueous,NP_SPSS,NP,SPSS,26.1508507,25.86455774,3.798031564,15.81666173,36.98870485,0.043687292
ssp245_aqueous_NP_SPSS,2,2090s,9.376868859,9.321588241,1.339304971,5.505247912,14.1885747,0.015405508,7558,ssp245,aqueous,NP_SPSS,NP,SPSS,27.83254855,27.53973269,4.323585486,16.57292499,41.93949089,0.049732536
ssp245_aqueous_NP_SPSS,3,2090s,9.288144767,9.234897805,1.273421545,5.639139392,15.06283529,0.014647677,7558,ssp245,aqueous,NP_SPSS,NP,SPSS,27.81100887,27.52378862,4.30920257,16.86025609,41.93908138,0.049567095
ssp245_aqueous_NP_SPSS,4,2090s,8.78359084,8.736821162,1.141163116,5.813738217,14.91909621,0.013126359,7558,ssp245,aqueous,NP_SPSS,NP,SPSS,26.70631777,26.44094733,3.991137272,17.08473913,39.97910825,0.045908513
ssp245_aqueous_NP_SPSS,5,2090s,7.587684631,7.575207119,1.307182409,2.822718514,14.45247146,0.015036015,7558,ssp245,aqueous,NP_SPSS,NP,SPSS,24.20520742,24.01870684,3.297094629,15.14726366,34.0386805,0.037925208
ssp245_aqueous_NP_SPSS,6,2090s,7.17357452,7.175139738,0.939838336,4.555863473,14.11036349,0.010810598,7558,ssp245,aqueous,NP_SPSS,NP,SPSS,22.62586294,22.50044604,2.765555689,15.7774685,32.00026138,0.03181112
ssp245_aqueous_NP_SPSS,7,2090s,7.138069014,7.140106806,0.764856492,4.116773917,13.21317155,0.008797849,7558,ssp245,aqueous,NP_SPSS,NP,SPSS,22.07141077,21.96828122,1.947669039,16.47285926,29.93990121,0.022403286
ssp245_aqueous_NP_SPSS,8,2090s,6.943827416,6.937296995,0.751404531,3.903706301,11.26111261,0.008643116,7558,ssp245,aqueous,NP_SPSS,NP,SPSS,21.7368023,21.62610873,1.660338584,16.13098175,29.5501839,0.019098234
ssp245_aqueous_NP_SPSS,9,2090s,6.840621829,6.818629187,0.74312251,3.981053141,10.06311392,0.008547852,7558,ssp245,aqueous,NP_SPSS,NP,SPSS,21.76731514,21.61434569,1.852948627,16.00850472,29.2230029,0.021313753
ssp245_aqueous_NP_STPS,1,1850s,-2.218959613,-2.201545658,0.345088647,-3.633868699,-1.585879453,0.002606764,17525,ssp245,aqueous,NP_STPS,NP,STPS,8.22727944,8.197996372,0.820529572,6.676874791,11.1759118,0.006198195
ssp245_aqueous_NP_STPS,10,1850s,-2.238839184,-2.222284156,0.329134615,-3.699707717,-1.618735464,0.002486249,17525,ssp245,aqueous,NP_STPS,NP,STPS,8.254828935,8.22130843,0.837207969,6.471046323,11.42015669,0.006324182
ssp245_aqueous_NP_STPS,11,1850s,-2.224937403,-2.208567411,0.325121206,-3.61803159,-1.674959918,0.002455932,17525,ssp245,aqueous,NP_STPS,NP,STPS,8.188980695,8.157205493,0.810155083,6.456868847,11.24235897,0.006119827
ssp245_aqueous_NP_STPS,12,1850s,-2.231578378,-2.214757594,0.333854906,-3.633237271,-1.686068416,0.002521905,17525,ssp245,aqueous,NP_STPS,NP,STPS,8.184100771,8.153734776,0.802324788,6.495971145,11.11689691,0.006060678
ssp245_aqueous_NP_STPS,2,1850s,-2.247844757,-2.229192106,0.371612163,-3.681320395,-1.446251048,0.00280712,17525,ssp245,aqueous,NP_STPS,NP,STPS,8.280814857,8.252291062,0.83762469,6.728626804,11.36016112,0.00632733
ssp245_aqueous_NP_STPS,3,1850s,-2.264275729,-2.245672066,0.370559689,-3.739854692,-1.429481732,0.002799169,17525,ssp245,aqueous,NP_STPS,NP,STPS,8.315703546,8.288870869,0.832511268,6.705825528,11.25619536,0.006288703
ssp245_aqueous_NP_STPS,4,1850s,-2.278913674,-2.260363002,0.369537259,-3.825970714,-1.408152939,0.002791446,17525,ssp245,aqueous,NP_STPS,NP,STPS,8.346063026,8.321765359,0.800920121,6.731970681,11.21661249,0.006050067
ssp245_aqueous_NP_STPS,5,1850s,-2.297377518,-2.278568987,0.377383572,-3.907268662,-1.458522973,0.002850716,17525,ssp245,aqueous,NP_STPS,NP,STPS,8.387491767,8.361870776,0.791511632,6.79999594,11.38971898,0.005978996
ssp245_aqueous_NP_STPS,6,1850s,-2.31175282,-2.291915057,0.392383094,-3.991856414,-1.540256436,0.002964021,17525,ssp245,aqueous,NP_STPS,NP,STPS,8.431355417,8.400380503,0.827078465,6.780627891,11.56411489,0.006247664
ssp245_aqueous_NP_STPS,7,1850s,-2.304064668,-2.284280266,0.388020018,-3.988307914,-1.625733883,0.002931063,17525,ssp245,aqueous,NP_STPS,NP,STPS,8.437268015,8.402012459,0.864698743,6.749004657,11.69840647,0.006531844
ssp245_aqueous_NP_STPS,8,1850s,-2.280856564,-2.262080506,0.369227695,-3.895642648,-1.660703345,0.002789108,17525,ssp245,aqueous,NP_STPS,NP,STPS,8.393138574,8.3569606,0.872263068,6.709523818,11.6940172,0.006588984
ssp245_aqueous_NP_STPS,9,1850s,-2.259697944,-2.242014197,0.349074318,-3.795480064,-1.633586341,0.002636871,17525,ssp245,aqueous,NP_STPS,NP,STPS,8.333418493,8.298196416,0.857854573,6.60169827,11.56653593,0.006480144
ssp245_aqueous_NP_STPS,1,2090s,5.543144946,5.512697535,0.627230714,4.344538523,8.083192161,0.004738035,17525,ssp245,aqueous,NP_STPS,NP,STPS,15.989384,15.91223957,1.637055164,13.87908786,22.16457857,0.012366144
ssp245_aqueous_NP_STPS,10,2090s,5.390526532,5.368303447,0.467845447,4.176940522,6.792947855,0.003534056,17525,ssp245,aqueous,NP_STPS,NP,STPS,15.88419465,15.81189603,1.511028375,13.71375094,21.73941987,0.011414151
ssp245_aqueous_NP_STPS,11,2090s,5.374118405,5.351120165,0.481592355,4.239157277,6.920980698,0.003637898,17525,ssp245,aqueous,NP_STPS,NP,STPS,15.7880365,15.71689307,1.487649076,13.45779948,21.5508712,0.011237546
ssp245_aqueous_NP_STPS,12,2090s,5.42310176,5.397058742,0.53964581,4.197622149,7.496536003,0.004076428,17525,ssp245,aqueous,NP_STPS,NP,STPS,15.83878091,15.76555111,1.534204735,13.57428577,21.56933073,0.011589223
ssp245_aqueous_NP_STPS,2,2090s,5.627727349,5.593848318,0.694633169,4.322820767,8.429534523,0.005247187,17525,ssp245,aqueous,NP_STPS,NP,STPS,16.15638696,16.07533149,1.733016132,14.11188345,22.68949569,0.013091023
ssp245_aqueous_NP_STPS,3,2090s,5.679132261,5.64369087,0.719865527,4.338809035,8.459853313,0.005437789,17525,ssp245,aqueous,NP_STPS,NP,STPS,16.25911154,16.1782338,1.734913501,14.18219989,22.79945677,0.013105356
ssp245_aqueous_NP_STPS,4,2090s,5.697486021,5.663860457,0.683186338,4.321254041,8.369151447,0.005160718,17525,ssp245,aqueous,NP_STPS,NP,STPS,16.32246272,16.24598882,1.652082991,14.11035509,22.68511374,0.012479663
ssp245_aqueous_NP_STPS,5,2090s,5.725868838,5.691549765,0.692088295,4.371475399,8.169496742,0.005227963,17525,ssp245,aqueous,NP_STPS,NP,STPS,16.41073812,16.33198953,1.675464852,14.10777774,23.03672548,0.012656287
ssp245_aqueous_NP_STPS,6,2090s,5.720416601,5.685362698,0.695965387,4.034520059,8.067406419,0.00525725,17525,ssp245,aqueous,NP_STPS,NP,STPS,16.46352484,16.37765826,1.764626543,14.0670678,23.21622503,0.013329805
ssp245_aqueous_NP_STPS,7,2090s,5.639269069,5.607136213,0.637154239,3.823558111,7.567841318,0.004812997,17525,ssp245,aqueous,NP_STPS,NP,STPS,16.38060175,16.29342894,1.758655723,13.98653075,23.02454034,0.013284702
ssp245_aqueous_NP_STPS,8,2090s,5.53736285,5.509394425,0.568186046,3.769000502,7.18902684,0.004292018,17525,ssp245,aqueous,NP_STPS,NP,STPS,16.21135799,16.12843553,1.683708305,13.94102045,22.58851403,0.012718557
ssp245_aqueous_NP_STPS,9,2090s,5.452617855,5.428312657,0.505614549,3.96559088,6.901160004,0.00381936,17525,ssp245,aqueous,NP_STPS,NP,STPS,16.04573429,15.96852327,1.587762782,13.82924848,22.09795787,0.011993795
ssp245_aqueous_NP_STSS,1,1850s,-2.748722524,-2.733931199,0.457759566,-3.915142227,-1.864059419,0.007872539,3381,ssp245,aqueous,NP_STSS,NP,STSS,9.404223624,9.363794933,1.161479958,7.37449147,12.36679989,0.019975108
ssp245_aqueous_NP_STSS,10,1850s,-2.63533951,-2.624141577,0.386133442,-3.924350218,-1.842068661,0.006640715,3381,ssp245,aqueous,NP_STSS,NP,STSS,8.894890744,8.870628451,0.943019457,7.242576487,11.97212466,0.016218029
ssp245_aqueous_NP_STSS,11,1850s,-2.654048076,-2.641523624,0.401469966,-3.911453396,-1.954641401,0.006904472,3381,ssp245,aqueous,NP_STSS,NP,STSS,8.913527674,8.883723197,0.982689229,7.238597311,12.16780634,0.016900269
ssp245_aqueous_NP_STSS,12,1850s,-2.72081614,-2.706586936,0.434942454,-3.923971667,-2.038100862,0.007480131,3381,ssp245,aqueous,NP_STSS,NP,STSS,9.108149331,9.071838318,1.072877646,7.397401375,12.31074772,0.018451327
ssp245_aqueous_NP_STSS,2,1850s,-2.815525424,-2.8004648,0.493822413,-4.563364907,-1.860381973,0.008492747,3381,ssp245,aqueous,NP_STSS,NP,STSS,9.642530498,9.600521331,1.200014017,7.409809165,12.58970769,0.020637816
ssp245_aqueous_NP_STSS,3,1850s,-2.808198237,-2.792374155,0.494720273,-4.737436772,-1.895837288,0.008508189,3381,ssp245,aqueous,NP_STSS,NP,STSS,9.672600681,9.630746166,1.163121669,7.320374117,12.68021321,0.020003342
ssp245_aqueous_NP_STSS,4,1850s,-2.769176916,-2.754772402,0.457885051,-4.146048167,-1.939441767,0.007874697,3381,ssp245,aqueous,NP_STSS,NP,STSS,9.3299193,9.290892483,1.047693093,7.265531902,11.9698564,0.018018204
ssp245_aqueous_NP_STSS,5,1850s,-2.682310536,-2.670768592,0.431864481,-4.152617581,-2.027554014,0.007427196,3381,ssp245,aqueous,NP_STSS,NP,STSS,8.975263678,8.944928832,0.982440236,7.293153021,11.71751476,0.016895987
ssp245_aqueous_NP_STSS,6,1850s,-2.721300737,-2.711199345,0.425695459,-4.192619345,-2.036452344,0.007321102,3381,ssp245,aqueous,NP_STSS,NP,STSS,8.971924355,8.947524608,0.947625237,7.303776478,11.58360269,0.016297239
ssp245_aqueous_NP_STSS,7,1850s,-2.765268513,-2.754503246,0.422550131,-4.195529565,-2.009609005,0.007267008,3381,ssp245,aqueous,NP_STSS,NP,STSS,9.119877499,9.096960892,0.94242749,7.401977978,11.71865996,0.016207848
ssp245_aqueous_NP_STSS,8,1850s,-2.739567545,-2.728258748,0.413047479,-4.11247251,-2.010772946,0.007103582,3381,ssp245,aqueous,NP_STSS,NP,STSS,9.170517389,9.146796796,0.947414652,7.40848254,11.75383286,0.016293617
ssp245_aqueous_NP_STSS,9,1850s,-2.681588267,-2.670543852,0.396202918,-3.980960959,-1.845968902,0.006813889,3381,ssp245,aqueous,NP_STSS,NP,STSS,9.041890413,9.019029371,0.941055452,7.338921455,11.98919138,0.016184252
ssp245_aqueous_NP_STSS,1,2090s,6.9464484,6.917421984,0.858891744,5.038958757,11.02598719,0.014771202,3381,ssp245,aqueous,NP_STSS,NP,STSS,19.09939455,19.01514812,2.356045796,14.93465008,25.5032858,0.040519226
ssp245_aqueous_NP_STSS,10,2090s,6.08021117,6.064425332,0.457966937,5.047935973,7.021359198,0.007876106,3381,ssp245,aqueous,NP_STSS,NP,STSS,17.61044142,17.55919536,1.686905892,14.63275522,22.21304011,0.029011372
ssp245_aqueous_NP_STSS,11,2090s,6.214454872,6.194636592,0.544598647,4.916771414,8.632955156,0.009365996,3381,ssp245,aqueous,NP_STSS,NP,STSS,17.78203062,17.71988341,1.821794476,14.76515516,22.10448258,0.031331183
ssp245_aqueous_NP_STSS,12,2090s,6.513477172,6.488565848,0.691071019,4.959380033,10.0582348,0.011885025,3381,ssp245,aqueous,NP_STSS,NP,STSS,18.34244264,18.2669911,2.086182649,14.80480824,23.04312231,0.035878125
ssp245_aqueous_NP_STSS,2,2090s,7.177075875,7.148074434,0.895973492,5.150700383,9.131987653,0.015408933,3381,ssp245,aqueous,NP_STSS,NP,STSS,19.6351318,19.54906057,2.47360474,15.0772221,26.05813254,0.042541002
ssp245_aqueous_NP_STSS,3,2090s,7.182957635,7.155291944,0.831505631,5.261613051,9.424512154,0.014300216,3381,ssp245,aqueous,NP_STSS,NP,STSS,19.66375655,19.57841227,2.377481126,14.95542631,26.51644218,0.040887871
ssp245_aqueous_NP_STSS,4,2090s,6.908820541,6.887556571,0.644164805,5.32445332,9.02880322,0.011078333,3381,ssp245,aqueous,NP_STSS,NP,STSS,19.00791676,18.93322146,2.006810168,14.74826214,23.83187581,0.034513079
ssp245_aqueous_NP_STSS,5,2090s,6.727267058,6.71299407,0.591353248,5.270480194,8.273840455,0.010170081,3381,ssp245,aqueous,NP_STSS,NP,STSS,18.38484127,18.32869149,1.874014592,14.78203525,23.52239829,0.032229264
ssp245_aqueous_NP_STSS,6,2090s,6.783647869,6.767749355,0.594338025,5.257352079,8.108549074,0.010221413,3381,ssp245,aqueous,NP_STSS,NP,STSS,18.47687296,18.42647331,1.85193313,14.88709571,23.71149468,0.031849507
ssp245_aqueous_NP_STSS,7,2090s,6.684858657,6.665805161,0.580752617,5.203588965,7.848340028,0.009987771,3381,ssp245,aqueous,NP_STSS,NP,STSS,18.57000467,18.5172693,1.818792381,14.94261084,23.53371247,0.031279553
ssp245_aqueous_NP_STSS,8,2090s,6.414064032,6.396504344,0.524960277,5.084004541,7.503199671,0.009028256,3381,ssp245,aqueous,NP_STSS,NP,STSS,18.32414897,18.27155989,1.758531245,14.8747256,23.07994898,0.030243183
ssp245_aqueous_NP_STSS,9,2090s,6.160972352,6.145923565,0.466632663,5.08698982,7.177717257,0.008025139,3381,ssp245,aqueous,NP_STSS,NP,STSS,17.88445103,17.83549679,1.695489907,14.70797484,22.57632018,0.029159
ssp245_aqueous_Pac_EQU_E,1,1850s,-1.87329387,-1.873321018,0.137311275,-2.390419334,-0.908426901,0.00176944,6022,ssp245,aqueous,Pac_EQU_E,Pac,EQU,9.349955204,9.350773663,0.786465707,7.348586041,11.91454907,0.010134665
ssp245_aqueous_Pac_EQU_E,10,1850s,-1.937047087,-1.937031105,0.140283559,-2.50549249,-1.177830052,0.001807742,6022,ssp245,aqueous,Pac_EQU_E,Pac,EQU,9.485592814,9.486553003,1.109920165,6.224543045,13.34377149,0.01430281
ssp245_aqueous_Pac_EQU_E,11,1850s,-1.906164782,-1.906143103,0.132049954,-2.454757572,-1.250267138,0.001701641,6022,ssp245,aqueous,Pac_EQU_E,Pac,EQU,9.358995415,9.35992086,1.033309849,6.29961968,13.01267724,0.013315583
ssp245_aqueous_Pac_EQU_E,12,1850s,-1.88148555,-1.881483775,0.122809905,-2.677112951,-0.797217032,0.00158257,6022,ssp245,aqueous,Pac_EQU_E,Pac,EQU,9.311929751,9.312790648,0.951145202,6.999220972,12.79745206,0.012256782
ssp245_aqueous_Pac_EQU_E,2,1850s,-1.876845249,-1.876912825,0.199031798,-2.437058399,0.613625006,0.002564792,6022,ssp245,aqueous,Pac_EQU_E,Pac,EQU,9.514577223,9.51551795,0.766604065,7.620301648,15.07465103,0.009878722
ssp245_aqueous_Pac_EQU_E,3,1850s,-1.883692372,-1.883785698,0.198752352,-2.52789519,-0.760597203,0.002561191,6022,ssp245,aqueous,Pac_EQU_E,Pac,EQU,9.581204952,9.58215552,0.736612377,7.881297438,14.91493057,0.009492238
ssp245_aqueous_Pac_EQU_E,4,1850s,-1.881182731,-1.88125574,0.182492514,-2.453385294,-1.073548311,0.002351661,6022,ssp245,aqueous,Pac_EQU_E,Pac,EQU,9.535084052,9.535890013,0.64940562,8.100368071,15.29382874,0.008368462
ssp245_aqueous_Pac_EQU_E,5,1850s,-1.913679055,-1.913738987,0.165482685,-2.44798533,-1.038519068,0.002132466,6022,ssp245,aqueous,Pac_EQU_E,Pac,EQU,9.535700818,9.536664142,0.671453857,8.002480023,12.49940128,0.008652583
ssp245_aqueous_Pac_EQU_E,6,1850s,-1.962649771,-1.962765134,0.172889336,-2.675120647,-1.372347566,0.002227911,6022,ssp245,aqueous,Pac_EQU_E,Pac,EQU,9.539434276,9.540379483,0.831858443,7.13534222,12.6992435,0.010719612
ssp245_aqueous_Pac_EQU_E,7,1850s,-1.991819792,-1.991899236,0.18375155,-2.916504027,-1.432909247,0.002367885,6022,ssp245,aqueous,Pac_EQU_E,Pac,EQU,9.542892626,9.54374527,0.93269844,6.663052465,12.38843901,0.01201907
ssp245_aqueous_Pac_EQU_E,8,1850s,-1.995515554,-1.995566843,0.181040184,-2.869054445,-1.45643555,0.002332946,6022,ssp245,aqueous,Pac_EQU_E,Pac,EQU,9.592083665,9.59301689,1.043378313,6.818371679,12.4006258,0.013445329
ssp245_aqueous_Pac_EQU_E,9,1850s,-1.988826366,-1.988853565,0.178964113,-2.78464461,-1.248022669,0.002306193,6022,ssp245,aqueous,Pac_EQU_E,Pac,EQU,9.588990668,9.590006831,1.120874867,6.849583416,12.71843557,0.014443976
ssp245_aqueous_Pac_EQU_E,1,2090s,5.008418831,5.008250366,0.447265206,4.023567614,6.962308774,0.005763612,6022,ssp245,aqueous,Pac_EQU_E,Pac,EQU,16.23166791,16.23234505,0.855393432,13.60200222,19.32905392,0.011022892
ssp245_aqueous_Pac_EQU_E,10,2090s,5.122563553,5.122848255,0.575251076,4.145092817,7.598791687,0.007412882,6022,ssp245,aqueous,Pac_EQU_E,Pac,EQU,16.54520345,16.54643236,1.407752495,12.81126505,21.02607601,0.018140779
ssp245_aqueous_Pac_EQU_E,11,2090s,5.043196712,5.043385779,0.610064808,3.916222113,8.213725787,0.007861503,6022,ssp245,aqueous,Pac_EQU_E,Pac,EQU,16.30835691,16.30944974,1.290739886,12.89597388,21.38667354,0.016632914
ssp245_aqueous_Pac_EQU_E,12,2090s,5.010074787,5.010119525,0.577279914,4.057134488,8.031820421,0.007439026,6022,ssp245,aqueous,Pac_EQU_E,Pac,EQU,16.20349009,16.20439395,1.171222407,13.26623823,20.7506292,0.015092771
ssp245_aqueous_Pac_EQU_E,2,2090s,5.090839605,5.090792304,0.444905556,4.005946119,7.688915667,0.005733205,6022,ssp245,aqueous,Pac_EQU_E,Pac,EQU,16.48226208,16.48322308,0.847474461,14.13367859,21.95322133,0.010920845
ssp245_aqueous_Pac_EQU_E,3,2090s,5.067255905,5.067239417,0.407460795,3.779704133,6.514428101,0.005250679,6022,ssp245,aqueous,Pac_EQU_E,Pac,EQU,16.53215323,16.53318064,0.788901661,14.27982799,21.30841005,0.010166056
ssp245_aqueous_Pac_EQU_E,4,2090s,5.006802116,5.006677902,0.417245041,3.605143844,6.465788595,0.005376762,6022,ssp245,aqueous,Pac_EQU_E,Pac,EQU,16.4230689,16.42382366,0.672149594,14.20938626,21.78827598,0.008661549
ssp245_aqueous_Pac_EQU_E,5,2090s,4.989494262,4.989368264,0.436200635,3.711595835,6.541950761,0.00562103,6022,ssp245,aqueous,Pac_EQU_E,Pac,EQU,16.43887413,16.43977139,0.739613492,14.48905597,19.70377311,0.009530912
ssp245_aqueous_Pac_EQU_E,6,2090s,5.036619228,5.036689094,0.508593015,3.62960429,7.118527863,0.006553903,6022,ssp245,aqueous,Pac_EQU_E,Pac,EQU,16.53870327,16.53983371,1.123290282,13.11264268,20.65174932,0.014475102
ssp245_aqueous_Pac_EQU_E,7,2090s,5.078180943,5.078333379,0.553403465,3.457672998,7.49855756,0.007131346,6022,ssp245,aqueous,Pac_EQU_E,Pac,EQU,16.61289336,16.61397789,1.363521132,12.75751342,21.16694286,0.017570798
ssp245_aqueous_Pac_EQU_E,8,2090s,5.155570449,5.155800668,0.581513458,3.638533475,7.177374586,0.007493581,6022,ssp245,aqueous,Pac_EQU_E,Pac,EQU,16.74316967,16.7443844,1.518899124,13.71981617,21.25192935,0.019573052
ssp245_aqueous_Pac_EQU_E,9,2090s,5.1766502,5.176943545,0.578751999,3.84397278,7.625026309,0.007457996,6022,ssp245,aqueous,Pac_EQU_E,Pac,EQU,16.75446723,16.75580394,1.530810446,13.79251792,21.13819072,0.019726546
ssp245_aqueous_Pac_EQU_W,1,1850s,-1.815961593,-1.815725775,0.120010392,-2.11830511,-1.33442405,0.00181688,4363,ssp245,aqueous,Pac_EQU_W,Pac,EQU,8.049393336,8.051529013,0.54477076,6.864691622,9.259092694,0.008247478
ssp245_aqueous_Pac_EQU_W,10,1850s,-1.852227435,-1.852136614,0.123894921,-2.176536348,-1.350846735,0.001875689,4363,ssp245,aqueous,Pac_EQU_W,Pac,EQU,8.029383326,8.03132846,0.546936304,6.905757832,9.328769951,0.008280263
ssp245_aqueous_Pac_EQU_W,11,1850s,-1.863612216,-1.863535338,0.109747735,-2.150678118,-1.481255948,0.00166151,4363,ssp245,aqueous,Pac_EQU_W,Pac,EQU,8.005687378,8.00754501,0.538899514,7.011823484,9.231425704,0.008158591
ssp245_aqueous_Pac_EQU_W,12,1850s,-1.850512483,-1.850312558,0.120746458,-2.177671922,-1.439408848,0.001828024,4363,ssp245,aqueous,Pac_EQU_W,Pac,EQU,8.019540759,8.021470253,0.531850196,6.961345886,9.17611961,0.008051869
ssp245_aqueous_Pac_EQU_W,2,1850s,-1.821760441,-1.821511326,0.114009786,-2.103438031,-1.312176548,0.001726035,4363,ssp245,aqueous,Pac_EQU_W,Pac,EQU,8.076588641,8.079064253,0.586697042,6.833850721,9.388676878,0.008882215
ssp245_aqueous_Pac_EQU_W,3,1850s,-1.833253915,-1.833022951,0.104083093,-2.130081457,-1.455935477,0.001575751,4363,ssp245,aqueous,Pac_EQU_W,Pac,EQU,8.078295381,8.080967501,0.617972395,6.78965106,9.459301809,0.009355704
ssp245_aqueous_Pac_EQU_W,4,1850s,-1.841321193,-1.841098696,0.112043403,-2.13307874,-1.37248798,0.001696265,4363,ssp245,aqueous,Pac_EQU_W,Pac,EQU,8.041608522,8.044216962,0.620859505,6.633733842,9.446691216,0.009399413
ssp245_aqueous_Pac_EQU_W,5,1850s,-1.844085794,-1.843865776,0.114294962,-2.176518243,-1.487765164,0.001730352,4363,ssp245,aqueous,Pac_EQU_W,Pac,EQU,7.979130007,7.981413356,0.583423044,6.560841826,9.300369584,0.008832649
ssp245_aqueous_Pac_EQU_W,6,1850s,-1.839668227,-1.8394316,0.120903592,-2.162923344,-1.398289352,0.001830402,4363,ssp245,aqueous,Pac_EQU_W,Pac,EQU,7.938289969,7.940259877,0.541253961,6.64912904,9.185451679,0.008194236
ssp245_aqueous_Pac_EQU_W,7,1850s,-1.827825482,-1.827550162,0.12955883,-2.128635524,-1.351381503,0.001961437,4363,ssp245,aqueous,Pac_EQU_W,Pac,EQU,7.943397372,7.945226524,0.524478242,6.697634421,9.181040866,0.007940263
ssp245_aqueous_Pac_EQU_W,8,1850s,-1.829919965,-1.829676661,0.128550034,-2.127398331,-1.37896172,0.001946165,4363,ssp245,aqueous,Pac_EQU_W,Pac,EQU,7.977083938,7.978902218,0.529777881,6.747459591,9.275059104,0.008020496
ssp245_aqueous_Pac_EQU_W,9,1850s,-1.838523456,-1.838360223,0.124427194,-2.129240218,-1.377252601,0.001883748,4363,ssp245,aqueous,Pac_EQU_W,Pac,EQU,8.022975734,8.024903281,0.54597162,6.712523444,9.379628842,0.008265659
ssp245_aqueous_Pac_EQU_W,1,2090s,4.845842442,4.845588123,0.336005451,4.061653652,5.515125724,0.005086906,4363,ssp245,aqueous,Pac_EQU_W,Pac,EQU,14.71119737,14.71284291,0.621988273,13.62536029,16.3886772,0.009416502
ssp245_aqueous_Pac_EQU_W,10,2090s,4.809683271,4.809242862,0.407012096,3.777801441,5.683937661,0.006161901,4363,ssp245,aqueous,Pac_EQU_W,Pac,EQU,14.69129403,14.69270794,0.62105937,13.45794533,16.46083578,0.009402439
ssp245_aqueous_Pac_EQU_W,11,2090s,4.821206108,4.820863475,0.376553413,3.913678718,5.644979034,0.005700776,4363,ssp245,aqueous,Pac_EQU_W,Pac,EQU,14.6905057,14.69194382,0.60986293,13.59869622,16.4292246,0.009232932
ssp245_aqueous_Pac_EQU_W,12,2090s,4.828022391,4.827780221,0.348573385,4.080035321,5.611622201,0.005277176,4363,ssp245,aqueous,Pac_EQU_W,Pac,EQU,14.69807563,14.69956303,0.607645915,13.68737133,16.4014941,0.009199368
ssp245_aqueous_Pac_EQU_W,2,2090s,4.83810341,4.837816535,0.345029393,3.949550559,5.586982964,0.005223523,4363,ssp245,aqueous,Pac_EQU_W,Pac,EQU,14.73645249,14.73839211,0.659733987,13.61285941,16.4319664,0.009987948
ssp245_aqueous_Pac_EQU_W,3,2090s,4.818079944,4.817671384,0.354528712,3.961599836,5.590410464,0.005367336,4363,ssp245,aqueous,Pac_EQU_W,Pac,EQU,14.72962924,14.73166184,0.686321862,13.54456084,16.44913271,0.010390471
ssp245_aqueous_Pac_EQU_W,4,2090s,4.806345804,4.80581856,0.365733738,3.827228491,5.739474086,0.005536973,4363,ssp245,aqueous,Pac_EQU_W,Pac,EQU,14.68927552,14.69113422,0.692554756,13.4338129,16.45074527,0.010484833
ssp245_aqueous_Pac_EQU_W,5,2090s,4.789888516,4.789271284,0.359766976,3.71203457,5.77351671,0.00544664,4363,ssp245,aqueous,Pac_EQU_W,Pac,EQU,14.61310432,14.61455042,0.660252704,13.15326034,16.41122095,0.009995801
ssp245_aqueous_Pac_EQU_W,6,2090s,4.778366306,4.777658833,0.370536514,3.577110836,5.821207969,0.005609684,4363,ssp245,aqueous,Pac_EQU_W,Pac,EQU,14.5563245,14.55735031,0.604501897,13.11730239,16.29677369,0.009151769
ssp245_aqueous_Pac_EQU_W,7,2090s,4.762024381,4.761277766,0.383005514,3.460909729,5.681046578,0.005798457,4363,ssp245,aqueous,Pac_EQU_W,Pac,EQU,14.53324723,14.53405445,0.558062668,13.267717,16.25041843,0.008448709
ssp245_aqueous_Pac_EQU_W,8,2090s,4.767740986,4.767037299,0.406262418,3.588333606,5.568225552,0.006150551,4363,ssp245,aqueous,Pac_EQU_W,Pac,EQU,14.57474489,14.57561618,0.561494439,13.3262799,16.28632528,0.008500664
ssp245_aqueous_Pac_EQU_W,9,2090s,4.788079431,4.787484535,0.428727594,3.682090487,5.683577348,0.00649066,4363,ssp245,aqueous,Pac_EQU_W,Pac,EQU,14.64957862,14.65074804,0.602308038,13.27522927,16.38304977,0.009118556
ssp245_aqueous_SA_STPS,1,1850s,-2.415045757,-2.4044186,0.257675016,-3.26531141,-1.002636417,0.002920029,7787,ssp245,aqueous,SA_STPS,SA,STPS,8.955139682,8.935203502,0.544016731,8.031751558,15.03085152,0.006164916
ssp245_aqueous_SA_STPS,10,1850s,-2.395530849,-2.384446359,0.237188738,-3.486206375,-1.21310805,0.002687874,7787,ssp245,aqueous,SA_STPS,SA,STPS,8.909753725,8.883852857,0.665397919,7.721264599,15.46692281,0.007540434
ssp245_aqueous_SA_STPS,11,1850s,-2.40853133,-2.398130684,0.245484548,-3.219460815,-1.327137635,0.002781884,7787,ssp245,aqueous,SA_STPS,SA,STPS,8.870843872,8.850010583,0.596420389,7.866347398,14.97478996,0.006758766
ssp245_aqueous_SA_STPS,12,1850s,-2.444377944,-2.433674524,0.255842863,-3.232229038,-1.499007656,0.002899267,7787,ssp245,aqueous,SA_STPS,SA,STPS,8.9058539,8.886404167,0.553603668,8.002966538,14.79327189,0.006273557
ssp245_aqueous_SA_STPS,2,1850s,-2.405532625,-2.39485945,0.257749974,-3.424233288,-0.810255086,0.002920879,7787,ssp245,aqueous,SA_STPS,SA,STPS,8.951044027,8.931837803,0.526866637,7.543717426,15.42777842,0.005970567
ssp245_aqueous_SA_STPS,3,1850s,-2.377512705,-2.366923638,0.249178935,-3.297749593,-0.908859297,0.00282375,7787,ssp245,aqueous,SA_STPS,SA,STPS,8.895378861,8.877505307,0.511283946,6.888744589,15.603658,0.005793981
ssp245_aqueous_SA_STPS,4,1850s,-2.347233954,-2.336656588,0.238403118,-3.139321623,-0.729371833,0.002701636,7787,ssp245,aqueous,SA_STPS,SA,STPS,8.815165472,8.797028186,0.506541532,7.396939595,15.31844325,0.005740239
ssp245_aqueous_SA_STPS,5,1850s,-2.336152877,-2.324917297,0.23689564,-3.036607369,-0.77815233,0.002684553,7787,ssp245,aqueous,SA_STPS,SA,STPS,8.766598699,8.74623389,0.527508228,7.705562244,14.68909884,0.005977838
ssp245_aqueous_SA_STPS,6,1850s,-2.34940209,-2.337051057,0.242591205,-3.096416205,-1.13594197,0.002749096,7787,ssp245,aqueous,SA_STPS,SA,STPS,8.776643671,8.752374204,0.587212293,7.294862371,14.40106005,0.006654418
ssp245_aqueous_SA_STPS,7,1850s,-2.373974276,-2.360652741,0.251461987,-3.406558065,-1.415572031,0.002849622,7787,ssp245,aqueous,SA_STPS,SA,STPS,8.848155765,8.819571157,0.675862422,7.458324029,14.76943072,0.00765902
ssp245_aqueous_SA_STPS,8,1850s,-2.402956626,-2.389420131,0.255511084,-3.642911824,-1.476701947,0.002895507,7787,ssp245,aqueous,SA_STPS,SA,STPS,8.941936312,8.910301617,0.750572671,7.51721396,15.57160931,0.008505653
ssp245_aqueous_SA_STPS,9,1850s,-2.41309587,-2.400160769,0.248223908,-3.559774993,-1.524315366,0.002812927,7787,ssp245,aqueous,SA_STPS,SA,STPS,8.975211552,8.943875036,0.752668117,7.588695166,15.98993984,0.008529399
ssp245_aqueous_SA_STPS,1,2090s,6.022240323,5.993380445,0.600465944,3.889028781,7.437719076,0.006804611,7787,ssp245,aqueous,SA_STPS,SA,STPS,17.39242576,17.33300255,1.186494152,15.05569663,22.54351707,0.01344561
ssp245_aqueous_SA_STPS,10,2090s,6.146865521,6.112597756,0.687396317,4.7760274,8.44407342,0.007789725,7787,ssp245,aqueous,SA_STPS,SA,STPS,17.4521501,17.38089697,1.37925862,14.90346605,24.60091432,0.015630059
ssp245_aqueous_SA_STPS,11,2090s,6.100299649,6.069871707,0.654476419,4.559208088,7.865723545,0.007416669,7787,ssp245,aqueous,SA_STPS,SA,STPS,17.37967485,17.31801297,1.255857395,15.00542081,23.19952965,0.01423165
ssp245_aqueous_SA_STPS,12,2090s,6.076886037,6.047751199,0.635895467,4.360728667,7.534385135,0.007206106,7787,ssp245,aqueous,SA_STPS,SA,STPS,17.42711788,17.36782989,1.21351821,15.07038657,22.59168756,0.013751853
ssp245_aqueous_SA_STPS,2,2090s,5.912464399,5.885271116,0.556418411,3.556346169,7.254842939,0.006305455,7787,ssp245,aqueous,SA_STPS,SA,STPS,17.26904105,17.21196837,1.122227236,14.86077597,22.34767152,0.012717323
ssp245_aqueous_SA_STPS,3,2090s,5.8075858,5.781659781,0.519483954,3.466931773,7.131187471,0.005886905,7787,ssp245,aqueous,SA_STPS,SA,STPS,17.08047737,17.02608873,1.053722982,14.21093631,22.32451954,0.011941018
ssp245_aqueous_SA_STPS,4,2090s,5.746709148,5.719776849,0.52184955,3.774671912,7.279299203,0.005913713,7787,ssp245,aqueous,SA_STPS,SA,STPS,16.90910857,16.85346162,1.048647676,14.34753431,22.39747955,0.011883504
ssp245_aqueous_SA_STPS,5,2090s,5.771002008,5.74132073,0.555455028,4.222070581,7.425194979,0.006294537,7787,ssp245,aqueous,SA_STPS,SA,STPS,16.87375358,16.81247192,1.12496304,14.48376762,22.68639121,0.012748326
ssp245_aqueous_SA_STPS,6,2090s,5.872825089,5.838795167,0.627809085,4.554042371,8.057317858,0.007114469,7787,ssp245,aqueous,SA_STPS,SA,STPS,16.99887085,16.92822043,1.294258118,14.08411244,23.477416,0.014666815
ssp245_aqueous_SA_STPS,7,2090s,6.037669177,5.999021573,0.718296424,4.756741584,9.31409967,0.008139892,7787,ssp245,aqueous,SA_STPS,SA,STPS,17.25979922,17.17924547,1.497264083,14.32984722,24.7440068,0.016967323
ssp245_aqueous_SA_STPS,8,2090s,6.185790575,6.144816727,0.774034723,4.767719963,9.531520285,0.00877153,7787,ssp245,aqueous,SA_STPS,SA,STPS,17.53068351,17.44453847,1.62495653,14.53161274,26.21052264,0.018414361
ssp245_aqueous_SA_STPS,9,2090s,6.218215532,6.178810383,0.748061108,4.767036499,9.009434526,0.008477191,7787,ssp245,aqueous,SA_STPS,SA,STPS,17.60652295,17.52284619,1.571548178,14.81858246,26.25231017,0.017809126
ssp245_aqueous_SO_SPSS,1,1850s,-4.075721207,-4.050969894,0.43423563,-5.462528776,-1.598270053,0.002957339,21560,ssp245,aqueous,SO_SPSS,SO,SPSS,15.40038887,15.32561692,1.584900509,8.774845206,20.69142799,0.010793881
ssp245_aqueous_SO_SPSS,10,1850s,-4.221922615,-4.20894947,0.352073639,-5.395778651,-1.914492667,0.002397779,21560,ssp245,aqueous,SO_SPSS,SO,SPSS,16.50616192,16.39900127,1.461315307,12.0034469,21.55082232,0.009952211
ssp245_aqueous_SO_SPSS,11,1850s,-4.207562309,-4.191628703,0.391132662,-5.372170508,-1.756467938,0.002663788,21560,ssp245,aqueous,SO_SPSS,SO,SPSS,16.23528353,16.12811351,1.528937304,9.689603468,21.55943627,0.010412747
ssp245_aqueous_SO_SPSS,12,1850s,-4.155554444,-4.132834382,0.457599673,-5.633280576,-1.529991005,0.003116458,21560,ssp245,aqueous,SO_SPSS,SO,SPSS,15.7124237,15.62689652,1.571067145,8.708069286,21.32987395,0.01069967
ssp245_aqueous_SO_SPSS,2,1850s,-4.073556468,-4.048561084,0.410637183,-5.294228403,-2.010812626,0.002796623,21560,ssp245,aqueous,SO_SPSS,SO,SPSS,15.37891864,15.29816894,1.545718374,9.353442655,20.2064393,0.010527033
ssp245_aqueous_SO_SPSS,3,1850s,-4.104321765,-4.078293588,0.388753348,-5.116107198,-2.340932158,0.002647584,21560,ssp245,aqueous,SO_SPSS,SO,SPSS,15.52818098,15.4371234,1.487500713,10.72976594,20.15378051,0.010130545
ssp245_aqueous_SO_SPSS,4,1850s,-4.137769973,-4.113895003,0.358334926,-5.138042198,-2.680634385,0.002440421,21560,ssp245,aqueous,SO_SPSS,SO,SPSS,15.75181774,15.64975515,1.454256152,11.47036242,20.29977043,0.009904135
ssp245_aqueous_SO_SPSS,5,1850s,-4.175285762,-4.154296815,0.329269122,-5.326462995,-2.916088772,0.00224247,21560,ssp245,aqueous,SO_SPSS,SO,SPSS,15.98185713,15.872842,1.449483586,11.94956791,20.61713666,0.009871631
ssp245_aqueous_SO_SPSS,6,1850s,-4.212118965,-4.193343076,0.315562195,-5.439292744,-2.962088294,0.00214912,21560,ssp245,aqueous,SO_SPSS,SO,SPSS,16.18466796,16.07298608,1.442995944,12.471162,20.92991264,0.009827447
ssp245_aqueous_SO_SPSS,7,1850s,-4.239971994,-4.22255252,0.317349755,-5.519196755,-2.803709262,0.002161294,21560,ssp245,aqueous,SO_SPSS,SO,SPSS,16.36752067,16.25626166,1.42642774,12.79047852,21.12740854,0.009714611
ssp245_aqueous_SO_SPSS,8,1850s,-4.240829789,-4.225775231,0.320698759,-5.483192257,-2.656687851,0.002184102,21560,ssp245,aqueous,SO_SPSS,SO,SPSS,16.51779481,16.40807866,1.416175149,12.81720656,21.43343838,0.009644786
ssp245_aqueous_SO_SPSS,9,1850s,-4.233830061,-4.220807878,0.329778209,-5.555496001,-2.536852039,0.002245937,21560,ssp245,aqueous,SO_SPSS,SO,SPSS,16.57642587,16.46845477,1.424119773,12.74964351,21.90634469,0.009698892
ssp245_aqueous_SO_SPSS,1,2090s,9.750209526,9.659525454,1.211022527,4.831184826,13.20678418,0.008247605,21560,ssp245,aqueous,SO_SPSS,SO,SPSS,29.22631961,29.03611227,2.914320465,18.04931285,36.71863999,0.019847825
ssp245_aqueous_SO_SPSS,10,2090s,10.65096687,10.56677354,1.077651619,6.747081135,14.01900269,0.007339289,21560,ssp245,aqueous,SO_SPSS,SO,SPSS,31.3790514,31.17472428,2.572289063,22.17961923,37.07621119,0.017518438
ssp245_aqueous_SO_SPSS,11,2090s,10.37660765,10.28313174,1.205713686,5.02819301,13.56782715,0.008211449,21560,ssp245,aqueous,SO_SPSS,SO,SPSS,30.81945349,30.60287395,2.838670596,17.12811365,37.09605285,0.019332616
ssp245_aqueous_SO_SPSS,12,2090s,9.937688738,9.846032515,1.282074238,4.894604923,13.46145958,0.008731499,21560,ssp245,aqueous,SO_SPSS,SO,SPSS,29.80566688,29.60576342,2.999824231,17.07194644,36.96689648,0.020430144
ssp245_aqueous_SO_SPSS,2,2090s,9.723781022,9.629854573,1.155768813,4.890475692,12.77884022,0.007871302,21560,ssp245,aqueous,SO_SPSS,SO,SPSS,29.17625613,28.97658459,2.80007188,19.21697168,36.24249135,0.019069741
ssp245_aqueous_SO_SPSS,3,2090s,9.848919259,9.750993421,1.102006491,5.409866796,12.68445982,0.007505157,21560,ssp245,aqueous,SO_SPSS,SO,SPSS,29.48142201,29.26641041,2.677836802,21.23299839,35.75816122,0.018237266
ssp245_aqueous_SO_SPSS,4,2090s,10.05765312,9.958403356,1.076451781,5.875541411,13.23445717,0.007331118,21560,ssp245,aqueous,SO_SPSS,SO,SPSS,29.94724083,29.72205351,2.600461546,22.07361039,35.48088906,0.017710306
ssp245_aqueous_SO_SPSS,5,2090s,10.28067521,10.18386402,1.055768667,6.38249457,13.70981328,0.007190257,21560,ssp245,aqueous,SO_SPSS,SO,SPSS,30.43781811,30.21100283,2.553835341,22.78171097,35.78933628,0.01739276
ssp245_aqueous_SO_SPSS,6,2090s,10.48289981,10.39095802,1.036973779,6.908673799,14.33461418,0.007062255,21560,ssp245,aqueous,SO_SPSS,SO,SPSS,30.87968674,30.65728718,2.513993049,23.62947756,37.69664142,0.017121417
ssp245_aqueous_SO_SPSS,7,2090s,10.6402648,10.55421794,1.012468239,7.344465146,14.65996428,0.006895361,21560,ssp245,aqueous,SO_SPSS,SO,SPSS,31.24775746,31.03303212,2.468817381,24.62332697,38.76818973,0.01681375
ssp245_aqueous_SO_SPSS,8,2090s,10.7586466,10.67615681,1.007470217,7.54103779,14.76930419,0.006861323,21560,ssp245,aqueous,SO_SPSS,SO,SPSS,31.51727119,31.3100107,2.447167391,25.01179981,39.49730146,0.016666304
ssp245_aqueous_SO_SPSS,9,2090s,10.76528951,10.68374536,1.019912724,7.616331946,14.73026095,0.006946062,21560,ssp245,aqueous,SO_SPSS,SO,SPSS,31.57554543,31.37300801,2.454368843,25.2273854,39.69817805,0.016715349
ssp245_aqueous_SO_STSS,1,1850s,-2.867956885,-2.848777918,0.486015741,-6.192301951,-1.097636805,0.003857025,15878,ssp245,aqueous,SO_STSS,SO,STSS,11.23499618,11.15585358,1.657510191,7.59915451,20.30709959,0.013154014
ssp245_aqueous_SO_STSS,10,1850s,-3.266694398,-3.245949837,0.524182374,-8.032278239,-1.510086536,0.004159916,15878,ssp245,aqueous,SO_STSS,SO,STSS,12.14421202,12.05997603,1.607258058,7.749122425,26.88729447,0.012755213
ssp245_aqueous_SO_STSS,11,1850s,-3.105645656,-3.084261309,0.525067907,-6.664684468,-1.374801366,0.004166943,15878,ssp245,aqueous,SO_STSS,SO,STSS,11.72047154,11.63796911,1.683207258,7.726755851,23.13897001,0.013357946
ssp245_aqueous_SO_STSS,12,1850s,-2.944477593,-2.925293946,0.544901766,-6.018571468,-1.130828911,0.004324345,15878,ssp245,aqueous,SO_STSS,SO,STSS,11.41260837,11.33260716,1.693588378,7.665288874,20.41409227,0.013440331
ssp245_aqueous_SO_STSS,2,1850s,-2.880128744,-2.86048239,0.465861679,-5.446200316,-0.962629063,0.003697082,15878,ssp245,aqueous,SO_STSS,SO,STSS,11.16969529,11.08820298,1.640543463,7.577913752,20.85483047,0.013019366
ssp245_aqueous_SO_STSS,3,1850s,-2.914744741,-2.893452698,0.462383269,-5.373251546,-0.844838996,0.003669477,15878,ssp245,aqueous,SO_STSS,SO,STSS,11.19192245,11.10632514,1.643656457,7.557240086,19.80504839,0.013044071
ssp245_aqueous_SO_STSS,4,1850s,-2.997390378,-2.973711593,0.478475713,-5.774441341,-0.785906153,0.003797187,15878,ssp245,aqueous,SO_STSS,SO,STSS,11.34433998,11.25447634,1.651098683,7.491727119,18.26565424,0.013103132
ssp245_aqueous_SO_STSS,5,1850s,-3.115881166,-3.091703116,0.491125069,-5.404243292,-0.803364381,0.003897573,15878,ssp245,aqueous,SO_STSS,SO,STSS,11.58906725,11.497611,1.641964789,7.630115138,19.99375677,0.013030646
ssp245_aqueous_SO_STSS,6,1850s,-3.224499526,-3.200842459,0.505741858,-5.840713564,-0.903618343,0.004013571,15878,ssp245,aqueous,SO_STSS,SO,STSS,11.87202405,11.78267922,1.616560033,7.689410449,27.84525458,0.012829033
ssp245_aqueous_SO_STSS,7,1850s,-3.295518655,-3.273305715,0.517849884,-8.905722044,-0.758927711,0.004109661,15878,ssp245,aqueous,SO_STSS,SO,STSS,12.15130458,12.06532682,1.59802779,7.694212502,32.75010488,0.012681961
ssp245_aqueous_SO_STSS,8,1850s,-3.348245965,-3.327788325,0.524702408,-9.955513888,-1.022456747,0.004164043,15878,ssp245,aqueous,SO_STSS,SO,STSS,12.35429818,12.27076385,1.573904665,7.781231622,34.042702,0.01249052
ssp245_aqueous_SO_STSS,9,1850s,-3.357242122,-3.337273425,0.515779057,-8.943932779,-1.369525918,0.004093227,15878,ssp245,aqueous,SO_STSS,SO,STSS,12.38072761,12.29819638,1.558727819,7.808859951,32.22357429,0.012370077
ssp245_aqueous_SO_STSS,1,2090s,7.279638908,7.243865516,0.88700765,4.087889912,9.893691611,0.0070393,15878,ssp245,aqueous,SO_STSS,SO,STSS,21.38259197,21.24849702,2.690113037,15.53414929,31.95676837,0.021348759
ssp245_aqueous_SO_STSS,10,2090s,8.362061091,8.322083028,0.956602974,4.921841086,14.26743437,0.007591609,15878,ssp245,aqueous,SO_STSS,SO,STSS,23.77296751,23.62800889,2.810203936,15.76855054,36.84021037,0.022301801
ssp245_aqueous_SO_STSS,11,2090s,7.868058376,7.827573971,1.056038272,4.596649306,12.09221929,0.008380728,15878,ssp245,aqueous,SO_STSS,SO,STSS,22.69417557,22.54980439,2.968699014,15.73245743,32.44402654,0.023559619
ssp245_aqueous_SO_STSS,12,2090s,7.470044215,7.433209165,0.988774532,4.46177099,10.17456581,0.007846923,15878,ssp245,aqueous,SO_STSS,SO,STSS,21.82713018,21.69111027,2.871725076,15.66958043,31.3266558,0.022790033
ssp245_aqueous_SO_STSS,2,2090s,7.189151753,7.149004623,0.812769145,3.913824574,9.844939465,0.006450143,15878,ssp245,aqueous,SO_STSS,SO,STSS,21.23897578,21.09768999,2.635733546,15.25010845,31.88381863,0.020917203
ssp245_aqueous_SO_STSS,3,2090s,7.229990658,7.18335386,0.845401367,3.972080729,10.08880616,0.006709112,15878,ssp245,aqueous,SO_STSS,SO,STSS,21.33665785,21.1831317,2.712446952,15.10104775,32.26954635,0.021526001
ssp245_aqueous_SO_STSS,4,2090s,7.422568363,7.370133412,0.912397376,4.527907757,13.33687082,0.007240793,15878,ssp245,aqueous,SO_STSS,SO,STSS,21.76429872,21.59832134,2.837083862,15.06982065,36.40630778,0.02251512
ssp245_aqueous_SO_STSS,5,2090s,7.758058483,7.703492926,0.959583301,4.959218563,16.834471,0.007615261,15878,ssp245,aqueous,SO_STSS,SO,STSS,22.4630069,22.29280705,2.900230354,15.38352757,39.55125083,0.023016252
ssp245_aqueous_SO_STSS,6,2090s,8.132888039,8.080678803,0.979854856,5.242933274,15.778324,0.007776136,15878,ssp245,aqueous,SO_STSS,SO,STSS,23.22941162,23.06420049,2.897817232,15.53816198,37.86344632,0.022997101
ssp245_aqueous_SO_STSS,7,2090s,8.467681904,8.419958458,0.971608679,5.654842981,17.14897189,0.007710694,15878,ssp245,aqueous,SO_STSS,SO,STSS,23.91450513,23.758591,2.846707914,15.69990241,43.2783214,0.022591497
ssp245_aqueous_SO_STSS,8,2090s,8.656949957,8.612769382,0.932712284,5.698291257,18.09459507,0.007402012,15878,ssp245,aqueous,SO_STSS,SO,STSS,24.3594941,24.21132155,2.766402849,15.83366992,43.95595894,0.021954195
ssp245_aqueous_SO_STSS,9,2090s,8.669277923,8.627187458,0.906766333,5.090529592,17.25291576,0.007196105,15878,ssp245,aqueous,SO_STSS,SO,STSS,24.40724765,24.26265727,2.712288884,15.81196578,42.2832714,0.021524746
ssp245_aqueous_SP_STPS,1,1850s,-2.506498814,-2.463264877,0.489914761,-3.877383336,-0.595141442,0.003165619,23951,ssp245,aqueous,SP_STPS,SP,STPS,9.348748897,9.243244893,1.444098202,7.14634315,16.47284071,0.009331144
ssp245_aqueous_SP_STPS,10,1850s,-2.552271414,-2.50330171,0.545493224,-6.485711051,-0.206402084,0.003524744,23951,ssp245,aqueous,SP_STPS,SP,STPS,9.381014265,9.259523162,1.679767105,7.019545761,20.51942903,0.010853936
ssp245_aqueous_SP_STPS,11,1850s,-2.562087759,-2.51437004,0.532065569,-5.356377248,-0.39712426,0.00343798,23951,ssp245,aqueous,SP_STPS,SP,STPS,9.35818666,9.244181173,1.590190788,7.066403053,18.85693156,0.010275132
ssp245_aqueous_SP_STPS,12,1850s,-2.560481416,-2.515169872,0.508390873,-4.337485265,-0.52472029,0.003285004,23951,ssp245,aqueous,SP_STPS,SP,STPS,9.355591181,9.247042893,1.504107461,7.132248365,17.35770393,0.009718898
ssp245_aqueous_SP_STPS,2,1850s,-2.481366553,-2.439339809,0.476578358,-3.884675929,-0.710873196,0.003079445,23951,ssp245,aqueous,SP_STPS,SP,STPS,9.310610409,9.205558483,1.414515251,7.109017257,16.44469967,0.009139992
ssp245_aqueous_SP_STPS,3,1850s,-2.455832315,-2.414068409,0.471023781,-3.939502873,-0.710990141,0.003043554,23951,ssp245,aqueous,SP_STPS,SP,STPS,9.241974665,9.13596392,1.413759965,7.062742729,16.43134218,0.009135112
ssp245_aqueous_SP_STPS,4,1850s,-2.43917901,-2.396047867,0.479834839,-3.956727183,-0.78178269,0.003100487,23951,ssp245,aqueous,SP_STPS,SP,STPS,9.176587326,9.067463497,1.449436015,6.940503918,16.70606147,0.009365635
ssp245_aqueous_SP_STPS,5,1850s,-2.44613948,-2.400132389,0.502856497,-3.9774411,-0.709647047,0.003249243,23951,ssp245,aqueous,SP_STPS,SP,STPS,9.152140631,9.037598863,1.508403043,6.839335992,17.22243827,0.009746655
ssp245_aqueous_SP_STPS,6,1850s,-2.472385642,-2.423564518,0.528857657,-4.303043826,-0.570590987,0.003417252,23951,ssp245,aqueous,SP_STPS,SP,STPS,9.185103459,9.064138393,1.578782108,6.860322226,18.14738389,0.010201414
ssp245_aqueous_SP_STPS,7,1850s,-2.505625909,-2.455255519,0.547832391,-5.168424113,-0.391128587,0.003539858,23951,ssp245,aqueous,SP_STPS,SP,STPS,9.269648079,9.14292357,1.654595046,6.921412836,19.28925398,0.010691285
ssp245_aqueous_SP_STPS,8,1850s,-2.535118891,-2.484324867,0.557784661,-6.480932634,-0.217489485,0.003604166,23951,ssp245,aqueous,SP_STPS,SP,STPS,9.360985812,9.230833017,1.718266692,6.991045765,21.33926176,0.011102704
ssp245_aqueous_SP_STPS,9,1850s,-2.547500876,-2.4976187,0.55539354,-6.77579685,-0.082847571,0.003588715,23951,ssp245,aqueous,SP_STPS,SP,STPS,9.403777707,9.275082018,1.736311337,6.988244777,21.978985,0.0112193
ssp245_aqueous_SP_STPS,1,2090s,6.255384727,6.163800186,1.006218218,3.64170599,9.20275844,0.006501751,23951,ssp245,aqueous,SP_STPS,SP,STPS,18.11063244,17.87030996,2.648959987,13.92000612,26.99495821,0.017116445
ssp245_aqueous_SP_STPS,10,2090s,6.476282573,6.361018014,1.260947536,4.040047556,13.07442045,0.008147703,23951,ssp245,aqueous,SP_STPS,SP,STPS,18.40956825,18.12384289,3.222018643,13.95502955,33.3886204,0.020819305
ssp245_aqueous_SP_STPS,11,2090s,6.42656069,6.31976609,1.176981399,4.100610327,10.74007228,0.00760515,23951,ssp245,aqueous,SP_STPS,SP,STPS,18.34683511,18.0783173,3.010770495,13.92245712,29.21454023,0.01945431
ssp245_aqueous_SP_STPS,12,2090s,6.337201256,6.239764563,1.077986832,4.114096915,9.379331307,0.006965489,23951,ssp245,aqueous,SP_STPS,SP,STPS,18.25327385,18.00197733,2.793708545,13.94458757,27.49887898,0.018051748
ssp245_aqueous_SP_STPS,2,2090s,6.133045006,6.046004831,0.950706867,3.243016202,9.171710952,0.006143061,23951,ssp245,aqueous,SP_STPS,SP,STPS,17.92502197,17.69090312,2.569040193,13.90717293,26.6212239,0.016600038
ssp245_aqueous_SP_STPS,3,2090s,6.038101609,5.951866467,0.938117468,3.155869692,9.11995838,0.006061713,23951,ssp245,aqueous,SP_STPS,SP,STPS,17.73590859,17.5018988,2.566713459,13.90501661,26.66613172,0.016585003
ssp245_aqueous_SP_STPS,4,2090s,6.011368999,5.919935026,0.989030578,3.015366108,9.473051823,0.006390692,23951,ssp245,aqueous,SP_STPS,SP,STPS,17.62713533,17.38344639,2.672998806,13.91797257,27.01818437,0.017271774
ssp245_aqueous_SP_STPS,5,2090s,6.056849054,5.957024563,1.069885059,3.122350939,9.845331063,0.006913139,23951,ssp245,aqueous,SP_STPS,SP,STPS,17.65512916,17.39475581,2.852332929,13.87001957,27.4278688,0.018430554
ssp245_aqueous_SP_STPS,6,2090s,6.160050366,6.051155107,1.160518837,3.230472213,10.25220805,0.007498776,23951,ssp245,aqueous,SP_STPS,SP,STPS,17.81753947,17.53885802,3.052074998,13.85951891,29.05194513,0.019721202
ssp245_aqueous_SP_STPS,7,2090s,6.30172385,6.184707422,1.250694567,3.521949116,14.44787322,0.008081453,23951,ssp245,aqueous,SP_STPS,SP,STPS,18.07699784,17.78288651,3.239308259,13.90199711,35.30308641,0.020931023
ssp245_aqueous_SP_STPS,8,2090s,6.427630064,6.305819547,1.313627384,3.64880861,17.42685609,0.008488098,23951,ssp245,aqueous,SP_STPS,SP,STPS,18.32373477,18.02097743,3.368872813,14.01184873,38.88539898,0.021768214
ssp245_aqueous_SP_STPS,9,2090s,6.486155869,6.364820031,1.320748574,3.931674185,15.78058966,0.008534112,23951,ssp245,aqueous,SP_STPS,SP,STPS,18.43743445,18.13752075,3.372176308,14.00820251,38.00433537,0.021789559
ssp245_bicarbonate_Atl_EQU,1,1850s,-74.33134887,-74.31708555,14.50832766,-101.4493916,-10.14373868,0.268949574,2910,ssp245,bicarbonate,Atl_EQU,Atl,EQU,1662.635198,1662.603816,57.84704221,1352.411772,1746.085451,1.072345326
ssp245_bicarbonate_Atl_EQU,10,1850s,-77.89866077,-77.89097322,14.40132105,-116.1209057,31.7216066,0.266965928,2910,ssp245,bicarbonate,Atl_EQU,Atl,EQU,1670.665644,1670.686678,66.77629918,1146.908275,1761.575624,1.23787232
ssp245_bicarbonate_Atl_EQU,11,1850s,-78.82704116,-78.82216397,13.73797112,-114.5002086,25.7050148,0.254669013,2910,ssp245,bicarbonate,Atl_EQU,Atl,EQU,1663.958106,1663.953972,70.95476503,1195.043484,1776.483604,1.315331048
ssp245_bicarbonate_Atl_EQU,12,1850s,-77.88031326,-77.87178165,14.51079527,-107.1313285,25.88908746,0.268995318,2910,ssp245,bicarbonate,Atl_EQU,Atl,EQU,1660.37497,1660.346719,66.71384889,1242.445674,1747.511351,1.236714642
ssp245_bicarbonate_Atl_EQU,2,1850s,-73.41061609,-73.39409518,13.70305355,-100.8216425,-14.45974383,0.254021725,2910,ssp245,bicarbonate,Atl_EQU,Atl,EQU,1664.96711,1664.936908,52.86527481,1369.872464,1746.024504,0.979995315
ssp245_bicarbonate_Atl_EQU,3,1850s,-73.99233332,-73.97827335,12.8714551,-105.5145933,-12.29621188,0.238605885,2910,ssp245,bicarbonate,Atl_EQU,Atl,EQU,1662.487415,1662.452094,50.88444019,1421.393272,1744.909056,0.943275396
ssp245_bicarbonate_Atl_EQU,4,1850s,-75.72049977,-75.71150047,11.37428028,-119.3729644,-15.1654511,0.210851857,2910,ssp245,bicarbonate,Atl_EQU,Atl,EQU,1660.585033,1660.551189,48.38067051,1459.975291,1783.305636,0.896861515
ssp245_bicarbonate_Atl_EQU,5,1850s,-76.39370824,-76.38896976,12.85188685,-151.8970443,-16.20648614,0.238243137,2910,ssp245,bicarbonate,Atl_EQU,Atl,EQU,1658.499879,1658.477266,50.79328866,1389.01439,1807.314629,0.941585665
ssp245_bicarbonate_Atl_EQU,6,1850s,-76.16212501,-76.1562011,15.20958246,-198.8447628,-13.92820607,0.281949155,2910,ssp245,bicarbonate,Atl_EQU,Atl,EQU,1658.400551,1658.408327,58.03234052,1325.168658,1769.993611,1.075780312
ssp245_bicarbonate_Atl_EQU,7,1850s,-74.62778506,-74.61409937,15.15583224,-154.740871,-1.425608139,0.280952755,2910,ssp245,bicarbonate,Atl_EQU,Atl,EQU,1664.96034,1665.002606,61.62885729,1423.527758,1775.715203,1.142451101
ssp245_bicarbonate_Atl_EQU,8,1850s,-75.19830484,-75.18376853,14.87622448,-130.7144849,28.00889218,0.275769498,2910,ssp245,bicarbonate,Atl_EQU,Atl,EQU,1673.574287,1673.619736,61.6068472,1364.107367,1804.900449,1.142043087
ssp245_bicarbonate_Atl_EQU,9,1850s,-76.357358,-76.34730228,15.14301729,-119.0600861,46.70773101,0.280715196,2910,ssp245,bicarbonate,Atl_EQU,Atl,EQU,1675.425758,1675.460372,63.43552598,1210.790571,1783.026164,1.175942403
ssp245_bicarbonate_Atl_EQU,1,2090s,139.9360924,139.9258999,13.8427485,65.61115222,192.0787501,0.256611334,2910,ssp245,bicarbonate,Atl_EQU,Atl,EQU,1876.90264,1876.846802,73.8092406,1494.692806,1959.005362,1.368246174
ssp245_bicarbonate_Atl_EQU,10,2090s,138.3192892,138.3094401,15.50670748,1.368987484,175.168791,0.28745714,2910,ssp245,bicarbonate,Atl_EQU,Atl,EQU,1886.883594,1886.887091,76.10019959,1185.116637,1974.269032,1.410715056
ssp245_bicarbonate_Atl_EQU,11,2090s,138.325268,138.3102328,16.2271913,13.21705137,192.5144306,0.30081318,2910,ssp245,bicarbonate,Atl_EQU,Atl,EQU,1881.110415,1881.086369,83.34248843,1199.95529,1972.294772,1.544969709
ssp245_bicarbonate_Atl_EQU,12,2090s,138.7420127,138.7287179,14.67046351,45.38120112,193.7937976,0.271955184,2910,ssp245,bicarbonate,Atl_EQU,Atl,EQU,1876.997296,1876.947218,82.09702191,1361.186686,1965.139364,1.521881749
ssp245_bicarbonate_Atl_EQU,2,2090s,139.9655842,139.9572416,11.96437363,81.43269618,180.9529824,0.221790772,2910,ssp245,bicarbonate,Atl_EQU,Atl,EQU,1878.34331,1878.288245,66.37126406,1562.423736,1960.236009,1.230363941
ssp245_bicarbonate_Atl_EQU,3,2090s,141.6057451,141.5969491,12.25605329,75.99836627,182.4847777,0.227197813,2910,ssp245,bicarbonate,Atl_EQU,Atl,EQU,1878.085493,1878.027316,61.02137264,1592.321075,1961.477614,1.131189794
ssp245_bicarbonate_Atl_EQU,4,2090s,141.1375347,141.1299062,11.52444276,70.29442011,177.1852235,0.213635509,2910,ssp245,bicarbonate,Atl_EQU,Atl,EQU,1877.443068,1877.392595,57.98582038,1620.670114,1977.417959,1.074917941
ssp245_bicarbonate_Atl_EQU,5,2090s,140.5271166,140.5250063,12.23140486,72.83049362,196.8043692,0.22674089,2910,ssp245,bicarbonate,Atl_EQU,Atl,EQU,1875.420704,1875.391242,58.90612742,1578.583587,1977.881338,1.091978224
ssp245_bicarbonate_Atl_EQU,6,2090s,138.3488896,138.3462042,13.701219,67.78133268,217.7136171,0.253987717,2910,ssp245,bicarbonate,Atl_EQU,Atl,EQU,1872.911566,1872.910733,61.87345604,1592.881662,1968.315892,1.146985375
ssp245_bicarbonate_Atl_EQU,7,2090s,138.5092384,138.5038703,15.12028716,62.95346643,200.8955787,0.280293834,2910,ssp245,bicarbonate,Atl_EQU,Atl,EQU,1878.097363,1878.120575,62.05635971,1512.606822,1979.525018,1.15037597
ssp245_bicarbonate_Atl_EQU,8,2090s,138.8478389,138.8437096,15.17899254,51.03587777,185.8855366,0.281382091,2910,ssp245,bicarbonate,Atl_EQU,Atl,EQU,1887.62043,1887.647214,61.75103531,1402.744597,1976.588649,1.144715989
ssp245_bicarbonate_Atl_EQU,9,2090s,138.9543044,138.9495828,15.4466066,31.54308854,209.1161708,0.286343014,2910,ssp245,bicarbonate,Atl_EQU,Atl,EQU,1890.737421,1890.757257,67.01590454,1276.809791,1972.703568,1.242314028
ssp245_bicarbonate_IND_STPS,1,1850s,-81.6163145,-81.34416013,8.965315553,-113.9592882,-39.11422172,0.07299013,15087,ssp245,bicarbonate,IND_STPS,IND,STPS,1658.435778,1655.667715,58.19974591,1435.755511,1821.332867,0.473826824
ssp245_bicarbonate_IND_STPS,10,1850s,-81.8602136,-81.68614405,8.749295692,-109.6465135,-49.2013589,0.071231428,15087,ssp245,bicarbonate,IND_STPS,IND,STPS,1666.413317,1663.61048,62.45366036,1355.187989,1858.539748,0.508459601
ssp245_bicarbonate_IND_STPS,11,1850s,-82.64355665,-82.43192095,9.200672213,-114.8970769,-36.52796508,0.07490626,15087,ssp245,bicarbonate,IND_STPS,IND,STPS,1663.608895,1660.826144,60.5732447,1405.18991,1839.217399,0.493150403
ssp245_bicarbonate_IND_STPS,12,1850s,-83.11799939,-82.87029836,9.000176368,-114.489801,-45.63610051,0.073273945,15087,ssp245,bicarbonate,IND_STPS,IND,STPS,1660.962796,1658.19897,59.01777674,1417.750697,1823.463182,0.480486732
ssp245_bicarbonate_IND_STPS,2,1850s,-81.6087599,-81.32883814,9.015708022,-109.1244726,-33.47465847,0.073400394,15087,ssp245,bicarbonate,IND_STPS,IND,STPS,1655.47931,1652.680536,58.25894575,1450.12656,1820.662384,0.474308793
ssp245_bicarbonate_IND_STPS,3,1850s,-81.87209122,-81.5979887,9.048319318,-110.9222096,-33.86159494,0.073665896,15087,ssp245,bicarbonate,IND_STPS,IND,STPS,1652.553101,1649.727247,58.55383316,1462.763191,1820.59015,0.476709587
ssp245_bicarbonate_IND_STPS,4,1850s,-81.85767832,-81.59596818,9.085913568,-113.6807241,-37.82505811,0.073971965,15087,ssp245,bicarbonate,IND_STPS,IND,STPS,1652.036395,1649.212349,58.50563281,1465.654206,1821.173007,0.476317169
ssp245_bicarbonate_IND_STPS,5,1850s,-81.42961161,-81.18338686,9.011252761,-110.3204605,-43.78163562,0.073364122,15087,ssp245,bicarbonate,IND_STPS,IND,STPS,1654.889124,1652.100673,58.43429378,1462.796718,1823.894525,0.47573637
ssp245_bicarbonate_IND_STPS,6,1850s,-81.16869265,-80.95242453,8.738821916,-108.4770599,-48.61369607,0.071146157,15087,ssp245,bicarbonate,IND_STPS,IND,STPS,1660.141086,1657.391518,59.07776262,1465.387819,1833.303739,0.480975101
ssp245_bicarbonate_IND_STPS,7,1850s,-81.14051453,-80.95841468,8.369986052,-109.8863575,-50.4737138,0.06814332,15087,ssp245,bicarbonate,IND_STPS,IND,STPS,1665.021266,1662.232837,61.19737414,1461.191984,1853.681805,0.498231685
ssp245_bicarbonate_IND_STPS,8,1850s,-81.1855096,-81.0234189,8.316774128,-108.0725172,-51.79106132,0.067710101,15087,ssp245,bicarbonate,IND_STPS,IND,STPS,1668.269356,1665.437059,62.71372707,1401.000355,1868.031405,0.510576905
ssp245_bicarbonate_IND_STPS,9,1850s,-81.54119907,-81.39218505,8.534328178,-110.6210554,-47.7345608,0.069481293,15087,ssp245,bicarbonate,IND_STPS,IND,STPS,1668.537649,1665.710876,63.21345046,1349.209978,1870.204765,0.514645348
ssp245_bicarbonate_IND_STPS,1,2090s,128.7778653,128.6573729,15.69790736,68.29771038,166.7335539,0.127802785,15087,ssp245,bicarbonate,IND_STPS,IND,STPS,1868.829958,1865.669248,70.46501257,1619.606328,2044.232565,0.573683143
ssp245_bicarbonate_IND_STPS,10,2090s,128.0688363,128.0262297,17.86744647,57.77528885,245.230241,0.145465848,15087,ssp245,bicarbonate,IND_STPS,IND,STPS,1876.342367,1873.322854,72.23904086,1511.638248,2065.533468,0.588126199
ssp245_bicarbonate_IND_STPS,11,2090s,128.1009612,128.0257204,17.98912572,50.17310699,243.0472271,0.146456487,15087,ssp245,bicarbonate,IND_STPS,IND,STPS,1874.353413,1871.283786,71.5491213,1566.391809,2053.411729,0.582509294
ssp245_bicarbonate_IND_STPS,12,2090s,127.8882751,127.7761052,17.1983132,60.47927812,178.8892735,0.140018174,15087,ssp245,bicarbonate,IND_STPS,IND,STPS,1871.96907,1868.845374,71.14997251,1588.459239,2049.995735,0.579259669
ssp245_bicarbonate_IND_STPS,2,2090s,128.171057,128.0793275,14.40882016,66.83466117,169.0695809,0.117307823,15087,ssp245,bicarbonate,IND_STPS,IND,STPS,1865.259127,1862.088702,70.09879316,1642.471529,2038.52236,0.570701608
ssp245_bicarbonate_IND_STPS,3,2090s,127.5038463,127.4367286,14.02121704,55.05946927,168.3288909,0.114152195,15087,ssp245,bicarbonate,IND_STPS,IND,STPS,1861.929039,1858.761965,69.9382459,1648.049367,2035.49064,0.56939453
ssp245_bicarbonate_IND_STPS,4,2090s,126.5547528,126.4685942,14.35086664,71.71022612,166.9240632,0.116836001,15087,ssp245,bicarbonate,IND_STPS,IND,STPS,1860.448826,1857.276912,70.03249992,1641.255736,2034.337424,0.570161889
ssp245_bicarbonate_IND_STPS,5,2090s,125.9926536,125.8888453,14.80886564,75.74135225,169.9377978,0.120564749,15087,ssp245,bicarbonate,IND_STPS,IND,STPS,1862.311389,1859.172905,70.00915323,1647.175968,2037.028631,0.569971814
ssp245_bicarbonate_IND_STPS,6,2090s,125.6956233,125.5874055,15.42868953,80.49011766,170.8997643,0.125610977,15087,ssp245,bicarbonate,IND_STPS,IND,STPS,1867.005402,1863.931348,70.095823,1657.90518,2049.607151,0.570677426
ssp245_bicarbonate_IND_STPS,7,2090s,126.1778127,126.1029914,15.61257298,85.54535837,165.2999135,0.127108044,15087,ssp245,bicarbonate,IND_STPS,IND,STPS,1872.339594,1869.294243,71.1200247,1651.162432,2062.07589,0.579015852
ssp245_bicarbonate_IND_STPS,8,2090s,126.486896,126.4558664,15.65326976,82.94180487,164.9236236,0.127439373,15087,ssp245,bicarbonate,IND_STPS,IND,STPS,1875.941762,1872.916344,71.82337824,1577.232136,2070.165487,0.584742127
ssp245_bicarbonate_IND_STPS,9,2090s,127.2831749,127.2538538,16.54379727,69.09665279,220.023169,0.134689504,15087,ssp245,bicarbonate,IND_STPS,IND,STPS,1877.362023,1874.356915,72.18193899,1512.205611,2071.477834,0.58766131
ssp245_bicarbonate_NA_SPSS,1,1850s,-65.67099772,-65.46761422,9.729349134,-107.174577,80.37715584,0.111485997,7616,ssp245,bicarbonate,NA_SPSS,NA,SPSS,1851.67202,1845.458964,126.2684766,502.515899,1980.300161,1.446876534
ssp245_bicarbonate_NA_SPSS,10,1850s,-68.84706894,-68.45156063,9.909121507,-112.5196657,31.76204839,0.11354596,7616,ssp245,bicarbonate,NA_SPSS,NA,SPSS,1817.103448,1809.737595,117.0457739,504.7021501,1941.008583,1.341196063
ssp245_bicarbonate_NA_SPSS,11,1850s,-68.12320479,-67.97959011,9.913889398,-113.6398894,17.19601607,0.113600594,7616,ssp245,bicarbonate,NA_SPSS,NA,SPSS,1831.952432,1824.48649,121.6009768,503.5548808,1954.124752,1.393392908
ssp245_bicarbonate_NA_SPSS,12,1850s,-67.25990589,-67.14867249,9.793886248,-101.197964,63.61087611,0.11222551,7616,ssp245,bicarbonate,NA_SPSS,NA,SPSS,1843.697505,1836.760381,124.4538028,503.461453,1970.259848,1.426082675
ssp245_bicarbonate_NA_SPSS,2,1850s,-64.75059488,-64.5133036,9.403610842,-107.5900113,15.47961488,0.107753449,7616,ssp245,bicarbonate,NA_SPSS,NA,SPSS,1856.753059,1851.022386,127.3898969,503.1996879,1990.544258,1.459726588
ssp245_bicarbonate_NA_SPSS,3,1850s,-64.14692389,-63.92669579,9.397394029,-108.726627,17.98111422,0.107682212,7616,ssp245,bicarbonate,NA_SPSS,NA,SPSS,1858.447447,1852.839143,127.5486706,501.8420032,1994.665037,1.461545933
ssp245_bicarbonate_NA_SPSS,4,1850s,-64.26403893,-64.20077941,10.06779088,-127.1284197,51.32926804,0.11536411,7616,ssp245,bicarbonate,NA_SPSS,NA,SPSS,1852.893538,1846.733589,125.3222635,501.1456194,1990.458554,1.436034133
ssp245_bicarbonate_NA_SPSS,5,1850s,-65.67506695,-66.07578939,12.64246087,-146.7795885,15.72011566,0.144866561,7616,ssp245,bicarbonate,NA_SPSS,NA,SPSS,1828.435228,1821.807764,116.7723827,501.9075262,1953.72618,1.338063347
ssp245_bicarbonate_NA_SPSS,6,1850s,-66.42604849,-66.76796031,13.81231549,-137.3475638,77.81233076,0.158271611,7616,ssp245,bicarbonate,NA_SPSS,NA,SPSS,1799.437095,1794.724858,108.1668648,504.4989454,1937.007624,1.23945503
ssp245_bicarbonate_NA_SPSS,7,1850s,-70.00514766,-69.31507393,13.41840269,-137.7377181,37.28322766,0.15375787,7616,ssp245,bicarbonate,NA_SPSS,NA,SPSS,1789.797738,1786.675975,107.4737805,508.7519729,1932.045057,1.231513163
ssp245_bicarbonate_NA_SPSS,8,1850s,-70.8756183,-69.75789822,12.47052904,-136.3142287,3.7515564,0.14289644,7616,ssp245,bicarbonate,NA_SPSS,NA,SPSS,1790.40524,1786.25983,108.6778291,509.5587946,1927.515681,1.245310032
ssp245_bicarbonate_NA_SPSS,9,1850s,-70.09917117,-69.36572462,10.76937992,-133.5894252,7.913504368,0.12340343,7616,ssp245,bicarbonate,NA_SPSS,NA,SPSS,1801.361786,1795.235796,111.5984305,507.0087444,1934.172436,1.278776419
ssp245_bicarbonate_NA_SPSS,1,2090s,65.01461824,63.72479369,37.20274051,-51.84259113,162.1037773,0.426296204,7616,ssp245,bicarbonate,NA_SPSS,NA,SPSS,1982.357636,1974.651372,139.1303773,522.5601687,2157.17792,1.594257597
ssp245_bicarbonate_NA_SPSS,10,2090s,70.43407228,68.59420917,33.60803856,-19.29025064,164.3846399,0.38510548,7616,ssp245,bicarbonate,NA_SPSS,NA,SPSS,1956.384589,1946.783365,133.6042357,529.534625,2129.208439,1.530935026
ssp245_bicarbonate_NA_SPSS,11,2090s,65.89476502,64.33616532,34.83389792,-20.21649599,168.4046037,0.399152273,7616,ssp245,bicarbonate,NA_SPSS,NA,SPSS,1965.970402,1956.802245,136.2078445,526.5125419,2140.222421,1.560769079
ssp245_bicarbonate_NA_SPSS,12,2090s,63.91366513,62.60206475,36.31153278,-20.98793825,170.3985095,0.416084094,7616,ssp245,bicarbonate,NA_SPSS,NA,SPSS,1974.871076,1966.511118,138.0117717,524.2794891,2149.393795,1.581439796
ssp245_bicarbonate_NA_SPSS,2,2090s,65.78409021,64.44183962,37.78053818,-64.46221156,160.1768135,0.432917032,7616,ssp245,bicarbonate,NA_SPSS,NA,SPSS,1987.287744,1979.977529,139.4581579,520.3287531,2160.986334,1.598013547
ssp245_bicarbonate_NA_SPSS,3,2090s,66.68570666,65.32631857,37.82937992,-96.79731924,159.0204765,0.433476696,7616,ssp245,bicarbonate,NA_SPSS,NA,SPSS,1989.280077,1982.092157,139.1658115,520.0345719,2162.347934,1.594663628
ssp245_bicarbonate_NA_SPSS,4,2090s,68.91017234,67.88660263,36.85372058,-34.18484321,167.0552358,0.422296878,7616,ssp245,bicarbonate,NA_SPSS,NA,SPSS,1986.067749,1978.820971,137.3671954,521.0364754,2158.397756,1.57405377
ssp245_bicarbonate_NA_SPSS,5,2090s,79.46411564,78.89456576,35.2205795,-22.68051323,189.8280538,0.403583154,7616,ssp245,bicarbonate,NA_SPSS,NA,SPSS,1973.57441,1966.778119,133.0777607,521.9408826,2138.686204,1.524902291
ssp245_bicarbonate_NA_SPSS,6,2090s,94.79348185,93.04158871,33.13649363,-42.78454071,208.2040444,0.379702174,7616,ssp245,bicarbonate,NA_SPSS,NA,SPSS,1960.656625,1954.534407,130.7639743,528.9991285,2136.72772,1.498389233
ssp245_bicarbonate_NA_SPSS,7,2090s,94.85292167,91.45549479,33.70627806,-45.75408555,224.2820351,0.38623118,7616,ssp245,bicarbonate,NA_SPSS,NA,SPSS,1954.655807,1947.446543,130.4575147,537.5901999,2128.500559,1.494877596
ssp245_bicarbonate_NA_SPSS,8,2090s,87.89266228,84.75312752,32.03711615,-46.40921823,199.1801144,0.367104703,7616,ssp245,bicarbonate,NA_SPSS,NA,SPSS,1949.173521,1940.770856,129.8440276,539.2323584,2122.664174,1.487847812
ssp245_bicarbonate_NA_SPSS,9,2090s,78.1183555,75.82916229,32.03074521,-24.215215,171.666388,0.3670317,7616,ssp245,bicarbonate,NA_SPSS,NA,SPSS,1949.579313,1940.430683,130.7815734,533.9171473,2120.54826,1.498590897
ssp245_bicarbonate_NA_STPS,1,1850s,-91.10616401,-91.24400019,6.033273753,-109.8536442,-55.95133006,0.069541183,7527,ssp245,bicarbonate,NA_STPS,NA,STPS,1724.625181,1722.812444,53.6399989,1574.528166,1862.333229,0.618269471
ssp245_bicarbonate_NA_STPS,10,1850s,-93.65705616,-93.74781294,6.27595567,-125.784199,-53.08637144,0.072338402,7527,ssp245,bicarbonate,NA_STPS,NA,STPS,1714.834879,1712.995799,50.88335694,1512.094703,1820.76762,0.586495653
ssp245_bicarbonate_NA_STPS,11,1850s,-93.60227838,-93.70453983,6.172732148,-136.3291319,-65.17018271,0.071148619,7527,ssp245,bicarbonate,NA_STPS,NA,STPS,1714.716471,1712.907704,51.04008582,1529.38484,1826.759329,0.588302153
ssp245_bicarbonate_NA_STPS,12,1850s,-92.92618353,-93.03939896,6.01883899,-115.6468089,-66.5395367,0.069374804,7527,ssp245,bicarbonate,NA_STPS,NA,STPS,1719.135612,1717.347524,51.92911465,1561.80924,1842.292067,0.598549346
ssp245_bicarbonate_NA_STPS,2,1850s,-90.72422219,-90.88824071,6.475198329,-107.8413145,-46.98827371,0.074634928,7527,ssp245,bicarbonate,NA_STPS,NA,STPS,1728.72766,1726.898927,53.81458694,1588.087364,1868.621961,0.620281821
ssp245_bicarbonate_NA_STPS,3,1850s,-90.75693132,-90.92260751,6.79857549,-107.8318584,-55.71651235,0.078362262,7527,ssp245,bicarbonate,NA_STPS,NA,STPS,1729.741614,1727.950831,51.53373489,1602.288446,1865.625605,0.593992089
ssp245_bicarbonate_NA_STPS,4,1850s,-91.29274938,-91.40268086,6.59201303,-109.0497894,-63.63413595,0.075981366,7527,ssp245,bicarbonate,NA_STPS,NA,STPS,1728.302367,1726.675931,47.52288505,1614.389321,1847.434139,0.547761924
ssp245_bicarbonate_NA_STPS,5,1850s,-92.62110443,-92.6621108,6.373401972,-121.8572231,-66.68190743,0.073461595,7527,ssp245,bicarbonate,NA_STPS,NA,STPS,1726.594127,1725.065388,45.46257194,1586.676669,1836.424541,0.524014185
ssp245_bicarbonate_NA_STPS,6,1850s,-93.72016426,-93.73431412,6.40859922,-111.0073915,-66.63330571,0.073867288,7527,ssp245,bicarbonate,NA_STPS,NA,STPS,1725.872328,1724.23146,46.32884271,1548.438567,1834.821221,0.533999061
ssp245_bicarbonate_NA_STPS,7,1850s,-94.04327412,-94.07210833,6.63231965,-135.530952,-60.35695809,0.076445952,7527,ssp245,bicarbonate,NA_STPS,NA,STPS,1724.152019,1722.396854,47.85214881,1497.100938,1828.618242,0.551557109
ssp245_bicarbonate_NA_STPS,8,1850s,-93.86979608,-93.92403585,6.485993836,-128.6888826,-62.13659289,0.07475936,7527,ssp245,bicarbonate,NA_STPS,NA,STPS,1721.459032,1719.645681,48.99797491,1489.123753,1821.474791,0.564764218
ssp245_bicarbonate_NA_STPS,9,1850s,-93.74760483,-93.82659117,6.624172725,-121.9086794,-50.51032621,0.076352048,7527,ssp245,bicarbonate,NA_STPS,NA,STPS,1718.122738,1716.280845,49.97537469,1509.281364,1818.863997,0.576029998
ssp245_bicarbonate_NA_STPS,1,2090s,156.2654635,156.4921394,19.14215087,73.49499889,187.3923997,0.220637728,7527,ssp245,bicarbonate,NA_STPS,NA,STPS,1971.996808,1970.548583,56.94558475,1820.977497,2100.736815,0.656370568
ssp245_bicarbonate_NA_STPS,10,2090s,157.142569,157.3179142,18.84343177,78.23612071,192.7508497,0.217194609,7527,ssp245,bicarbonate,NA_STPS,NA,STPS,1965.634505,1964.061526,53.60676601,1765.74465,2069.223722,0.617886419
ssp245_bicarbonate_NA_STPS,11,2090s,156.6294625,156.8142308,18.84242965,79.19192233,192.06258,0.217183058,7527,ssp245,bicarbonate,NA_STPS,NA,STPS,1964.948212,1963.426474,54.34440294,1785.859964,2078.03343,0.626388627
ssp245_bicarbonate_NA_STPS,12,2090s,155.928604,156.1399118,18.93724957,79.49564811,186.3958105,0.218275979,7527,ssp245,bicarbonate,NA_STPS,NA,STPS,1967.990399,1966.526835,55.59697743,1809.040213,2086.468314,0.640826147
ssp245_bicarbonate_NA_STPS,2,2090s,156.2415666,156.4531705,19.58413623,65.51221793,192.9944519,0.225732174,7527,ssp245,bicarbonate,NA_STPS,NA,STPS,1975.693448,1974.240339,57.05921661,1834.938148,2104.437071,0.65768032
ssp245_bicarbonate_NA_STPS,3,2090s,156.7070649,156.9068245,19.38236659,68.15547752,193.0971452,0.223406521,7527,ssp245,bicarbonate,NA_STPS,NA,STPS,1977.205611,1975.780263,55.61211883,1841.765508,2099.302034,0.641000671
ssp245_bicarbonate_NA_STPS,4,2090s,157.7503796,157.86835,19.12436567,77.09461895,192.7866218,0.220432731,7527,ssp245,bicarbonate,NA_STPS,NA,STPS,1977.345496,1975.946962,54.39681629,1832.061593,2093.745825,0.626992757
ssp245_bicarbonate_NA_STPS,5,2090s,158.6587424,158.6690218,18.96269328,85.07049452,192.8401714,0.21856925,7527,ssp245,bicarbonate,NA_STPS,NA,STPS,1977.873974,1976.396521,54.31955429,1813.441762,2093.310364,0.626102214
ssp245_bicarbonate_NA_STPS,6,2090s,158.2625979,158.2562206,19.04306556,83.50031445,189.718876,0.219495643,7527,ssp245,bicarbonate,NA_STPS,NA,STPS,1977.85509,1976.221995,55.05526753,1779.81721,2089.76604,0.634582249
ssp245_bicarbonate_NA_STPS,7,2090s,157.2913654,157.3200106,18.80993464,80.61493776,188.0871532,0.216808512,7527,ssp245,bicarbonate,NA_STPS,NA,STPS,1975.486659,1973.788973,55.09193024,1735.61429,2079.78091,0.635004833
ssp245_bicarbonate_NA_STPS,8,2090s,157.187675,157.3063868,18.71360198,78.21349603,192.5900455,0.215698155,7527,ssp245,bicarbonate,NA_STPS,NA,STPS,1972.516503,1970.876103,53.74043712,1749.218478,2069.634122,0.61942715
ssp245_bicarbonate_NA_STPS,9,2090s,157.2406101,157.3960304,18.73136531,76.83199815,193.5104347,0.2159029,7527,ssp245,bicarbonate,NA_STPS,NA,STPS,1969.110952,1967.503466,53.07784168,1759.998177,2064.317356,0.611789891
ssp245_bicarbonate_NA_STSS,1,1850s,-77.35925406,-77.65850629,7.787728336,-99.67866857,-28.92018908,0.139133143,3133,ssp245,bicarbonate,NA_STSS,NA,STSS,1794.345531,1793.074572,73.22354759,1625.678209,1919.446961,1.308189228
ssp245_bicarbonate_NA_STSS,10,1850s,-81.91855893,-82.32748137,8.426312216,-102.9320879,-54.12831484,0.150541885,3133,ssp245,bicarbonate,NA_STSS,NA,STSS,1753.380704,1752.125314,52.03543368,1624.094807,1865.081503,0.929648945
ssp245_bicarbonate_NA_STSS,11,1850s,-81.68328057,-82.05176297,8.544347805,-101.2651613,-53.03360826,0.152650672,3133,ssp245,bicarbonate,NA_STSS,NA,STSS,1764.113986,1762.743085,58.87272004,1620.63951,1885.276722,1.051801787
ssp245_bicarbonate_NA_STSS,12,1850s,-80.14447407,-80.4929241,8.235474406,-100.9525087,-48.25588,0.147132436,3133,ssp245,bicarbonate,NA_STSS,NA,STSS,1779.558014,1778.198501,66.69264003,1620.393815,1897.358055,1.191510056
ssp245_bicarbonate_NA_STSS,2,1850s,-75.65995332,-75.92957211,7.696068164,-98.34520398,-24.88585278,0.137495571,3133,ssp245,bicarbonate,NA_STSS,NA,STSS,1804.004479,1802.784508,76.35057869,1631.065367,1925.566934,1.364055797
ssp245_bicarbonate_NA_STSS,3,1850s,-74.31127537,-74.55657124,8.072159873,-98.0864421,-45.0136553,0.144214709,3133,ssp245,bicarbonate,NA_STSS,NA,STSS,1806.714389,1805.513084,75.17870202,1631.851078,1926.563272,1.343119411
ssp245_bicarbonate_NA_STSS,4,1850s,-75.89972074,-76.14741209,8.165359087,-97.63067396,-48.27719688,0.145879777,3133,ssp245,bicarbonate,NA_STSS,NA,STSS,1794.868267,1793.7167,65.32210151,1634.521586,1916.852895,1.167024439
ssp245_bicarbonate_NA_STSS,5,1850s,-78.55400843,-78.87457581,8.364060154,-101.5804313,-52.58693301,0.149429709,3133,ssp245,bicarbonate,NA_STSS,NA,STSS,1770.430983,1769.423838,51.82786951,1636.848539,1901.679602,0.925940668
ssp245_bicarbonate_NA_STSS,6,1850s,-80.72332378,-81.12691417,8.392643867,-103.3031865,-54.35753647,0.149940377,3133,ssp245,bicarbonate,NA_STSS,NA,STSS,1759.83013,1758.885395,48.1266555,1638.428935,1880.834034,0.859815925
ssp245_bicarbonate_NA_STSS,7,1850s,-82.46460056,-82.87217236,8.349306892,-103.7098229,-55.40074126,0.149166132,3133,ssp245,bicarbonate,NA_STSS,NA,STSS,1757.553705,1756.58362,46.8985957,1636.495578,1868.519872,0.837875789
ssp245_bicarbonate_NA_STSS,8,1850s,-82.47625597,-82.8813773,8.360704758,-103.4044097,-54.45301623,0.149369762,3133,ssp245,bicarbonate,NA_STSS,NA,STSS,1754.37658,1753.361101,46.01358,1632.089537,1855.996839,0.822064372
ssp245_bicarbonate_NA_STSS,9,1850s,-81.98717935,-82.40097776,8.341735526,-102.1725116,-54.83014574,0.149030864,3133,ssp245,bicarbonate,NA_STSS,NA,STSS,1751.337495,1750.24427,47.52023123,1628.45617,1849.267543,0.848981737
ssp245_bicarbonate_NA_STSS,1,2090s,115.5027379,117.2698665,40.53170104,1.309505439,188.9321023,0.72412682,3133,ssp245,bicarbonate,NA_STSS,NA,STSS,1987.207523,1988.002945,75.40144403,1806.292819,2128.206803,1.347098851
ssp245_bicarbonate_NA_STSS,10,2090s,124.5995606,126.237349,35.9124503,9.384567103,182.9293258,0.641600717,3133,ssp245,bicarbonate,NA_STSS,NA,STSS,1959.898824,1960.690144,56.88089751,1805.098971,2092.521922,1.016216502
ssp245_bicarbonate_NA_STSS,11,2090s,120.5630633,122.2985933,38.0587679,2.910841239,184.8139306,0.679946163,3133,ssp245,bicarbonate,NA_STSS,NA,STSS,1966.36033,1967.093441,63.18439068,1806.057059,2107.293786,1.128832759
ssp245_bicarbonate_NA_STSS,12,2090s,117.6455016,119.4032468,39.76352919,-0.771740753,189.1046567,0.7104029,3133,ssp245,bicarbonate,NA_STSS,NA,STSS,1977.34799,1978.094672,70.11450433,1805.718347,2119.896356,1.252644024
ssp245_bicarbonate_NA_STSS,2,2090s,114.5592473,116.3619582,41.82274851,2.227900699,192.9459634,0.747192275,3133,ssp245,bicarbonate,NA_STSS,NA,STSS,1994.22368,1995.076039,77.78680991,1813.549375,2130.051501,1.389715059
ssp245_bicarbonate_NA_STSS,3,2090s,114.825927,116.6251045,41.92324242,3.508776343,194.3715634,0.748987668,3133,ssp245,bicarbonate,NA_STSS,NA,STSS,1995.851591,1996.69476,76.41724081,1816.500408,2128.797652,1.365246762
ssp245_bicarbonate_NA_STSS,4,2090s,119.3084783,120.9766407,37.39510878,13.68934789,189.2332913,0.668089434,3133,ssp245,bicarbonate,NA_STSS,NA,STSS,1990.076466,1990.840753,70.58116517,1820.057022,2118.779305,1.260981242
ssp245_bicarbonate_NA_STSS,5,2090s,130.2526068,131.6318358,30.74421747,36.92748802,190.5474561,0.549266669,3133,ssp245,bicarbonate,NA_STSS,NA,STSS,1979.237598,1979.93025,63.48370013,1819.174208,2102.549379,1.134180129
ssp245_bicarbonate_NA_STSS,6,2090s,135.2387806,136.5300728,30.97492159,45.9988288,191.3833385,0.553388358,3133,ssp245,bicarbonate,NA_STSS,NA,STSS,1975.792234,1976.542382,60.29168046,1817.64123,2092.31523,1.077152494
ssp245_bicarbonate_NA_STSS,7,2090s,132.958865,134.3110402,32.07913494,31.53041452,188.4692133,0.573115892,3133,ssp245,bicarbonate,NA_STSS,NA,STSS,1972.977171,1973.766833,55.62333883,1819.06272,2083.828975,0.993749348
ssp245_bicarbonate_NA_STSS,8,2090s,129.7660457,131.21049,32.8995652,25.01976127,184.4579207,0.587773445,3133,ssp245,bicarbonate,NA_STSS,NA,STSS,1966.618881,1967.452968,52.16842712,1812.181728,2078.744226,0.932024965
ssp245_bicarbonate_NA_STSS,9,2090s,127.7619985,129.2820147,33.90715093,17.8863536,182.4904884,0.605774659,3133,ssp245,bicarbonate,NA_STSS,NA,STSS,1961.086673,1961.927263,52.96853307,1807.093864,2082.409756,0.94631941
ssp245_bicarbonate_NP_SPSS,1,1850s,-54.73917164,-55.4985071,11.62229906,-96.2318196,8.429533456,0.133686823,7558,ssp245,bicarbonate,NP_SPSS,NP,SPSS,1823.402394,1820.391763,81.48498634,1424.14089,2007.593483,0.937290366
ssp245_bicarbonate_NP_SPSS,10,1850s,-60.39229338,-61.16479374,13.77248146,-104.2925729,19.55162406,0.158419542,7558,ssp245,bicarbonate,NP_SPSS,NP,SPSS,1776.393034,1773.31817,64.56539931,1399.87369,1958.985506,0.742670883
ssp245_bicarbonate_NP_SPSS,11,1850s,-58.87847713,-59.66488721,12.86173962,-100.0950149,8.215388824,0.14794363,7558,ssp245,bicarbonate,NP_SPSS,NP,SPSS,1795.842952,1792.671383,72.40633216,1421.11654,1984.275791,0.832862109
ssp245_bicarbonate_NP_SPSS,12,1850s,-56.93649164,-57.73735754,12.25009751,-98.77798301,0.641506658,0.140908146,7558,ssp245,bicarbonate,NP_SPSS,NP,SPSS,1812.217953,1809.105118,77.61562119,1432.911129,2001.488433,0.892782552
ssp245_bicarbonate_NP_SPSS,2,1850s,-53.47099605,-54.22801536,11.56196925,-96.43472358,46.40989392,0.132992872,7558,ssp245,bicarbonate,NP_SPSS,NP,SPSS,1829.992681,1827.054771,83.25470697,1458.209872,2015.964778,0.95764678
ssp245_bicarbonate_NP_SPSS,3,1850s,-53.59913777,-54.40778367,12.09094918,-93.58338284,-0.942545797,0.139077525,7558,ssp245,bicarbonate,NP_SPSS,NP,SPSS,1831.125114,1828.188009,83.21261631,1465.719048,2017.23488,0.957162628
ssp245_bicarbonate_NP_SPSS,4,1850s,-54.37835847,-55.18076966,12.40845261,-93.60732918,7.19544985,0.142729644,7558,ssp245,bicarbonate,NP_SPSS,NP,SPSS,1822.568543,1819.619478,80.89385959,1469.168858,2014.964561,0.930490863
ssp245_bicarbonate_NP_SPSS,5,1850s,-57.57761747,-58.32627344,13.12993645,-99.89545368,19.7060024,0.151028594,7558,ssp245,bicarbonate,NP_SPSS,NP,SPSS,1800.54106,1797.858446,73.2807758,1449.422961,1988.508541,0.842920497
ssp245_bicarbonate_NP_SPSS,6,1850s,-60.17572861,-60.86178514,13.20273147,-107.0943835,33.98949003,0.151865927,7558,ssp245,bicarbonate,NP_SPSS,NP,SPSS,1775.700979,1773.638706,60.80871085,1420.006267,1958.125814,0.699459145
ssp245_bicarbonate_NP_SPSS,7,1850s,-60.77965865,-61.52189641,13.334973,-102.2083882,28.60131094,0.153387051,7558,ssp245,bicarbonate,NP_SPSS,NP,SPSS,1761.779681,1759.825431,56.03732646,1411.758357,1946.51941,0.644575751
ssp245_bicarbonate_NP_SPSS,8,1850s,-61.36402309,-62.15826783,13.44814141,-101.2261947,22.12735236,0.154688783,7558,ssp245,bicarbonate,NP_SPSS,NP,SPSS,1755.593329,1753.391964,53.80033133,1400.435084,1939.042966,0.618844459
ssp245_bicarbonate_NP_SPSS,9,1850s,-60.58245721,-61.39648728,13.66636496,-104.7294076,38.45892995,0.157198925,7558,ssp245,bicarbonate,NP_SPSS,NP,SPSS,1760.18078,1757.481319,56.94720906,1401.082367,1935.798761,0.655041779
ssp245_bicarbonate_NP_SPSS,1,2090s,62.80042988,64.33526879,20.00311817,-7.034150101,143.0594917,0.230088152,7558,ssp245,bicarbonate,NP_SPSS,NP,SPSS,1940.941996,1940.225539,83.76500133,1481.432212,2108.135978,0.963516499
ssp245_bicarbonate_NP_SPSS,10,2090s,65.72949497,67.12863175,19.9829756,-51.01066603,144.1083152,0.22985646,7558,ssp245,bicarbonate,NP_SPSS,NP,SPSS,1902.514822,1901.611596,70.13602832,1416.979548,2061.322523,0.80674768
ssp245_bicarbonate_NP_SPSS,11,2090s,64.00259422,65.46099823,19.89613484,-28.08978417,132.9512902,0.228857564,7558,ssp245,bicarbonate,NP_SPSS,NP,SPSS,1918.724023,1917.797268,76.83558701,1451.700666,2082.404304,0.883810119
ssp245_bicarbonate_NP_SPSS,12,2090s,63.03833661,64.51306361,19.77514455,-8.033237024,138.4201209,0.22746586,7558,ssp245,bicarbonate,NP_SPSS,NP,SPSS,1932.192781,1931.35554,80.97460024,1477.267286,2100.631308,0.931419592
ssp245_bicarbonate_NP_SPSS,2,2090s,62.11032569,63.63447297,20.07336627,-6.921391296,142.0938044,0.230896189,7558,ssp245,bicarbonate,NP_SPSS,NP,SPSS,1945.574003,1944.91726,85.02821129,1513.221326,2108.2998,0.978046716
ssp245_bicarbonate_NP_SPSS,3,2090s,61.24114745,62.73222402,19.69290235,-6.825082248,146.2187054,0.22651986,7558,ssp245,bicarbonate,NP_SPSS,NP,SPSS,1945.965399,1945.328016,84.89345963,1521.476003,2108.154351,0.97649672
ssp245_bicarbonate_NP_SPSS,4,2090s,62.22521882,63.72159779,20.46534411,-6.547694642,142.6401368,0.235404959,7558,ssp245,bicarbonate,NP_SPSS,NP,SPSS,1939.17212,1938.521846,83.23185983,1515.038557,2098.305919,0.957383978
ssp245_bicarbonate_NP_SPSS,5,2090s,62.54095174,64.05818911,22.08015106,-8.727108206,145.6193521,0.253979461,7558,ssp245,bicarbonate,NP_SPSS,NP,SPSS,1920.659629,1920.242908,76.89414212,1483.370055,2085.533042,0.884483656
ssp245_bicarbonate_NP_SPSS,6,2090s,67.19459665,68.63650973,22.7988158,-26.81995801,153.2979863,0.262245984,7558,ssp245,bicarbonate,NP_SPSS,NP,SPSS,1903.071304,1903.137001,70.37983578,1450.606115,2066.834382,0.809552103
ssp245_bicarbonate_NP_SPSS,7,2090s,71.55610464,72.8456519,22.57854592,-34.26168523,164.2148497,0.259712304,7558,ssp245,bicarbonate,NP_SPSS,NP,SPSS,1894.115444,1894.192979,66.07400384,1445.192466,2046.542273,0.760023779
ssp245_bicarbonate_NP_SPSS,8,2090s,70.81907711,72.11209491,21.85662304,-42.68287669,149.7596347,0.251408304,7558,ssp245,bicarbonate,NP_SPSS,NP,SPSS,1887.776429,1887.662327,62.22143255,1420.145834,2038.389321,0.715709138
ssp245_bicarbonate_NP_SPSS,9,2090s,68.38799802,69.74322071,21.03097595,-48.37179833,155.9955014,0.241911204,7558,ssp245,bicarbonate,NP_SPSS,NP,SPSS,1889.151235,1888.621027,63.13145474,1414.803006,2034.457497,0.726176772
ssp245_bicarbonate_NP_STPS,1,1850s,-77.58967413,-77.41563478,10.13450623,-105.288452,-42.3769131,0.076555003,17525,ssp245,bicarbonate,NP_STPS,NP,STPS,1655.110501,1652.982133,58.06370616,1418.098965,1799.259232,0.438607183
ssp245_bicarbonate_NP_STPS,10,1850s,-78.79211794,-78.62687366,9.479549252,-107.2495941,-49.09888634,0.071607527,17525,ssp245,bicarbonate,NP_STPS,NP,STPS,1642.56851,1640.201645,60.65633461,1383.50998,1762.695494,0.458191628
ssp245_bicarbonate_NP_STPS,11,1850s,-78.62215064,-78.44612694,9.765660554,-102.3592773,-48.92077922,0.073768782,17525,ssp245,bicarbonate,NP_STPS,NP,STPS,1644.038398,1641.674098,60.40706094,1387.217054,1768.618043,0.456308641
ssp245_bicarbonate_NP_STPS,12,1850s,-78.48793936,-78.30892589,9.990917533,-104.9010432,-46.6059717,0.075470349,17525,ssp245,bicarbonate,NP_STPS,NP,STPS,1648.949194,1646.684588,59.28358322,1382.686633,1780.065141,0.447822007
ssp245_bicarbonate_NP_STPS,2,1850s,-77.95669971,-77.77479193,10.39189454,-111.7660621,-40.83259005,0.078499288,17525,ssp245,bicarbonate,NP_STPS,NP,STPS,1659.65905,1657.641762,57.32839557,1441.48567,1812.775849,0.433052723
ssp245_bicarbonate_NP_STPS,3,1850s,-78.4874124,-78.31240417,10.44722436,-116.062852,-40.57911017,0.078917244,17525,ssp245,bicarbonate,NP_STPS,NP,STPS,1661.488176,1659.586397,56.20491764,1427.050849,1808.350655,0.424566088
ssp245_bicarbonate_NP_STPS,4,1850s,-78.86562555,-78.67407004,10.26228762,-106.4287963,-41.63809998,0.077520251,17525,ssp245,bicarbonate,NP_STPS,NP,STPS,1661.431998,1659.648175,54.58481052,1409.90366,1797.508905,0.412327968
ssp245_bicarbonate_NP_STPS,5,1850s,-79.46168181,-79.27061191,10.03307607,-110.7920476,-43.92120005,0.075788811,17525,ssp245,bicarbonate,NP_STPS,NP,STPS,1659.810698,1657.98851,53.95838401,1408.898699,1790.069092,0.407596007
ssp245_bicarbonate_NP_STPS,6,1850s,-79.76435805,-79.5752828,9.816200282,-110.1962893,-48.09820769,0.074150554,17525,ssp245,bicarbonate,NP_STPS,NP,STPS,1657.014226,1655.033436,55.07396816,1405.690098,1787.291655,0.416023014
ssp245_bicarbonate_NP_STPS,7,1850s,-79.51249638,-79.32669552,9.658561946,-105.7725168,-49.96666012,0.07295977,17525,ssp245,bicarbonate,NP_STPS,NP,STPS,1653.2817,1651.17114,56.25853432,1393.935372,1778.27438,0.424971103
ssp245_bicarbonate_NP_STPS,8,1850s,-79.21407175,-79.03723401,9.47439835,-107.1369236,-50.90254549,0.071568617,17525,ssp245,bicarbonate,NP_STPS,NP,STPS,1648.004583,1645.800277,57.62818039,1387.597608,1765.84147,0.435317267
ssp245_bicarbonate_NP_STPS,9,1850s,-78.8506611,-78.67899572,9.31095847,-106.7228892,-52.71576403,0.07033401,17525,ssp245,bicarbonate,NP_STPS,NP,STPS,1644.065476,1641.778575,59.33367345,1386.510221,1760.986642,0.448200383
ssp245_bicarbonate_NP_STPS,1,2090s,116.2964277,116.5146251,20.85015769,59.59293097,159.4612815,0.157499918,17525,ssp245,bicarbonate,NP_STPS,NP,STPS,1848.996603,1846.912393,68.1947221,1590.527445,2015.843409,0.515135821
ssp245_bicarbonate_NP_STPS,10,2090s,116.5746921,116.8881726,20.36814375,61.91172235,162.3685884,0.153858834,17525,ssp245,bicarbonate,NP_STPS,NP,STPS,1837.93532,1835.716691,67.40755934,1549.092756,1981.821542,0.509189676
ssp245_bicarbonate_NP_STPS,11,2090s,116.261207,116.5470794,21.07522636,58.17058343,165.205795,0.159200063,17525,ssp245,bicarbonate,NP_STPS,NP,STPS,1838.921756,1836.667304,68.87208051,1529.829664,1987.125648,0.520252516
ssp245_bicarbonate_NP_STPS,12,2090s,115.7125466,115.952178,21.23633605,49.58814971,159.6021221,0.160417069,17525,ssp245,bicarbonate,NP_STPS,NP,STPS,1843.14968,1840.945692,69.23110867,1536.989668,1995.459027,0.522964577
ssp245_bicarbonate_NP_STPS,2,2090s,116.5323849,116.7526686,20.86649414,60.12038895,161.0114556,0.157623321,17525,ssp245,bicarbonate,NP_STPS,NP,STPS,1854.148135,1852.169223,67.36129217,1620.72134,2026.11732,0.508840178
ssp245_bicarbonate_NP_STPS,3,2090s,117.0936941,117.3121898,20.50175577,60.70682616,162.3793312,0.154868126,17525,ssp245,bicarbonate,NP_STPS,NP,STPS,1857.069283,1855.210991,65.91384834,1629.489251,2024.62249,0.497906339
ssp245_bicarbonate_NP_STPS,4,2090s,118.383924,118.6316382,20.39532895,60.0268543,166.7746828,0.154064189,17525,ssp245,bicarbonate,NP_STPS,NP,STPS,1858.681548,1856.953883,63.93751552,1607.854357,2009.621061,0.482977326
ssp245_bicarbonate_NP_STPS,5,2090s,119.5920366,119.862117,20.03512102,64.22825368,163.9153212,0.151343215,17525,ssp245,bicarbonate,NP_STPS,NP,STPS,1858.864416,1857.121239,62.90113264,1586.440851,2007.601072,0.475148598
ssp245_bicarbonate_NP_STPS,6,2090s,119.8845632,120.1751118,19.78987116,64.56171294,164.0562556,0.149490624,17525,ssp245,bicarbonate,NP_STPS,NP,STPS,1856.663147,1854.78383,63.0723799,1583.086478,1999.120147,0.476442182
ssp245_bicarbonate_NP_STPS,7,2090s,119.1996885,119.5244908,20.10415935,55.64290595,161.9451759,0.151864724,17525,ssp245,bicarbonate,NP_STPS,NP,STPS,1851.993884,1850.022327,63.49130512,1580.091325,1991.448886,0.4796067
ssp245_bicarbonate_NP_STPS,8,2090s,118.1322262,118.4649928,20.42554154,50.64262037,162.2140794,0.154292411,17525,ssp245,bicarbonate,NP_STPS,NP,STPS,1845.350881,1843.302504,64.24055764,1572.169484,1983.280627,0.485266475
ssp245_bicarbonate_NP_STPS,9,2090s,117.2532513,117.5860053,20.49263819,51.84000264,159.3123204,0.154799252,17525,ssp245,bicarbonate,NP_STPS,NP,STPS,1840.169388,1838.043577,65.53872172,1558.156598,1980.127532,0.495072671
ssp245_bicarbonate_NP_STSS,1,1850s,-76.11251997,-76.31091319,8.437420059,-98.16646377,-39.20392993,0.145106573,3381,ssp245,bicarbonate,NP_STSS,NP,STSS,1721.069905,1719.677667,62.71237297,1563.768297,1842.386449,1.078526074
ssp245_bicarbonate_NP_STSS,10,1850s,-80.81255906,-80.9358887,7.924477604,-100.3509599,-43.5902276,0.136285,3381,ssp245,bicarbonate,NP_STSS,NP,STSS,1683.168774,1682.104388,49.09133303,1535.858457,1768.533095,0.844271715
ssp245_bicarbonate_NP_STSS,11,1850s,-79.98875709,-80.13369833,8.076451546,-98.14766865,-43.33745739,0.138898644,3381,ssp245,bicarbonate,NP_STSS,NP,STSS,1691.902633,1690.690785,52.24384999,1546.650631,1789.497977,0.898488636
ssp245_bicarbonate_NP_STSS,12,1850s,-78.86348134,-79.04174734,8.751534458,-98.78365107,-41.49325352,0.150508706,3381,ssp245,bicarbonate,NP_STSS,NP,STSS,1705.563781,1704.203587,57.39229722,1556.151353,1815.659747,0.987031523
ssp245_bicarbonate_NP_STSS,2,1850s,-75.12238783,-75.32989994,9.11080829,-103.6037715,-41.66967307,0.15668749,3381,ssp245,bicarbonate,NP_STSS,NP,STSS,1731.724723,1730.349746,65.20674635,1568.937244,1877.173247,1.121424255
ssp245_bicarbonate_NP_STSS,3,1850s,-74.68068767,-74.87162447,8.44834631,-101.6317926,-42.9547312,0.145294483,3381,ssp245,bicarbonate,NP_STSS,NP,STSS,1733.586454,1732.221687,64.3613402,1566.829619,1882.252478,1.106884978
ssp245_bicarbonate_NP_STSS,4,1850s,-77.48781691,-77.69723174,9.17321345,-102.4096233,-44.8860498,0.157760732,3381,ssp245,bicarbonate,NP_STSS,NP,STSS,1720.454331,1719.085539,58.26492958,1560.842167,1845.068775,1.002039036
ssp245_bicarbonate_NP_STSS,5,1850s,-79.62072309,-79.80800139,9.337507221,-101.0505637,-49.07511777,0.160586253,3381,ssp245,bicarbonate,NP_STSS,NP,STSS,1702.496275,1701.313659,52.18839385,1557.972461,1816.685505,0.897534902
ssp245_bicarbonate_NP_STSS,6,1850s,-81.3777103,-81.53935702,8.421810991,-101.7935498,-51.42415964,0.144838129,3381,ssp245,bicarbonate,NP_STSS,NP,STSS,1694.215975,1693.174177,51.22613362,1555.018553,1789.928109,0.880985971
ssp245_bicarbonate_NP_STSS,7,1850s,-81.85306144,-81.98158723,7.615864126,-99.76850201,-47.39738151,0.130977471,3381,ssp245,bicarbonate,NP_STSS,NP,STSS,1688.584235,1687.574216,50.69111192,1541.020973,1780.303627,0.871784679
ssp245_bicarbonate_NP_STSS,8,1850s,-81.75524964,-81.86239595,7.730318056,-99.52703448,-44.12087542,0.132945848,3381,ssp245,bicarbonate,NP_STSS,NP,STSS,1683.506532,1682.502197,49.09825097,1524.200706,1766.908638,0.84439069
ssp245_bicarbonate_NP_STSS,9,1850s,-81.10972262,-81.21409999,7.642696329,-99.29981001,-42.84213555,0.131438931,3381,ssp245,bicarbonate,NP_STSS,NP,STSS,1681.161788,1680.154257,48.61574254,1523.897724,1764.100507,0.83609252
ssp245_bicarbonate_NP_STSS,1,2090s,106.5571451,107.0456483,19.67963578,57.81580467,149.7949307,0.338449963,3381,ssp245,bicarbonate,NP_STSS,NP,STSS,1903.73957,1903.034229,67.7963093,1742.674139,2044.361283,1.165959504
ssp245_bicarbonate_NP_STSS,10,2090s,105.8861422,106.2883637,17.45216307,58.72891842,145.2291338,0.300141934,3381,ssp245,bicarbonate,NP_STSS,NP,STSS,1869.867475,1869.328641,49.92233183,1694.923427,1980.729885,0.858563215
ssp245_bicarbonate_NP_STSS,11,2090s,106.1505794,106.5975325,18.82348139,58.34907764,145.9295795,0.323725838,3381,ssp245,bicarbonate,NP_STSS,NP,STSS,1878.04197,1877.422016,54.96997003,1720.124644,1997.622532,0.945372391
ssp245_bicarbonate_NP_STSS,12,2090s,105.7242871,106.2007699,19.31756738,57.85513676,148.1830537,0.332223118,3381,ssp245,bicarbonate,NP_STSS,NP,STSS,1890.151549,1889.446105,61.36917504,1732.188534,2021.672848,1.055425784
ssp245_bicarbonate_NP_STSS,2,2090s,105.3566726,105.8638961,18.96838588,56.74057974,153.2450576,0.326217902,3381,ssp245,bicarbonate,NP_STSS,NP,STSS,1912.203784,1911.543542,70.82560569,1749.814042,2055.285469,1.21805728
ssp245_bicarbonate_NP_STSS,3,2090s,105.0717668,105.5978448,19.09015062,56.04825429,154.4047596,0.32831201,3381,ssp245,bicarbonate,NP_STSS,NP,STSS,1913.338909,1912.691156,69.99510314,1751.364588,2058.35799,1.203774315
ssp245_bicarbonate_NP_STSS,4,2090s,106.8514659,107.402453,20.44796493,53.09378942,153.9646795,0.351663672,3381,ssp245,bicarbonate,NP_STSS,NP,STSS,1904.793613,1904.185224,65.73585541,1750.039167,2039.734393,1.130523862
ssp245_bicarbonate_NP_STSS,5,2090s,110.6569815,111.1837362,20.59893265,51.44258183,155.2024997,0.354260011,3381,ssp245,bicarbonate,NP_STSS,NP,STSS,1892.773979,1892.305397,61.11641143,1738.602079,2018.230781,1.051078761
ssp245_bicarbonate_NP_STSS,6,2090s,111.6080387,112.0435912,18.76742858,60.42196565,155.0116833,0.322761843,3381,ssp245,bicarbonate,NP_STSS,NP,STSS,1887.201724,1886.757125,57.48332268,1721.071476,1998.798775,0.988596977
ssp245_bicarbonate_NP_STSS,7,2090s,109.589758,109.9590655,17.00697592,62.1337078,155.6141295,0.292485615,3381,ssp245,bicarbonate,NP_STSS,NP,STSS,1880.027054,1879.514869,53.08841857,1699.272411,1991.101795,0.913013508
ssp245_bicarbonate_NP_STSS,8,2090s,106.6236651,106.9837416,16.14238586,61.44123901,151.2031635,0.277616413,3381,ssp245,bicarbonate,NP_STSS,NP,STSS,1871.885446,1871.348334,49.24155169,1679.137302,1983.304618,0.846855173
ssp245_bicarbonate_NP_STSS,9,2090s,105.3637014,105.7416995,16.49387125,59.94885583,149.9156572,0.283661252,3381,ssp245,bicarbonate,NP_STSS,NP,STSS,1867.635212,1867.110056,48.11218162,1672.820542,1979.537242,0.82743229
ssp245_bicarbonate_Pac_EQU_E,1,1850s,-59.07847908,-59.07431609,8.567654133,-85.08422349,-14.89516061,0.110405714,6022,ssp245,bicarbonate,Pac_EQU_E,Pac,EQU,1699.811502,1699.858038,62.225578,1482.011749,1809.660421,0.801860026
ssp245_bicarbonate_Pac_EQU_E,10,1850s,-59.37236187,-59.36695177,8.212656636,-86.54216984,-23.29077016,0.105831095,6022,ssp245,bicarbonate,Pac_EQU_E,Pac,EQU,1705.490087,1705.552419,81.37823718,1307.950696,1876.315556,1.048667726
ssp245_bicarbonate_Pac_EQU_E,11,1850s,-59.22169321,-59.21510579,8.326509667,-93.27072868,-23.88977944,0.107298244,6022,ssp245,bicarbonate,Pac_EQU_E,Pac,EQU,1699.026027,1699.085078,79.4366624,1316.0557,1862.444838,1.023647931
ssp245_bicarbonate_Pac_EQU_E,12,1850s,-58.77531091,-58.77036607,8.115293479,-98.74112351,-3.060535771,0.10457644,6022,ssp245,bicarbonate,Pac_EQU_E,Pac,EQU,1697.221446,1697.272946,73.7242931,1410.388043,1845.674876,0.950036392
ssp245_bicarbonate_Pac_EQU_E,2,1850s,-58.39743922,-58.39351713,10.22560457,-85.55674534,25.30109363,0.131770629,6022,ssp245,bicarbonate,Pac_EQU_E,Pac,EQU,1707.726035,1707.777863,56.1141522,1520.905541,1883.315186,0.723106108
ssp245_bicarbonate_Pac_EQU_E,3,1850s,-58.32815196,-58.3250098,9.692995823,-88.81508684,-10.31837622,0.124907251,6022,ssp245,bicarbonate,Pac_EQU_E,Pac,EQU,1710.502085,1710.554193,53.19554394,1546.061714,1888.907034,0.685495927
ssp245_bicarbonate_Pac_EQU_E,4,1850s,-58.84222674,-58.83934021,8.828772461,-87.69109322,-23.92753717,0.113770574,6022,ssp245,bicarbonate,Pac_EQU_E,Pac,EQU,1707.792921,1707.838506,51.36281907,1543.023987,1897.277568,0.661878809
ssp245_bicarbonate_Pac_EQU_E,5,1850s,-59.46698868,-59.46064295,8.667538288,-91.77965077,-16.19422393,0.111692855,6022,ssp245,bicarbonate,Pac_EQU_E,Pac,EQU,1709.29941,1709.359184,53.33673098,1505.249323,1828.44902,0.687315311
ssp245_bicarbonate_Pac_EQU_E,6,1850s,-60.89257931,-60.88931662,7.647234573,-93.90853223,-30.64587543,0.098544874,6022,ssp245,bicarbonate,Pac_EQU_E,Pac,EQU,1711.207559,1711.272744,61.29717439,1419.051885,1854.016719,0.7898963
ssp245_bicarbonate_Pac_EQU_E,7,1850s,-61.38656894,-61.38373573,7.285417989,-92.68653654,-39.02514424,0.093882382,6022,ssp245,bicarbonate,Pac_EQU_E,Pac,EQU,1712.150183,1712.213429,68.20275345,1362.053707,1860.977621,0.878883948
ssp245_bicarbonate_Pac_EQU_E,8,1850s,-60.93262186,-60.92868926,7.665078165,-84.8204565,-25.44011121,0.098774812,6022,ssp245,bicarbonate,Pac_EQU_E,Pac,EQU,1713.536247,1713.602489,75.20848119,1376.047054,1869.925751,0.969162146
ssp245_bicarbonate_Pac_EQU_E,9,1850s,-60.54796154,-60.54334226,7.879053518,-89.01778449,-27.30755447,0.101532172,6022,ssp245,bicarbonate,Pac_EQU_E,Pac,EQU,1711.529829,1711.597111,80.10574312,1383.113557,1873.225247,1.032269934
ssp245_bicarbonate_Pac_EQU_E,1,2090s,101.5878561,101.5672162,18.99965301,62.77836845,157.3714742,0.24483601,6022,ssp245,bicarbonate,Pac_EQU_E,Pac,EQU,1860.477837,1860.49957,57.69181006,1631.239997,1961.29381,0.743436346
ssp245_bicarbonate_Pac_EQU_E,10,2090s,104.5213565,104.51674,19.82734101,54.37568165,180.5313032,0.25550188,6022,ssp245,bicarbonate,Pac_EQU_E,Pac,EQU,1869.383805,1869.43611,73.95378174,1518.061945,2007.611941,0.95299366
ssp245_bicarbonate_Pac_EQU_E,11,2090s,103.5070333,103.5000185,20.4806997,56.11266142,178.2507055,0.263921283,6022,ssp245,bicarbonate,Pac_EQU_E,Pac,EQU,1861.754753,1861.800202,72.78747263,1537.966189,2007.315433,0.937964203
ssp245_bicarbonate_Pac_EQU_E,12,2090s,102.1755282,102.1627253,20.64507297,51.68104671,164.6290064,0.266039453,6022,ssp245,bicarbonate,Pac_EQU_E,Pac,EQU,1858.172285,1858.206037,69.42518554,1620.226482,1991.389406,0.894636625
ssp245_bicarbonate_Pac_EQU_E,2,2090s,103.1732207,103.1550623,18.01972563,58.22488587,153.486927,0.232208332,6022,ssp245,bicarbonate,Pac_EQU_E,Pac,EQU,1869.296695,1869.326442,50.85923763,1663.330739,1970.961251,0.655389487
ssp245_bicarbonate_Pac_EQU_E,3,2090s,103.6618617,103.6455636,17.9518782,42.00854126,148.8178565,0.231334027,6022,ssp245,bicarbonate,Pac_EQU_E,Pac,EQU,1872.492099,1872.524766,48.12168549,1679.078987,1978.603693,0.620112456
ssp245_bicarbonate_Pac_EQU_E,4,2090s,103.612156,103.5948974,19.0980333,34.77876458,155.1650276,0.246103772,6022,ssp245,bicarbonate,Pac_EQU_E,Pac,EQU,1870.247304,1870.272743,47.15671408,1669.2024,1993.251312,0.607677505
ssp245_bicarbonate_Pac_EQU_E,5,2090s,102.9428935,102.9230449,20.34749883,47.02347294,151.6338741,0.262204811,6022,ssp245,bicarbonate,Pac_EQU_E,Pac,EQU,1871.709292,1871.742872,47.60518854,1634.926627,1981.968052,0.6134567
ssp245_bicarbonate_Pac_EQU_E,6,2090s,102.9759515,102.9615725,20.60633928,39.97511577,153.1471037,0.265540318,6022,ssp245,bicarbonate,Pac_EQU_E,Pac,EQU,1875.076089,1875.123634,57.06621341,1538.436869,2005.1027,0.735374694
ssp245_bicarbonate_Pac_EQU_E,7,2090s,102.126685,102.1153433,20.70028035,35.94824728,155.9656791,0.266750874,6022,ssp245,bicarbonate,Pac_EQU_E,Pac,EQU,1875.663437,1875.712508,65.60482925,1503.061559,2011.583092,0.84540621
ssp245_bicarbonate_Pac_EQU_E,8,2090s,102.8272378,102.8168247,20.48630158,32.93107846,158.7638685,0.263993471,6022,ssp245,bicarbonate,Pac_EQU_E,Pac,EQU,1877.296106,1877.348003,71.13803033,1561.895905,2015.77136,0.916708927
ssp245_bicarbonate_Pac_EQU_E,9,2090s,103.9737711,103.9662052,20.23168954,38.98485748,162.2839162,0.260712453,6022,ssp245,bicarbonate,Pac_EQU_E,Pac,EQU,1876.051561,1876.106658,73.78658215,1572.547858,2012.727427,0.950839069
ssp245_bicarbonate_Pac_EQU_W,1,1850s,-64.51397581,-64.48823311,9.436447044,-104.3724157,-26.0017039,0.142861729,4363,ssp245,bicarbonate,Pac_EQU_W,Pac,EQU,1634.319812,1634.462258,40.84650259,1518.650447,1738.05552,0.618389733
ssp245_bicarbonate_Pac_EQU_W,10,1850s,-66.14837895,-66.12762968,9.135270129,-108.7308131,-31.00122586,0.138302104,4363,ssp245,bicarbonate,Pac_EQU_W,Pac,EQU,1631.520402,1631.632931,44.77176581,1514.253202,1742.666903,0.677815689
ssp245_bicarbonate_Pac_EQU_W,11,1850s,-66.55045666,-66.53208078,8.184058386,-105.7839937,-46.40450729,0.123901371,4363,ssp245,bicarbonate,Pac_EQU_W,Pac,EQU,1629.792548,1629.904769,42.74805198,1534.280323,1740.22081,0.647177965
ssp245_bicarbonate_Pac_EQU_W,12,1850s,-65.83238277,-65.80780038,8.769053578,-108.4816251,-38.99569474,0.132757821,4363,ssp245,bicarbonate,Pac_EQU_W,Pac,EQU,1631.50382,1631.627963,40.7495909,1518.33119,1738.237287,0.616922552
ssp245_bicarbonate_Pac_EQU_W,2,1850s,-64.79540434,-64.76649432,9.563635669,-102.060315,-23.710592,0.144787282,4363,ssp245,bicarbonate,Pac_EQU_W,Pac,EQU,1635.774566,1635.944672,43.65157111,1518.362351,1743.26728,0.660856663
ssp245_bicarbonate_Pac_EQU_W,3,1850s,-65.32515766,-65.29709465,9.150828992,-103.2350698,-38.92580214,0.138537655,4363,ssp245,bicarbonate,Pac_EQU_W,Pac,EQU,1634.81362,1635.000956,46.06681292,1511.462941,1746.698355,0.697421868
ssp245_bicarbonate_Pac_EQU_W,4,1850s,-66.17595925,-66.1487706,9.27799447,-104.8528442,-37.87302763,0.140462859,4363,ssp245,bicarbonate,Pac_EQU_W,Pac,EQU,1631.027456,1631.210908,45.77721681,1483.953702,1742.197926,0.693037569
ssp245_bicarbonate_Pac_EQU_W,5,1850s,-66.78176377,-66.75648977,9.030247684,-102.3804181,-42.2587788,0.136712132,4363,ssp245,bicarbonate,Pac_EQU_W,Pac,EQU,1626.716143,1626.870798,41.94413415,1469.749806,1734.630416,0.635007167
ssp245_bicarbonate_Pac_EQU_W,6,1850s,-66.88722908,-66.86091852,9.38053717,-101.8883016,-40.50769783,0.142015289,4363,ssp245,bicarbonate,Pac_EQU_W,Pac,EQU,1625.367519,1625.492294,39.13717319,1477.215148,1726.617175,0.592511587
ssp245_bicarbonate_Pac_EQU_W,7,1850s,-66.00382252,-65.97438601,10.10377858,-102.6822337,-33.04593524,0.152964698,4363,ssp245,bicarbonate,Pac_EQU_W,Pac,EQU,1627.123592,1627.229581,39.66012305,1492.306295,1728.116866,0.600428711
ssp245_bicarbonate_Pac_EQU_W,8,1850s,-65.51315253,-65.48404514,10.02572416,-103.5671771,-38.51447098,0.151783004,4363,ssp245,bicarbonate,Pac_EQU_W,Pac,EQU,1629.724798,1629.8242,41.97185098,1499.04422,1735.294969,0.635426782
ssp245_bicarbonate_Pac_EQU_W,9,1850s,-65.40700972,-65.38119703,9.62069095,-114.0638099,-30.60541813,0.145651063,4363,ssp245,bicarbonate,Pac_EQU_W,Pac,EQU,1632.160011,1632.266144,44.32747093,1492.20516,1741.326208,0.671089351
ssp245_bicarbonate_Pac_EQU_W,1,2090s,107.4007455,107.3566755,24.84627457,59.67509395,172.7391956,0.376156589,4363,ssp245,bicarbonate,Pac_EQU_W,Pac,EQU,1806.234533,1806.307167,40.38490043,1668.165553,1891.408974,0.611401373
ssp245_bicarbonate_Pac_EQU_W,10,2090s,106.4151379,106.3580419,29.2952106,40.72396289,171.741446,0.443510614,4363,ssp245,bicarbonate,Pac_EQU_W,Pac,EQU,1804.083919,1804.118603,43.90681151,1672.786825,1904.690943,0.664720838
ssp245_bicarbonate_Pac_EQU_W,11,2090s,107.0387983,106.9907022,27.61764983,48.99690816,163.5983065,0.418113425,4363,ssp245,bicarbonate,Pac_EQU_W,Pac,EQU,1803.381803,1803.427552,42.9755146,1682.112973,1899.432909,0.650621603
ssp245_bicarbonate_Pac_EQU_W,12,2090s,107.0745187,107.0330282,25.65853106,61.19863012,165.113665,0.388453629,4363,ssp245,bicarbonate,Pac_EQU_W,Pac,EQU,1804.410721,1804.468792,41.57859823,1678.319343,1899.746359,0.629473189
ssp245_bicarbonate_Pac_EQU_W,2,2090s,106.5712844,106.5246773,24.75648815,54.45961704,181.9124957,0.37479728,4363,ssp245,bicarbonate,Pac_EQU_W,Pac,EQU,1807.141255,1807.235844,41.42558069,1671.899442,1900.742314,0.627156602
ssp245_bicarbonate_Pac_EQU_W,3,2090s,105.7528585,105.6994951,24.60775513,53.73330666,187.3156664,0.372545558,4363,ssp245,bicarbonate,Pac_EQU_W,Pac,EQU,1805.891636,1805.997546,42.67723956,1678.889349,1903.269396,0.646105911
ssp245_bicarbonate_Pac_EQU_W,4,2090s,105.2954083,105.2360154,24.70425638,48.66298555,183.196763,0.374006525,4363,ssp245,bicarbonate,Pac_EQU_W,Pac,EQU,1802.498823,1802.595694,42.76327921,1682.396914,1902.160932,0.647408496
ssp245_bicarbonate_Pac_EQU_W,5,2090s,105.1472755,105.0820603,24.81530714,53.88746038,186.1187594,0.375687762,4363,ssp245,bicarbonate,Pac_EQU_W,Pac,EQU,1798.645182,1798.709348,40.19984117,1668.197116,1898.960813,0.608599695
ssp245_bicarbonate_Pac_EQU_W,6,2090s,105.100119,105.0297093,26.06640192,41.08128195,182.9834866,0.394628531,4363,ssp245,bicarbonate,Pac_EQU_W,Pac,EQU,1797.354867,1797.382922,38.7965841,1651.674545,1901.233944,0.587355287
ssp245_bicarbonate_Pac_EQU_W,7,2090s,104.8402455,104.7682746,27.10553748,35.39753278,176.8439233,0.410360374,4363,ssp245,bicarbonate,Pac_EQU_W,Pac,EQU,1797.96766,1797.972241,39.40218821,1670.801436,1895.981743,0.596523743
ssp245_bicarbonate_Pac_EQU_W,8,2090s,104.9041118,104.8337564,28.75409743,32.87158451,169.3513391,0.435318509,4363,ssp245,bicarbonate,Pac_EQU_W,Pac,EQU,1800.142062,1800.142001,41.53163745,1675.873119,1892.728188,0.628762233
ssp245_bicarbonate_Pac_EQU_W,9,2090s,105.5169695,105.4515562,30.55920528,33.29520608,169.2941968,0.462646679,4363,ssp245,bicarbonate,Pac_EQU_W,Pac,EQU,1803.08399,1803.098897,43.33528458,1662.410934,1900.706007,0.656068289
ssp245_bicarbonate_SA_STPS,1,1850s,-83.32032251,-83.40534117,8.179233638,-110.6310538,-17.95678896,0.092688857,7787,ssp245,bicarbonate,SA_STPS,SA,STPS,1735.777259,1735.040555,42.28836218,1573.292261,1880.809608,0.47922093
ssp245_bicarbonate_SA_STPS,10,1850s,-81.32026987,-81.44429906,8.794130428,-102.5324804,-26.05309217,0.099657001,7787,ssp245,bicarbonate,SA_STPS,SA,STPS,1743.740394,1742.678217,50.21693828,1585.94347,1872.327942,0.569069282
ssp245_bicarbonate_SA_STPS,11,1850s,-82.67178113,-82.76861126,8.7953819,-101.4632096,-30.36401253,0.099671183,7787,ssp245,bicarbonate,SA_STPS,SA,STPS,1740.133278,1739.27077,46.91134043,1598.328046,1898.12573,0.531609527
ssp245_bicarbonate_SA_STPS,12,1850s,-84.08639528,-84.16179263,8.530232471,-104.2532348,-30.40462712,0.096666452,7787,ssp245,bicarbonate,SA_STPS,SA,STPS,1738.035559,1737.28646,43.93717866,1593.546576,1898.727184,0.497905678
ssp245_bicarbonate_SA_STPS,2,1850s,-83.62021721,-83.68629175,8.104601446,-109.3553029,-13.43447186,0.091843109,7787,ssp245,bicarbonate,SA_STPS,SA,STPS,1732.728371,1731.981155,42.56476617,1536.345321,1873.848863,0.482353201
ssp245_bicarbonate_SA_STPS,3,1850s,-83.25609677,-83.31341797,8.301725083,-132.3659032,-18.86187333,0.094076957,7787,ssp245,bicarbonate,SA_STPS,SA,STPS,1730.025755,1729.227192,44.63253534,1447.112833,1875.088202,0.505785611
ssp245_bicarbonate_SA_STPS,4,1850s,-82.94545429,-83.00523938,8.139524914,-117.7764396,-16.39153355,0.092238869,7787,ssp245,bicarbonate,SA_STPS,SA,STPS,1728.597225,1727.700778,46.85576977,1522.617843,1866.594481,0.530979788
ssp245_bicarbonate_SA_STPS,5,1850s,-82.56401237,-82.63798119,8.188516016,-124.1123892,-17.55346001,0.092794047,7787,ssp245,bicarbonate,SA_STPS,SA,STPS,1729.969302,1728.969718,49.23799881,1547.309645,1858.634563,0.557975726
ssp245_bicarbonate_SA_STPS,6,1850s,-82.16802535,-82.25632494,7.906111894,-100.9697064,-25.82941535,0.089593782,7787,ssp245,bicarbonate,SA_STPS,SA,STPS,1734.047381,1732.94542,52.0446546,1491.776149,1853.71334,0.589781361
ssp245_bicarbonate_SA_STPS,7,1850s,-81.39907557,-81.50204763,7.671917561,-100.3027485,-31.33059373,0.086939841,7787,ssp245,bicarbonate,SA_STPS,SA,STPS,1739.70182,1738.502298,54.64640836,1531.561915,1870.804045,0.619265001
ssp245_bicarbonate_SA_STPS,8,1850s,-80.90613518,-81.03641923,8.00758429,-99.36648728,-31.46414662,0.090743689,7787,ssp245,bicarbonate,SA_STPS,SA,STPS,1744.741946,1743.478818,55.52892017,1563.118011,1881.871289,0.629265817
ssp245_bicarbonate_SA_STPS,9,1850s,-80.84755046,-80.98292546,8.415278293,-102.8996252,-31.72285544,0.095363766,7787,ssp245,bicarbonate,SA_STPS,SA,STPS,1746.618301,1745.378349,53.98277292,1570.445605,1882.955364,0.61174454
ssp245_bicarbonate_SA_STPS,1,2090s,137.8696372,138.1807073,12.95636777,68.24686703,171.2252392,0.146824381,7787,ssp245,bicarbonate,SA_STPS,SA,STPS,1956.967218,1956.626604,46.12413889,1783.797655,2040.184851,0.522688787
ssp245_bicarbonate_SA_STPS,10,2090s,136.2519052,136.6244018,16.24920744,81.72008159,174.319051,0.184139558,7787,ssp245,bicarbonate,SA_STPS,SA,STPS,1961.312569,1960.746917,53.7042216,1798.23045,2070.363543,0.608587936
ssp245_bicarbonate_SA_STPS,11,2090s,137.0013103,137.3440584,15.55525278,77.67049166,172.3016325,0.176275512,7787,ssp245,bicarbonate,SA_STPS,SA,STPS,1959.806369,1959.38344,51.59675008,1787.51636,2058.578218,0.584705609
ssp245_bicarbonate_SA_STPS,12,2090s,137.1660235,137.4990464,14.10843717,74.31690912,169.8472393,0.159879883,7787,ssp245,bicarbonate,SA_STPS,SA,STPS,1959.287977,1958.947299,48.67733282,1781.814586,2052.163199,0.551622137
ssp245_bicarbonate_SA_STPS,2,2090s,137.3101191,137.6305171,12.39619277,64.88417943,186.0142905,0.140476356,7787,ssp245,bicarbonate,SA_STPS,SA,STPS,1953.658707,1953.297964,45.25730283,1788.05475,2032.687196,0.512865612
ssp245_bicarbonate_SA_STPS,3,2090s,136.9906087,137.3319452,12.54312473,66.91793098,193.469308,0.142141421,7787,ssp245,bicarbonate,SA_STPS,SA,STPS,1950.272461,1949.872556,46.23399891,1723.909312,2031.051554,0.523933745
ssp245_bicarbonate_SA_STPS,4,2090s,136.4979791,136.8424818,12.80389737,73.68399488,178.0274293,0.145096554,7787,ssp245,bicarbonate,SA_STPS,SA,STPS,1948.040658,1947.548499,48.23767399,1784.743957,2032.678274,0.546639828
ssp245_bicarbonate_SA_STPS,5,2090s,136.4536654,136.8190879,13.60039597,82.77509773,170.6284986,0.154122649,7787,ssp245,bicarbonate,SA_STPS,SA,STPS,1948.98698,1948.426788,50.65901423,1745.144537,2039.57073,0.574078982
ssp245_bicarbonate_SA_STPS,6,2090s,136.3161579,136.6864305,14.32596969,89.80980144,171.3662305,0.162345009,7787,ssp245,bicarbonate,SA_STPS,SA,STPS,1952.531565,1951.888176,53.45962056,1705.09725,2059.093232,0.605816063
ssp245_bicarbonate_SA_STPS,7,2090s,136.3584339,136.7390039,15.30269371,93.06224465,171.7106162,0.173413458,7787,ssp245,bicarbonate,SA_STPS,SA,STPS,1957.45933,1956.74335,55.81555733,1735.612702,2082.804892,0.632514052
ssp245_bicarbonate_SA_STPS,8,2090s,136.0710125,136.460785,16.1762046,89.06175146,174.168591,0.183312274,7787,ssp245,bicarbonate,SA_STPS,SA,STPS,1961.719094,1960.976022,56.75335966,1768.872648,2089.599258,0.643141432
ssp245_bicarbonate_SA_STPS,9,2090s,135.7625586,136.1598857,16.64616904,85.30156065,175.5791789,0.188638013,7787,ssp245,bicarbonate,SA_STPS,SA,STPS,1963.22841,1962.52116,55.81398049,1782.409128,2083.291596,0.632496183
ssp245_bicarbonate_SO_SPSS,1,1850s,-54.11681798,-54.11148045,7.464304503,-87.35246368,-12.44268089,0.050835251,21560,ssp245,bicarbonate,SO_SPSS,SO,SPSS,1888.975763,1887.673323,44.59898313,1439.717201,1999.507973,0.303739014
ssp245_bicarbonate_SO_SPSS,10,1850s,-48.98597877,-49.33558236,6.660581677,-76.38235342,6.986707979,0.045361539,21560,ssp245,bicarbonate,SO_SPSS,SO,SPSS,1911.469693,1909.5772,53.89368547,1452.930933,2069.259981,0.367040092
ssp245_bicarbonate_SO_SPSS,11,1850s,-50.37468485,-50.69404408,6.808561035,-76.06223512,6.807862581,0.046369345,21560,ssp245,bicarbonate,SO_SPSS,SO,SPSS,1906.198689,1904.297539,51.1674455,1446.509315,2041.166008,0.348473179
ssp245_bicarbonate_SO_SPSS,12,1850s,-52.95942037,-53.04832528,6.796883968,-85.2045351,-10.76167311,0.046289818,21560,ssp245,bicarbonate,SO_SPSS,SO,SPSS,1895.69163,1894.215513,46.65118047,1440.514554,2011.508023,0.317715395
ssp245_bicarbonate_SO_SPSS,2,1850s,-54.1070271,-54.16505644,7.177662251,-87.95724511,-12.433901,0.048883089,21560,ssp245,bicarbonate,SO_SPSS,SO,SPSS,1888.193414,1886.695761,44.36331364,1438.175957,1996.168684,0.302133999
ssp245_bicarbonate_SO_SPSS,3,1850s,-53.38309845,-53.51120628,6.892807809,-81.98267651,-10.842184,0.046943103,21560,ssp245,bicarbonate,SO_SPSS,SO,SPSS,1891.184572,1889.44722,46.35556412,1439.469194,2005.447249,0.315702116
ssp245_bicarbonate_SO_SPSS,4,1850s,-52.2874371,-52.51081889,6.636737877,-77.10165397,-8.153158698,0.045199152,21560,ssp245,bicarbonate,SO_SPSS,SO,SPSS,1895.68219,1893.747189,49.40135716,1444.13506,2017.452178,0.336445328
ssp245_bicarbonate_SO_SPSS,5,1850s,-51.29122902,-51.5850172,6.609722592,-77.11071792,-8.874262829,0.045015166,21560,ssp245,bicarbonate,SO_SPSS,SO,SPSS,1900.557558,1898.54155,51.84267238,1448.995594,2028.014567,0.353071776
ssp245_bicarbonate_SO_SPSS,6,1850s,-50.49806628,-50.82518431,6.628469925,-76.97203529,-5.744171014,0.045142844,21560,ssp245,bicarbonate,SO_SPSS,SO,SPSS,1904.845793,1902.809163,53.53156621,1453.540127,2047.615833,0.364573898
ssp245_bicarbonate_SO_SPSS,7,1850s,-49.81338746,-50.14311188,6.499519953,-75.97429072,-1.900866738,0.044264637,21560,ssp245,bicarbonate,SO_SPSS,SO,SPSS,1908.316991,1906.329661,54.86465393,1457.255754,2062.98702,0.373652821
ssp245_bicarbonate_SO_SPSS,8,1850s,-49.02472433,-49.36884737,6.453431412,-74.09088306,1.26688907,0.043950753,21560,ssp245,bicarbonate,SO_SPSS,SO,SPSS,1911.411146,1909.468302,55.33208928,1457.156482,2072.449571,0.376836265
ssp245_bicarbonate_SO_SPSS,9,1850s,-48.664904,-49.02062723,6.658208849,-75.19074941,4.853807109,0.045345379,21560,ssp245,bicarbonate,SO_SPSS,SO,SPSS,1912.813861,1910.897284,55.01647106,1456.601191,2078.232921,0.374686764
ssp245_bicarbonate_SO_SPSS,1,2090s,74.27868449,74.42035756,12.46932924,29.71792845,145.4944443,0.084921707,21560,ssp245,bicarbonate,SO_SPSS,SO,SPSS,2017.371265,2016.205161,52.34590309,1560.676177,2137.77674,0.356499002
ssp245_bicarbonate_SO_SPSS,10,2090s,71.24425002,71.61787989,10.91171237,36.30856861,127.2964338,0.074313639,21560,ssp245,bicarbonate,SO_SPSS,SO,SPSS,2031.699922,2030.530663,57.61793442,1570.271373,2154.063291,0.392403892
ssp245_bicarbonate_SO_SPSS,11,2090s,71.6489379,71.98059314,10.94608116,33.650525,123.6433185,0.074547706,21560,ssp245,bicarbonate,SO_SPSS,SO,SPSS,2028.222312,2026.972176,55.97166922,1566.794114,2151.568402,0.38119209
ssp245_bicarbonate_SO_SPSS,12,2090s,72.91913838,73.12705218,11.95187176,30.50990579,127.3522853,0.08139759,21560,ssp245,bicarbonate,SO_SPSS,SO,SPSS,2021.570189,2020.39089,53.70738714,1562.933349,2143.942275,0.365771317
ssp245_bicarbonate_SO_SPSS,2,2090s,74.17725942,74.33934751,12.80208049,33.96249218,150.1972439,0.087187891,21560,ssp245,bicarbonate,SO_SPSS,SO,SPSS,2016.4777,2015.200165,52.24275218,1561.547039,2134.858561,0.355796498
ssp245_bicarbonate_SO_SPSS,3,2090s,73.57918273,73.81552405,12.36067314,38.38925046,134.4522242,0.08418171,21560,ssp245,bicarbonate,SO_SPSS,SO,SPSS,2018.146854,2016.77395,53.52680936,1563.564107,2137.16451,0.364541502
ssp245_bicarbonate_SO_SPSS,4,2090s,72.95951838,73.26319944,11.73271417,40.21678266,120.2790292,0.079905029,21560,ssp245,bicarbonate,SO_SPSS,SO,SPSS,2020.929145,2019.521207,55.33863862,1564.540845,2142.543347,0.376880869
ssp245_bicarbonate_SO_SPSS,5,2090s,72.3943324,72.74233914,11.24600658,39.25713287,118.0387334,0.076590333,21560,ssp245,bicarbonate,SO_SPSS,SO,SPSS,2024.243119,2022.868906,56.72556016,1564.170511,2146.126257,0.386326425
ssp245_bicarbonate_SO_SPSS,6,2090s,72.02344917,72.40503498,10.99276741,38.85510309,122.6515787,0.074865661,21560,ssp245,bicarbonate,SO_SPSS,SO,SPSS,2027.367308,2026.039382,57.86933365,1566.461273,2148.951254,0.394116034
ssp245_bicarbonate_SO_SPSS,7,2090s,71.66498584,72.06980214,10.8206034,38.60713248,127.1996882,0.073693147,21560,ssp245,bicarbonate,SO_SPSS,SO,SPSS,2029.795365,2028.542575,58.81603458,1570.024557,2153.492456,0.40056349
ssp245_bicarbonate_SO_SPSS,8,2090s,71.4694814,71.87333409,10.67448154,37.76548128,127.0849537,0.072697991,21560,ssp245,bicarbonate,SO_SPSS,SO,SPSS,2031.905351,2030.710484,59.04398513,1573.891427,2159.270575,0.402115935
ssp245_bicarbonate_SO_SPSS,9,2090s,71.27122462,71.65920696,10.68722387,38.04707749,126.2674446,0.072784772,21560,ssp245,bicarbonate,SO_SPSS,SO,SPSS,2032.74999,2031.577119,58.62171277,1573.611297,2160.566375,0.399240072
ssp245_bicarbonate_SO_STSS,1,1850s,-64.33581289,-64.6935731,11.07196562,-135.7407287,-22.56503023,0.087867209,15878,ssp245,bicarbonate,SO_STSS,SO,STSS,1796.782573,1794.697993,55.48357335,1597.218087,2004.211212,0.440318086
ssp245_bicarbonate_SO_STSS,10,1850s,-63.60958565,-63.95985181,9.124601927,-110.0107373,-15.9701834,0.072412915,15878,ssp245,bicarbonate,SO_STSS,SO,STSS,1828.149229,1826.25723,57.76718441,1509.739647,2022.037841,0.458440842
ssp245_bicarbonate_SO_STSS,11,1850s,-64.31086755,-64.6453384,9.868823346,-104.0587639,-19.77043786,0.078319062,15878,ssp245,bicarbonate,SO_STSS,SO,STSS,1815.413543,1813.435295,56.08424197,1583.144619,1988.056235,0.445084997
ssp245_bicarbonate_SO_STSS,12,1850s,-64.00732824,-64.37656429,11.07717981,-114.1417761,-20.87487151,0.087908588,15878,ssp245,bicarbonate,SO_STSS,SO,STSS,1804.342512,1802.313641,55.4232108,1597.102538,1991.924579,0.439839049
ssp245_bicarbonate_SO_STSS,2,1850s,-65.48200788,-65.86563918,11.09077941,-125.2037864,-17.75756446,0.088016515,15878,ssp245,bicarbonate,SO_STSS,SO,STSS,1793.436707,1791.249598,56.06721806,1595.060348,2008.615451,0.444949895
ssp245_bicarbonate_SO_STSS,3,1850s,-65.95576798,-66.34767171,10.61939068,-117.6693702,-19.34625441,0.08427557,15878,ssp245,bicarbonate,SO_STSS,SO,STSS,1794.520971,1792.23491,57.18005849,1512.932739,2000.124219,0.453781406
ssp245_bicarbonate_SO_STSS,4,1850s,-66.00382308,-66.38792205,10.02693844,-129.4136158,-20.92519304,0.079573864,15878,ssp245,bicarbonate,SO_STSS,SO,STSS,1800.604838,1798.271897,58.65384096,1350.538917,1980.052459,0.465477356
ssp245_bicarbonate_SO_STSS,5,1850s,-65.92871233,-66.31628096,9.606911266,-106.3034822,-22.08442822,0.076240525,15878,ssp245,bicarbonate,SO_STSS,SO,STSS,1809.602325,1807.341834,59.73893976,1424.262172,1955.728231,0.474088708
ssp245_bicarbonate_SO_STSS,6,1850s,-65.23039085,-65.60236452,8.977143218,-104.3533621,1.405696306,0.071242681,15878,ssp245,bicarbonate,SO_STSS,SO,STSS,1819.190214,1817.098869,60.66018879,1497.12248,2023.734896,0.481399748
ssp245_bicarbonate_SO_STSS,7,1850s,-64.03830483,-64.39508915,8.596403879,-103.4628636,-7.665141175,0.068221131,15878,ssp245,bicarbonate,SO_STSS,SO,STSS,1827.706841,1825.795827,61.38469782,1469.908702,2037.21121,0.487149458
ssp245_bicarbonate_SO_STSS,8,1850s,-63.33934723,-63.69648314,8.767465052,-111.6159392,29.7929232,0.069578673,15878,ssp245,bicarbonate,SO_STSS,SO,STSS,1833.582891,1831.780738,60.63748953,1492.127034,2043.897164,0.481219607
ssp245_bicarbonate_SO_STSS,9,1850s,-63.31176676,-63.66642254,8.76263258,-108.814039,-14.11012911,0.069540323,15878,ssp245,bicarbonate,SO_STSS,SO,STSS,1834.464673,1832.684997,59.33500349,1490.363582,2044.210569,0.470883067
ssp245_bicarbonate_SO_STSS,1,2090s,105.6166119,106.4787121,21.77010429,56.57264072,176.5306612,0.172767724,15878,ssp245,bicarbonate,SO_STSS,SO,STSS,1966.734997,1965.870278,52.17223259,1795.128202,2099.320155,0.414039259
ssp245_bicarbonate_SO_STSS,10,2090s,101.8517006,102.6753524,20.08125166,57.20018644,170.1948181,0.159364975,15878,ssp245,bicarbonate,SO_STSS,SO,STSS,1993.610516,1992.892435,57.6928201,1784.635193,2096.506437,0.457850686
ssp245_bicarbonate_SO_STSS,11,2090s,102.9024028,103.7199851,20.40771448,51.06667771,189.9201188,0.161955787,15878,ssp245,bicarbonate,SO_STSS,SO,STSS,1982.626813,1981.800619,54.71568133,1802.099337,2092.78251,0.434224089
ssp245_bicarbonate_SO_STSS,12,2090s,104.2648364,105.0848136,21.3141503,55.51946405,172.3723031,0.169149269,15878,ssp245,bicarbonate,SO_STSS,SO,STSS,1972.614677,1971.775019,52.79105635,1797.127058,2095.655099,0.41895025
ssp245_bicarbonate_SO_STSS,2,2090s,105.5174867,106.3804756,21.55404711,53.54794682,178.422036,0.171053092,15878,ssp245,bicarbonate,SO_STSS,SO,STSS,1964.436202,1963.495713,52.46017377,1723.234071,2097.101232,0.416324363
ssp245_bicarbonate_SO_STSS,3,2090s,105.2384482,106.0845561,21.21387824,-2.702428443,178.3681727,0.168353509,15878,ssp245,bicarbonate,SO_STSS,SO,STSS,1965.715187,1964.667138,53.68281361,1562.084869,2096.685497,0.426027242
ssp245_bicarbonate_SO_STSS,4,2090s,104.4393043,105.2870721,20.69275539,57.74350106,171.3854615,0.164217874,15878,ssp245,bicarbonate,SO_STSS,SO,STSS,1971.047966,1969.946891,55.83808375,1475.224777,2087.044482,0.443131484
ssp245_bicarbonate_SO_STSS,5,2090s,103.6256917,104.4700761,20.4077947,47.37756469,212.7758308,0.161956424,15878,ssp245,bicarbonate,SO_STSS,SO,STSS,1979.156729,1978.128191,58.16882919,1535.978919,2092.767089,0.461628298
ssp245_bicarbonate_SO_STSS,6,2090s,102.9367588,103.7722871,20.29371333,50.0967978,242.8055267,0.161051073,15878,ssp245,bicarbonate,SO_STSS,SO,STSS,1987.357364,1986.473521,60.24080436,1623.51115,2094.542471,0.47807151
ssp245_bicarbonate_SO_STSS,7,2090s,102.3851145,103.2049802,19.9967797,47.47342542,178.9990618,0.158694605,15878,ssp245,bicarbonate,SO_STSS,SO,STSS,1994.130261,1993.395897,61.56546853,1663.507244,2099.409157,0.488584056
ssp245_bicarbonate_SO_STSS,8,2090s,101.5460004,102.3421999,19.54075811,43.6131664,173.5707288,0.155075614,15878,ssp245,bicarbonate,SO_STSS,SO,STSS,1998.468239,1997.819421,61.34073094,1635.90484,2104.858193,0.486800536
ssp245_bicarbonate_SO_STSS,9,2090s,101.3150959,102.104906,19.55142144,41.03450881,171.1969512,0.155160238,15878,ssp245,bicarbonate,SO_STSS,SO,STSS,1999.091535,1998.456325,60.17508887,1701.158661,2103.172264,0.477549991
ssp245_bicarbonate_SP_STPS,1,1850s,-76.34937438,-76.5021825,12.78446386,-115.0628175,-20.06529619,0.082607731,23951,ssp245,bicarbonate,SP_STPS,SP,STPS,1726.113858,1722.292977,69.68548627,1529.085555,1912.383766,0.450277773
ssp245_bicarbonate_SP_STPS,10,1850s,-75.91043324,-76.15742801,12.56456431,-110.5782257,-6.632263224,0.081186834,23951,ssp245,bicarbonate,SP_STPS,SP,STPS,1735.867742,1731.578666,74.00410809,1541.099298,1954.739948,0.478182858
ssp245_bicarbonate_SP_STPS,11,1850s,-76.75718534,-76.95243606,12.93883737,-112.5027091,-10.7758894,0.083605227,23951,ssp245,bicarbonate,SP_STPS,SP,STPS,1732.951225,1728.904868,71.69847823,1542.831452,1934.441969,0.463284865
ssp245_bicarbonate_SP_STPS,12,1850s,-77.34334923,-77.52254711,13.15840599,-119.1249389,-16.24447538,0.085023985,23951,ssp245,bicarbonate,SP_STPS,SP,STPS,1729.646057,1725.771621,70.19456166,1538.08793,1915.971036,0.4535672
ssp245_bicarbonate_SP_STPS,2,1850s,-76.26476408,-76.41096252,12.56991674,-116.8660915,-21.64140395,0.08122142,23951,ssp245,bicarbonate,SP_STPS,SP,STPS,1722.46322,1718.542509,70.13536939,1521.206996,1912.026161,0.453184725
ssp245_bicarbonate_SP_STPS,3,1850s,-76.12967361,-76.26392791,12.42490115,-113.7339666,-22.24240126,0.080284391,23951,ssp245,bicarbonate,SP_STPS,SP,STPS,1719.690479,1715.594221,71.17140709,1505.301381,1911.781298,0.459879157
ssp245_bicarbonate_SP_STPS,4,1850s,-75.99409852,-76.12991987,12.59126361,-115.0699568,-19.52334381,0.081359354,23951,ssp245,bicarbonate,SP_STPS,SP,STPS,1719.106272,1714.799907,72.54702388,1496.444697,1915.10355,0.468767804
ssp245_bicarbonate_SP_STPS,5,1850s,-75.88347909,-76.02829567,12.36807077,-114.4204008,-20.67081157,0.079917177,23951,ssp245,bicarbonate,SP_STPS,SP,STPS,1721.323862,1716.848842,73.44094475,1515.882551,1920.781346,0.474543938
ssp245_bicarbonate_SP_STPS,6,1850s,-75.83993648,-76.01333024,12.12288761,-107.9658866,-19.84619469,0.078332909,23951,ssp245,bicarbonate,SP_STPS,SP,STPS,1725.823325,1721.251695,74.34610871,1523.997017,1931.627221,0.48039272
ssp245_bicarbonate_SP_STPS,7,1850s,-75.64581488,-75.87494213,11.8877067,-107.7949836,-12.2268921,0.07681327,23951,ssp245,bicarbonate,SP_STPS,SP,STPS,1731.313417,1726.696874,75.3986013,1529.254173,1944.495049,0.487193476
ssp245_bicarbonate_SP_STPS,8,1850s,-75.39397283,-75.66687094,11.89020705,-106.3398372,-6.307078635,0.076829427,23951,ssp245,bicarbonate,SP_STPS,SP,STPS,1735.867115,1731.256366,75.95644223,1533.826395,1961.30873,0.490798005
ssp245_bicarbonate_SP_STPS,9,1850s,-75.35164288,-75.64460993,12.14713947,-106.7573067,-3.053799035,0.078489614,23951,ssp245,bicarbonate,SP_STPS,SP,STPS,1737.547821,1733.031427,75.67831573,1537.688092,1969.428377,0.489000871
ssp245_bicarbonate_SP_STPS,1,2090s,125.0051725,125.9505962,22.08388013,62.27154721,177.8038767,0.142696577,23951,ssp245,bicarbonate,SP_STPS,SP,STPS,1927.468404,1924.745756,62.24297687,1716.309529,2054.914308,0.402187464
ssp245_bicarbonate_SP_STPS,10,2090s,123.262997,124.2924791,23.09638997,59.60948285,177.7428118,0.149238982,23951,ssp245,bicarbonate,SP_STPS,SP,STPS,1935.041172,1932.028574,65.55111368,1732.405392,2083.67781,0.423563228
ssp245_bicarbonate_SP_STPS,11,2090s,123.7198546,124.7092231,22.86518025,64.5215237,175.5838421,0.147745004,23951,ssp245,bicarbonate,SP_STPS,SP,STPS,1933.428265,1930.566527,63.9395238,1731.669559,2073.967608,0.413149824
ssp245_bicarbonate_SP_STPS,12,2090s,123.9574333,124.925219,22.43523805,65.29548993,174.3869628,0.144966902,23951,ssp245,bicarbonate,SP_STPS,SP,STPS,1930.946839,1928.219387,62.66415493,1723.696937,2061.833179,0.404908936
ssp245_bicarbonate_SP_STPS,2,2090s,124.4093961,125.3452658,21.94477134,57.19749836,182.5998756,0.141797716,23951,ssp245,bicarbonate,SP_STPS,SP,STPS,1923.13738,1920.298737,62.6363807,1707.149966,2051.585122,0.404729471
ssp245_bicarbonate_SP_STPS,3,2090s,123.9229746,124.8533962,22.26297635,48.78229889,185.6869664,0.14385382,23951,ssp245,bicarbonate,SP_STPS,SP,STPS,1919.743127,1916.711545,63.82091042,1694.911554,2052.381613,0.412383395
ssp245_bicarbonate_SP_STPS,4,2090s,123.4151437,124.3317023,22.45321338,40.39251815,179.8240169,0.14508305,23951,ssp245,bicarbonate,SP_STPS,SP,STPS,1918.515515,1915.26153,65.23359179,1679.564447,2060.537992,0.421511537
ssp245_bicarbonate_SP_STPS,5,2090s,123.1596873,124.0984176,22.75414157,47.79297308,179.6645216,0.14702752,23951,ssp245,bicarbonate,SP_STPS,SP,STPS,1920.367028,1916.975556,66.32782023,1697.468525,2068.474037,0.428581973
ssp245_bicarbonate_SP_STPS,6,2090s,122.8739516,123.8562644,22.94902162,44.85054087,177.8763376,0.148286751,23951,ssp245,bicarbonate,SP_STPS,SP,STPS,1924.537213,1921.121289,67.01754561,1703.573682,2076.49911,0.433038683
ssp245_bicarbonate_SP_STPS,7,2090s,122.7221953,123.7352036,23.06495078,36.0213552,176.4678286,0.149035836,23951,ssp245,bicarbonate,SP_STPS,SP,STPS,1929.681427,1926.307019,67.6138759,1711.379584,2084.610594,0.436891914
ssp245_bicarbonate_SP_STPS,8,2090s,122.5552469,123.5870978,23.09220759,33.04571395,175.6280789,0.149211957,23951,ssp245,bicarbonate,SP_STPS,SP,STPS,1933.816335,1930.510335,67.68182577,1718.424423,2089.93008,0.437330977
ssp245_bicarbonate_SP_STPS,9,2090s,122.7216335,123.7672875,23.19597778,49.44750547,177.0402786,0.149882476,23951,ssp245,bicarbonate,SP_STPS,SP,STPS,1935.621097,1932.443324,66.95599057,1726.062001,2088.61661,0.432640941
ssp245_carbonate_Atl_EQU,1,1850s,28.46752781,28.46682945,2.489600225,22.21310895,35.0797275,0.046151213,2910,ssp245,carbonate,Atl_EQU,Atl,EQU,268.3194815,268.3130739,16.30009309,203.056987,294.456651,0.302164605
ssp245_carbonate_Atl_EQU,10,1850s,28.05848651,28.05661456,3.101743186,14.46891118,37.37594192,0.057498874,2910,ssp245,carbonate,Atl_EQU,Atl,EQU,262.7569187,262.7473651,16.43981811,185.9079994,298.2978689,0.304754771
ssp245_carbonate_Atl_EQU,11,1850s,28.57240087,28.57155363,2.743795914,12.6079258,38.88066493,0.050863391,2910,ssp245,carbonate,Atl_EQU,Atl,EQU,265.6478131,265.6409785,17.17511592,182.9876307,297.4148001,0.318385428
ssp245_carbonate_Atl_EQU,12,1850s,29.03545666,29.03553905,2.63130449,22.06786909,40.15381814,0.04877807,2910,ssp245,carbonate,Atl_EQU,Atl,EQU,267.7406547,267.7358174,16.96979131,188.8310181,296.3479544,0.314579202
ssp245_carbonate_Atl_EQU,2,1850s,28.35357169,28.35324148,2.327264774,21.92056042,34.96079888,0.043141903,2910,ssp245,carbonate,Atl_EQU,Atl,EQU,269.0837977,269.0752763,15.940667,206.2561287,295.1732601,0.295501708
ssp245_carbonate_Atl_EQU,3,1850s,28.11096187,28.11038248,2.371232977,21.66526065,36.35457219,0.043956968,2910,ssp245,carbonate,Atl_EQU,Atl,EQU,270.2352063,270.2252342,15.87180646,212.0690978,296.7578086,0.294225198
ssp245_carbonate_Atl_EQU,4,1850s,28.09806361,28.097399,2.326473997,16.67828093,35.15833848,0.043127244,2910,ssp245,carbonate,Atl_EQU,Atl,EQU,271.2406607,271.2320639,15.37346185,224.0143513,297.3686112,0.284987086
ssp245_carbonate_Atl_EQU,5,1850s,28.43272134,28.43327651,2.418994549,12.9242572,36.46215509,0.044842353,2910,ssp245,carbonate,Atl_EQU,Atl,EQU,270.4408978,270.4357371,15.26739917,212.621274,297.1527335,0.283020938
ssp245_carbonate_Atl_EQU,6,1850s,28.523201,28.5245147,2.914194976,5.366548468,39.33877284,0.054022181,2910,ssp245,carbonate,Atl_EQU,Atl,EQU,266.9160966,266.9116437,15.81533972,207.6606581,297.0453181,0.293178441
ssp245_carbonate_Atl_EQU,7,1850s,28.11908968,28.11893787,2.98517173,14.95117547,36.62856426,0.055337919,2910,ssp245,carbonate,Atl_EQU,Atl,EQU,262.12819,262.1191184,16.26801607,221.0504562,299.3819162,0.301569974
ssp245_carbonate_Atl_EQU,8,1850s,27.7853728,27.78363048,3.108650052,12.03521853,37.85456608,0.057626911,2910,ssp245,carbonate,Atl_EQU,Atl,EQU,259.6241793,259.6118786,16.45554742,213.643349,300.6634292,0.305046355
ssp245_carbonate_Atl_EQU,9,1850s,27.79224364,27.78975832,3.064636148,9.190583439,41.51287919,0.056810999,2910,ssp245,carbonate,Atl_EQU,Atl,EQU,260.1119816,260.0998812,16.19009672,190.601682,300.1479506,0.300125536
ssp245_carbonate_Atl_EQU,1,2090s,-45.54264291,-45.54328694,3.406190751,-54.46491474,-37.8915718,0.063142601,2910,ssp245,carbonate,Atl_EQU,Atl,EQU,194.3093108,194.3029575,14.37300554,125.3319315,214.1912363,0.266441027
ssp245_carbonate_Atl_EQU,10,2090s,-44.80074388,-44.79901031,4.151950931,-55.31610469,-31.02241894,0.076967205,2910,ssp245,carbonate,Atl_EQU,Atl,EQU,189.8976883,189.8917402,13.74059737,108.5384875,217.3383183,0.254717697
ssp245_carbonate_Atl_EQU,11,2090s,-44.97244793,-44.9714847,3.901055505,-55.01490535,-30.3845204,0.072316206,2910,ssp245,carbonate,Atl_EQU,Atl,EQU,192.1029643,192.0979401,14.77650709,109.7306596,216.3873759,0.273920977
ssp245_carbonate_Atl_EQU,12,2090s,-45.01207109,-45.011446,3.606773814,-53.69906295,-33.00361636,0.06686093,2910,ssp245,carbonate,Atl_EQU,Atl,EQU,193.693127,193.6888324,14.95416334,118.1226065,214.6264473,0.277214298
ssp245_carbonate_Atl_EQU,2,2090s,-45.49150025,-45.49225236,3.348900359,-53.21514718,-37.77705435,0.062080575,2910,ssp245,carbonate,Atl_EQU,Atl,EQU,195.2387257,195.2297825,13.76845711,134.6837936,215.0425065,0.25523415
ssp245_carbonate_Atl_EQU,3,2090s,-45.12360618,-45.12389048,3.537661637,-54.32263472,-34.63772648,0.065579756,2910,ssp245,carbonate,Atl_EQU,Atl,EQU,197.0006383,196.9909613,13.24615616,139.8465174,216.376775,0.245551944
ssp245_carbonate_Atl_EQU,4,2090s,-45.18914236,-45.18937376,3.437111081,-54.10073679,-35.28922032,0.06371579,2910,ssp245,carbonate,Atl_EQU,Atl,EQU,197.9534547,197.9452912,12.90453396,148.6400131,217.3431163,0.239219088
ssp245_carbonate_Atl_EQU,5,2090s,-45.38188134,-45.3820627,3.276870795,-53.76952431,-29.89753063,0.06074532,2910,ssp245,carbonate,Atl_EQU,Atl,EQU,196.6262951,196.6203979,13.19151134,144.5893197,217.1254581,0.24453896
ssp245_carbonate_Atl_EQU,6,2090s,-45.13094015,-45.13020754,3.623347785,-55.98075127,-28.15952227,0.067168172,2910,ssp245,carbonate,Atl_EQU,Atl,EQU,193.2619555,193.2569214,13.77503723,150.8876975,217.0129139,0.255356129
ssp245_carbonate_Atl_EQU,7,2090s,-44.61688436,-44.61534281,4.065906314,-54.66806509,-33.49753405,0.075372145,2910,ssp245,carbonate,Atl_EQU,Atl,EQU,189.392216,189.3848377,13.53987925,150.9586792,216.7855982,0.250996865
ssp245_carbonate_Atl_EQU,8,2090s,-44.5206362,-44.51856525,4.258214701,-54.31963373,-33.11647894,0.078937081,2910,ssp245,carbonate,Atl_EQU,Atl,EQU,187.3181703,187.3096828,13.0464465,136.5240262,217.8648417,0.241849806
ssp245_carbonate_Atl_EQU,9,2090s,-44.47498128,-44.47263352,4.375987244,-54.54810842,-31.4240613,0.081120301,2910,ssp245,carbonate,Atl_EQU,Atl,EQU,187.8447567,187.8374893,12.92202041,120.221876,217.2018621,0.239543245
ssp245_carbonate_IND_STPS,1,1850s,31.41382064,31.34131915,3.393026554,21.36022562,40.38417589,0.027623952,15087,ssp245,carbonate,IND_STPS,IND,STPS,258.0691172,258.9679162,21.27363459,180.4664682,304.9961581,0.173196954
ssp245_carbonate_IND_STPS,10,1850s,31.52289488,31.48085879,3.354741916,22.26034709,44.44168695,0.027312262,15087,ssp245,carbonate,IND_STPS,IND,STPS,252.5548096,253.7041743,24.61128692,160.2554868,305.8486991,0.200370083
ssp245_carbonate_IND_STPS,11,1850s,31.79748486,31.74715466,3.489357321,19.10198809,45.25181899,0.028408219,15087,ssp245,carbonate,IND_STPS,IND,STPS,254.7696676,255.8842229,24.08468216,161.3832299,307.0306659,0.196082788
ssp245_carbonate_IND_STPS,12,1850s,31.88646133,31.81907074,3.500308581,18.32491806,40.1787524,0.028497377,15087,ssp245,carbonate,IND_STPS,IND,STPS,256.6602829,257.6791396,22.74353769,171.1717488,305.9628633,0.185164008
ssp245_carbonate_IND_STPS,2,1850s,31.4837187,31.41749452,3.343163683,20.54476893,39.5215246,0.027217999,15087,ssp245,carbonate,IND_STPS,IND,STPS,258.9613806,259.7772877,20.3282547,185.0696856,305.0010317,0.165500248
ssp245_carbonate_IND_STPS,3,1850s,31.45648568,31.39043114,3.298435006,21.74403523,39.19659187,0.026853845,15087,ssp245,carbonate,IND_STPS,IND,STPS,259.6016417,260.3890214,19.97077364,187.0833923,305.7604374,0.162589855
ssp245_carbonate_IND_STPS,4,1850s,31.35530277,31.28815137,3.352290235,21.8960305,39.15366098,0.027292302,15087,ssp245,carbonate,IND_STPS,IND,STPS,259.6098323,260.4410964,20.34140042,185.1599297,307.5268236,0.165607272
ssp245_carbonate_IND_STPS,5,1850s,31.21480967,31.15031067,3.367626731,21.52654757,40.43984266,0.027417162,15087,ssp245,carbonate,IND_STPS,IND,STPS,258.3808561,259.2951598,21.26154849,179.5649692,309.9368494,0.173098556
ssp245_carbonate_IND_STPS,6,1850s,31.11826218,31.05818669,3.393319115,20.09332751,40.14973548,0.027626334,15087,ssp245,carbonate,IND_STPS,IND,STPS,256.0194486,257.0242874,22.28619257,173.3067693,311.1319859,0.181440583
ssp245_carbonate_IND_STPS,7,1850s,31.10296176,31.05013513,3.35627018,21.07444677,43.63500995,0.027324704,15087,ssp245,carbonate,IND_STPS,IND,STPS,253.2196188,254.293086,23.17125154,167.9973174,307.8319462,0.188646194
ssp245_carbonate_IND_STPS,8,1850s,31.17405638,31.12804588,3.304384676,21.893288,41.99802935,0.026902284,15087,ssp245,carbonate,IND_STPS,IND,STPS,251.3033967,252.4325263,24.04122761,163.7602833,304.2727559,0.195729008
ssp245_carbonate_IND_STPS,9,1850s,31.29487272,31.25269181,3.338299637,20.87899409,42.80893102,0.027178399,15087,ssp245,carbonate,IND_STPS,IND,STPS,251.0812901,252.2329145,24.5990108,161.2059454,304.551648,0.200270138
ssp245_carbonate_IND_STPS,1,2090s,-50.69694528,-50.78390184,3.84813976,-61.4006527,-33.68387846,0.031329206,15087,ssp245,carbonate,IND_STPS,IND,STPS,175.9583513,176.8426952,18.21497127,118.7160241,224.2500642,0.148295183
ssp245_carbonate_IND_STPS,10,2090s,-50.82013584,-50.91569081,4.513291149,-82.84105611,-33.60619073,0.036744463,15087,ssp245,carbonate,IND_STPS,IND,STPS,170.2117789,171.3076247,21.44735713,99.58702889,225.3939677,0.174611297
ssp245_carbonate_IND_STPS,11,2090s,-50.8677506,-50.9635118,4.258886621,-69.9893857,-32.7297581,0.034673257,15087,ssp245,carbonate,IND_STPS,IND,STPS,172.1044321,173.1735564,20.95103947,102.5019188,226.6141573,0.170570581
ssp245_carbonate_IND_STPS,12,2090s,-50.6103291,-50.6995417,3.961918575,-60.692878,-32.6979974,0.032255524,15087,ssp245,carbonate,IND_STPS,IND,STPS,174.1634924,175.1605271,19.76407879,110.6219652,225.6485522,0.160907072
ssp245_carbonate_IND_STPS,2,2090s,-50.31826005,-50.41622624,3.798170829,-62.30220985,-32.91774161,0.03092239,15087,ssp245,carbonate,IND_STPS,IND,STPS,177.1594018,177.9435669,16.95580018,123.4409388,224.249126,0.138043781
ssp245_carbonate_IND_STPS,3,2090s,-50.1704261,-50.27192827,3.742216982,-62.43284538,-32.7974592,0.030466848,15087,ssp245,carbonate,IND_STPS,IND,STPS,177.9747299,178.726662,16.5082073,124.7222738,224.9463907,0.134399752
ssp245_carbonate_IND_STPS,4,2090s,-50.08514901,-50.18805944,3.739397272,-61.94413406,-32.86043108,0.030443891,15087,ssp245,carbonate,IND_STPS,IND,STPS,178.1693805,178.9648856,16.87295604,122.7253304,226.1596698,0.137369314
ssp245_carbonate_IND_STPS,5,2090s,-50.01520455,-50.11052939,3.77953236,-62.09123216,-33.10687403,0.030770647,15087,ssp245,carbonate,IND_STPS,IND,STPS,177.1508419,178.0343197,17.90927781,117.2739519,228.2027439,0.145806414
ssp245_carbonate_IND_STPS,6,2090s,-49.91002447,-49.99618323,3.968083313,-61.94815542,-33.1519607,0.032305713,15087,ssp245,carbonate,IND_STPS,IND,STPS,174.991162,175.9699174,19.15524258,111.2803461,230.3744509,0.155950299
ssp245_carbonate_IND_STPS,7,2090s,-49.9459316,-50.02682056,4.168626425,-59.40653009,-33.43462219,0.033938413,15087,ssp245,carbonate,IND_STPS,IND,STPS,172.1707254,173.2161303,20.07046079,106.0359755,228.2564122,0.163401447
ssp245_carbonate_IND_STPS,8,2090s,-50.09396623,-50.18954327,4.330617485,-60.90095123,-33.53774821,0.035257246,15087,ssp245,carbonate,IND_STPS,IND,STPS,170.0353741,171.1149371,20.74738646,102.0614425,224.7560782,0.168912563
ssp245_carbonate_IND_STPS,9,2090s,-50.49709427,-50.59426907,4.507137012,-76.16458974,-32.92296318,0.03669436,15087,ssp245,carbonate,IND_STPS,IND,STPS,169.2893232,170.3859536,21.30245116,99.83921339,224.0850959,0.173431561
ssp245_carbonate_NA_SPSS,1,1850s,22.59689171,22.65589366,4.359525494,0.800365436,58.41054295,0.049954631,7616,ssp245,carbonate,NA_SPSS,NA,SPSS,146.4500054,148.3420601,25.85611896,3.911436613,244.5397784,0.296278317
ssp245_carbonate_NA_SPSS,10,1850s,23.24216042,23.3134244,4.687465035,1.265720044,60.94537338,0.053712402,7616,ssp245,carbonate,NA_SPSS,NA,SPSS,158.3123661,161.1459109,32.28690374,5.842696759,279.3927945,0.369966952
ssp245_carbonate_NA_SPSS,11,1850s,23.20205932,23.34592784,4.506524731,0.979074767,58.57187604,0.051639056,7616,ssp245,carbonate,NA_SPSS,NA,SPSS,152.8143263,155.4823452,29.55976349,4.44904901,275.9736798,0.338717384
ssp245_carbonate_NA_SPSS,12,1850s,23.0985179,23.20641581,4.419744115,0.787711921,56.93346623,0.05064466,7616,ssp245,carbonate,NA_SPSS,NA,SPSS,148.9397579,151.2155439,27.3398731,3.998954241,265.8067405,0.313280257
ssp245_carbonate_NA_SPSS,2,1850s,22.374807,22.39033865,4.374241409,0.771000514,56.67451302,0.050123257,7616,ssp245,carbonate,NA_SPSS,NA,SPSS,145.0288464,146.6698098,25.00170856,3.847862145,228.5279183,0.286487858
ssp245_carbonate_NA_SPSS,3,1850s,22.23411557,22.23096102,4.376461905,0.870973626,54.31270223,0.050148701,7616,ssp245,carbonate,NA_SPSS,NA,SPSS,144.561145,146.1402851,24.81658193,4.304337077,224.6378883,0.284366542
ssp245_carbonate_NA_SPSS,4,1850s,22.31385539,22.34572868,4.368501289,1.235039512,55.12847764,0.050057482,7616,ssp245,carbonate,NA_SPSS,NA,SPSS,146.8169305,148.6752966,26.55838473,4.833485075,238.0458636,0.304325392
ssp245_carbonate_NA_SPSS,5,1850s,22.62664151,22.80266182,5.040278323,-2.989303104,55.27273944,0.057755195,7616,ssp245,carbonate,NA_SPSS,NA,SPSS,156.9818742,159.122977,33.64184752,4.695393404,265.5089805,0.385492888
ssp245_carbonate_NA_SPSS,6,1850s,22.44896484,22.6599211,5.610602284,-4.272205804,60.45386462,0.064290384,7616,ssp245,carbonate,NA_SPSS,NA,SPSS,166.2289117,168.1871243,39.53632813,5.50018566,282.7378519,0.453036157
ssp245_carbonate_NA_SPSS,7,1850s,22.86495968,22.96814464,5.701906162,-2.103629293,61.49614974,0.06533661,7616,ssp245,carbonate,NA_SPSS,NA,SPSS,168.2046623,170.1204625,38.61534537,7.159204645,290.1249015,0.442482863
ssp245_carbonate_NA_SPSS,8,1850s,22.92145749,22.94539207,5.582567116,1.568058495,64.21093595,0.063969136,7616,ssp245,carbonate,NA_SPSS,NA,SPSS,167.8956352,170.1412653,37.21653894,7.874797784,291.2518644,0.426454316
ssp245_carbonate_NA_SPSS,9,1850s,23.23272012,23.25356059,5.077677283,1.542500981,67.5608275,0.058183739,7616,ssp245,carbonate,NA_SPSS,NA,SPSS,164.2259238,166.8923308,35.02534132,7.196873748,288.1130063,0.401345972
ssp245_carbonate_NA_SPSS,1,2090s,-42.95672732,-43.75881621,15.5132119,-73.09224126,-0.781654987,0.177761725,7616,ssp245,carbonate,NA_SPSS,NA,SPSS,80.89638635,81.92735028,15.8586218,2.177831426,168.9923835,0.181719685
ssp245_carbonate_NA_SPSS,10,2090s,-45.99125153,-47.08323755,19.84456912,-96.59640908,-1.159648719,0.227393584,7616,ssp245,carbonate,NA_SPSS,NA,SPSS,89.07895414,90.74924898,17.91456285,3.305942706,195.2984334,0.20527816
ssp245_carbonate_NA_SPSS,11,2090s,-44.16372277,-45.17384561,17.62192632,-83.74060761,-0.80457044,0.201924917,7616,ssp245,carbonate,NA_SPSS,NA,SPSS,85.44854426,86.9625717,17.0544842,2.645995156,185.929084,0.19542275
ssp245_carbonate_NA_SPSS,12,2090s,-43.16509401,-44.0709326,16.20917361,-74.5996902,-0.750222207,0.185736564,7616,ssp245,carbonate,NA_SPSS,NA,SPSS,82.67614602,83.93819549,16.27775779,2.385351074,176.0167913,0.186522451
ssp245_carbonate_NA_SPSS,2,2090s,-42.90126405,-43.64514681,14.99148749,-74.029708,-0.803778756,0.171783426,7616,ssp245,carbonate,NA_SPSS,NA,SPSS,79.75277533,80.63432435,15.64148324,2.157421338,161.6838228,0.179231552
ssp245_carbonate_NA_SPSS,3,2090s,-43.07592289,-43.85596097,14.88399774,-75.49471838,-1.025500092,0.170551729,7616,ssp245,carbonate,NA_SPSS,NA,SPSS,79.25110654,80.05336309,15.59858841,2.227110962,155.808218,0.178740032
ssp245_carbonate_NA_SPSS,4,2090s,-44.21876595,-45.29282235,16.24516272,-77.57783321,-1.215920349,0.186148953,7616,ssp245,carbonate,NA_SPSS,NA,SPSS,80.28430913,81.03674556,16.14746993,2.210910383,153.2287811,0.185029518
ssp245_carbonate_NA_SPSS,5,2090s,-49.58768408,-51.09535389,21.95956559,-102.6475717,-1.243866163,0.25162876,7616,ssp245,carbonate,NA_SPSS,NA,SPSS,84.76754864,85.22496132,17.19761929,2.315895688,172.4243773,0.197062897
ssp245_carbonate_NA_SPSS,6,2090s,-54.93534154,-56.40516328,28.35051247,-118.2606381,-0.958035698,0.324860902,7616,ssp245,carbonate,NA_SPSS,NA,SPSS,88.84460535,89.12203995,17.81357605,2.87262144,180.948706,0.20412098
ssp245_carbonate_NA_SPSS,7,2090s,-54.28935556,-55.46890185,27.70955332,-120.6676724,0.341989038,0.317516324,7616,ssp245,carbonate,NA_SPSS,NA,SPSS,91.05034707,91.68341602,17.84864914,4.033595193,191.3664171,0.204522873
ssp245_carbonate_NA_SPSS,8,2090s,-52.18224434,-53.30085817,26.14821107,-119.0786426,-0.004085275,0.299625322,7616,ssp245,carbonate,NA_SPSS,NA,SPSS,92.79193339,93.89501502,18.0797756,4.481610692,200.4447971,0.207171289
ssp245_carbonate_NA_SPSS,9,2090s,-48.84383798,-49.99117439,22.9117119,-111.1729286,-1.628007758,0.262539148,7616,ssp245,carbonate,NA_SPSS,NA,SPSS,92.1493657,93.64759582,18.25318435,3.978435427,202.422881,0.209158333
ssp245_carbonate_NA_STPS,1,1850s,30.26706321,30.27897036,3.39458717,16.82776398,38.30939455,0.039126951,7527,ssp245,carbonate,NA_STPS,NA,STPS,270.3834587,271.1171329,23.76152713,181.9154312,312.7952561,0.273881937
ssp245_carbonate_NA_STPS,10,1850s,30.49893921,30.48098959,3.534897485,15.60451363,38.63315801,0.040744207,7527,ssp245,carbonate,NA_STPS,NA,STPS,278.9425828,279.3897848,23.45696772,189.7361937,318.2016939,0.270371501
ssp245_carbonate_NA_STPS,11,1850s,30.60135905,30.58984796,3.533419786,16.25758477,39.37769338,0.040727174,7527,ssp245,carbonate,NA_STPS,NA,STPS,277.0414136,277.5723893,23.51414431,187.4711632,317.1854049,0.271030534
ssp245_carbonate_NA_STPS,12,1850s,30.59224656,30.58937411,3.353495859,17.00228849,38.72052573,0.038653321,7527,ssp245,carbonate,NA_STPS,NA,STPS,273.8144763,274.4487749,23.41625667,184.8864989,314.8799355,0.269902254
ssp245_carbonate_NA_STPS,2,1850s,30.24257674,30.27506321,3.372633088,15.03567667,38.00055004,0.038873902,7527,ssp245,carbonate,NA_STPS,NA,STPS,268.3739501,269.180641,24.26067872,180.1603589,311.8700203,0.279635296
ssp245_carbonate_NA_STPS,3,1850s,30.22251106,30.25761922,3.429048061,17.1166051,37.66578281,0.039524157,7527,ssp245,carbonate,NA_STPS,NA,STPS,268.3507169,269.1809857,24.6658481,179.6520547,311.9773341,0.284305391
ssp245_carbonate_NA_STPS,4,1850s,30.43855119,30.45733259,3.28753437,17.59213272,38.36953934,0.037893031,7527,ssp245,carbonate,NA_STPS,NA,STPS,270.1773422,270.94586,24.4722904,180.3995508,312.7612572,0.282074391
ssp245_carbonate_NA_STPS,5,1850s,30.86532193,30.85620909,3.444587575,16.785969,39.50734717,0.03970327,7527,ssp245,carbonate,NA_STPS,NA,STPS,272.6852168,273.3514959,24.21645475,181.6485944,314.0470401,0.279125559
ssp245_carbonate_NA_STPS,6,1850s,30.95877333,30.93940728,3.511578119,16.16195036,39.74073405,0.040475421,7527,ssp245,carbonate,NA_STPS,NA,STPS,274.6625368,275.2560955,23.9766917,183.4379083,315.2303882,0.276361983
ssp245_carbonate_NA_STPS,7,1850s,30.87701629,30.85985588,3.559774752,15.86343726,38.97782315,0.041030949,7527,ssp245,carbonate,NA_STPS,NA,STPS,276.5505549,277.066337,23.64142751,185.9583605,316.3384726,0.272497636
ssp245_carbonate_NA_STPS,8,1850s,30.68887916,30.67686633,3.514196437,15.69627888,38.29502521,0.040505601,7527,ssp245,carbonate,NA_STPS,NA,STPS,278.2691006,278.7153224,23.42219688,188.9629575,317.3269616,0.269970723
ssp245_carbonate_NA_STPS,9,1850s,30.57067337,30.55678871,3.51375626,15.47067219,37.68895569,0.040500527,7527,ssp245,carbonate,NA_STPS,NA,STPS,279.3383261,279.7570545,23.35690825,190.7370884,318.2050081,0.269218188
ssp245_carbonate_NA_STPS,1,2090s,-47.63369159,-47.61028439,6.361901824,-68.19732758,-33.49406775,0.073329041,7527,ssp245,carbonate,NA_STPS,NA,STPS,192.4827039,193.2278782,19.94567464,116.1641157,223.742388,0.229899365
ssp245_carbonate_NA_STPS,10,2090s,-47.18159212,-47.10113516,7.642351262,-77.01307022,-32.1099696,0.088087855,7527,ssp245,carbonate,NA_STPS,NA,STPS,201.2620515,201.8076601,18.99627862,123.6494628,228.7300934,0.218956364
ssp245_carbonate_NA_STPS,11,2090s,-47.22047986,-47.15100582,7.310786352,-73.10970086,-32.45306084,0.084266147,7527,ssp245,carbonate,NA_STPS,NA,STPS,199.2195747,199.8315355,19.21418801,121.2186086,227.374191,0.221468048
ssp245_carbonate_NA_STPS,12,2090s,-47.32660282,-47.27874303,6.787731887,-70.15810334,-32.6609813,0.078237276,7527,ssp245,carbonate,NA_STPS,NA,STPS,195.8956269,196.5806577,19.54083439,118.3648335,225.4327067,0.225233065
ssp245_carbonate_NA_STPS,2,2090s,-48.01753503,-47.98358619,6.282469106,-66.53427225,-34.19386358,0.072413477,7527,ssp245,carbonate,NA_STPS,NA,STPS,190.1138383,190.9219916,20.58092409,114.3089696,222.6627683,0.237221426
ssp245_carbonate_NA_STPS,3,2090s,-48.32033689,-48.28313944,6.258534787,-68.48467691,-34.34697402,0.072137604,7527,ssp245,carbonate,NA_STPS,NA,STPS,189.8078689,190.640227,20.911137,113.3485244,222.0979412,0.241027552
ssp245_carbonate_NA_STPS,4,2090s,-48.82965202,-48.7646467,6.418745892,-71.16442828,-34.35525967,0.073984241,7527,ssp245,carbonate,NA_STPS,NA,STPS,190.9091389,191.7238807,21.08390264,112.6146993,222.573039,0.243018896
ssp245_carbonate_NA_STPS,5,2090s,-49.23439967,-49.13370079,6.937589878,-79.75101153,-34.57142464,0.079964581,7527,ssp245,carbonate,NA_STPS,NA,STPS,192.5854952,193.361586,21.16290893,112.91626,224.046849,0.243929545
ssp245_carbonate_NA_STPS,6,2090s,-48.94995642,-48.85117064,7.215987581,-81.88968926,-34.22801464,0.08317347,7527,ssp245,carbonate,NA_STPS,NA,STPS,194.753807,195.4655176,20.87490533,115.0577487,225.8604159,0.240609935
ssp245_carbonate_NA_STPS,7,2090s,-48.25230849,-48.17036775,7.296095255,-82.28176056,-33.7607066,0.084096813,7527,ssp245,carbonate,NA_STPS,NA,STPS,197.4212301,198.0361134,20.10351709,118.6081673,227.1920423,0.231718701
ssp245_carbonate_NA_STPS,8,2090s,-47.64043058,-47.56513145,7.465089668,-81.25096222,-32.71224655,0.086044689,7527,ssp245,carbonate,NA_STPS,NA,STPS,199.9397909,200.4733246,19.38876333,122.1738421,228.6350156,0.223480252
ssp245_carbonate_NA_STPS,9,2090s,-47.27126859,-47.19456705,7.706423749,-79.97037174,-31.95628536,0.088826373,7527,ssp245,carbonate,NA_STPS,NA,STPS,201.4963842,202.0056987,18.97121763,124.2046648,229.360196,0.218667504
ssp245_carbonate_NA_STSS,1,1850s,27.24242999,27.33201427,3.994883938,-1.965238157,41.74099625,0.071371359,3133,ssp245,carbonate,NA_STSS,NA,STSS,213.2908664,214.834757,29.65586366,119.8907829,287.1547319,0.529822477
ssp245_carbonate_NA_STSS,10,1850s,28.53160478,28.65335625,4.0473438,8.243804596,40.74899816,0.072308591,3133,ssp245,carbonate,NA_STSS,NA,STSS,236.174251,237.8201871,36.34887848,128.2754672,303.9571749,0.649397808
ssp245_carbonate_NA_STSS,11,1850s,28.6449848,28.74457123,4.005530196,12.41917426,43.83558247,0.071561562,3133,ssp245,carbonate,NA_STSS,NA,STSS,228.9701714,230.6283267,34.29785299,124.7017575,297.8914916,0.612754821
ssp245_carbonate_NA_STSS,12,1850s,28.20468151,28.29695708,3.923010004,6.530912966,42.48298633,0.070087282,3133,ssp245,carbonate,NA_STSS,NA,STSS,220.5741576,222.1890078,31.78678571,121.8763436,291.6976084,0.567892871
ssp245_carbonate_NA_STSS,2,1850s,26.69707084,26.77433626,3.906479227,0.528204989,37.88529561,0.069791948,3133,ssp245,carbonate,NA_STSS,NA,STSS,209.0438111,210.5427536,28.50616076,118.1633964,284.5833426,0.509282241
ssp245_carbonate_NA_STSS,3,1850s,26.0098374,26.07661862,3.968971592,3.355313092,36.27224137,0.070908417,3133,ssp245,carbonate,NA_STSS,NA,STSS,208.3591648,209.8398484,28.30217071,118.4961987,285.2001229,0.505637818
ssp245_carbonate_NA_STSS,4,1850s,26.61509644,26.68974126,4.029510727,3.838874412,39.72650737,0.071989991,3133,ssp245,carbonate,NA_STSS,NA,STSS,215.0594621,216.5116442,29.78719311,119.6681137,289.3872978,0.532168769
ssp245_carbonate_NA_STSS,5,1850s,27.49270108,27.59441112,4.61447954,4.549040927,41.76707498,0.082440863,3133,ssp245,carbonate,NA_STSS,NA,STSS,226.8826981,228.2967883,33.86039373,121.2898732,295.313478,0.60493931
ssp245_carbonate_NA_STSS,6,1850s,27.97950752,28.10806525,4.810404599,2.982846444,45.80559108,0.085941199,3133,ssp245,carbonate,NA_STSS,NA,STSS,233.0595801,234.4948598,35.56053132,125.6377756,299.8265583,0.635313441
ssp245_carbonate_NA_STSS,7,1850s,28.47353096,28.59437848,4.754278126,1.699136392,45.40875033,0.084938461,3133,ssp245,carbonate,NA_STSS,NA,STSS,236.2238353,237.7138057,36.33663695,129.7812549,303.3597103,0.649179104
ssp245_carbonate_NA_STSS,8,1850s,28.55718422,28.67313037,4.49490118,2.616190108,44.23123442,0.080304513,3133,ssp245,carbonate,NA_STSS,NA,STSS,238.8776918,240.4194836,36.95507041,131.9636046,306.3979651,0.660227845
ssp245_carbonate_NA_STSS,9,1850s,28.41921359,28.54992194,4.255953267,6.002545959,41.96126905,0.076035543,3133,ssp245,carbonate,NA_STSS,NA,STSS,239.4890781,241.0856008,37.1677662,131.2483363,307.1949001,0.664027802
ssp245_carbonate_NA_STSS,1,2090s,-50.03715956,-50.00262483,11.33865749,-77.31005439,-10.6656432,0.202572944,3133,ssp245,carbonate,NA_STSS,NA,STSS,136.0112768,137.5001179,26.75474053,75.81219397,204.2561563,0.47799191
ssp245_carbonate_NA_STSS,10,2090s,-54.77050033,-54.62515433,18.56160717,-98.73901521,-4.917964124,0.331615926,3133,ssp245,carbonate,NA_STSS,NA,STSS,152.8721459,154.5416765,31.10587503,87.54374976,221.0243583,0.555727932
ssp245_carbonate_NA_STSS,11,2090s,-52.84094655,-52.74935701,15.75681345,-89.19308747,-5.626054825,0.28150635,3133,ssp245,carbonate,NA_STSS,NA,STSS,147.4842401,149.1343985,30.10895639,83.31452155,216.2359309,0.537917292
ssp245_carbonate_NA_STSS,12,2090s,-51.36920417,-51.30932366,13.34073086,-81.62358271,-7.248111035,0.238341367,3133,ssp245,carbonate,NA_STSS,NA,STSS,141.0002719,142.5827271,28.43456414,78.86995721,209.8150524,0.508003118
ssp245_carbonate_NA_STSS,2,2090s,-49.43242629,-49.43997722,10.19060828,-73.49936761,-10.76384194,0.182062252,3133,ssp245,carbonate,NA_STSS,NA,STSS,132.9143139,134.3284401,25.46295918,73.9081999,201.0019819,0.454913344
ssp245_carbonate_NA_STSS,3,2090s,-49.98930308,-49.98579889,10.10244176,-73.58491403,-11.52291837,0.180487096,3133,ssp245,carbonate,NA_STSS,NA,STSS,132.3600243,133.7774309,25.48161535,72.97530319,201.3900168,0.45524665
ssp245_carbonate_NA_STSS,4,2090s,-53.07754288,-52.96009017,14.05653016,-87.3675804,-11.33874732,0.251129615,3133,ssp245,carbonate,NA_STSS,NA,STSS,135.3668227,136.8618128,27.19790233,73.54591746,205.70196,0.485909301
ssp245_carbonate_NA_STSS,5,2090s,-58.57663358,-58.29827887,20.59592238,-106.4061289,-6.719978947,0.367960372,3133,ssp245,carbonate,NA_STSS,NA,STSS,140.8133634,142.4040983,29.91922974,76.41475794,211.3191156,0.534527694
ssp245_carbonate_NA_STSS,6,2090s,-60.80101347,-60.47221565,21.56003346,-110.0458983,-10.89489084,0.385184882,3133,ssp245,carbonate,NA_STSS,NA,STSS,144.2790591,145.9145789,30.94807794,79.53393154,215.9606859,0.552908778
ssp245_carbonate_NA_STSS,7,2090s,-59.50385157,-59.20094719,21.64744325,-109.0439821,-6.842264957,0.386746518,3133,ssp245,carbonate,NA_STSS,NA,STSS,148.2464527,149.9184801,31.42736477,81.68528898,219.4426032,0.561471568
ssp245_carbonate_NA_STSS,8,2090s,-57.57628122,-57.31847385,21.81161422,-108.5540014,-4.635497302,0.389679546,3133,ssp245,carbonate,NA_STSS,NA,STSS,152.7442264,154.4278794,31.66909067,85.84014661,221.8880861,0.565790168
ssp245_carbonate_NA_STSS,9,2090s,-56.35251766,-56.14042598,20.95251047,-105.9751244,-4.512735462,0.374331064,3133,ssp245,carbonate,NA_STSS,NA,STSS,154.7173469,156.3952529,31.54653,88.34221707,222.8414854,0.563600537
ssp245_carbonate_NP_SPSS,1,1850s,23.47669036,23.71487634,4.250143753,7.057524129,37.43407945,0.048887764,7558,ssp245,carbonate,NP_SPSS,NP,SPSS,135.0584068,136.9643143,22.45110814,86.94267814,215.8227342,0.258246437
ssp245_carbonate_NP_SPSS,10,1850s,25.86855784,26.12353599,4.94981041,-4.617083259,41.56044527,0.05693576,7558,ssp245,carbonate,NP_SPSS,NP,SPSS,155.8722986,157.9514067,25.12764292,96.07460062,237.8192346,0.289033584
ssp245_carbonate_NP_SPSS,11,1850s,25.23891833,25.48796856,4.575032471,2.061619527,40.26455559,0.052624834,7558,ssp245,carbonate,NP_SPSS,NP,SPSS,146.9426388,148.9980221,24.03898749,95.36649972,227.9839517,0.2765112
ssp245_carbonate_NP_SPSS,12,1850s,24.45967454,24.70945039,4.412747354,6.19786848,41.80685415,0.050758131,7558,ssp245,carbonate,NP_SPSS,NP,SPSS,139.8571968,141.8269701,23.03767583,93.5046336,222.7209078,0.264993499
ssp245_carbonate_NP_SPSS,2,1850s,22.96942519,23.20972656,4.301632371,8.26955985,37.83036852,0.049480018,7558,ssp245,carbonate,NP_SPSS,NP,SPSS,132.4134289,134.2781664,22.21565377,83.82953176,207.8229788,0.255538096
ssp245_carbonate_NP_SPSS,3,1850s,22.98146943,23.24079818,4.477946833,6.721714186,35.70045983,0.051508095,7558,ssp245,carbonate,NP_SPSS,NP,SPSS,132.0419351,133.9045873,22.45722018,82.01084958,200.997246,0.258316741
ssp245_carbonate_NP_SPSS,4,1850s,23.1752855,23.43659729,4.599619768,1.814655638,36.05329451,0.052907652,7558,ssp245,carbonate,NP_SPSS,NP,SPSS,135.5864847,137.4525824,23.70181905,81.8579579,206.7603996,0.272632882
ssp245_carbonate_NP_SPSS,5,1850s,24.40013563,24.65351243,5.165120059,-2.180327946,38.18102705,0.059412384,7558,ssp245,carbonate,NP_SPSS,NP,SPSS,144.8683054,146.667331,25.58293924,88.94858608,229.6187012,0.294270682
ssp245_carbonate_NP_SPSS,6,1850s,25.55000949,25.79839127,5.178910952,-5.890050061,44.54402281,0.059571015,7558,ssp245,carbonate,NP_SPSS,NP,SPSS,155.2556271,156.8920348,26.63579698,92.02099762,238.9119817,0.306381298
ssp245_carbonate_NP_SPSS,7,1850s,25.93145534,26.18994633,5.169423006,-8.528228453,42.35112584,0.059461879,7558,ssp245,carbonate,NP_SPSS,NP,SPSS,161.9211685,163.5301346,25.73534206,96.6834246,243.4605651,0.296023713
ssp245_carbonate_NP_SPSS,8,1850s,26.16887344,26.43635563,5.149273647,-9.158996719,39.02992145,0.059230109,7558,ssp245,carbonate,NP_SPSS,NP,SPSS,165.2675266,167.0166964,25.48613417,97.95596826,248.1391349,0.293157171
ssp245_carbonate_NP_SPSS,9,1850s,25.97448039,26.24968258,5.046720363,-6.392830114,40.20686481,0.058050478,7558,ssp245,carbonate,NP_SPSS,NP,SPSS,163.3489832,165.3167904,25.75045305,97.23993809,247.3998122,0.296197529
ssp245_carbonate_NP_SPSS,1,2090s,-30.59456644,-31.08587064,6.36909438,-55.56183225,-16.35497089,0.073261236,7558,ssp245,carbonate,NP_SPSS,NP,SPSS,80.98715,82.1635673,14.05179233,47.3742489,145.9992888,0.161632347
ssp245_carbonate_NP_SPSS,10,2090s,-31.38840387,-31.80175441,7.488749813,-59.69418828,-11.30197922,0.0861402,7558,ssp245,carbonate,NP_SPSS,NP,SPSS,98.61533686,100.0261163,15.89720614,56.55660327,156.5067274,0.18285943
ssp245_carbonate_NP_SPSS,11,2090s,-30.90309511,-31.34178669,6.805639684,-57.41964684,-14.66094244,0.078282648,7558,ssp245,carbonate,NP_SPSS,NP,SPSS,90.80062537,92.16826686,15.45652818,53.6531224,154.3710496,0.177790482
ssp245_carbonate_NP_SPSS,12,2090s,-30.58945199,-31.04272858,6.401292182,-56.35111951,-15.51829671,0.073631595,7558,ssp245,carbonate,NP_SPSS,NP,SPSS,84.80807029,86.07479117,14.67475046,47.93436345,151.5303286,0.168797994
ssp245_carbonate_NP_SPSS,2,2090s,-30.27461369,-30.7748716,6.323089279,-56.06200179,-16.3005709,0.072732057,7558,ssp245,carbonate,NP_SPSS,NP,SPSS,79.16938998,80.29356821,13.74738933,42.62053365,140.8483693,0.158130917
ssp245_carbonate_NP_SPSS,3,2090s,-29.94747523,-30.44496962,6.361285344,-59.99268013,-15.5776966,0.073171412,7558,ssp245,carbonate,NP_SPSS,NP,SPSS,79.11299046,80.21881955,13.71600606,40.36112605,136.436898,0.157769927
ssp245_carbonate_NP_SPSS,4,2090s,-30.17035759,-30.66782407,6.813092882,-63.13677648,-13.55485057,0.078368379,7558,ssp245,carbonate,NP_SPSS,NP,SPSS,82.24084165,83.34816107,14.24617623,41.88345368,136.1008899,0.16386827
ssp245_carbonate_NP_SPSS,5,2090s,-29.92735522,-30.45241091,7.950016517,-64.92632446,-8.428321307,0.091445973,7558,ssp245,carbonate,NP_SPSS,NP,SPSS,90.54081455,91.56140765,15.29860341,48.60605612,141.9676743,0.175973934
ssp245_carbonate_NP_SPSS,6,2090s,-31.81038948,-32.28729702,8.858577158,-65.95066522,-8.837496864,0.101896796,7558,ssp245,carbonate,NP_SPSS,NP,SPSS,97.89522815,98.80634651,15.08196882,56.66756576,150.9708883,0.17348207
ssp245_carbonate_NP_SPSS,7,2090s,-33.2667653,-33.68795732,9.854618875,-63.17798729,-8.812123172,0.11335388,7558,ssp245,carbonate,NP_SPSS,NP,SPSS,102.7229479,103.652231,13.68310076,62.03719929,156.9805769,0.15739143
ssp245_carbonate_NP_SPSS,8,2090s,-32.87670024,-33.26598768,9.438367687,-60.51475464,-7.023332717,0.108565903,7558,ssp245,carbonate,NP_SPSS,NP,SPSS,106.2219529,107.3143531,14.35693535,61.04374923,163.2605857,0.165142289
ssp245_carbonate_NP_SPSS,9,2090s,-32.00538227,-32.41248888,8.698329809,-59.33333099,-8.589282871,0.100053533,7558,ssp245,carbonate,NP_SPSS,NP,SPSS,105.3691205,106.654619,15.36354563,59.28128642,162.1340815,0.176720939
ssp245_carbonate_NP_STPS,1,1850s,31.05716355,30.99728374,3.354532253,19.54388359,44.11653761,0.025339787,17525,ssp245,carbonate,NP_STPS,NP,STPS,246.4258074,247.3256406,24.74265672,153.6641272,277.6588322,0.186903449
ssp245_carbonate_NP_STPS,10,1850s,31.31957244,31.27164817,3.115201824,21.2420569,39.40582431,0.02353191,17525,ssp245,carbonate,NP_STPS,NP,STPS,253.7927857,254.5526803,23.54742919,162.0006697,284.7166089,0.177874825
ssp245_carbonate_NP_STPS,11,1850s,31.46791689,31.41998155,3.139539207,20.42559172,39.03344341,0.023715752,17525,ssp245,carbonate,NP_STPS,NP,STPS,252.2362902,253.0349704,23.78710531,159.313116,283.83252,0.179685314
ssp245_carbonate_NP_STPS,12,1850s,31.5361582,31.48712004,3.194401891,19.18875725,40.36443558,0.024130179,17525,ssp245,carbonate,NP_STPS,NP,STPS,249.4056731,250.252089,24.20561702,155.9806068,280.4381703,0.182846707
ssp245_carbonate_NP_STPS,2,1850s,31.09909255,31.02428988,3.689083918,15.33229051,46.40477821,0.027866955,17525,ssp245,carbonate,NP_STPS,NP,STPS,244.6770791,245.6272064,25.22919679,152.1957548,278.7784775,0.190578722
ssp245_carbonate_NP_STPS,3,1850s,31.17768014,31.09940811,3.754236556,14.03278464,43.46105487,0.028359112,17525,ssp245,carbonate,NP_STPS,NP,STPS,244.6138761,245.5837667,25.47351725,151.184974,278.900823,0.192424294
ssp245_carbonate_NP_STPS,4,1850s,31.22209306,31.13010844,3.918176457,16.31261129,43.76612202,0.029597496,17525,ssp245,carbonate,NP_STPS,NP,STPS,245.8734508,246.8265155,25.25476399,151.1904868,280.8342075,0.190771854
ssp245_carbonate_NP_STPS,5,1850s,31.2922197,31.19770006,3.857322156,16.94745058,43.66681013,0.029137809,17525,ssp245,carbonate,NP_STPS,NP,STPS,247.792243,248.7296094,25.13491109,155.6228197,282.0094125,0.189866498
ssp245_carbonate_NP_STPS,6,1850s,31.31820899,31.22685193,3.689345101,17.7028064,43.98275745,0.027868928,17525,ssp245,carbonate,NP_STPS,NP,STPS,249.8246257,250.735957,24.9666081,158.6130601,281.9140452,0.188595155
ssp245_carbonate_NP_STPS,7,1850s,31.27213355,31.19190622,3.472811954,19.39825484,41.4350796,0.026233259,17525,ssp245,carbonate,NP_STPS,NP,STPS,251.7554556,252.6103832,24.42661633,160.0112654,282.0188756,0.184516113
ssp245_carbonate_NP_STPS,8,1850s,31.24911587,31.18249255,3.336308283,20.4216278,41.26353299,0.025202125,17525,ssp245,carbonate,NP_STPS,NP,STPS,253.2581714,254.0557485,23.89034841,161.5913911,283.667735,0.180465201
ssp245_carbonate_NP_STPS,9,1850s,31.24364639,31.18918482,3.21044462,21.06474624,39.9112356,0.024251364,17525,ssp245,carbonate,NP_STPS,NP,STPS,254.043474,254.8020772,23.57619655,162.4497069,285.0141975,0.178092131
ssp245_carbonate_NP_STPS,1,2090s,-50.29061109,-50.41344792,5.418838333,-62.09977102,-31.07641102,0.04093334,17525,ssp245,carbonate,NP_STPS,NP,STPS,165.0780327,165.9149089,19.87104001,93.39676705,190.0789938,0.150103765
ssp245_carbonate_NP_STPS,10,2090s,-49.35379646,-49.50778199,5.764094361,-62.65508189,-28.91751922,0.043541368,17525,ssp245,carbonate,NP_STPS,NP,STPS,173.1194168,173.7732501,17.71082247,101.5850532,195.6231676,0.133785706
ssp245_carbonate_NP_STPS,11,2090s,-49.5753844,-49.71982336,5.519466557,-62.83226937,-29.98120583,0.041693475,17525,ssp245,carbonate,NP_STPS,NP,STPS,171.1929889,171.8951655,18.24557137,99.31833584,194.7948936,0.137825144
ssp245_carbonate_NP_STPS,12,2090s,-49.77793734,-49.91097178,5.416785681,-62.09502282,-30.6869865,0.040917834,17525,ssp245,carbonate,NP_STPS,NP,STPS,168.0915775,168.8539971,18.94541761,96.24224705,192.6675836,0.14311171
ssp245_carbonate_NP_STPS,2,2090s,-50.34443037,-50.45937947,5.391362747,-61.19941059,-30.60506994,0.040725792,17525,ssp245,carbonate,NP_STPS,NP,STPS,163.2335562,164.143537,20.72587068,91.41468351,189.5130524,0.156561066
ssp245_carbonate_NP_STPS,3,2090s,-50.49812739,-50.5944733,5.398115074,-62.6254494,-30.54751517,0.040776798,17525,ssp245,carbonate,NP_STPS,NP,STPS,162.9380686,163.8898852,21.20838588,90.09040501,189.4830918,0.160205936
ssp245_carbonate_NP_STPS,4,2090s,-50.666693,-50.76348776,5.482053357,-65.13451484,-31.56733782,0.04141086,17525,ssp245,carbonate,NP_STPS,NP,STPS,163.9846647,164.9329193,21.07922267,90.54343263,191.1351578,0.15923025
ssp245_carbonate_NP_STPS,5,2090s,-50.68926642,-50.78132412,5.419228492,-64.69019019,-33.07079286,0.040936287,17525,ssp245,carbonate,NP_STPS,NP,STPS,165.8107569,166.7505852,21.0207959,91.83656836,191.9458069,0.158788901
ssp245_carbonate_NP_STPS,6,2090s,-50.39760415,-50.49885946,5.515869715,-63.79266685,-32.4238661,0.041666305,17525,ssp245,carbonate,NP_STPS,NP,STPS,168.1088125,169.0102456,20.56465754,93.7953702,194.9343551,0.155343279
ssp245_carbonate_NP_STPS,7,2090s,-50.02696366,-50.14895642,5.676911497,-63.34792519,-31.48183829,0.042882798,17525,ssp245,carbonate,NP_STPS,NP,STPS,170.4563584,171.2695206,19.45404746,96.763185,196.0355629,0.146953846
ssp245_carbonate_NP_STPS,8,2090s,-49.6434507,-49.78756423,5.827449901,-62.99543387,-29.84648874,0.044019949,17525,ssp245,carbonate,NP_STPS,NP,STPS,172.3656048,173.0856918,18.3071104,99.77060345,195.7246642,0.138290003
ssp245_carbonate_NP_STPS,9,2090s,-49.33741225,-49.49283582,5.873348528,-63.01221916,-28.99761561,0.044366662,17525,ssp245,carbonate,NP_STPS,NP,STPS,173.4624154,174.1200566,17.68403128,101.4203801,195.7420796,0.133583329
ssp245_carbonate_NP_STSS,1,1850s,30.50834639,30.55830714,2.715464315,17.84424002,36.84428891,0.046700498,3381,ssp245,carbonate,NP_STSS,NP,STSS,205.3953613,206.3625201,25.38531492,141.4049292,260.3213957,0.436576113
ssp245_carbonate_NP_STSS,10,1850s,32.41647386,32.43108662,2.422207769,18.51575371,39.24265713,0.041657078,3381,ssp245,carbonate,NP_STSS,NP,STSS,226.3177942,227.1779854,27.18303499,152.7053805,275.2144622,0.467493265
ssp245_carbonate_NP_STSS,11,1850s,32.01661209,32.04410777,2.521841773,18.7993352,38.71961542,0.043370582,3381,ssp245,carbonate,NP_STSS,NP,STSS,220.5783233,221.5044606,26.88488963,147.8156087,271.7178339,0.462365768
ssp245_carbonate_NP_STSS,12,1850s,31.58021509,31.62167495,2.746200539,18.56075226,40.50359036,0.047229099,3381,ssp245,carbonate,NP_STSS,NP,STSS,212.9444347,213.9158708,26.42599676,143.7783521,266.2904943,0.454473738
ssp245_carbonate_NP_STSS,2,1850s,30.13911471,30.19262801,3.066916134,18.82743764,41.06419302,0.052744759,3381,ssp245,carbonate,NP_STSS,NP,STSS,200.3910712,201.3388471,24.42823534,140.8231613,259.6799119,0.420116279
ssp245_carbonate_NP_STSS,3,1850s,29.89437211,29.93786423,2.939744543,19.33832591,40.73529354,0.050557665,3381,ssp245,carbonate,NP_STSS,NP,STSS,199.4907484,200.429251,23.96137449,140.3816256,263.5136307,0.412087215
ssp245_carbonate_NP_STSS,4,1850s,31.13207788,31.18505138,3.103624688,20.55513244,40.42747104,0.053376072,3381,ssp245,carbonate,NP_STSS,NP,STSS,205.3586374,206.2966486,24.79947439,139.983743,269.0168613,0.42650084
ssp245_carbonate_NP_STSS,5,1850s,32.0624862,32.10703012,3.080271938,20.70718491,39.56161747,0.052974452,3381,ssp245,carbonate,NP_STSS,NP,STSS,213.5714408,214.4394346,26.27900773,143.5844551,272.9234821,0.451945823
ssp245_carbonate_NP_STSS,6,1850s,32.67086416,32.69792997,2.830224371,21.82628506,40.10611271,0.048674139,3381,ssp245,carbonate,NP_STSS,NP,STSS,218.1822177,218.9919724,26.32100652,149.7152231,273.522207,0.452668118
ssp245_carbonate_NP_STSS,7,1850s,32.92682095,32.9378034,2.44674761,22.59215558,38.68754721,0.042079114,3381,ssp245,carbonate,NP_STSS,NP,STSS,222.1116484,222.9115538,26.47937187,153.2121571,275.6115301,0.455391682
ssp245_carbonate_NP_STSS,8,1850s,32.76728494,32.77219681,2.353904119,19.71726582,38.40153088,0.040482394,3381,ssp245,carbonate,NP_STSS,NP,STSS,226.0698504,226.8674158,26.8921931,155.2558704,277.7236233,0.462491373
ssp245_carbonate_NP_STSS,9,1850s,32.54803457,32.55292081,2.36386635,17.83346466,38.57745084,0.040653724,3381,ssp245,carbonate,NP_STSS,NP,STSS,228.178807,228.9903291,27.24766735,155.0671962,278.2698875,0.468604811
ssp245_carbonate_NP_STSS,1,2090s,-46.34048616,-46.51477343,6.01481891,-58.99239331,-27.02443413,0.103442729,3381,ssp245,carbonate,NP_STSS,NP,STSS,128.5465288,129.2894395,18.95676073,86.04095261,177.358786,0.326017973
ssp245_carbonate_NP_STSS,10,2090s,-46.08887926,-46.24309275,7.085868676,-60.73448144,-25.62540467,0.121862621,3381,ssp245,carbonate,NP_STSS,NP,STSS,147.812441,148.5038061,19.81968539,96.55087375,192.276786,0.340858533
ssp245_carbonate_NP_STSS,11,2090s,-46.23929041,-46.4019366,6.631842641,-64.68621769,-27.03401089,0.114054291,3381,ssp245,carbonate,NP_STSS,NP,STSS,142.3224208,143.0584162,19.89365653,93.09882797,187.4426827,0.342130687
ssp245_carbonate_NP_STSS,12,2090s,-46.05216891,-46.22463149,6.224206988,-59.53665164,-27.16060141,0.107043781,3381,ssp245,carbonate,NP_STSS,NP,STSS,135.3120507,136.0695644,19.66364143,89.09289838,181.5851612,0.338174893
ssp245_carbonate_NP_STSS,2,2090s,-45.84945679,-46.02954103,5.696300634,-58.06982333,-26.16117665,0.097964859,3381,ssp245,carbonate,NP_STSS,NP,STSS,124.4024997,125.116678,18.22732408,84.24063513,174.8256472,0.313473137
ssp245_carbonate_NP_STSS,3,2090s,-45.80118225,-45.9906758,5.619836234,-58.26170869,-26.25819501,0.096649826,3381,ssp245,carbonate,NP_STSS,NP,STSS,123.7951941,124.500711,17.86845031,83.24085773,173.2761154,0.307301233
ssp245_carbonate_NP_STSS,4,2090s,-46.45582494,-46.65765303,6.261677545,-60.17549637,-27.09630317,0.107688199,3381,ssp245,carbonate,NP_STSS,NP,STSS,127.7707346,128.4539442,17.6713623,84.12752249,176.9149635,0.303911718
ssp245_carbonate_NP_STSS,5,2090s,-48.06328655,-48.2562272,6.57218749,-61.17968819,-27.64066035,0.113028343,3381,ssp245,carbonate,NP_STSS,NP,STSS,133.445668,134.0761773,18.46083542,88.70491773,181.3988465,0.31748906
ssp245_carbonate_NP_STSS,6,2090s,-48.43327485,-48.59167481,6.383594614,-60.6654466,-28.95987385,0.109784926,3381,ssp245,carbonate,NP_STSS,NP,STSS,137.0780787,137.7023677,19.03572821,90.81584018,183.5106121,0.327376054
ssp245_carbonate_NP_STSS,7,2090s,-47.75158656,-47.89909154,6.837957065,-59.90066791,-28.30723573,0.117599042,3381,ssp245,carbonate,NP_STSS,NP,STSS,141.4332409,142.0746589,19.24715971,93.17828266,184.6655696,0.331012249
ssp245_carbonate_NP_STSS,8,2090s,-46.49321499,-46.64997213,7.246229317,-59.36117795,-26.19133272,0.1246205,3381,ssp245,carbonate,NP_STSS,NP,STSS,146.8093505,147.4452468,19.39016857,95.62099364,190.8416811,0.333471712
ssp245_carbonate_NP_STSS,9,2090s,-45.91350544,-46.06920988,7.268241433,-59.45106639,-24.98396425,0.124999064,3381,ssp245,carbonate,NP_STSS,NP,STSS,149.717267,150.3681984,19.73627816,97.05172346,193.6991511,0.339424098
ssp245_carbonate_Pac_EQU_E,1,1850s,22.08363955,22.08016672,3.283069223,11.58931517,31.07396744,0.04230675,6022,ssp245,carbonate,Pac_EQU_E,Pac,EQU,237.9952831,237.9840514,13.98898175,185.6019919,281.7484808,0.180266791
ssp245_carbonate_Pac_EQU_E,10,1850s,22.68481866,22.68150985,3.328687678,9.596137661,32.07453675,0.042894605,6022,ssp245,carbonate,Pac_EQU_E,Pac,EQU,234.4267048,234.4183718,18.3807323,179.586115,276.9861062,0.236860387
ssp245_carbonate_Pac_EQU_E,11,1850s,22.46379558,22.46011897,3.512833314,8.309562212,32.41389527,0.045267568,6022,ssp245,carbonate,Pac_EQU_E,Pac,EQU,236.2385424,236.2295762,17.14282927,181.3161273,279.1881006,0.220908346
ssp245_carbonate_Pac_EQU_E,12,1850s,22.17498288,22.17120168,3.483405288,9.539521619,31.3921198,0.044888349,6022,ssp245,carbonate,Pac_EQU_E,Pac,EQU,237.4718883,237.4619065,15.53293008,194.6577186,281.1417195,0.200162636
ssp245_carbonate_Pac_EQU_E,2,1850s,21.69103866,21.68790634,3.728574431,-3.717053626,32.15695108,0.048047682,6022,ssp245,carbonate,Pac_EQU_E,Pac,EQU,236.8851485,236.8717757,14.48607739,166.1776356,281.9164486,0.186672535
ssp245_carbonate_Pac_EQU_E,3,1850s,21.82259815,21.82011082,3.520288727,6.728803308,32.40357844,0.045363641,6022,ssp245,carbonate,Pac_EQU_E,Pac,EQU,237.4875031,237.4744326,14.08406555,169.1983,281.084456,0.181492073
ssp245_carbonate_Pac_EQU_E,4,1850s,22.09318553,22.09124917,3.121919698,11.0823473,32.48292519,0.040230122,6022,ssp245,carbonate,Pac_EQU_E,Pac,EQU,239.7645137,239.7545898,12.39348969,173.0044277,281.3504278,0.159706736
ssp245_carbonate_Pac_EQU_E,5,1850s,22.48232567,22.48041302,2.911117751,10.37988347,31.3495419,0.037513656,6022,ssp245,carbonate,Pac_EQU_E,Pac,EQU,240.0397085,240.0296078,14.38019994,185.5542978,282.4709568,0.185308162
ssp245_carbonate_Pac_EQU_E,6,1850s,23.05775638,23.05673585,2.735842007,14.58894172,30.6208911,0.035254993,6022,ssp245,carbonate,Pac_EQU_E,Pac,EQU,238.813688,238.8076818,17.14257029,188.2766431,282.2369937,0.220905009
ssp245_carbonate_Pac_EQU_E,7,1850s,23.42964326,23.42829668,2.61575343,15.50779262,32.49517654,0.033707491,6022,ssp245,carbonate,Pac_EQU_E,Pac,EQU,237.1984627,237.1949925,18.1626524,184.3593776,279.2343327,0.234050135
ssp245_carbonate_Pac_EQU_E,8,1850s,23.27742215,23.27544393,2.783360889,15.35578363,30.3415727,0.035867338,6022,ssp245,carbonate,Pac_EQU_E,Pac,EQU,234.7457892,234.7398328,18.82639295,187.0117135,278.1467431,0.242603322
ssp245_carbonate_Pac_EQU_E,9,1850s,23.12587192,23.12319512,3.072348205,13.88735848,31.93469991,0.039591327,6022,ssp245,carbonate,Pac_EQU_E,Pac,EQU,233.4821585,233.4737026,19.09184962,187.2221754,277.3498749,0.246024087
ssp245_carbonate_Pac_EQU_E,1,2090s,-42.32209503,-42.31771112,5.973235803,-57.11552079,-27.92872238,0.076973154,6022,ssp245,carbonate,Pac_EQU_E,Pac,EQU,173.5895485,173.5861735,9.457477809,131.1606812,204.0525479,0.121872285
ssp245_carbonate_Pac_EQU_E,10,2090s,-41.69219666,-41.69150343,6.771111578,-59.17921278,-23.77985449,0.087254854,6022,ssp245,carbonate,Pac_EQU_E,Pac,EQU,170.0496895,170.0453585,11.65478048,139.3245411,199.8076968,0.150187477
ssp245_carbonate_Pac_EQU_E,11,2090s,-42.0893723,-42.08792402,6.93627676,-58.79135898,-23.36043146,0.089383229,6022,ssp245,carbonate,Pac_EQU_E,Pac,EQU,171.6853745,171.6815333,11.32984055,139.1808383,201.9934989,0.14600019
ssp245_carbonate_Pac_EQU_E,12,2090s,-42.44080348,-42.43816462,6.508758813,-56.65010976,-25.65037842,0.083874086,6022,ssp245,carbonate,Pac_EQU_E,Pac,EQU,172.8561019,172.8525402,10.44450694,144.0901195,203.3897669,0.134591479
ssp245_carbonate_Pac_EQU_E,2,2090s,-41.97788756,-41.97294867,5.432400162,-56.38268713,-30.86311223,0.070003762,6022,ssp245,carbonate,Pac_EQU_E,Pac,EQU,173.2162223,173.2109207,9.691738378,122.3720655,204.6715836,0.124891047
ssp245_carbonate_Pac_EQU_E,3,2090s,-41.32208839,-41.31705748,5.429823709,-56.82827822,-25.07982256,0.069970561,6022,ssp245,carbonate,Pac_EQU_E,Pac,EQU,174.3428166,174.3372643,8.932993719,129.1197261,204.6754948,0.115113605
ssp245_carbonate_Pac_EQU_E,4,2090s,-41.14738981,-41.14236053,5.39960062,-59.74784119,-22.22331613,0.069581096,6022,ssp245,carbonate,Pac_EQU_E,Pac,EQU,176.5239384,176.5209801,7.601512693,134.3565279,203.9263064,0.097955686
ssp245_carbonate_Pac_EQU_E,5,2090s,-40.76673097,-40.76137515,5.618702951,-60.05029536,-22.90627936,0.072404523,6022,ssp245,carbonate,Pac_EQU_E,Pac,EQU,176.7906518,176.7878196,8.990400212,136.3884555,202.7252455,0.115853364
ssp245_carbonate_Pac_EQU_E,6,2090s,-40.74704787,-40.74401229,5.958761525,-59.17305034,-22.18400332,0.076786634,6022,ssp245,carbonate,Pac_EQU_E,Pac,EQU,175.0088837,175.0069337,11.44641495,135.5360331,200.9411141,0.147502408
ssp245_carbonate_Pac_EQU_E,7,2090s,-40.9834099,-40.9820813,5.738835392,-56.80130902,-25.74339926,0.073952591,6022,ssp245,carbonate,Pac_EQU_E,Pac,EQU,172.7854095,172.7846145,12.58644272,133.3279899,198.9303708,0.162193195
ssp245_carbonate_Pac_EQU_E,8,2090s,-41.24720563,-41.24622518,5.79094397,-55.30504474,-25.93771056,0.07462408,6022,ssp245,carbonate,Pac_EQU_E,Pac,EQU,170.2211615,170.2181637,12.90107099,137.2638174,198.3721243,0.166247602
ssp245_carbonate_Pac_EQU_E,9,2090s,-41.31993053,-41.31898672,6.456870784,-57.40192354,-21.77849924,0.08320544,6022,ssp245,carbonate,Pac_EQU_E,Pac,EQU,169.036356,169.0315208,12.42201119,138.8267305,198.4864607,0.160074274
ssp245_carbonate_Pac_EQU_W,1,1850s,28.7719823,28.75876798,3.83542589,20.19214972,40.74549284,0.058065877,4363,ssp245,carbonate,Pac_EQU_W,Pac,EQU,270.1748202,270.1531256,13.96462769,210.8164085,294.9768354,0.211415466
ssp245_carbonate_Pac_EQU_W,10,1850s,29.71885857,29.70893373,3.695732987,20.6592735,39.55329704,0.055951016,4363,ssp245,carbonate,Pac_EQU_W,Pac,EQU,271.1512419,271.1325073,12.5609746,220.0812605,292.9572625,0.190165063
ssp245_carbonate_Pac_EQU_W,11,1850s,29.76274067,29.75270394,3.594749033,20.72335309,38.9476358,0.054422184,4363,ssp245,carbonate,Pac_EQU_W,Pac,EQU,271.6193408,271.6016517,12.80738464,215.1156082,294.0400893,0.193895552
ssp245_carbonate_Pac_EQU_W,12,1850s,29.52913071,29.51740278,3.720413857,20.42847243,40.52213595,0.056324669,4363,ssp245,carbonate,Pac_EQU_W,Pac,EQU,271.3084533,271.2896582,13.33952995,210.1497067,294.8329135,0.201951889
ssp245_carbonate_Pac_EQU_W,2,1850s,28.68605004,28.67150219,4.082267047,18.95744684,41.03794936,0.061802893,4363,ssp245,carbonate,Pac_EQU_W,Pac,EQU,269.2055535,269.1807387,14.574249,214.0437634,294.844529,0.22064474
ssp245_carbonate_Pac_EQU_W,3,1850s,28.78333717,28.7678957,4.131748001,19.32621567,40.40907695,0.062552003,4363,ssp245,carbonate,Pac_EQU_W,Pac,EQU,269.0425684,269.0167017,14.69619039,220.1081152,294.7606019,0.222490854
ssp245_carbonate_Pac_EQU_W,4,1850s,28.94279373,28.92727771,4.082284112,19.37942717,39.89096016,0.061803151,4363,ssp245,carbonate,Pac_EQU_W,Pac,EQU,270.0038835,269.9801935,14.58451955,227.2629394,294.7645497,0.22080023
ssp245_carbonate_Pac_EQU_W,5,1850s,29.32774494,29.3146284,3.678195955,20.56143811,38.78160659,0.055685517,4363,ssp245,carbonate,Pac_EQU_W,Pac,EQU,271.570549,271.552625,14.07381804,231.6327606,294.6873206,0.213068538
ssp245_carbonate_Pac_EQU_W,6,1850s,29.64893466,29.63754798,3.375301146,21.55310256,37.9668746,0.051099885,4363,ssp245,carbonate,Pac_EQU_W,Pac,EQU,272.2516718,272.2381301,13.21733874,232.9847365,293.5509595,0.200101993
ssp245_carbonate_Pac_EQU_W,7,1850s,29.64035336,29.62939124,3.466422478,20.84189884,38.23730485,0.052479403,4363,ssp245,carbonate,Pac_EQU_W,Pac,EQU,271.7183406,271.7048952,12.70089674,231.1122793,291.9910399,0.192283394
ssp245_carbonate_Pac_EQU_W,8,1850s,29.5086752,29.49810284,3.537200021,20.1702202,38.29797426,0.053550929,4363,ssp245,carbonate,Pac_EQU_W,Pac,EQU,271.0557959,271.0398937,12.42152977,228.1065716,291.3416244,0.188053958
ssp245_carbonate_Pac_EQU_W,9,1850s,29.47913249,29.4684555,3.68563565,20.21700726,38.92468614,0.055798149,4363,ssp245,carbonate,Pac_EQU_W,Pac,EQU,270.7735147,270.7547488,12.42926087,224.3100191,291.7973284,0.188171002
ssp245_carbonate_Pac_EQU_W,1,2090s,-54.26002328,-54.25353953,6.158906659,-66.69675378,-34.52837918,0.093241879,4363,ssp245,carbonate,Pac_EQU_W,Pac,EQU,187.1428146,187.1408181,7.607852827,156.0472585,204.5530701,0.11517799
ssp245_carbonate_Pac_EQU_W,10,2090s,-54.05807067,-54.05289188,5.794140239,-70.76074701,-37.69385715,0.08771955,4363,ssp245,carbonate,Pac_EQU_W,Pac,EQU,187.3743127,187.3706817,7.203310983,161.2060302,203.4693086,0.109053487
ssp245_carbonate_Pac_EQU_W,11,2090s,-54.24570563,-54.2405038,5.82281967,-66.41396677,-34.89014567,0.088153738,4363,ssp245,carbonate,Pac_EQU_W,Pac,EQU,187.6108945,187.608444,7.368519992,159.5021094,204.3060016,0.111554645
ssp245_carbonate_Pac_EQU_W,12,2090s,-54.24613708,-54.24064307,5.929551104,-66.17070914,-33.03208701,0.089769583,4363,ssp245,carbonate,Pac_EQU_W,Pac,EQU,187.5331855,187.5316123,7.508291827,156.6891472,204.6306318,0.113670701
ssp245_carbonate_Pac_EQU_W,2,2090s,-53.93442904,-53.9259777,6.467924179,-67.28175027,-35.11750445,0.097920205,4363,ssp245,carbonate,Pac_EQU_W,Pac,EQU,186.5850744,186.5832588,7.50841453,158.0764248,204.2692619,0.113672558
ssp245_carbonate_Pac_EQU_W,3,2090s,-53.65060488,-53.64050387,6.778176163,-67.74858932,-37.43809795,0.10261722,4363,ssp245,carbonate,Pac_EQU_W,Pac,EQU,186.6086264,186.6083021,7.311863577,161.2431347,203.5081794,0.110696904
ssp245_carbonate_Pac_EQU_W,4,2090s,-53.95672398,-53.94715245,6.971369881,-67.61601961,-38.74365647,0.105542049,4363,ssp245,carbonate,Pac_EQU_W,Pac,EQU,187.1043658,187.1057633,7.170115933,164.3617032,203.8431085,0.108550936
ssp245_carbonate_Pac_EQU_W,5,2090s,-54.5416504,-54.53483006,6.96894977,-66.73483995,-38.98292046,0.10550541,4363,ssp245,carbonate,Pac_EQU_W,Pac,EQU,187.7011536,187.7031665,7.028321367,166.790645,204.1525749,0.106404257
ssp245_carbonate_Pac_EQU_W,6,2090s,-54.78212661,-54.77828164,6.595555745,-66.43974737,-41.11770801,0.099852465,4363,ssp245,carbonate,Pac_EQU_W,Pac,EQU,187.8206106,187.8223005,6.927065938,165.1895154,204.0050069,0.104871315
ssp245_carbonate_Pac_EQU_W,7,2090s,-54.70432609,-54.70192194,6.248174056,-66.1935585,-40.2463725,0.09459333,4363,ssp245,carbonate,Pac_EQU_W,Pac,EQU,187.3736612,187.373582,6.884473549,164.0749923,202.7347211,0.104226494
ssp245_carbonate_Pac_EQU_W,8,2090s,-54.48527897,-54.48242117,5.954590121,-66.15723679,-39.72038727,0.090148658,4363,ssp245,carbonate,Pac_EQU_W,Pac,EQU,187.0618417,187.0593697,6.91485296,163.6361013,202.3321511,0.104686419
ssp245_carbonate_Pac_EQU_W,9,2090s,-54.12967623,-54.12542911,5.780370389,-69.19213189,-38.7802655,0.087511084,4363,ssp245,carbonate,Pac_EQU_W,Pac,EQU,187.164706,187.1608641,7.001588404,162.9632497,202.7485833,0.105999537
ssp245_carbonate_SA_STPS,1,1850s,31.22779886,31.21576764,3.269419482,6.323343635,40.15224654,0.037049774,7787,ssp245,carbonate,SA_STPS,SA,STPS,253.8986493,254.9209985,22.68898725,158.2245481,296.7231046,0.257116545
ssp245_carbonate_SA_STPS,10,1850s,30.79063145,30.81915587,3.378732486,12.1282022,41.78356841,0.038288532,7787,ssp245,carbonate,SA_STPS,SA,STPS,242.8269722,244.0170082,25.21146254,147.3130276,291.85287,0.285701784
ssp245_carbonate_SA_STPS,11,1850s,31.25387007,31.27065996,3.405790079,13.5259209,41.28377702,0.038595155,7787,ssp245,carbonate,SA_STPS,SA,STPS,246.5641124,247.6769414,24.23285292,153.8989707,293.1587374,0.274611967
ssp245_carbonate_SA_STPS,12,1850s,31.6110967,31.61004371,3.32510392,10.53171631,40.31617462,0.037680802,7787,ssp245,carbonate,SA_STPS,SA,STPS,250.3474013,251.4111143,23.41783293,158.1557633,295.0144741,0.265375983
ssp245_carbonate_SA_STPS,2,1850s,31.0195633,31.00222129,3.238734928,6.574062316,40.34614221,0.03670205,7787,ssp245,carbonate,SA_STPS,SA,STPS,256.3271832,257.3261252,22.28942314,155.8902382,297.9826591,0.252588598
ssp245_carbonate_SA_STPS,3,1850s,30.79957426,30.77962943,3.253126247,6.074937855,40.37320822,0.036865135,7787,ssp245,carbonate,SA_STPS,SA,STPS,257.257093,258.2640781,22.32851353,154.0009454,298.6907648,0.253031578
ssp245_carbonate_SA_STPS,4,1850s,30.70577073,30.68341114,3.241103571,2.115743693,40.32278444,0.036728892,7787,ssp245,carbonate,SA_STPS,SA,STPS,256.4710431,257.5234597,22.80384605,155.3465663,298.8968507,0.25841815
ssp245_carbonate_SA_STPS,5,1850s,30.68830118,30.66628347,3.246906931,3.257766696,39.998968,0.036794656,7787,ssp245,carbonate,SA_STPS,SA,STPS,253.9439755,255.0727589,23.58308713,157.2978327,297.5279504,0.26724868
ssp245_carbonate_SA_STPS,6,1850s,30.78538466,30.77503699,3.109750325,7.879054256,39.58385508,0.035240368,7787,ssp245,carbonate,SA_STPS,SA,STPS,249.9709652,251.1796363,24.46272382,156.670577,295.4259379,0.277216914
ssp245_carbonate_SA_STPS,7,1850s,30.69884346,30.70091038,3.026737911,10.68118189,40.35176298,0.034299653,7787,ssp245,carbonate,SA_STPS,SA,STPS,245.412825,246.6750896,25.27750967,150.945308,293.2488056,0.286450245
ssp245_carbonate_SA_STPS,8,1850s,30.57486163,30.59174871,3.101189609,10.83726402,39.36722298,0.035143356,7787,ssp245,carbonate,SA_STPS,SA,STPS,241.6146088,242.8996198,25.99839852,144.0186792,291.5735263,0.294619514
ssp245_carbonate_SA_STPS,9,1850s,30.61184382,30.64001056,3.21883731,10.93397329,41.19510843,0.036476565,7787,ssp245,carbonate,SA_STPS,SA,STPS,240.5006815,241.7701794,26.15507353,141.6298126,291.1213016,0.29639499
ssp245_carbonate_SA_STPS,1,2090s,-48.05964263,-48.03782403,4.259720899,-59.17799027,-14.380828,0.048272085,7787,ssp245,carbonate,SA_STPS,SA,STPS,174.6112078,175.6674068,20.58163587,124.3083702,213.4457184,0.23323558
ssp245_carbonate_SA_STPS,10,2090s,-48.00792085,-48.02717324,4.442741372,-59.6734328,-23.90034393,0.050346113,7787,ssp245,carbonate,SA_STPS,SA,STPS,164.0284199,165.170679,22.04681899,105.4755287,207.8970473,0.249839354
ssp245_carbonate_SA_STPS,11,2090s,-48.0821497,-48.07884108,4.509441774,-58.96364009,-22.22852595,0.051101976,7787,ssp245,carbonate,SA_STPS,SA,STPS,167.2280926,168.3274404,21.46422897,109.4486919,209.2695559,0.243237318
ssp245_carbonate_SA_STPS,12,2090s,-47.99198438,-47.9746523,4.332302708,-58.70944271,-18.90232232,0.049094598,7787,ssp245,carbonate,SA_STPS,SA,STPS,170.7443202,171.8264183,21.10702304,118.1149074,211.3340817,0.239189382
ssp245_carbonate_SA_STPS,2,2090s,-47.54055768,-47.52244676,4.248092497,-58.3560629,-11.50902738,0.048140309,7787,ssp245,carbonate,SA_STPS,SA,STPS,177.7670623,178.8014572,20.13095623,125.9916716,215.2496043,0.22812838
ssp245_carbonate_SA_STPS,3,2090s,-47.1683758,-47.14694802,4.220376645,-58.58164181,-11.84816149,0.047826227,7787,ssp245,carbonate,SA_STPS,SA,STPS,179.2891429,180.3375007,20.26304416,124.5045064,216.3947142,0.22962523
ssp245_carbonate_SA_STPS,4,2090s,-47.03431907,-47.0128375,4.114985531,-58.15299543,-16.04475289,0.046631912,7787,ssp245,carbonate,SA_STPS,SA,STPS,178.7309533,179.8272111,20.85286363,121.8083268,216.6485996,0.236309192
ssp245_carbonate_SA_STPS,5,2090s,-47.22719306,-47.21430744,3.940328473,-58.2237692,-20.52379328,0.04465266,7787,ssp245,carbonate,SA_STPS,SA,STPS,176.0284812,177.192168,21.66672629,117.6102965,215.5874065,0.245532061
ssp245_carbonate_SA_STPS,6,2090s,-47.41083814,-47.41210392,3.893068484,-59.06305585,-23.59542055,0.0441171,7787,ssp245,carbonate,SA_STPS,SA,STPS,171.7747424,172.9924954,22.38998992,112.3094266,213.5283677,0.253728242
ssp245_carbonate_SA_STPS,7,2090s,-47.70489313,-47.71755608,3.914217962,-58.24054301,-25.02661338,0.04435677,7787,ssp245,carbonate,SA_STPS,SA,STPS,167.0090884,168.2566231,22.96624084,106.2122953,211.0195408,0.260258443
ssp245_carbonate_SA_STPS,8,2090s,-47.8792856,-47.90570946,4.136744705,-59.35893612,-26.06377502,0.046878492,7787,ssp245,carbonate,SA_STPS,SA,STPS,163.1604616,164.4021616,23.17379193,101.1658998,208.6564571,0.262610457
ssp245_carbonate_SA_STPS,9,2090s,-47.8778066,-47.90861491,4.389839022,-59.76073754,-24.96677179,0.049746612,7787,ssp245,carbonate,SA_STPS,SA,STPS,162.0110311,163.221554,22.89048416,101.0554614,207.6031909,0.259399952
ssp245_carbonate_SO_SPSS,1,1850s,20.51226076,20.55799339,3.175319454,7.189050932,34.82885181,0.021625345,21560,ssp245,carbonate,SO_SPSS,SO,SPSS,129.4019607,130.1504162,16.96239425,76.45052645,207.6192337,0.115521488
ssp245_carbonate_SO_SPSS,10,1850s,18.80760571,18.95856727,2.616893848,7.589396541,30.26010122,0.017822217,21560,ssp245,carbonate,SO_SPSS,SO,SPSS,119.8090864,120.6494455,13.75686125,72.49540386,171.6275172,0.093690375
ssp245_carbonate_SO_SPSS,11,1850s,19.2431915,19.39320635,2.765170563,7.512772802,30.14605811,0.018832048,21560,ssp245,carbonate,SO_SPSS,SO,SPSS,122.0104869,122.8995703,15.05046317,74.39936953,188.6478504,0.102500383
ssp245_carbonate_SO_SPSS,12,1850s,20.0185555,20.10427412,2.954835254,7.740811488,35.32037489,0.020123749,21560,ssp245,carbonate,SO_SPSS,SO,SPSS,126.2351391,127.044035,16.33261602,75.71197224,205.7356839,0.111232417
ssp245_carbonate_SO_SPSS,2,1850s,20.60277203,20.65806717,3.065293787,8.172868459,36.29122904,0.020876021,21560,ssp245,carbonate,SO_SPSS,SO,SPSS,129.9629551,130.748406,16.78558649,75.66107071,199.9051672,0.114317348
ssp245_carbonate_SO_SPSS,3,1850s,20.36488948,20.43859748,2.830015291,9.172203512,33.41633102,0.019273669,21560,ssp245,carbonate,SO_SPSS,SO,SPSS,128.5977236,129.4496239,15.96812089,74.14317419,185.3221711,0.108750042
ssp245_carbonate_SO_SPSS,4,1850s,19.97277016,20.08099804,2.694596013,9.399046092,30.48663925,0.018351404,21560,ssp245,carbonate,SO_SPSS,SO,SPSS,126.3603599,127.2655473,15.06260141,71.77186557,182.4618343,0.10258305
ssp245_carbonate_SO_SPSS,5,1850s,19.63040168,19.76543894,2.656413466,9.573648072,29.48099611,0.018091363,21560,ssp245,carbonate,SO_SPSS,SO,SPSS,124.14076,125.0604597,14.29525125,69.71052685,175.4229736,0.097357052
ssp245_carbonate_SO_SPSS,6,1850s,19.3609857,19.50713457,2.625878148,9.188015324,29.92691022,0.017883404,21560,ssp245,carbonate,SO_SPSS,SO,SPSS,122.2743962,123.1770385,13.6832216,68.85655475,171.6607719,0.093188856
ssp245_carbonate_SO_SPSS,7,1850s,19.10456163,19.25161698,2.567170325,8.612917894,29.85502769,0.017483578,21560,ssp245,carbonate,SO_SPSS,SO,SPSS,120.7097473,121.5822824,13.2042942,68.76143737,167.0813211,0.089927147
ssp245_carbonate_SO_SPSS,8,1850s,18.84749716,18.99701145,2.538955154,8.250988955,29.11916172,0.01729142,21560,ssp245,carbonate,SO_SPSS,SO,SPSS,119.5876047,120.431029,12.9437173,69.30575338,167.1176132,0.088152502
ssp245_carbonate_SO_SPSS,9,1850s,18.73699078,18.88825042,2.567511038,7.90119289,30.28546102,0.017485898,21560,ssp245,carbonate,SO_SPSS,SO,SPSS,119.2082498,120.0345514,13.07123465,70.67182473,167.8649088,0.089020952
ssp245_carbonate_SO_SPSS,1,2090s,-29.07719511,-29.09955903,4.045052278,-47.76462064,-15.54649479,0.027548614,21560,ssp245,carbonate,SO_SPSS,SO,SPSS,79.81250482,80.4928638,11.62548807,45.74049087,128.6793531,0.079174771
ssp245_carbonate_SO_SPSS,10,2090s,-28.03331105,-28.1009757,3.137111317,-41.7524544,-18.28459827,0.021365131,21560,ssp245,carbonate,SO_SPSS,SO,SPSS,72.9681696,73.58990256,9.212395633,42.78390519,109.3247621,0.062740533
ssp245_carbonate_SO_SPSS,11,2090s,-28.05589524,-28.11150089,3.292835241,-43.23385449,-16.34921641,0.02242568,21560,ssp245,carbonate,SO_SPSS,SO,SPSS,74.71140022,75.39486301,10.38105256,44.41154853,128.3997385,0.070699609
ssp245_carbonate_SO_SPSS,12,2090s,-28.42855546,-28.46613556,3.786640285,-44.93170963,-14.39589217,0.025788713,21560,ssp245,carbonate,SO_SPSS,SO,SPSS,77.78802812,78.47362533,11.45638983,45.83391506,131.7207622,0.078023136
ssp245_carbonate_SO_SPSS,2,2090s,-29.20114966,-29.21969892,4.266179932,-46.5188069,-15.64713958,0.029054593,21560,ssp245,carbonate,SO_SPSS,SO,SPSS,80.15903341,80.87063995,11.36877118,45.28361008,123.0287562,0.077426414
ssp245_carbonate_SO_SPSS,3,2090s,-29.10358911,-29.13823458,4.051198448,-45.54268109,-17.42435632,0.027590473,21560,ssp245,carbonate,SO_SPSS,SO,SPSS,79.12924505,79.87279186,10.75764976,44.21340909,118.6944568,0.073264404
ssp245_carbonate_SO_SPSS,4,2090s,-28.92054062,-28.9729445,3.746060565,-43.90571398,-17.99101841,0.025512347,21560,ssp245,carbonate,SO_SPSS,SO,SPSS,77.4670491,78.21160475,10.06553264,42.59900162,116.3901573,0.068550777
ssp245_carbonate_SO_SPSS,5,2090s,-28.71682326,-28.7832045,3.47225838,-41.81414142,-17.5913481,0.023647632,21560,ssp245,carbonate,SO_SPSS,SO,SPSS,75.79353504,76.51181627,9.43451393,41.16231225,112.421041,0.064253258
ssp245_carbonate_SO_SPSS,6,2090s,-28.53712352,-28.61323685,3.282398569,-41.67642915,-17.57602475,0.022354602,21560,ssp245,carbonate,SO_SPSS,SO,SPSS,74.37628699,75.05666711,8.934316468,40.37297987,107.7440607,0.060846689
ssp245_carbonate_SO_SPSS,7,2090s,-28.34131598,-28.42382916,3.14754521,-41.58560864,-17.74623396,0.02143619,21560,ssp245,carbonate,SO_SPSS,SO,SPSS,73.26386966,73.90683626,8.592835707,40.12742658,104.8856114,0.058521053
ssp245_carbonate_SO_SPSS,8,2090s,-28.21541028,-28.29490535,3.057080692,-41.50807163,-17.64010256,0.020820086,21560,ssp245,carbonate,SO_SPSS,SO,SPSS,72.52469721,73.13911218,8.454344547,40.58439478,103.9336945,0.057577866
ssp245_carbonate_SO_SPSS,9,2090s,-28.10257573,-28.17507278,3.061801366,-41.44007336,-18.05063633,0.020852236,21560,ssp245,carbonate,SO_SPSS,SO,SPSS,72.36868326,72.97122816,8.598090695,41.25266836,105.6361351,0.058556842
ssp245_carbonate_SO_STSS,1,1850s,24.541368,24.67796214,5.152408708,-1.320023155,42.49075737,0.040889557,15878,ssp245,carbonate,SO_STSS,SO,STSS,183.9286816,185.3880826,31.07905777,118.359488,269.1572124,0.246643654
ssp245_carbonate_SO_STSS,10,1850s,24.78021757,24.91812186,4.324362968,2.069987563,42.55238053,0.034318179,15878,ssp245,carbonate,SO_STSS,SO,STSS,167.8986728,169.181661,26.05238625,90.82111442,253.7895945,0.206751948
ssp245_carbonate_SO_STSS,11,1850s,24.93100986,25.05899112,4.593498202,-0.041947459,43.56293547,0.036454039,15878,ssp245,carbonate,SO_STSS,SO,STSS,174.1418842,175.4824627,28.79614102,108.2657047,259.0868368,0.228526408
ssp245_carbonate_SO_STSS,12,1850s,24.55651734,24.69661248,5.117026196,-0.895280589,44.90307219,0.040608761,15878,ssp245,carbonate,SO_STSS,SO,STSS,179.7626941,181.1567913,30.43154961,114.1045033,264.863704,0.241505024
ssp245_carbonate_SO_STSS,2,1850s,24.90172453,25.04574547,5.208578506,-1.013811935,42.40506533,0.041335321,15878,ssp245,carbonate,SO_STSS,SO,STSS,185.8849013,187.4204121,31.46067351,122.805396,271.5776298,0.249672159
ssp245_carbonate_SO_STSS,3,1850s,25.1046152,25.25290566,5.055866398,-3.111879022,43.3935234,0.040123397,15878,ssp245,carbonate,SO_STSS,SO,STSS,185.3155488,186.9021714,31.38260617,122.4801752,271.3898224,0.249052616
ssp245_carbonate_SO_STSS,4,1850s,25.21933678,25.36230152,4.789335172,-4.469836905,42.58260679,0.038008203,15878,ssp245,carbonate,SO_STSS,SO,STSS,181.8430021,183.4295238,30.53872771,108.4776924,267.5572164,0.24235559
ssp245_carbonate_SO_STSS,5,1850s,25.32454691,25.4723381,4.659140906,-4.262496258,43.80469533,0.03697498,15878,ssp245,carbonate,SO_STSS,SO,STSS,176.9388587,178.4686873,28.95866078,92.42508927,261.7716605,0.229816166
ssp245_carbonate_SO_STSS,6,1850s,25.19720403,25.34089942,4.346561233,-2.626751578,44.09194963,0.034494345,15878,ssp245,carbonate,SO_STSS,SO,STSS,171.9325785,173.3566978,26.88979721,78.31387659,254.4292712,0.213397648
ssp245_carbonate_SO_STSS,7,1850s,24.86380572,25.00386704,4.159922054,-0.373855956,42.94385724,0.033013175,15878,ssp245,carbonate,SO_STSS,SO,STSS,167.6970748,169.0173491,25.1186007,71.56128631,249.8117082,0.199341418
ssp245_carbonate_SO_STSS,8,1850s,24.68921524,24.83206525,4.196576268,-2.847318667,42.05611034,0.033304063,15878,ssp245,carbonate,SO_STSS,SO,STSS,164.9863202,166.2367535,24.14357308,74.2887653,245.8884846,0.191603591
ssp245_carbonate_SO_STSS,9,1850s,24.72246793,24.86428352,4.195320159,0.187102378,40.64592405,0.033294095,15878,ssp245,carbonate,SO_STSS,SO,STSS,164.6847618,165.9156414,24.28078172,79.76288637,249.5286671,0.19269248
ssp245_carbonate_SO_STSS,1,2090s,-39.00262292,-39.28502826,7.983608754,-65.13224808,-10.60686706,0.063357984,15878,ssp245,carbonate,SO_STSS,SO,STSS,120.3846907,121.4250922,21.16640623,77.01983136,178.096273,0.167976771
ssp245_carbonate_SO_STSS,10,2090s,-37.76928189,-38.04582915,6.940089264,-64.12766731,-8.384440062,0.055076604,15878,ssp245,carbonate,SO_STSS,SO,STSS,105.3491733,106.21771,17.74859985,65.9313405,164.7967493,0.140853032
ssp245_carbonate_SO_STSS,11,2090s,-38.17933779,-38.45837199,7.410386609,-62.12743255,-10.54633413,0.058808888,15878,ssp245,carbonate,SO_STSS,SO,STSS,111.0315365,111.9650996,19.99025433,68.62271045,169.9189543,0.15864282
ssp245_carbonate_SO_STSS,12,2090s,-38.66086744,-38.93976957,7.980667994,-62.41974783,-11.21984006,0.063334646,15878,ssp245,carbonate,SO_STSS,SO,STSS,116.5453093,117.5204092,20.92007367,72.6193808,174.8155273,0.166021874
ssp245_carbonate_SO_STSS,2,2090s,-38.84219729,-39.11662438,7.780880921,-65.4254553,-9.822774214,0.061749134,15878,ssp245,carbonate,SO_STSS,SO,STSS,122.1409795,123.2580423,21.45818996,78.71881107,179.4624999,0.170292369
ssp245_carbonate_SO_STSS,3,2090s,-38.67796211,-38.94316777,7.490444914,-64.66194765,-9.797524353,0.059444231,15878,ssp245,carbonate,SO_STSS,SO,STSS,121.5329714,122.706098,21.70097835,77.66916563,179.9571525,0.172219139
ssp245_carbonate_SO_STSS,4,2090s,-38.3674894,-38.6325118,7.175099958,-63.77369184,-11.87925203,0.056941651,15878,ssp245,carbonate,SO_STSS,SO,STSS,118.2561759,119.4347105,21.35417016,68.7881477,177.0093134,0.169466867
ssp245_carbonate_SO_STSS,5,2090s,-38.17620126,-38.43874652,6.907412633,-63.74782061,-15.21087795,0.054817282,15878,ssp245,carbonate,SO_STSS,SO,STSS,113.4381105,114.5576026,20.14713108,60.65180399,172.9994809,0.159887795
ssp245_carbonate_SO_STSS,6,2090s,-38.03920515,-38.2995459,6.763276252,-64.79311359,-13.07290133,0.053673415,15878,ssp245,carbonate,SO_STSS,SO,STSS,108.6961693,109.7162525,18.52113099,56.47373429,169.0826566,0.146983845
ssp245_carbonate_SO_STSS,7,2090s,-37.9375453,-38.1970948,6.652418228,-62.77680685,-9.261349646,0.052793645,15878,ssp245,carbonate,SO_STSS,SO,STSS,104.8957237,105.8163872,17.05711152,53.29007902,165.271432,0.135365375
ssp245_carbonate_SO_STSS,8,2090s,-37.65813954,-37.91173529,6.488268653,-63.57665669,-8.431288224,0.051490952,15878,ssp245,carbonate,SO_STSS,SO,STSS,102.6389654,103.492953,16.22260065,53.83175089,162.320738,0.12874269
ssp245_carbonate_SO_STSS,9,2090s,-37.60653018,-37.86220929,6.582870023,-63.19930029,-9.086480974,0.05224171,15878,ssp245,carbonate,SO_STSS,SO,STSS,102.3557637,103.1891486,16.260139,62.40136133,162.6983425,0.129040594
ssp245_carbonate_SP_STPS,1,1850s,29.98238504,30.05071068,5.655457264,-2.938872244,41.37221024,0.036543143,23951,ssp245,carbonate,SP_STPS,SP,STPS,237.5968569,240.7317892,38.44350501,130.7554646,301.0404742,0.248405468
ssp245_carbonate_SP_STPS,10,1850s,30.13561124,30.23302958,5.548420448,-4.850978358,41.99372491,0.035851517,23951,ssp245,carbonate,SP_STPS,SP,STPS,229.0631157,232.5022139,41.46636846,118.9067614,298.5638929,0.267937917
ssp245_carbonate_SP_STPS,11,1850s,30.43889469,30.51341375,5.67617696,-3.590508047,43.48928921,0.036677025,23951,ssp245,carbonate,SP_STPS,SP,STPS,231.6096256,234.9425408,40.60569366,125.8818127,299.2723149,0.262376605
ssp245_carbonate_SP_STPS,12,1850s,30.53840884,30.6094678,5.7711852,-3.224981077,42.31022236,0.037290928,23951,ssp245,carbonate,SP_STPS,SP,STPS,234.6967901,237.9204484,39.49793639,128.7081756,300.2178492,0.255218752
ssp245_carbonate_SP_STPS,2,1850s,29.94209735,30.01655819,5.598958645,-1.076314826,41.55412389,0.036178073,23951,ssp245,carbonate,SP_STPS,SP,STPS,239.7357933,242.8502309,37.96275761,131.9665628,301.5357125,0.245299084
ssp245_carbonate_SP_STPS,3,1850s,29.98730984,30.06458172,5.474309803,0.751519589,41.67681891,0.035372646,23951,ssp245,carbonate,SP_STPS,SP,STPS,240.6986073,243.8604082,38.15675317,132.3347924,301.9848718,0.2465526
ssp245_carbonate_SP_STPS,4,1850s,30.05497431,30.13612239,5.419691317,0.751379042,41.48875484,0.035019725,23951,ssp245,carbonate,SP_STPS,SP,STPS,240.0550499,243.3177247,38.85695373,131.4534591,302.1117155,0.251076996
ssp245_carbonate_SP_STPS,5,1850s,30.13167524,30.21592775,5.30338415,-0.066419275,41.28051471,0.034268197,23951,ssp245,carbonate,SP_STPS,SP,STPS,237.8681396,241.2530295,39.71472635,130.0789612,301.5060505,0.256619556
ssp245_carbonate_SP_STPS,6,1850s,30.13846841,30.23248016,5.192991259,-0.783711358,41.32311141,0.033554886,23951,ssp245,carbonate,SP_STPS,SP,STPS,234.6754097,238.1603832,40.48086758,128.722932,299.9135625,0.261570032
ssp245_carbonate_SP_STPS,7,1850s,30.05792269,30.16455481,5.186847104,-1.022248071,42.24460938,0.033515185,23951,ssp245,carbonate,SP_STPS,SP,STPS,231.2357418,234.774671,41.13028231,125.8006996,298.2294566,0.265766272
ssp245_carbonate_SP_STPS,8,1850s,29.96749657,30.08392992,5.217184869,-2.863422954,41.14846782,0.033711215,23951,ssp245,carbonate,SP_STPS,SP,STPS,228.6376153,232.192908,41.66049415,115.8772945,297.5494794,0.269192274
ssp245_carbonate_SP_STPS,9,1850s,29.96074234,30.08109783,5.376820025,-4.796419386,42.40080262,0.034742709,23951,ssp245,carbonate,SP_STPS,SP,STPS,227.8114739,231.3377447,41.8740591,113.6075237,297.5853519,0.27057224
ssp245_carbonate_SP_STPS,1,2090s,-47.30559997,-47.70246806,8.423053494,-66.51983794,-15.70495506,0.054426165,23951,ssp245,carbonate,SP_STPS,SP,STPS,160.3088719,162.9786104,29.58899366,80.75525028,207.9762466,0.191191407
ssp245_carbonate_SP_STPS,10,2090s,-47.27738523,-47.69265878,8.336165656,-70.34672253,-16.20329934,0.053864733,23951,ssp245,carbonate,SP_STPS,SP,STPS,151.6501192,154.5765255,32.55119876,75.13000113,206.18338,0.210331908
ssp245_carbonate_SP_STPS,11,2090s,-47.34745757,-47.75606445,8.443599448,-73.30606464,-16.75161871,0.054558924,23951,ssp245,carbonate,SP_STPS,SP,STPS,153.8232734,156.6730626,31.75853735,76.42650376,206.7933871,0.205210069
ssp245_carbonate_SP_STPS,12,2090s,-47.18160466,-47.58571696,8.39963021,-67.45021863,-14.57322573,0.054274814,23951,ssp245,carbonate,SP_STPS,SP,STPS,156.9767766,159.7252636,30.57878926,78.79604809,207.2433286,0.197587042
ssp245_carbonate_SP_STPS,2,2090s,-46.99539198,-47.39555157,8.306959713,-65.71334558,-13.49791811,0.053676017,23951,ssp245,carbonate,SP_STPS,SP,STPS,162.7983039,165.4381211,29.18113374,82.37684095,208.6497855,0.188555991
ssp245_carbonate_SP_STPS,3,2090s,-46.91141367,-47.31524761,8.236712956,-65.94096067,-10.61183988,0.053222112,23951,ssp245,carbonate,SP_STPS,SP,STPS,163.7998838,166.4805788,29.52043518,82.62521779,209.3037816,0.190748412
ssp245_carbonate_SP_STPS,4,2090s,-46.93122913,-47.33767995,8.130307143,-65.86912882,-8.311419346,0.052534563,23951,ssp245,carbonate,SP_STPS,SP,STPS,163.0688465,165.8439224,30.37276328,81.3311982,209.5936683,0.196255791
ssp245_carbonate_SP_STPS,5,2090s,-47.00515406,-47.42138246,7.982212063,-65.93472054,-8.961822532,0.051577636,23951,ssp245,carbonate,SP_STPS,SP,STPS,160.7313103,163.6157193,31.34688923,79.83752753,209.5138121,0.202550176
ssp245_carbonate_SP_STPS,6,2090s,-47.0213444,-47.44575003,7.887381338,-65.37819425,-8.713420493,0.050964881,23951,ssp245,carbonate,SP_STPS,SP,STPS,157.5155969,160.482153,32.14821082,78.41272672,208.7725761,0.207727972
ssp245_carbonate_SP_STPS,7,2090s,-46.98882096,-47.41375823,7.894260507,-65.03872905,-10.9287911,0.051009331,23951,ssp245,carbonate,SP_STPS,SP,STPS,154.1889982,157.1963579,32.69816114,76.94667457,207.4900748,0.211281516
ssp245_carbonate_SP_STPS,8,2090s,-47.0095323,-47.43391105,7.987022017,-64.7948682,-12.6910445,0.051608716,23951,ssp245,carbonate,SP_STPS,SP,STPS,151.6605865,154.675067,33.02917873,74.69904497,206.6350302,0.21342041
ssp245_carbonate_SP_STPS,9,2090s,-47.09095724,-47.51283095,8.195473478,-65.04600185,-14.7646422,0.05295564,23951,ssp245,carbonate,SP_STPS,SP,STPS,150.7597743,153.7438159,32.98100618,75.12232973,206.1144306,0.21310914
ssp245_dic_Atl_EQU,1,1850s,-47.83881855,-47.82511407,15.30139835,-81.33274856,22.55441566,0.283651201,2910,ssp245,dic,Atl_EQU,Atl,EQU,1939.184643,1939.14674,71.23166179,1562.298507,2041.386053,1.32046405
ssp245_dic_Atl_EQU,10,1850s,-51.86191458,-51.85604034,14.68721908,-98.06810645,66.79274532,0.272265792,2910,ssp245,dic,Atl_EQU,Atl,EQU,1941.744068,1941.755887,75.88410358,1337.386146,2043.208962,1.406709154
ssp245_dic_Atl_EQU,11,1850s,-52.28151889,-52.27744199,14.21923931,-93.86648175,61.16698351,0.26359057,2910,ssp245,dic,Atl_EQU,Atl,EQU,1937.855308,1937.844396,82.43445328,1387.741846,2039.956521,1.528136917
ssp245_dic_Atl_EQU,12,1850s,-50.86813752,-50.85943473,15.54855223,-84.38539454,64.98064228,0.288232841,2910,ssp245,dic,Atl_EQU,Atl,EQU,1936.311095,1936.277869,79.56530457,1436.878466,2040.240484,1.474949785
ssp245_dic_Atl_EQU,2,1850s,-47.0331493,-47.01683338,14.23970184,-80.05411836,19.03269981,0.263969896,2910,ssp245,dic,Atl_EQU,Atl,EQU,1942.3692,1942.330482,66.30071034,1582.750526,2043.369119,1.229056044
ssp245_dic_Atl_EQU,3,1850s,-47.84749974,-47.83391067,13.56214466,-82.42004751,22.3834189,0.251409612,2910,ssp245,dic,Atl_EQU,Atl,EQU,1941.065784,1941.020578,64.6358042,1640.548209,2043.31838,1.19819268
ssp245_dic_Atl_EQU,4,1850s,-49.59050961,-49.58210783,12.07815823,-100.8615662,17.48847558,0.223900065,2910,ssp245,dic,Atl_EQU,Atl,EQU,1940.126558,1940.084199,61.68479862,1691.517781,2041.115762,1.14348812
ssp245_dic_Atl_EQU,5,1850s,-49.93285129,-49.92753415,13.696483,-140.2228424,17.46713972,0.253899923,2910,ssp245,dic,Atl_EQU,Atl,EQU,1937.182595,1937.154889,63.4628118,1608.415572,2052.135827,1.176448216
ssp245_dic_Atl_EQU,6,1850s,-49.61165355,-49.60443146,16.65298034,-194.3865797,20.50708209,0.308706287,2910,ssp245,dic,Atl_EQU,Atl,EQU,1933.518712,1933.522257,69.94298989,1538.671976,2041.574967,1.296575165
ssp245_dic_Atl_EQU,7,1850s,-48.47950427,-48.46593183,16.00533211,-140.5924667,32.1031503,0.296700444,2910,ssp245,dic,Atl_EQU,Atl,EQU,1935.361017,1935.394822,70.71273713,1653.962845,2041.74585,1.310844432
ssp245_dic_Atl_EQU,8,1850s,-49.40253571,-49.38968036,14.83631446,-113.4116573,64.81754882,0.275029662,2910,ssp245,dic,Atl_EQU,Atl,EQU,1941.567897,1941.601739,68.16340852,1583.745472,2060.149657,1.263585998
ssp245_dic_Atl_EQU,9,1850s,-50.57283245,-50.56521009,15.26749697,-98.3897303,84.82965122,0.283022751,2910,ssp245,dic,Atl_EQU,Atl,EQU,1943.920726,1943.943796,70.48147077,1406.361445,2052.838409,1.306557309
ssp245_dic_Atl_EQU,1,2090s,99.5813523,99.57044283,14.0844141,17.94841713,159.4578159,0.261091234,2910,ssp245,dic,Atl_EQU,Atl,EQU,2086.604814,2086.542297,85.62762518,1633.140868,2171.072232,1.58733066
ssp245_dic_Atl_EQU,10,2090s,98.73695843,98.72881754,15.21659164,-46.4295388,142.8962607,0.282079088,2910,ssp245,dic,Atl_EQU,Atl,EQU,2092.342941,2092.340745,84.88097676,1302.650205,2171.859001,1.57348959
ssp245_dic_Atl_EQU,11,2090s,98.54962009,98.53538565,16.79540951,-34.21173666,157.1905202,0.311346582,2910,ssp245,dic,Atl_EQU,Atl,EQU,2088.686447,2088.657224,94.10791881,1318.758922,2172.210539,1.74453495
ssp245_dic_Atl_EQU,12,2090s,98.89623768,98.88336823,14.91563624,3.4397489,159.9762348,0.276500098,2910,ssp245,dic,Atl_EQU,Atl,EQU,2086.07547,2086.020672,93.9958802,1494.600509,2168.104546,1.742458023
ssp245_dic_Atl_EQU,2,2090s,99.66823728,99.6592075,11.94053053,40.54160434,146.950894,0.221348778,2910,ssp245,dic,Atl_EQU,Atl,EQU,2089.070586,2089.006523,77.67794954,1723.712582,2174.889507,1.439962753
ssp245_dic_Atl_EQU,3,2090s,101.6602254,101.6512401,12.97812274,33.02390207,152.9698587,0.240583247,2910,ssp245,dic,Atl_EQU,Atl,EQU,2090.573509,2090.505729,72.02693548,1756.789107,2176.366217,1.335206515
ssp245_dic_Atl_EQU,4,2090s,101.0821166,101.0743434,12.25368788,25.8480069,146.9613789,0.227153964,2910,ssp245,dic,Atl_EQU,Atl,EQU,2090.799184,2090.74065,68.60366948,1789.571753,2181.688133,1.271747379
ssp245_dic_Atl_EQU,5,2090s,100.252994,100.2508261,12.68227609,28.33466726,171.0430187,0.235098961,2910,ssp245,dic,Atl_EQU,Atl,EQU,2087.36844,2087.33325,69.15126142,1742.688339,2185.511881,1.28189842
ssp245_dic_Atl_EQU,6,2090s,98.32281297,98.32100834,13.9236382,20.49797289,195.052463,0.258110835,2910,ssp245,dic,Atl_EQU,Atl,EQU,2081.453178,2081.447697,71.73272251,1758.267164,2186.024491,1.329752513
ssp245_dic_Atl_EQU,7,2090s,99.05677638,99.05315548,14.59862571,22.51521427,169.2079117,0.270623483,2910,ssp245,dic,Atl_EQU,Atl,EQU,2082.897297,2082.91391,70.44790907,1675.21425,2183.071242,1.305935155
ssp245_dic_Atl_EQU,8,2090s,99.56458807,99.56274077,14.27341726,10.31503056,153.5465654,0.264594899,2910,ssp245,dic,Atl_EQU,Atl,EQU,2090.535021,2090.55416,68.46058307,1549.929627,2176.299935,1.269094901
ssp245_dic_Atl_EQU,9,2090s,99.72219793,99.71994544,14.35348086,-13.00162395,178.2098082,0.266079086,2910,ssp245,dic,Atl_EQU,Atl,EQU,2094.215756,2094.228952,74.01841161,1406.75022,2173.075091,1.372123703
ssp245_dic_IND_STPS,1,1850s,-52.43607008,-52.21760777,6.866122696,-76.83894735,-12.09860874,0.055899782,15087,ssp245,dic,IND_STPS,IND,STPS,1924.698511,1922.795906,57.62400342,1661.476138,2047.159316,0.46913948
ssp245_dic_IND_STPS,10,1850s,-52.59649859,-52.44625453,6.75800115,-82.09882123,-17.06118444,0.055019522,15087,ssp245,dic,IND_STPS,IND,STPS,1927.128818,1925.443009,60.67443474,1577.560358,2064.978103,0.493974231
ssp245_dic_IND_STPS,11,1850s,-53.1114672,-52.93176323,7.104952624,-77.2449923,-1.650516013,0.05784419,15087,ssp245,dic,IND_STPS,IND,STPS,1926.545965,1924.845954,59.1425339,1635.777153,2054.222267,0.481502429
ssp245_dic_IND_STPS,12,1850s,-53.51308935,-53.31382184,6.892348522,-77.21551544,-18.0672056,0.056113297,15087,ssp245,dic,IND_STPS,IND,STPS,1925.80557,1924.028315,57.97076342,1644.035815,2046.535604,0.471962589
ssp245_dic_IND_STPS,2,1850s,-52.35396565,-52.12173156,6.992931609,-72.86568628,-7.617752896,0.056932183,15087,ssp245,dic,IND_STPS,IND,STPS,1922.617969,1920.602403,58.07012108,1674.9542,2046.109283,0.472771498
ssp245_dic_IND_STPS,3,1850s,-52.63986129,-52.41438068,7.244107192,-76.00699119,-9.465011516,0.058977101,15087,ssp245,dic,IND_STPS,IND,STPS,1920.30771,1918.239186,58.47974512,1688.548454,2044.380002,0.476106407
ssp245_dic_IND_STPS,4,1850s,-52.71474357,-52.50370743,7.322891235,-77.88204515,-12.24650314,0.059618513,15087,ssp245,dic,IND_STPS,IND,STPS,1919.772304,1917.752362,57.99579227,1699.651865,2042.946307,0.472166358
ssp245_dic_IND_STPS,5,1850s,-52.41534538,-52.21724467,7.108318046,-75.07621471,-17.54646327,0.057871589,15087,ssp245,dic,IND_STPS,IND,STPS,1921.369551,1919.469149,57.25114749,1699.647977,2045.190673,0.466103915
ssp245_dic_IND_STPS,6,1850s,-52.25422573,-52.08128415,6.741294118,-76.26038364,-20.6620327,0.054883504,15087,ssp245,dic,IND_STPS,IND,STPS,1924.257644,1922.485279,57.23598911,1702.743638,2053.871857,0.465980504
ssp245_dic_IND_STPS,7,1850s,-52.25518847,-52.10852423,6.365780739,-73.88025731,-18.445123,0.051826303,15087,ssp245,dic,IND_STPS,IND,STPS,1926.364861,1924.619693,58.81321784,1698.292821,2063.659665,0.478821339
ssp245_dic_IND_STPS,8,1850s,-52.24786192,-52.11371977,6.263778958,-74.36035038,-22.36188683,0.050995867,15087,ssp245,dic,IND_STPS,IND,STPS,1927.73189,1925.996305,59.95862027,1631.11656,2071.271997,0.488146506
ssp245_dic_IND_STPS,9,1850s,-52.49718027,-52.37234915,6.426053785,-74.14187974,-21.13646613,0.052317009,15087,ssp245,dic,IND_STPS,IND,STPS,1927.787384,1926.079203,60.75879256,1570.142478,2072.48803,0.494661021
ssp245_dic_IND_STPS,1,2090s,83.71651857,83.46925969,14.20747884,23.57318444,117.4077925,0.115668625,15087,ssp245,dic,IND_STPS,IND,STPS,2060.8511,2058.482774,69.2055549,1776.843438,2218.475329,0.563429407
ssp245_dic_IND_STPS,10,2090s,82.94262202,82.76365723,15.5446784,12.03296395,174.5126695,0.126555288,15087,ssp245,dic,IND_STPS,IND,STPS,2062.667939,2060.652921,70.61610095,1669.304211,2217.724071,0.574913212
ssp245_dic_IND_STPS,11,2090s,82.91517581,82.7027246,16.24760477,1.990172906,182.829377,0.132278086,15087,ssp245,dic,IND_STPS,IND,STPS,2062.572608,2060.480442,69.78301818,1729.454924,2221.062636,0.56813076
ssp245_dic_IND_STPS,12,2090s,82.92821046,82.68514562,15.79530539,13.62182505,131.236917,0.12859574,15087,ssp245,dic,IND_STPS,IND,STPS,2062.24687,2060.027283,69.44407712,1747.431623,2220.796952,0.565371309
ssp245_dic_IND_STPS,2,2090s,83.42330016,83.19880956,12.9288174,18.44899394,115.2811893,0.105258544,15087,ssp245,dic,IND_STPS,IND,STPS,2058.395235,2055.922944,69.44757736,1807.390615,2214.235083,0.565399806
ssp245_dic_IND_STPS,3,2090s,82.8369989,82.63760527,12.56112316,4.500613447,114.3523419,0.102265001,15087,ssp245,dic,IND_STPS,IND,STPS,2055.784571,2053.291172,69.46066223,1819.010419,2212.50408,0.565506335
ssp245_dic_IND_STPS,4,2090s,81.92200565,81.70360847,12.97296791,24.54935859,116.3997963,0.10561799,15087,ssp245,dic,IND_STPS,IND,STPS,2054.409053,2051.959678,69.11798363,1812.84789,2209.935919,0.562716455
ssp245_dic_IND_STPS,5,2090s,81.41814522,81.18840632,13.21255372,29.51113667,121.890155,0.107568552,15087,ssp245,dic,IND_STPS,IND,STPS,2055.203042,2052.8748,68.58316849,1818.549293,2209.045114,0.558362316
ssp245_dic_IND_STPS,6,2090s,81.25080144,81.02222389,13.48027832,34.25536647,116.1975858,0.109748202,15087,ssp245,dic,IND_STPS,IND,STPS,2057.762671,2055.588787,68.21398193,1832.626957,2211.696008,0.555356624
ssp245_dic_IND_STPS,7,2090s,81.77394197,81.58032958,13.23287754,39.68819263,114.779682,0.107734016,15087,ssp245,dic,IND_STPS,IND,STPS,2060.393992,2058.308547,68.96145979,1821.242711,2215.958114,0.561442133
ssp245_dic_IND_STPS,8,2090s,82.01159832,81.84577069,13.15638963,39.99668734,114.2921606,0.107111298,15087,ssp245,dic,IND_STPS,IND,STPS,2061.99135,2059.955795,69.75506437,1743.854285,2218.305717,0.567903178
ssp245_dic_IND_STPS,9,2090s,82.46843783,82.30153475,13.98459557,19.7829705,154.409058,0.113854045,15087,ssp245,dic,IND_STPS,IND,STPS,2062.753003,2060.753087,70.36173489,1670.558116,2218.84247,0.572842319
ssp245_dic_NA_SPSS,1,1850s,-46.90326111,-46.56943371,8.319240487,-98.69469165,86.85824214,0.095327941,7616,ssp245,dic,NA_SPSS,NA,SPSS,2011.407498,2006.969344,143.5203936,526.8826398,2137.634766,1.644561614
ssp245_dic_NA_SPSS,10,1850s,-49.13134262,-48.58353948,8.617554531,-89.83045332,46.19434718,0.098746241,7616,ssp245,dic,NA_SPSS,NA,SPSS,1987.681903,1983.030486,136.9700069,526.1276912,2124.335324,1.569502493
ssp245_dic_NA_SPSS,11,1850s,-48.61882488,-48.25006646,8.370714609,-94.4125671,24.2245651,0.095917769,7616,ssp245,dic,NA_SPSS,NA,SPSS,1997.477021,1992.5391,140.0733035,526.8501304,2128.560877,1.605062335
ssp245_dic_NA_SPSS,12,1850s,-47.9831076,-47.68658076,8.171894817,-87.7838428,72.69058161,0.093639546,7616,ssp245,dic,NA_SPSS,NA,SPSS,2005.691751,2000.896347,142.1264094,527.8002751,2133.934991,1.628588323
ssp245_dic_NA_SPSS,2,1850s,-46.21931501,-45.89908863,7.948667836,-100.5395711,20.65733462,0.091081648,7616,ssp245,dic,NA_SPSS,NA,SPSS,2015.211881,2011.018466,144.4079123,527.1591913,2143.679294,1.654731452
ssp245_dic_NA_SPSS,3,1850s,-45.7493824,-45.4684874,8.042808263,-102.262504,13.82132507,0.092160378,7616,ssp245,dic,NA_SPSS,NA,SPSS,2016.477355,2012.347311,144.561813,524.439124,2145.974903,1.656494959
ssp245_dic_NA_SPSS,4,1850s,-45.69630491,-45.53979345,8.987888561,-119.8002729,56.68822792,0.102989799,7616,ssp245,dic,NA_SPSS,NA,SPSS,2012.937215,2008.51615,143.1235682,522.9385327,2144.299184,1.640014499
ssp245_dic_NA_SPSS,5,1850s,-46.46792173,-46.6691633,11.158179,-130.7801069,18.78416126,0.127858574,7616,ssp245,dic,NA_SPSS,NA,SPSS,1997.705218,1993.113753,137.3765338,524.4579329,2123.118982,1.574160776
ssp245_dic_NA_SPSS,6,1850s,-47.1170898,-47.25703266,12.6837058,-136.2191015,110.2038052,0.145339176,7616,ssp245,dic,NA_SPSS,NA,SPSS,1977.212661,1974.430593,130.7293863,526.2972806,2118.165767,1.4979929
ssp245_dic_NA_SPSS,7,1850s,-50.36059365,-49.54983672,12.95146554,-132.8281383,68.27709302,0.148407362,7616,ssp245,dic,NA_SPSS,NA,SPSS,1969.458299,1968.272852,131.2788082,529.6267566,2116.529155,1.504288577
ssp245_dic_NA_SPSS,8,1850s,-51.22205029,-50.03510964,11.86757607,-119.407227,4.855942116,0.135987364,7616,ssp245,dic,NA_SPSS,NA,SPSS,1969.85552,1967.950206,132.1164338,530.1949743,2117.649927,1.513886704
ssp245_dic_NA_SPSS,9,1850s,-50.23575725,-49.41396259,9.690326115,-117.5779742,7.767659507,0.111038842,7616,ssp245,dic,NA_SPSS,NA,SPSS,1977.418235,1973.893347,133.5164526,527.6018243,2121.162024,1.529929143
ssp245_dic_NA_SPSS,1,2090s,33.0591262,30.79381803,43.91425802,-70.1645652,132.4098572,0.503201679,7616,ssp245,dic,NA_SPSS,NA,SPSS,2091.369885,2084.332595,146.6797649,563.6096039,2271.673004,1.680764001
ssp245_dic_NA_SPSS,10,2090s,34.5457415,31.39321149,42.14264184,-58.63822411,122.9997041,0.482901205,7616,ssp245,dic,NA_SPSS,NA,SPSS,2071.358987,2063.007237,142.601015,563.7655565,2261.564584,1.634026701
ssp245_dic_NA_SPSS,11,2090s,32.0867398,29.29980261,42.89825046,-59.11014477,126.6920483,0.491559521,7616,ssp245,dic,NA_SPSS,NA,SPSS,2078.182586,2070.088969,144.4424671,564.7653097,2264.859296,1.655127406
ssp245_dic_NA_SPSS,12,2090s,31.40823484,28.99632943,43.70320647,-60.9590999,122.9165713,0.500783296,7616,ssp245,dic,NA_SPSS,NA,SPSS,2085.083093,2077.579257,145.7974613,565.0310729,2268.990569,1.67065392
ssp245_dic_NA_SPSS,2,2090s,34.1311502,31.88069021,44.19068182,-68.99792691,120.9699959,0.506369145,7616,ssp245,dic,NA_SPSS,NA,SPSS,2095.562346,2088.798245,146.9545351,562.0751259,2273.352491,1.683912518
ssp245_dic_NA_SPSS,3,2090s,34.99853813,32.70473484,44.18154271,-92.82989741,127.2871259,0.506264423,7616,ssp245,dic,NA_SPSS,NA,SPSS,2097.225276,2090.520533,146.6942389,561.5672874,2274.105431,1.680929854
ssp245_dic_NA_SPSS,4,2090s,36.01976813,33.82051067,43.85472092,-60.43289338,134.9971176,0.502519459,7616,ssp245,dic,NA_SPSS,NA,SPSS,2094.653288,2087.876454,145.30581,563.5624063,2275.151375,1.66502022
ssp245_dic_NA_SPSS,5,2090s,40.93613187,38.85671368,43.02653484,-60.63235941,153.0976162,0.493029498,7616,ssp245,dic,NA_SPSS,NA,SPSS,2085.109272,2078.63963,142.2913174,563.5531189,2273.643999,1.630477959
ssp245_dic_NA_SPSS,6,2090s,50.97686239,47.7548343,38.75865195,-83.12037006,171.6699816,0.444124975,7616,ssp245,dic,NA_SPSS,NA,SPSS,2075.306613,2069.44246,140.6581228,565.199467,2270.307927,1.611763622
ssp245_dic_NA_SPSS,7,2090s,51.56135635,46.85771798,40.69503225,-95.14090476,194.3310945,0.466313436,7616,ssp245,dic,NA_SPSS,NA,SPSS,2071.380249,2064.680406,140.3782515,568.9527267,2266.860895,1.608556652
ssp245_dic_NA_SPSS,8,2090s,46.25489061,41.82463313,40.20290035,-82.96030612,172.877329,0.460674229,7616,ssp245,dic,NA_SPSS,NA,SPSS,2067.332461,2059.809949,139.826004,569.0759292,2263.18937,1.602228596
ssp245_dic_NA_SPSS,9,2090s,39.39179417,35.76661942,40.90293524,-54.34687014,143.771639,0.468695741,7616,ssp245,dic,NA_SPSS,NA,SPSS,2067.045786,2059.073929,140.4929614,564.9924247,2260.184795,1.609871082
ssp245_dic_NA_STPS,1,1850s,-63.0546487,-63.17517164,6.268987409,-87.50792408,-35.18225527,0.072258084,7527,ssp245,dic,NA_STPS,NA,STPS,2003.295248,2002.194906,59.47833998,1839.474159,2109.980441,0.685563806
ssp245_dic_NA_STPS,10,1850s,-65.42506186,-65.52814987,6.816201013,-101.4567981,-35.46227119,0.078565419,7527,ssp245,dic,NA_STPS,NA,STPS,2002.158321,2000.74573,58.63133648,1764.359316,2094.260373,0.675801009
ssp245_dic_NA_STPS,11,1850s,-65.24655012,-65.35514806,6.596834251,-112.6662497,-42.39445007,0.076036937,7527,ssp245,dic,NA_STPS,NA,STPS,2000.050957,1998.754536,58.61924141,1787.048089,2095.520728,0.675661598
ssp245_dic_NA_STPS,12,1850s,-64.5742979,-64.68506642,6.294877131,-94.05304427,-42.10677397,0.072556496,7527,ssp245,dic,NA_STPS,NA,STPS,2001.216309,2000.043472,58.78495522,1824.771919,2102.430131,0.677571661
ssp245_dic_NA_STPS,2,1850s,-62.70583422,-62.8321056,6.454711998,-84.99704161,-33.53571536,0.074398797,7527,ssp245,dic,NA_STPS,NA,STPS,2005.421639,2004.37653,58.83679809,1852.655199,2111.653809,0.678169216
ssp245_dic_NA_STPS,3,1850s,-62.75748099,-62.88295682,6.501511088,-85.14610603,-40.37041869,0.074938216,7527,ssp245,dic,NA_STPS,NA,STPS,2006.417352,2005.434263,56.55620514,1864.611255,2104.183056,0.651882471
ssp245_dic_NA_STPS,4,1850s,-63.08163027,-63.16757023,6.362782502,-85.71056015,-43.66950504,0.073339192,7527,ssp245,dic,NA_STPS,NA,STPS,2006.78794,2005.911222,53.6673631,1877.020484,2095.088362,0.618584878
ssp245_dic_NA_STPS,5,1850s,-64.01811806,-64.06191876,6.363122925,-99.54780598,-44.51421235,0.073343116,7527,ssp245,dic,NA_STPS,NA,STPS,2007.61938,2006.739849,52.25815245,1846.167001,2094.21592,0.602341926
ssp245_dic_NA_STPS,6,1850s,-65.06214882,-65.08760908,6.566917611,-88.16355323,-41.06640477,0.07569211,7527,ssp245,dic,NA_STPS,NA,STPS,2008.972083,2007.903923,52.59462144,1802.030966,2096.118558,0.606220161
ssp245_dic_NA_STPS,7,1850s,-65.49036238,-65.52752613,7.172152888,-119.7565023,-31.22765496,0.082668219,7527,ssp245,dic,NA_STPS,NA,STPS,2009.208474,2007.944519,54.30703423,1739.448598,2096.101301,0.625957905
ssp245_dic_NA_STPS,8,1850s,-65.50291117,-65.56090247,7.160614014,-110.0644461,-32.57977383,0.082535219,7527,ssp245,dic,NA_STPS,NA,STPS,2008.241654,2006.849267,56.16532239,1731.179384,2095.309533,0.647377048
ssp245_dic_NA_STPS,9,1850s,-65.47421495,-65.56038524,7.212406692,-101.6490069,-34.46221015,0.083132195,7527,ssp245,dic,NA_STPS,NA,STPS,2005.936201,2004.489233,57.54789527,1758.449138,2093.408609,0.663312966
ssp245_dic_NA_STPS,1,2090s,114.2297886,114.4580121,18.53920099,35.23232365,154.1449328,0.213687961,7527,ssp245,dic,NA_STPS,NA,STPS,2180.579686,2179.828089,62.86728421,2001.998641,2289.637201,0.724625715
ssp245_dic_NA_STPS,10,2090s,115.4952085,115.731031,19.07365748,36.61876884,160.942703,0.219848254,7527,ssp245,dic,NA_STPS,NA,STPS,2183.078592,2182.004911,60.7253116,1964.464618,2287.173423,0.699936746
ssp245_dic_NA_STPS,11,2090s,114.9141596,115.148776,18.83191037,38.29210982,160.4979708,0.21706181,7527,ssp245,dic,NA_STPS,NA,STPS,2180.211667,2179.25846,61.10070132,1988.404165,2286.969791,0.704263592
ssp245_dic_NA_STPS,12,2090s,114.125725,114.3644578,18.67847222,37.84523463,156.332889,0.21529324,7527,ssp245,dic,NA_STPS,NA,STPS,2179.916332,2179.092996,61.99275941,2003.674446,2289.073515,0.7145457
ssp245_dic_NA_STPS,2,2090s,113.8969554,114.1179254,18.58751654,32.26257018,152.1723213,0.214244859,7527,ssp245,dic,NA_STPS,NA,STPS,2182.024429,2181.326561,62.59635825,2002.134494,2289.950252,0.721502947
ssp245_dic_NA_STPS,3,2090s,114.0993503,114.3113284,18.39314796,34.07502553,152.3061513,0.212004513,7527,ssp245,dic,NA_STPS,NA,STPS,2183.274183,2182.628548,61.2538659,2005.116721,2290.279738,0.706029009
ssp245_dic_NA_STPS,4,2090s,114.6618777,114.8184698,18.27996176,38.46060906,151.8889662,0.210699898,7527,ssp245,dic,NA_STPS,NA,STPS,2184.531448,2183.897262,60.40375779,2009.120311,2293.561743,0.696230427
ssp245_dic_NA_STPS,5,2090s,115.2121798,115.2932779,18.18979109,41.80715571,151.3630771,0.209660566,7527,ssp245,dic,NA_STPS,NA,STPS,2186.849677,2186.095046,60.14612112,2014.430811,2297.393358,0.693260836
ssp245_dic_NA_STPS,6,2090s,115.1188309,115.179983,18.73089319,40.80436915,153.4506579,0.215897458,7527,ssp245,dic,NA_STPS,NA,STPS,2189.153062,2188.171515,60.63192002,1976.097767,2300.229469,0.698860288
ssp245_dic_NA_STPS,7,2090s,114.8006914,114.8820304,18.89417265,39.24417254,154.3440266,0.217779463,7527,ssp245,dic,NA_STPS,NA,STPS,2189.499528,2188.354075,61.31987573,1924.266983,2296.959064,0.706789856
ssp245_dic_NA_STPS,8,2090s,115.2219428,115.3915522,19.04406219,36.40794208,164.5953726,0.219507131,7527,ssp245,dic,NA_STPS,NA,STPS,2188.966508,2187.801722,60.88932941,1940.313409,2293.402438,0.70182726
ssp245_dic_NA_STPS,9,2090s,115.5673571,115.7780925,19.20127264,35.58053286,159.0568465,0.221319182,7527,ssp245,dic,NA_STPS,NA,STPS,2186.977773,2185.82771,60.38967189,1954.838412,2289.336372,0.69606807
ssp245_dic_NA_STSS,1,1850s,-52.75725591,-52.94876739,6.877182346,-77.31845165,-18.75678423,0.12286561,3133,ssp245,dic,NA_STSS,NA,STSS,2017.676793,2017.893018,79.0778298,1833.695883,2133.777968,1.412780021
ssp245_dic_NA_STSS,10,1850s,-55.86452033,-56.13951033,7.010967916,-77.94383616,-31.90488192,0.125255782,3133,ssp245,dic,NA_STSS,NA,STSS,1998.855598,1999.198805,62.39278574,1822.918733,2097.347079,1.11469019
ssp245_dic_NA_STSS,11,1850s,-55.58033304,-55.83371329,7.224580771,-76.47100096,-30.4125681,0.129072123,3133,ssp245,dic,NA_STSS,NA,STSS,2002.504765,2002.739427,68.31914944,1824.151092,2108.693128,1.220568769
ssp245_dic_NA_STSS,12,1850s,-54.55807872,-54.79672273,7.068510358,-75.56427959,-28.61913867,0.126283817,3133,ssp245,dic,NA_STSS,NA,STSS,2009.840531,2010.039906,74.33520241,1828.975235,2121.469057,1.328049709
ssp245_dic_NA_STSS,2,1850s,-51.6294828,-51.80264456,6.826721799,-72.12868382,-20.33015842,0.121964098,3133,ssp245,dic,NA_STSS,NA,STSS,2023.322735,2023.54481,81.32228675,1838.074452,2128.201623,1.452878794
ssp245_dic_NA_STSS,3,1850s,-50.92234948,-51.08107585,6.948967505,-71.7894237,-29.18248152,0.124148102,3133,ssp245,dic,NA_STSS,NA,STSS,2025.393288,2025.616232,80.53179776,1843.072873,2124.077109,1.438756162
ssp245_dic_NA_STSS,4,1850s,-51.82395223,-51.97925641,7.005510908,-71.39086795,-22.94240883,0.125158289,3133,ssp245,dic,NA_STSS,NA,STSS,2019.854202,2020.1033,74.50837148,1849.152961,2116.330993,1.331143494
ssp245_dic_NA_STSS,5,1850s,-53.48465643,-53.690862,6.779406056,-76.12343605,-29.85255749,0.121118769,3133,ssp245,dic,NA_STSS,NA,STSS,2006.643962,2007.007368,64.62806257,1851.060997,2104.288404,1.154624954
ssp245_dic_NA_STSS,6,1850s,-55.19035275,-55.45615891,6.515260161,-78.2203386,-33.15856755,0.116399621,3133,ssp245,dic,NA_STSS,NA,STSS,2002.125262,2002.575883,60.72171115,1846.406621,2094.802253,1.084835289
ssp245_dic_NA_STSS,7,1850s,-56.53625036,-56.81293014,6.768789385,-79.32254503,-29.77954405,0.120929095,3133,ssp245,dic,NA_STSS,NA,STSS,2003.183024,2003.662725,58.47148313,1840.871613,2092.560989,1.044633412
ssp245_dic_NA_STSS,8,1850s,-56.48151172,-56.76021552,7.088026784,-79.55420564,-29.31831038,0.126632492,3133,ssp245,dic,NA_STSS,NA,STSS,2002.72989,2003.21452,56.89212244,1833.976925,2091.777013,1.016417043
ssp245_dic_NA_STSS,9,1850s,-56.06422413,-56.33683217,6.818845914,-77.95262272,-32.56439975,0.12182339,3133,ssp245,dic,NA_STSS,NA,STSS,2000.207722,2000.667812,58.26576474,1826.261351,2094.70822,1.040958111
ssp245_dic_NA_STSS,1,2090s,72.828227,74.57416281,44.30970386,-42.77096132,138.8739026,0.791623449,3133,ssp245,dic,NA_STSS,NA,STSS,2143.262276,2145.415948,86.66871421,1914.889162,2290.661171,1.548396411
ssp245_dic_NA_STSS,10,2090s,76.8236976,78.55285414,42.42239909,-40.75673788,140.5333586,0.757905446,3133,ssp245,dic,NA_STSS,NA,STSS,2131.543816,2133.891169,73.86921318,1917.274848,2272.654278,1.319724489
ssp245_dic_NA_STSS,11,2090s,74.70411695,76.47676601,43.79718261,-43.28929495,139.2276826,0.782466903,3133,ssp245,dic,NA_STSS,NA,STSS,2132.789215,2135.049907,78.34950306,1920.389845,2277.321234,1.399767961
ssp245_dic_NA_STSS,12,2090s,73.44684965,75.20810356,44.40193371,-44.80221823,137.9560019,0.793271199,3133,ssp245,dic,NA_STSS,NA,STSS,2137.84546,2140.044732,82.99749027,1917.828666,2283.444762,1.482807461
ssp245_dic_NA_STSS,2,2090s,72.62768396,74.37126819,44.68957142,-42.49851355,139.2110489,0.798410045,3133,ssp245,dic,NA_STSS,NA,STSS,2147.579902,2149.718723,88.44558645,1916.767391,2290.024604,1.580141461
ssp245_dic_NA_STSS,3,2090s,72.41385457,74.16289464,44.93273207,-41.87497012,139.4323568,0.802754278,3133,ssp245,dic,NA_STSS,NA,STSS,2148.729492,2150.860203,87.72538089,1915.931435,2284.032169,1.567274491
ssp245_dic_NA_STSS,4,2090s,73.8551529,75.5753925,43.2087724,-35.11293427,140.9313845,0.771954548,3133,ssp245,dic,NA_STSS,NA,STSS,2145.533307,2147.657949,84.23801542,1920.808919,2279.03989,1.504970299
ssp245_dic_NA_STSS,5,2090s,79.43740362,81.01748318,37.94096118,-21.88509452,141.7005848,0.677841464,3133,ssp245,dic,NA_STSS,NA,STSS,2139.566022,2141.715713,79.24162844,1921.412115,2280.297206,1.415706397
ssp245_dic_NA_STSS,6,2090s,82.35829482,83.8978737,38.13694577,-18.06572444,144.4602808,0.681342864,3133,ssp245,dic,NA_STSS,NA,STSS,2139.67391,2141.929915,76.69909446,1922.716165,2280.462106,1.370282272
ssp245_dic_NA_STSS,7,2090s,81.29232909,82.87196186,39.5548389,-27.40170978,143.8735539,0.706674504,3133,ssp245,dic,NA_STSS,NA,STSS,2141.011603,2143.347617,72.86457046,1926.775826,2278.188191,1.301775854
ssp245_dic_NA_STSS,8,2090s,79.71769754,81.35316443,40.47677288,-32.01342347,144.0523665,0.723145491,3133,ssp245,dic,NA_STSS,NA,STSS,2138.929099,2141.3279,70.20338883,1922.902126,2272.887157,1.254232007
ssp245_dic_NA_STSS,9,2090s,78.63066673,80.30376732,41.0830563,-36.08078442,143.5985745,0.733977163,3133,ssp245,dic,NA_STSS,NA,STSS,2134.902613,2137.308411,70.87713482,1920.047654,2270.153566,1.266268944
ssp245_dic_NP_SPSS,1,1850s,-35.33172987,-35.80510223,8.25709411,-72.61236204,31.01589463,0.094978169,7558,ssp245,dic,NP_SPSS,NP,SPSS,1972.487858,1971.197722,76.8806975,1526.884143,2131.062544,0.884329008
ssp245_dic_NP_SPSS,10,1850s,-38.02420211,-38.50838915,9.726143515,-66.0041514,36.14047628,0.111876077,7558,ssp245,dic,NP_SPSS,NP,SPSS,1944.412931,1943.279366,63.19352272,1522.724746,2097.359652,0.726890716
ssp245_dic_NP_SPSS,11,1850s,-37.42484413,-37.92070071,9.17175721,-78.17479243,18.31237693,0.105499185,7558,ssp245,dic,NP_SPSS,NP,SPSS,1955.641277,1954.364333,69.1273457,1539.940145,2115.242733,0.795145193
ssp245_dic_NP_SPSS,12,1850s,-36.47541871,-36.98160458,8.706388218,-71.90804021,14.10860556,0.100146225,7558,ssp245,dic,NP_SPSS,NP,SPSS,1965.592725,1964.27412,73.34168232,1545.977004,2127.296761,0.843621081
ssp245_dic_NP_SPSS,2,1850s,-34.61879314,-35.08762637,8.280160803,-70.50750083,72.02714441,0.095243496,7558,ssp245,dic,NP_SPSS,NP,SPSS,1976.744568,1975.481744,78.5667186,1558.038746,2136.952107,0.903722658
ssp245_dic_NP_SPSS,3,1850s,-34.75648822,-35.26177447,8.594950037,-70.00250946,4.769900984,0.098864395,7558,ssp245,dic,NP_SPSS,NP,SPSS,1977.551093,1976.286698,78.65132919,1563.552163,2137.748639,0.904695901
ssp245_dic_NP_SPSS,4,1850s,-35.17305585,-35.67417206,8.79292862,-70.72835876,8.842909298,0.101141666,7558,ssp245,dic,NP_SPSS,NP,SPSS,1972.107771,1970.846187,77.05485199,1567.563633,2128.647521,0.88633224
ssp245_dic_NP_SPSS,5,1850s,-36.86866996,-37.33322947,9.015723097,-80.44680422,17.83522846,0.103704385,7558,ssp245,dic,NP_SPSS,NP,SPSS,1958.3357,1957.308808,72.55762268,1550.910907,2117.813341,0.834602346
ssp245_dic_NP_SPSS,6,1850s,-38.05748503,-38.47400321,9.240780887,-68.22260815,43.95654974,0.106293138,7558,ssp245,dic,NP_SPSS,NP,SPSS,1942.977129,1942.445438,64.40034894,1529.230605,2096.815797,0.740772372
ssp245_dic_NP_SPSS,7,1850s,-38.11691192,-38.58653626,9.372113686,-68.90087724,33.58228048,0.107803809,7558,ssp245,dic,NP_SPSS,NP,SPSS,1935.365482,1934.929153,60.57039254,1530.780167,2090.088713,0.696717861
ssp245_dic_NP_SPSS,8,1850s,-38.42661903,-38.93918466,9.404087297,-70.74290226,37.05784296,0.108171589,7558,ssp245,dic,NP_SPSS,NP,SPSS,1932.422361,1931.8802,57.51049896,1526.220393,2085.444918,0.661521086
ssp245_dic_NP_SPSS,9,1850s,-37.86980757,-38.38752595,9.633911515,-71.24957844,44.81470891,0.110815168,7558,ssp245,dic,NP_SPSS,NP,SPSS,1935.194626,1934.353105,58.359011,1527.662119,2087.774553,0.671281192
ssp245_dic_NP_SPSS,1,2090s,41.36920579,42.35305302,15.0841274,-26.13716673,126.7073425,0.173506899,7558,ssp245,dic,NP_SPSS,NP,SPSS,2049.188794,2049.355877,84.58081637,1552.697678,2207.810329,0.972900505
ssp245_dic_NP_SPSS,10,2090s,41.60421359,42.54074926,14.67654301,-79.95678815,108.8454572,0.168818613,7558,ssp245,dic,NP_SPSS,NP,SPSS,2024.041346,2024.328504,73.24336535,1505.249144,2170.514843,0.842490179
ssp245_dic_NP_SPSS,11,2090s,41.05790181,42.01589271,14.8612572,-55.68674807,122.1831177,0.170943309,7558,ssp245,dic,NP_SPSS,NP,SPSS,2034.124023,2034.300926,78.46748933,1534.546387,2187.660908,0.902581262
ssp245_dic_NP_SPSS,12,2090s,41.08355813,42.03916401,14.91927006,-31.23398395,129.6332876,0.171610609,7558,ssp245,dic,NP_SPSS,NP,SPSS,2043.151702,2043.294888,81.97798115,1554.524685,2200.743392,0.942961096
ssp245_dic_NP_SPSS,2,2090s,41.21258086,42.18118962,15.23309562,-26.58955817,132.8206529,0.175220423,7558,ssp245,dic,NP_SPSS,NP,SPSS,2052.575942,2052.75056,85.87189473,1582.64992,2208.314613,0.987751281
ssp245_dic_NP_SPSS,3,2090s,40.581817,41.5221522,14.89876308,-26.64873849,138.6189782,0.171374725,7558,ssp245,dic,NP_SPSS,NP,SPSS,2052.889398,2053.070625,85.96154687,1590.557903,2208.401424,0.988782515
ssp245_dic_NP_SPSS,4,2090s,40.83845207,41.79059489,15.25541745,-25.72365076,124.0231192,0.175477182,7558,ssp245,dic,NP_SPSS,NP,SPSS,2048.119279,2048.310954,85.05734774,1585.384769,2202.048575,0.978381862
ssp245_dic_NP_SPSS,5,2090s,40.20128115,41.18098532,16.14954675,-24.70402217,105.8510835,0.185762007,7558,ssp245,dic,NP_SPSS,NP,SPSS,2035.405651,2035.823023,81.20368394,1557.310228,2190.008937,0.934054653
ssp245_dic_NP_SPSS,6,2090s,42.55778169,43.52435245,16.29941969,-46.10633834,126.1681891,0.187485937,7558,ssp245,dic,NP_SPSS,NP,SPSS,2023.592395,2024.443793,76.3833266,1531.914941,2173.199037,0.878607942
ssp245_dic_NP_SPSS,7,2090s,45.42740835,46.29780139,15.30363658,-60.62125153,128.4584447,0.176031828,7558,ssp245,dic,NP_SPSS,NP,SPSS,2018.909802,2019.813491,72.42780604,1535.81331,2155.290913,0.833109115
ssp245_dic_NP_SPSS,8,2090s,44.88620429,45.78340422,15.15790148,-69.2868472,113.3701883,0.174355494,7558,ssp245,dic,NP_SPSS,NP,SPSS,2015.735184,2016.602789,68.46822594,1515.669422,2149.162293,0.787563592
ssp245_dic_NP_SPSS,9,2090s,43.22323758,44.14936102,14.90568068,-75.56714063,108.0148845,0.171454295,7558,ssp245,dic,NP_SPSS,NP,SPSS,2016.287671,2016.889992,68.41103497,1509.148751,2149.481932,0.786905747
ssp245_dic_NP_STPS,1,1850s,-48.75147019,-48.6198967,7.860580243,-80.51246919,-18.25346005,0.059378004,17525,ssp245,dic,NP_STPS,NP,STPS,1909.763588,1908.50577,54.76427181,1627.3901,2013.5222,0.4136836
ssp245_dic_NP_STPS,10,1850s,-49.71138468,-49.57750965,7.672014549,-81.54353004,-22.76913044,0.057953598,17525,ssp245,dic,NP_STPS,NP,STPS,1904.616125,1902.975634,58.32049928,1592.911477,2012.257811,0.440546971
ssp245_dic_NP_STPS,11,1850s,-49.37917114,-49.2347128,7.95603411,-79.03741857,-18.98326075,0.060099052,17525,ssp245,dic,NP_STPS,NP,STPS,1904.463669,1902.866274,57.94983959,1596.397228,2012.556458,0.437747047
ssp245_dic_NP_STPS,12,1850s,-49.18335954,-49.03656344,7.949999406,-74.1692316,-15.91623009,0.060053467,17525,ssp245,dic,NP_STPS,NP,STPS,1906.538968,1905.090412,56.52074929,1592.178944,2012.074354,0.426951848
ssp245_dic_NP_STPS,2,1850s,-49.10545192,-48.97969416,7.807864315,-87.07401732,-22.73817553,0.058979793,17525,ssp245,dic,NP_STPS,NP,STPS,1912.616944,1911.52126,53.69564104,1652.4336,2021.471819,0.405611274
ssp245_dic_NP_STPS,3,1850s,-49.57400798,-49.45866812,7.845637059,-91.70998787,-25.2719792,0.059265124,17525,ssp245,dic,NP_STPS,NP,STPS,1914.417756,1913.459035,52.78030851,1649.160228,2019.405419,0.398696948
ssp245_dic_NP_STPS,4,1850s,-49.92244616,-49.8043246,7.494330759,-78.40203626,-26.62649016,0.056611393,17525,ssp245,dic,NP_STPS,NP,STPS,1915.651512,1914.796456,51.736423,1618.871167,2008.147536,0.390811546
ssp245_dic_NP_STPS,5,1850s,-50.46683963,-50.35148083,7.364365075,-80.68746724,-28.16180495,0.055629646,17525,ssp245,dic,NP_STPS,NP,STPS,1915.990433,1915.07999,51.15127289,1619.443091,2008.50417,0.386391383
ssp245_dic_NP_STPS,6,1850s,-50.75790188,-50.64034593,7.256283564,-79.49881564,-29.63889302,0.05481321,17525,ssp245,dic,NP_STPS,NP,STPS,1915.270207,1914.169773,51.80130183,1616.781805,2011.388259,0.391301634
ssp245_dic_NP_STPS,7,1850s,-50.5444275,-50.41906956,7.316795033,-75.84810586,-26.83295622,0.055270307,17525,ssp245,dic,NP_STPS,NP,STPS,1913.474423,1912.183536,53.00310647,1603.917728,2011.750481,0.400379941
ssp245_dic_NP_STPS,8,1850s,-50.24581245,-50.11682197,7.354475041,-75.92341984,-25.48847069,0.055554938,17525,ssp245,dic,NP_STPS,NP,STPS,1909.655893,1908.212986,54.73504672,1596.423848,2011.556276,0.413462837
ssp245_dic_NP_STPS,9,1850s,-49.86671266,-49.7318251,7.405852384,-77.09610515,-24.87559709,0.055943037,17525,ssp245,dic,NP_STPS,NP,STPS,1906.442368,1904.878849,56.86746148,1595.942376,2011.269638,0.429570875
ssp245_dic_NP_STPS,1,2090s,71.54896156,71.61387469,18.57428558,13.1193092,108.3427219,0.140308217,17525,ssp245,dic,NP_STPS,NP,STPS,2030.06402,2028.739542,69.39877462,1740.546489,2173.83021,0.524231108
ssp245_dic_NP_STPS,10,2090s,72.6114222,72.74869405,17.69041297,16.08948271,112.2031123,0.133631535,17525,ssp245,dic,NP_STPS,NP,STPS,2026.938932,2025.301837,69.85889531,1699.857607,2173.440824,0.527706812
ssp245_dic_NP_STPS,11,2090s,72.05994099,72.17837624,18.53617393,8.044574181,114.7615147,0.140020325,17525,ssp245,dic,NP_STPS,NP,STPS,2025.902781,2024.279363,71.00286242,1678.92435,2175.433492,0.53634822
ssp245_dic_NP_STPS,12,2090s,71.35771103,71.43826492,18.89336931,-2.286635146,110.232737,0.142718542,17525,ssp245,dic,NP_STPS,NP,STPS,2027.080039,2025.56524,70.9469809,1685.849349,2176.546688,0.535926097
ssp245_dic_NP_STPS,2,2090s,71.81568187,71.88713749,18.43625674,21.27705206,111.3781746,0.139265561,17525,ssp245,dic,NP_STPS,NP,STPS,2033.538078,2032.388091,68.11143741,1772.04892,2173.661533,0.514506697
ssp245_dic_NP_STPS,3,2090s,72.27469896,72.3614074,17.87257773,26.67855094,111.179158,0.135007589,17525,ssp245,dic,NP_STPS,NP,STPS,2036.266463,2035.27911,66.78438035,1787.054335,2172.816608,0.504482247
ssp245_dic_NP_STPS,4,2090s,73.41471703,73.53201087,17.67161571,28.59870593,114.2805687,0.133489543,17525,ssp245,dic,NP_STPS,NP,STPS,2038.988675,2038.132792,65.29113164,1759.663754,2176.22203,0.493202402
ssp245_dic_NP_STPS,5,2090s,74.62863904,74.77234261,17.28253309,29.99513435,112.7467301,0.130550453,17525,ssp245,dic,NP_STPS,NP,STPS,2041.085911,2040.203814,64.12007436,1738.686902,2177.98145,0.484356357
ssp245_dic_NP_STPS,6,2090s,75.20737561,75.36161502,16.88179665,23.8871392,112.7305759,0.127523332,17525,ssp245,dic,NP_STPS,NP,STPS,2041.235484,2040.171734,63.88126527,1736.451605,2177.81091,0.482552418
ssp245_dic_NP_STPS,7,2090s,74.81199391,74.98267064,17.09996109,10.24118496,112.079291,0.129171323,17525,ssp245,dic,NP_STPS,NP,STPS,2038.830845,2037.585276,64.68416754,1734.577549,2176.802787,0.488617458
ssp245_dic_NP_STPS,8,2090s,74.02613838,74.18682301,17.42568509,6.240179643,113.2681002,0.131631809,17525,ssp245,dic,NP_STPS,NP,STPS,2033.927844,2032.516631,66.04449057,1726.5826,2174.448674,0.498893196
ssp245_dic_NP_STPS,9,2090s,73.36845693,73.52148219,17.58721398,4.465200491,111.7584865,0.132851981,17525,ssp245,dic,NP_STPS,NP,STPS,2029.677538,2028.132156,67.89719166,1710.41267,2173.638825,0.512888307
ssp245_dic_NP_STSS,1,1850s,-48.35289611,-48.48653724,6.109638992,-65.48591428,-20.79984618,0.105073443,3381,ssp245,dic,NP_STSS,NP,STSS,1935.86949,1935.403982,56.73347498,1792.461602,2028.114367,0.975701112
ssp245_dic_NP_STSS,10,1850s,-51.03142471,-51.12894366,5.846090772,-67.40537683,-25.66516495,0.100540946,3381,ssp245,dic,NP_STSS,NP,STSS,1918.381459,1918.153002,44.4586782,1752.653591,2012.654804,0.764599415
ssp245_dic_NP_STSS,11,1850s,-50.62619308,-50.73111419,5.901687497,-66.56485354,-24.90574066,0.101497098,3381,ssp245,dic,NP_STSS,NP,STSS,1921.394484,1921.078968,47.37797963,1771.389214,2012.672072,0.814805499
ssp245_dic_NP_STSS,12,1850s,-50.00408239,-50.12665933,6.342340252,-66.36608656,-23.29217597,0.109075435,3381,ssp245,dic,NP_STSS,NP,STSS,1927.616365,1927.191297,51.86123812,1788.21501,2015.113524,0.891908485
ssp245_dic_NP_STSS,2,1850s,-47.79879854,-47.93773674,6.520372672,-65.69296725,-22.62400175,0.112137232,3381,ssp245,dic,NP_STSS,NP,STSS,1941.758325,1941.289114,59.44166391,1796.585862,2048.309018,1.022276488
ssp245_dic_NP_STSS,3,1850s,-47.5945138,-47.7261344,6.118280453,-67.55514035,-23.28794233,0.105222059,3381,ssp245,dic,NP_STSS,NP,STSS,1942.749803,1942.281684,59.52180605,1795.312744,2052.715899,1.023654771
ssp245_dic_NP_STSS,4,1850s,-49.12491595,-49.26695277,6.560347102,-68.47061261,-25.16923766,0.112824712,3381,ssp245,dic,NP_STSS,NP,STSS,1935.142887,1934.67308,55.94182544,1786.803142,2035.066019,0.96208634
ssp245_dic_NP_STSS,5,1850s,-50.24054743,-50.37173987,6.645847606,-71.32633928,-28.18040488,0.114295148,3381,ssp245,dic,NP_STSS,NP,STSS,1925.042979,1924.698023,51.98398867,1770.164982,2018.465179,0.894019546
ssp245_dic_NP_STSS,6,1850s,-51.42814687,-51.5526264,6.042803792,-67.63796196,-29.96205696,0.103924013,3381,ssp245,dic,NP_STSS,NP,STSS,1921.370117,1921.113674,50.56965508,1753.968649,2010.041764,0.869695867
ssp245_dic_NP_STSS,7,1850s,-51.691509,-51.79828708,5.676948418,-67.67178445,-27.54190774,0.09763204,3381,ssp245,dic,NP_STSS,NP,STSS,1919.815761,1919.582731,48.59317707,1729.749855,2011.797114,0.835704439
ssp245_dic_NP_STSS,8,1850s,-51.72753224,-51.81845789,5.793841728,-68.66220158,-25.61112122,0.099642368,3381,ssp245,dic,NP_STSS,NP,STSS,1918.746899,1918.51641,45.43012272,1719.769845,2012.098948,0.781306297
ssp245_dic_NP_STSS,9,1850s,-51.24327632,-51.33172303,5.672590882,-68.67281224,-25.82492442,0.097557099,3381,ssp245,dic,NP_STSS,NP,STSS,1918.382486,1918.163615,44.0492157,1731.192234,2011.170858,0.757557487
ssp245_dic_NP_STSS,1,2090s,67.1631073,67.44829685,15.23962956,34.34404719,100.5786822,0.262090829,3381,ssp245,dic,NP_STSS,NP,STSS,2051.385493,2051.338816,67.77480791,1900.65595,2173.097235,1.165589724
ssp245_dic_NP_STSS,10,2090s,65.8774741,66.10969623,12.51965627,33.75106698,105.8457668,0.215312786,3381,ssp245,dic,NP_STSS,NP,STSS,2035.290358,2035.391642,52.49919531,1848.137317,2172.594783,0.902880059
ssp245_dic_NP_STSS,11,2090s,66.12574388,66.39023247,13.93174545,32.54186338,101.7099134,0.239597866,3381,ssp245,dic,NP_STSS,NP,STSS,2038.146421,2038.200315,56.8505492,1875.805206,2174.942764,0.977714552
ssp245_dic_NP_STSS,12,2090s,66.18559535,66.46470422,14.60938849,32.92162786,99.79160964,0.251251957,3381,ssp245,dic,NP_STSS,NP,STSS,2043.806042,2043.78266,62.25329991,1893.000605,2175.861839,1.070630945
ssp245_dic_NP_STSS,2,2090s,66.68429165,66.98242946,14.88540881,33.85966282,104.4339581,0.255998948,3381,ssp245,dic,NP_STSS,NP,STSS,2056.241415,2056.20928,70.60338369,1902.67777,2174.287105,1.214235511
ssp245_dic_NP_STSS,3,2090s,66.4535422,66.76246091,14.99321969,33.91381907,107.5105073,0.257853077,3381,ssp245,dic,NP_STSS,NP,STSS,2056.797859,2056.770279,70.63470785,1901.428796,2176.562338,1.214774223
ssp245_dic_NP_STSS,4,2090s,67.30446154,67.6323565,15.75064179,31.78538798,109.2874654,0.270879207,3381,ssp245,dic,NP_STSS,NP,STSS,2051.572265,2051.572389,68.6406059,1883.564907,2175.667464,1.1804797
ssp245_dic_NP_STSS,5,2090s,69.32096196,69.64050311,15.64584918,30.58593055,110.7164147,0.269076986,3381,ssp245,dic,NP_STSS,NP,STSS,2044.604488,2044.710266,65.67404862,1869.633187,2177.109161,1.12946091
ssp245_dic_NP_STSS,6,2090s,69.95841171,70.21966573,14.19871681,36.33705131,111.6426445,0.244189234,3381,ssp245,dic,NP_STSS,NP,STSS,2042.756676,2042.885966,61.7781019,1853.009444,2177.476142,1.0624585
ssp245_dic_NP_STSS,7,2090s,68.52303013,68.72577915,12.37416108,36.20086517,114.5658187,0.212810563,3381,ssp245,dic,NP_STSS,NP,STSS,2040.0303,2040.106797,56.40601737,1837.989611,2176.919719,0.970069503
ssp245_dic_NP_STSS,8,2090s,66.54451418,66.7302738,11.34371336,35.03211653,111.0492358,0.195088944,3381,ssp245,dic,NP_STSS,NP,STSS,2037.018946,2037.065141,51.86446901,1826.070168,2174.805714,0.89196405
ssp245_dic_NP_STSS,9,2090s,65.6111683,65.81841319,11.57874999,33.89335601,110.3002607,0.199131099,3381,ssp245,dic,NP_STSS,NP,STSS,2035.23693,2035.313751,50.65387046,1824.117021,2173.271161,0.871144201
ssp245_dic_Pac_EQU_E,1,1850s,-38.8681334,-38.86747039,6.435750592,-67.05090787,-2.130471812,0.082933278,6022,ssp245,dic,Pac_EQU_E,Pac,EQU,1947.15674,1947.192863,64.00716629,1697.404456,2061.265529,0.824818181
ssp245_dic_Pac_EQU_E,10,1850s,-38.6245903,-38.62247303,5.781611669,-68.7255046,-10.92641218,0.07450382,6022,ssp245,dic,Pac_EQU_E,Pac,EQU,1949.402385,1949.457343,78.59905659,1494.130166,2080.898496,1.012854257
ssp245_dic_Pac_EQU_E,11,1850s,-38.66406241,-38.66112992,5.863051434,-79.10514242,-6.520915137,0.075553281,6022,ssp245,dic,Pac_EQU_E,Pac,EQU,1944.623564,1944.674575,78.27692131,1505.38787,2068.33995,1.008703112
ssp245_dic_Pac_EQU_E,12,1850s,-38.48181358,-38.48064816,5.801066968,-73.06052017,9.563056216,0.074754528,6022,ssp245,dic,Pac_EQU_E,Pac,EQU,1944.005264,1944.047643,73.61238452,1613.168082,2061.625025,0.948594299
ssp245_dic_Pac_EQU_E,2,1850s,-38.5832458,-38.58252362,7.472620047,-59.73209904,25.26539008,0.096294731,6022,ssp245,dic,Pac_EQU_E,Pac,EQU,1954.125761,1954.165156,57.70298643,1740.369158,2072.183423,0.743580368
ssp245_dic_Pac_EQU_E,3,1850s,-38.38924617,-38.38868467,7.037494267,-60.00222389,-2.111163191,0.090687552,6022,ssp245,dic,Pac_EQU_E,Pac,EQU,1957.570793,1957.610781,54.87267159,1771.527229,2078.761397,0.707107966
ssp245_dic_Pac_EQU_E,4,1850s,-38.63022394,-38.62934677,6.629410669,-64.68730473,-7.502922302,0.085428847,6022,ssp245,dic,Pac_EQU_E,Pac,EQU,1957.092519,1957.128986,54.1726385,1769.924716,2085.575824,0.6980871
ssp245_dic_Pac_EQU_E,5,1850s,-38.89834206,-38.89396892,6.655356814,-72.99360587,-4.891516037,0.085763198,6022,ssp245,dic,Pac_EQU_E,Pac,EQU,1958.87482,1958.925456,55.2887128,1716.387635,2066.827076,0.712469215
ssp245_dic_Pac_EQU_E,6,1850s,-39.7974727,-39.7953459,5.762375738,-75.30603735,-12.16126759,0.07425594,6022,ssp245,dic,Pac_EQU_E,Pac,EQU,1959.560681,1959.620806,61.3832313,1616.601413,2074.274465,0.791005259
ssp245_dic_Pac_EQU_E,7,1850s,-39.94874547,-39.94733829,5.435846971,-74.29810902,-17.86887595,0.070048178,6022,ssp245,dic,Pac_EQU_E,Pac,EQU,1958.891539,1958.952167,67.02259656,1553.405104,2080.892591,0.863676044
ssp245_dic_Pac_EQU_E,8,1850s,-39.65071526,-39.64881217,5.653060671,-65.63560465,1.679416648,0.072847268,6022,ssp245,dic,Pac_EQU_E,Pac,EQU,1957.87412,1957.935339,72.49444508,1570.871261,2085.107686,0.93418815
ssp245_dic_Pac_EQU_E,9,1850s,-39.41091598,-39.4090007,5.673928431,-71.30525075,-6.984114872,0.073116177,6022,ssp245,dic,Pac_EQU_E,Pac,EQU,1954.600978,1954.66082,76.6579883,1577.664295,2086.224545,0.987840989
ssp245_dic_Pac_EQU_E,1,2090s,64.27417991,64.25775546,16.15103528,18.78237692,123.2103071,0.208127751,6022,ssp245,dic,Pac_EQU_E,Pac,EQU,2050.299054,2050.318089,62.87543521,1791.279901,2162.216635,0.810234308
ssp245_dic_Pac_EQU_E,10,2090s,67.95172339,67.94808479,16.58017599,9.071851739,155.5885479,0.213657804,6022,ssp245,dic,Pac_EQU_E,Pac,EQU,2055.978698,2056.027901,75.03017244,1670.197751,2176.55773,0.966864398
ssp245_dic_Pac_EQU_E,11,2090s,66.46085776,66.45548022,17.3178014,6.554196317,152.2944753,0.223163097,6022,ssp245,dic,Pac_EQU_E,Pac,EQU,2049.748485,2049.791185,75.59921629,1692.697174,2168.000422,0.974197291
ssp245_dic_Pac_EQU_E,12,2090s,64.74479954,64.73468019,17.93836962,0.696982175,133.3611277,0.23115995,6022,ssp245,dic,Pac_EQU_E,Pac,EQU,2047.231877,2047.262971,73.23842165,1782.118785,2160.761671,0.943775286
ssp245_dic_Pac_EQU_E,2,2090s,66.2861728,66.27290595,15.11230119,20.86701207,118.4321504,0.194742269,6022,ssp245,dic,Pac_EQU_E,Pac,EQU,2058.995179,2059.020586,55.31570521,1828.180567,2164.34391,0.712817048
ssp245_dic_Pac_EQU_E,3,2090s,67.4070292,67.39574549,15.267,9.345379406,114.0160946,0.19673577,6022,ssp245,dic,Pac_EQU_E,Pac,EQU,2063.367069,2063.395211,52.17082748,1847.456704,2163.983472,0.672291081
ssp245_dic_Pac_EQU_E,4,2090s,67.47156829,67.45921477,16.42152935,4.382941045,112.8875649,0.211613429,6022,ssp245,dic,Pac_EQU_E,Pac,EQU,2063.194311,2063.217547,51.50270951,1835.924864,2163.448228,0.663681485
ssp245_dic_Pac_EQU_E,5,2090s,67.16565676,67.15103806,17.41224352,13.35001728,113.8444332,0.22438011,6022,ssp245,dic,Pac_EQU_E,Pac,EQU,2064.938818,2064.970463,51.58847676,1795.636963,2169.710734,0.664786711
ssp245_dic_Pac_EQU_E,6,2090s,67.26552286,67.25424929,18.15065096,-0.021926755,116.7290919,0.23389548,6022,ssp245,dic,Pac_EQU_E,Pac,EQU,2066.623676,2066.670401,58.66666572,1687.190701,2173.942459,0.755998668
ssp245_dic_Pac_EQU_E,7,2090s,66.22145606,66.21159537,18.90923707,-5.726449917,118.2653978,0.24367088,6022,ssp245,dic,Pac_EQU_E,Pac,EQU,2065.06174,2065.1111,65.88517531,1651.469774,2175.786634,0.849018845
ssp245_dic_Pac_EQU_E,8,2090s,66.73560259,66.72640022,18.5405362,-14.36555881,127.4573992,0.238919674,6022,ssp245,dic,Pac_EQU_E,Pac,EQU,2064.260438,2064.310551,70.45403967,1717.267747,2179.153827,0.90789479
ssp245_dic_Pac_EQU_E,9,2090s,67.83049075,67.82416198,17.28125071,-6.381225074,132.3569185,0.222692092,6022,ssp245,dic,Pac_EQU_E,Pac,EQU,2061.842385,2061.893983,73.29296622,1729.458281,2180.69115,0.944478166
ssp245_dic_Pac_EQU_W,1,1850s,-37.55795511,-37.54519091,8.578738654,-74.22067998,5.080064878,0.129876576,4363,ssp245,dic,Pac_EQU_W,Pac,EQU,1912.544025,1912.666913,44.84029444,1772.453917,2012.384704,0.678853168
ssp245_dic_Pac_EQU_W,10,1850s,-38.28174782,-38.27083257,8.230088907,-83.04480733,-1.60548971,0.124598244,4363,ssp245,dic,Pac_EQU_W,Pac,EQU,1910.701027,1910.796767,48.61174131,1743.834801,2014.702478,0.735950444
ssp245_dic_Pac_EQU_W,11,1850s,-38.65132821,-38.64291218,7.248605377,-74.09285042,-16.82822868,0.109739215,4363,ssp245,dic,Pac_EQU_W,Pac,EQU,1909.417576,1909.513965,46.98253693,1758.905308,2013.813443,0.711285339
ssp245_dic_Pac_EQU_W,12,1850s,-38.15376454,-38.14071015,7.718829271,-77.40850566,-9.139805846,0.116858102,4363,ssp245,dic,Pac_EQU_W,Pac,EQU,1910.831814,1910.939092,45.1560795,1763.115197,2012.56457,0.683633951
ssp245_dic_Pac_EQU_W,2,1850s,-37.93111474,-37.91650346,8.554242002,-72.45563698,6.265378759,0.129505713,4363,ssp245,dic,Pac_EQU_W,Pac,EQU,1913.056708,1913.204475,46.67562996,1775.254555,2013.877926,0.706638966
ssp245_dic_Pac_EQU_W,3,1850s,-38.3750744,-38.3622219,8.046303452,-77.70777636,-1.86165808,0.12181585,4363,ssp245,dic,Pac_EQU_W,Pac,EQU,1911.934484,1912.098625,48.29764123,1769.596703,2013.226276,0.731195171
ssp245_dic_Pac_EQU_W,4,1850s,-39.07448671,-39.06259158,8.117667567,-74.66022464,-0.216813399,0.122896257,4363,ssp245,dic,Pac_EQU_W,Pac,EQU,1909.072948,1909.235318,47.96684279,1751.194114,2010.093029,0.726187096
ssp245_dic_Pac_EQU_W,5,1850s,-39.29810462,-39.28572715,7.861363534,-71.48251719,-14.04027813,0.119015979,4363,ssp245,dic,Pac_EQU_W,Pac,EQU,1906.265822,1906.404836,45.05658241,1734.711499,2006.577958,0.682127629
ssp245_dic_Pac_EQU_W,6,1850s,-39.07796265,-39.06280214,8.033785464,-69.99397102,-12.79288704,0.121626336,4363,ssp245,dic,Pac_EQU_W,Pac,EQU,1905.557481,1905.670684,43.16650822,1743.249569,2001.133235,0.653513123
ssp245_dic_Pac_EQU_W,7,1850s,-38.19129464,-38.17254493,8.543494277,-70.77799679,-7.206547996,0.129342999,4363,ssp245,dic,Pac_EQU_W,Pac,EQU,1906.78533,1906.879703,43.82630469,1760.629788,2001.97748,0.663502017
ssp245_dic_Pac_EQU_W,8,1850s,-37.83439729,-37.81561896,8.459166895,-71.52678536,-12.27268774,0.128066337,4363,ssp245,dic,Pac_EQU_W,Pac,EQU,1908.757678,1908.842996,45.72530156,1767.16626,2008.718903,0.692251606
ssp245_dic_Pac_EQU_W,9,1850s,-37.76640069,-37.75110175,8.443877257,-88.9680385,-4.793081957,0.127834861,4363,ssp245,dic,Pac_EQU_W,Pac,EQU,1910.956501,1911.045796,47.79797983,1746.28296,2013.357857,0.723630619
ssp245_dic_Pac_EQU_W,1,2090s,57.98656462,57.9487241,26.75032502,2.690402994,132.723189,0.404982686,4363,ssp245,dic,Pac_EQU_W,Pac,EQU,2008.088545,2008.160828,45.15300559,1847.115177,2102.136125,0.683587414
ssp245_dic_Pac_EQU_W,10,2090s,57.1667505,57.11439288,30.89921934,-19.30117293,121.3107072,0.467794273,4363,ssp245,dic,Pac_EQU_W,Pac,EQU,2006.149525,2006.181992,49.11943353,1852.827142,2113.85506,0.743636577
ssp245_dic_Pac_EQU_W,11,2090s,57.6142988,57.57106191,29.285257,-4.416782481,122.4921677,0.443359923,4363,ssp245,dic,Pac_EQU_W,Pac,EQU,2005.683203,2005.727939,48.3182971,1855.931269,2109.64556,0.731507888
ssp245_dic_Pac_EQU_W,12,2090s,57.65640403,57.62016533,27.36254729,3.804419305,124.6426677,0.414251337,4363,ssp245,dic,Pac_EQU_W,Pac,EQU,2006.641983,2006.699967,46.77819962,1854.744792,2111.06187,0.708191804
ssp245_dic_Pac_EQU_W,2,2090s,57.47495877,57.4365161,26.75587619,-2.909730277,142.9039125,0.405066727,4363,ssp245,dic,Pac_EQU_W,Pac,EQU,2008.462782,2008.557495,45.69552216,1850.97935,2100.743852,0.691800765
ssp245_dic_Pac_EQU_W,3,2090s,56.92033361,56.87666258,26.68605774,-5.646406127,149.4565477,0.404009721,4363,ssp245,dic,Pac_EQU_W,Pac,EQU,2007.229892,2007.33751,46.67182112,1861.917662,2104.510836,0.706581302
ssp245_dic_Pac_EQU_W,4,2090s,56.14503009,56.09468148,26.76320959,-3.467359452,144.8626645,0.40517775,4363,ssp245,dic,Pac_EQU_W,Pac,EQU,2004.292465,2004.392592,46.80488955,1866.17284,2105.725956,0.708595872
ssp245_dic_Pac_EQU_W,5,2090s,55.39551357,55.33650153,26.84723361,-6.771375477,148.4876486,0.40644982,4363,ssp245,dic,Pac_EQU_W,Pac,EQU,2000.95944,2001.027065,44.57368739,1849.975165,2105.222541,0.674816909
ssp245_dic_Pac_EQU_W,6,2090s,55.0963587,55.02908648,27.86558423,-10.24351759,144.9203542,0.421866992,4363,ssp245,dic,Pac_EQU_W,Pac,EQU,1999.731802,1999.762573,43.57111126,1829.981363,2109.15042,0.659638553
ssp245_dic_Pac_EQU_W,7,2090s,54.89794378,54.82763042,28.68237336,-12.82267645,138.1708182,0.434232653,4363,ssp245,dic,Pac_EQU_W,Pac,EQU,1999.874569,1999.879878,44.36304894,1850.97976,2104.387614,0.671627979
ssp245_dic_Pac_EQU_W,8,2090s,55.18657384,55.11837252,30.12285395,-17.26773964,130.3113992,0.456040601,4363,ssp245,dic,Pac_EQU_W,Pac,EQU,2001.778649,2001.776987,46.55070407,1856.702825,2102.647862,0.704747668
ssp245_dic_Pac_EQU_W,9,2090s,56.17537275,56.11361166,31.89723798,-17.98195938,121.3542583,0.482903632,4363,ssp245,dic,Pac_EQU_W,Pac,EQU,2004.898275,2004.910509,48.31914729,1841.789397,2109.690734,0.731520759
ssp245_dic_SA_STPS,1,1850s,-54.50756941,-54.59399213,6.775769657,-82.5128715,-12.63608174,0.076784497,7787,ssp245,dic,SA_STPS,SA,STPS,1998.631048,1998.896757,50.90293638,1823.36382,2086.093848,0.576843161
ssp245_dic_SA_STPS,10,1850s,-52.92516927,-53.00958955,6.594726162,-70.23415581,-11.19513337,0.074732873,7787,ssp245,dic,SA_STPS,SA,STPS,1995.47712,1995.579078,56.6434416,1834.974023,2089.877489,0.641895817
ssp245_dic_SA_STPS,11,1850s,-53.82644239,-53.89608199,6.702819405,-69.56997641,-15.34210965,0.075957809,7787,ssp245,dic,SA_STPS,SA,STPS,1995.568234,1995.797722,54.68803186,1850.342095,2101.056889,0.619736688
ssp245_dic_SA_STPS,12,1850s,-54.91967652,-54.98542344,6.751111129,-72.8538777,-21.51008973,0.076505062,7787,ssp245,dic,SA_STPS,SA,STPS,1997.288814,1997.583979,52.49973239,1842.983215,2098.608591,0.594938402
ssp245_dic_SA_STPS,2,1850s,-55.00618654,-55.07892991,6.925872863,-86.98970544,-7.67066463,0.0784855,7787,ssp245,dic,SA_STPS,SA,STPS,1998.006598,1998.239118,51.13059737,1788.597487,2073.588668,0.579423065
ssp245_dic_SA_STPS,3,1850s,-54.83403522,-54.90071217,7.199146799,-109.8929823,-10.83574306,0.081582299,7787,ssp245,dic,SA_STPS,SA,STPS,1996.178227,1996.368776,52.81717139,1684.333788,2070.628919,0.598535689
ssp245_dic_SA_STPS,4,1850s,-54.58691751,-54.65848483,7.050583227,-94.88619235,-4.159494833,0.079898745,7787,ssp245,dic,SA_STPS,SA,STPS,1993.883433,1994.021266,54.4814772,1772.656952,2072.053288,0.617395965
ssp245_dic_SA_STPS,5,1850s,-54.21186407,-54.29661502,7.029745844,-100.2115645,-6.753862532,0.079662611,7787,ssp245,dic,SA_STPS,SA,STPS,1992.679876,1992.788711,56.06346656,1801.377128,2078.588591,0.635323413
ssp245_dic_SA_STPS,6,1850s,-53.73204278,-53.818339,6.641519109,-73.55802665,-19.08630306,0.075263141,7787,ssp245,dic,SA_STPS,SA,STPS,1992.79499,1992.877431,57.88206498,1730.554689,2083.256017,0.655932167
ssp245_dic_SA_STPS,7,1850s,-53.07420639,-53.16178999,6.300819409,-71.01353973,-22.06498388,0.071402258,7787,ssp245,dic,SA_STPS,SA,STPS,1993.962801,1993.996959,59.41397278,1773.170812,2090.353176,0.67329208
ssp245_dic_SA_STPS,8,1850s,-52.73423018,-52.83409065,6.271690229,-68.4623968,-21.643542,0.07107216,7787,ssp245,dic,SA_STPS,SA,STPS,1995.298492,1995.288739,59.70471598,1809.976886,2095.956223,0.676586845
ssp245_dic_SA_STPS,9,1850s,-52.64880251,-52.74307567,6.3660229,-70.34619865,-22.31319751,0.072141158,7787,ssp245,dic,SA_STPS,SA,STPS,1996.094194,1996.092403,58.60255762,1817.868975,2096.893686,0.664096946
ssp245_dic_SA_STPS,1,2090s,95.8322349,96.13626376,11.31881507,56.16574187,126.1779997,0.128267278,7787,ssp245,dic,SA_STPS,SA,STPS,2148.970852,2149.627013,54.41658919,1974.667759,2244.628533,0.61666064
ssp245_dic_SA_STPS,10,2090s,94.39084984,94.70982633,13.4361795,57.17372193,127.8377825,0.152261712,7787,ssp245,dic,SA_STPS,SA,STPS,2142.793139,2143.298493,61.08566796,1979.996183,2252.503305,0.692236093
ssp245_dic_SA_STPS,11,2090s,95.01946023,95.33508902,13.01576475,55.230495,129.1688692,0.147497481,7787,ssp245,dic,SA_STPS,SA,STPS,2144.414136,2145.028893,59.40456279,1973.816828,2253.415918,0.673185444
ssp245_dic_SA_STPS,12,2090s,95.25092512,95.57214527,11.98795711,59.25743789,125.7736621,0.135850141,7787,ssp245,dic,SA_STPS,SA,STPS,2147.459416,2148.141547,56.81348177,1969.750336,2249.773204,0.643822749
ssp245_dic_SA_STPS,2,2090s,95.68202578,95.99334144,11.02232043,55.1456607,145.521577,0.124907336,7787,ssp245,dic,SA_STPS,SA,STPS,2148.69481,2149.31139,53.49643923,1982.229035,2240.68164,0.606233301
ssp245_dic_SA_STPS,3,2090s,95.62981869,95.96665692,11.36015029,56.18636967,163.8170366,0.128735697,7787,ssp245,dic,SA_STPS,SA,STPS,2146.642081,2147.236145,54.3738752,1910.824551,2238.996776,0.616176596
ssp245_dic_SA_STPS,4,2090s,95.2103692,95.5494212,11.71298913,59.24673325,145.1947465,0.132734144,7787,ssp245,dic,SA_STPS,SA,STPS,2143.68072,2144.229172,55.91951053,1984.278509,2239.867844,0.633692072
ssp245_dic_SA_STPS,5,2090s,94.99747434,95.34610123,12.24340048,63.98760941,136.2989442,0.138744881,7787,ssp245,dic,SA_STPS,SA,STPS,2141.889214,2142.431427,57.89230147,1937.417195,2244.309719,0.656048169
ssp245_dic_SA_STPS,6,2090s,94.77814488,95.11312176,12.62411134,68.21409125,127.4342595,0.143059179,7787,ssp245,dic,SA_STPS,SA,STPS,2141.305178,2141.808891,60.03609036,1886.149183,2248.332571,0.680342052
ssp245_dic_SA_STPS,7,2090s,94.69120996,95.02046943,13.17219011,67.68564959,128.5257574,0.149270127,7787,ssp245,dic,SA_STPS,SA,STPS,2141.728217,2142.179219,61.81363218,1915.127886,2248.683554,0.700485543
ssp245_dic_SA_STPS,8,2090s,94.37751747,94.69989224,13.53543598,65.75657168,127.8237831,0.153386508,7787,ssp245,dic,SA_STPS,SA,STPS,2142.410239,2142.822722,62.66873452,1950.721183,2249.831447,0.710175748
ssp245_dic_SA_STPS,9,2090s,94.10296756,94.43008117,13.6464575,63.62892831,127.9295574,0.154644629,7787,ssp245,dic,SA_STPS,SA,STPS,2142.845964,2143.26556,62.24654079,1963.458484,2251.054725,0.705391357
ssp245_dic_SO_SPSS,1,1850s,-37.68027842,-37.60445695,5.061069925,-64.62520924,10.29408342,0.034468149,21560,ssp245,dic,SO_SPSS,SO,SPSS,2033.778112,2033.149357,51.21367414,1529.314044,2141.648133,0.348788017
ssp245_dic_SO_SPSS,10,1850s,-34.40029567,-34.58596457,4.732563502,-61.32835704,17.27775671,0.032230873,21560,ssp245,dic,SO_SPSS,SO,SPSS,2047.784942,2046.625647,58.29984497,1539.136343,2195.815405,0.397048008
ssp245_dic_SO_SPSS,11,1850s,-35.33905566,-35.49246643,4.799050175,-60.2626326,17.93660882,0.032683677,21560,ssp245,dic,SO_SPSS,SO,SPSS,2044.44446,2043.325223,56.12394697,1534.269433,2174.160563,0.38222917
ssp245_dic_SO_SPSS,12,1850s,-37.09641931,-37.07688554,4.744764561,-60.05783448,0.183272483,0.032313968,21560,ssp245,dic,SO_SPSS,SO,SPSS,2037.639193,2036.886444,52.93041757,1529.369222,2154.293112,0.360479807
ssp245_dic_SO_SPSS,2,1850s,-37.57781154,-37.55555035,4.740180567,-62.61626346,9.834370605,0.032282749,21560,ssp245,dic,SO_SPSS,SO,SPSS,2033.535287,2032.742336,50.67606276,1527.143478,2145.191342,0.345126643
ssp245_dic_SO_SPSS,3,1850s,-37.12253073,-37.15090239,4.636241251,-58.69356103,8.716096828,0.031574876,21560,ssp245,dic,SO_SPSS,SO,SPSS,2035.310477,2034.333967,51.95202009,1527.20549,2150.90752,0.353816483
ssp245_dic_SO_SPSS,4,1850s,-36.45243691,-36.54371585,4.515024709,-57.6196164,10.0025459,0.030749337,21560,ssp245,dic,SO_SPSS,SO,SPSS,2037.794368,2036.662492,54.21423819,1529.965972,2157.25823,0.369223199
ssp245_dic_SO_SPSS,5,1850s,-35.8361131,-35.97387507,4.513680311,-59.42838478,8.127166407,0.030740181,21560,ssp245,dic,SO_SPSS,SO,SPSS,2040.680175,2039.474851,56.03677571,1533.156761,2161.498292,0.381635495
ssp245_dic_SO_SPSS,6,1850s,-35.34919955,-35.51139282,4.570053252,-59.87410192,9.981730042,0.031124106,21560,ssp245,dic,SO_SPSS,SO,SPSS,2043.304857,2042.059188,57.40805538,1536.957056,2176.597993,0.390974522
ssp245_dic_SO_SPSS,7,1850s,-34.94879782,-35.11404742,4.543187801,-59.54818046,12.26596739,0.03094114,21560,ssp245,dic,SO_SPSS,SO,SPSS,2045.394259,2044.168205,58.69998767,1540.541551,2189.700866,0.399773159
ssp245_dic_SO_SPSS,8,1850s,-34.41805696,-34.59761115,4.555741173,-58.35604398,13.97243944,0.031026634,21560,ssp245,dic,SO_SPSS,SO,SPSS,2047.516545,2046.30741,59.18103631,1540.798439,2197.695882,0.403049315
ssp245_dic_SO_SPSS,9,1850s,-34.16174328,-34.35318469,4.755979053,-60.02555897,16.13338527,0.032390344,21560,ssp245,dic,SO_SPSS,SO,SPSS,2048.598537,2047.40029,59.03311324,1541.334102,2202.315419,0.402041893
ssp245_dic_SO_SPSS,1,2090s,54.95169891,54.98032398,9.047783935,15.38308168,119.3043759,0.061619454,21560,ssp245,dic,SO_SPSS,SO,SPSS,2126.41009,2125.734137,57.22962265,1632.977237,2247.402183,0.389759316
ssp245_dic_SO_SPSS,10,2090s,53.86190583,54.08367773,8.246680779,20.72565069,96.42615617,0.056163583,21560,ssp245,dic,SO_SPSS,SO,SPSS,2136.047143,2135.295289,61.48782212,1640.987786,2257.975868,0.418759558
ssp245_dic_SO_SPSS,11,2090s,53.96965031,54.15222398,8.138596118,20.95726702,94.47621409,0.055427478,21560,ssp245,dic,SO_SPSS,SO,SPSS,2133.753166,2132.969913,60.13693685,1638.256572,2257.228148,0.409559425
ssp245_dic_SO_SPSS,12,2090s,54.42827165,54.50694914,8.794315899,17.45586899,99.7309083,0.059893223,21560,ssp245,dic,SO_SPSS,SO,SPSS,2129.163884,2128.470279,58.37866877,1635.197893,2251.799594,0.397584833
ssp245_dic_SO_SPSS,2,2090s,54.69989079,54.74950316,9.105079528,19.62250731,122.4692017,0.062009662,21560,ssp245,dic,SO_SPSS,SO,SPSS,2125.81299,2125.04739,56.90459422,1633.844642,2245.40056,0.387545727
ssp245_dic_SO_SPSS,3,2090s,54.32451289,54.42828289,8.819413494,24.26287488,108.6537375,0.060064149,21560,ssp245,dic,SO_SPSS,SO,SPSS,2126.757521,2125.913153,57.72625822,1635.520278,2246.811598,0.393141626
ssp245_dic_SO_SPSS,4,2090s,54.09663087,54.24865829,8.491387267,27.30089811,101.7554217,0.057830144,21560,ssp245,dic,SO_SPSS,SO,SPSS,2128.343435,2127.454866,59.14123328,1635.775151,2250.380195,0.402778239
ssp245_dic_SO_SPSS,5,2090s,53.95818435,54.14299867,8.27276425,27.06806485,93.9579865,0.056341223,21560,ssp245,dic,SO_SPSS,SO,SPSS,2130.474472,2129.591725,60.25290958,1634.622059,2252.755299,0.410349251
ssp245_dic_SO_SPSS,6,2090s,53.96922546,54.18275616,8.232708244,26.51499072,93.97401626,0.056068424,21560,ssp245,dic,SO_SPSS,SO,SPSS,2132.623282,2131.753337,61.24340229,1636.484718,2254.556683,0.417094949
ssp245_dic_SO_SPSS,7,2090s,53.96393465,54.20019093,8.208816329,26.41846825,97.9437576,0.055905709,21560,ssp245,dic,SO_SPSS,SO,SPSS,2134.306992,2133.482443,62.18559475,1639.861841,2256.048057,0.423511701
ssp245_dic_SO_SPSS,8,2090s,54.01271771,54.25458555,8.15695159,25.46709909,97.63409279,0.055552487,21560,ssp245,dic,SO_SPSS,SO,SPSS,2135.94732,2135.159607,62.45908045,1643.905786,2259.498129,0.425374261
ssp245_dic_SO_SPSS,9,2090s,53.93393839,54.16787955,8.152822725,24.6195383,96.49309472,0.055524368,21560,ssp245,dic,SO_SPSS,SO,SPSS,2136.694218,2135.921355,62.19437534,1643.786751,2260.767725,0.423571501
ssp245_dic_SO_STSS,1,1850s,-42.66240177,-42.86438887,6.604497137,-129.9794256,-14.57027291,0.052413343,15878,ssp245,dic,SO_STSS,SO,STSS,1991.94625,1991.241929,51.54585633,1739.938134,2152.419854,0.409068332
ssp245_dic_SO_STSS,10,1850s,-42.09606247,-42.28767979,5.515579924,-105.3916103,-15.45213938,0.043771687,15878,ssp245,dic,SO_STSS,SO,STSS,2008.192114,2007.498867,56.72284497,1613.752885,2145.906094,0.450152956
ssp245_dic_SO_STSS,11,1850s,-42.48550335,-42.67060859,5.922077714,-80.89377109,-13.08932833,0.046997657,15878,ssp245,dic,SO_STSS,SO,STSS,2001.275898,2000.555727,54.10414001,1704.42204,2122.570124,0.429370892
ssp245_dic_SO_STSS,12,1850s,-42.3952885,-42.60524576,6.634922802,-85.12457152,-19.96705381,0.052654801,15878,ssp245,dic,SO_STSS,SO,STSS,1995.517814,1994.803039,52.4277528,1741.496378,2143.269889,0.41606707
ssp245_dic_SO_STSS,2,1850s,-43.46041209,-43.6803761,6.613741359,-117.6138807,-8.678225202,0.052486705,15878,ssp245,dic,SO_STSS,SO,STSS,1990.491304,1989.758213,51.27754126,1768.314946,2154.197936,0.406938982
ssp245_dic_SO_STSS,3,1850s,-43.76589753,-43.98821875,6.287177781,-107.8433834,-6.126896588,0.049895094,15878,ssp245,dic,SO_STSS,SO,STSS,1991.028442,1990.243407,51.83160752,1690.230632,2149.610798,0.411336056
ssp245_dic_SO_STSS,4,1850s,-43.78187668,-43.99933212,5.951215216,-121.2074041,-8.983433337,0.047228892,15878,ssp245,dic,SO_STSS,SO,STSS,1993.79218,1992.955897,53.49921361,1482.541009,2134.349251,0.424570191
ssp245_dic_SO_STSS,5,1850s,-43.72004658,-43.93564597,5.639381395,-89.56434852,-12.28400597,0.044754176,15878,ssp245,dic,SO_STSS,SO,STSS,1998.130251,1997.308132,55.3746835,1554.097749,2103.935627,0.439453936
ssp245_dic_SO_STSS,6,1850s,-43.25768635,-43.46230756,5.323786677,-74.85850253,8.275398475,0.042249614,15878,ssp245,dic,SO_STSS,SO,STSS,2002.994817,2002.238246,57.4174553,1624.777611,2146.728359,0.455665389
ssp245_dic_SO_STSS,7,1850s,-42.47001777,-42.66452783,5.153350912,-82.64378241,-4.887652918,0.040897034,15878,ssp245,dic,SO_STSS,SO,STSS,2007.555221,2006.878503,59.06406004,1556.342503,2150.732312,0.468732858
ssp245_dic_SO_STSS,8,1850s,-41.99837795,-42.19220622,5.30011685,-89.25998424,39.09672597,0.04206177,15878,ssp245,dic,SO_STSS,SO,STSS,2010.92351,2010.288255,59.14436531,1581.327289,2155.700799,0.469370161
ssp245_dic_SO_STSS,9,1850s,-41.94654094,-42.13941245,5.264472948,-85.6432273,-4.756597047,0.0417789,15878,ssp245,dic,SO_STSS,SO,STSS,2011.530162,2010.898834,58.43315717,1584.311272,2158.741343,0.463726007
ssp245_dic_SO_STSS,1,2090s,73.89362794,74.43754935,15.01677815,15.07136685,132.6781941,0.119173273,15878,ssp245,dic,SO_STSS,SO,STSS,2108.50228,2108.543867,57.2682305,1951.551603,2225.249598,0.45448114
ssp245_dic_SO_STSS,10,2090s,72.44447979,72.95160631,14.21946889,44.52399819,165.2366887,0.11284582,15878,ssp245,dic,SO_STSS,SO,STSS,2122.732656,2122.738154,62.13938165,1884.381184,2242.430241,0.493138635
ssp245_dic_SO_STSS,11,2090s,72.59112338,73.08918704,14.23049458,36.95997212,185.3082453,0.11293332,15878,ssp245,dic,SO_STSS,SO,STSS,2116.352525,2116.315523,59.66217963,1932.188923,2234.58623,0.473479539
ssp245_dic_SO_STSS,12,2090s,73.07401318,73.57825316,14.5943382,24.20270844,153.3892384,0.115820786,15878,ssp245,dic,SO_STSS,SO,STSS,2110.987116,2110.986538,58.05649148,1951.373725,2230.557906,0.460736785
ssp245_dic_SO_STSS,2,2090s,73.86444118,74.41285589,14.97177852,12.47221195,131.3702413,0.118816155,15878,ssp245,dic,SO_STSS,SO,STSS,2107.816157,2107.851445,56.90720045,1860.660141,2220.993383,0.451616002
ssp245_dic_SO_STSS,3,2090s,73.79047674,74.32474215,14.87663168,-44.47201938,133.0748824,0.118061069,15878,ssp245,dic,SO_STSS,SO,STSS,2108.584816,2108.556368,57.29492866,1674.526391,2219.797558,0.454693017
ssp245_dic_SO_STSS,4,2090s,73.49438327,74.02469375,14.62959249,17.48778576,132.7675183,0.116100564,15878,ssp245,dic,SO_STSS,SO,STSS,2111.06844,2110.979923,58.82127905,1566.236893,2219.931538,0.466806146
ssp245_dic_SO_STSS,5,2090s,73.20754896,73.73482253,14.60484335,9.034170522,209.619673,0.115904155,15878,ssp245,dic,SO_STSS,SO,STSS,2115.057847,2114.978601,60.87369799,1622.820864,2229.712957,0.483094159
ssp245_dic_SO_STSS,6,2090s,73.03044166,73.55342004,14.64756546,44.28153875,243.4832077,0.116243198,15878,ssp245,dic,SO_STSS,SO,STSS,2119.282945,2119.253974,62.94324108,1710.333948,2238.074741,0.49951807
ssp245_dic_SO_STSS,7,2090s,72.91525113,73.4278439,14.49354173,35.98597996,179.2694242,0.115020864,15878,ssp245,dic,SO_STSS,SO,STSS,2122.94049,2122.970875,64.4444706,1743.81052,2245.333554,0.511431839
ssp245_dic_SO_STSS,8,2090s,72.54481086,73.043234,14.2085051,42.76379118,173.2948964,0.112758811,15878,ssp245,dic,SO_STSS,SO,STSS,2125.466698,2125.523695,64.60911379,1715.525459,2250.013715,0.512738449
ssp245_dic_SO_STSS,9,2090s,72.37784365,72.86988412,14.08807774,39.32887294,154.463522,0.111803099,15878,ssp245,dic,SO_STSS,SO,STSS,2125.854547,2125.908131,63.94607752,1788.599151,2248.724653,0.507476588
ssp245_dic_SP_STPS,1,1850s,-48.87348816,-48.91473669,8.230419765,-85.5575226,-18.14449415,0.053181448,23951,ssp245,dic,SP_STPS,SP,STPS,1973.059463,1972.268011,57.81318347,1787.948033,2088.849417,0.373564036
ssp245_dic_SP_STPS,10,1850s,-48.32709341,-48.42770014,7.879645992,-76.66111231,-10.34560218,0.050914898,23951,ssp245,dic,SP_STPS,SP,STPS,1974.311872,1973.340403,59.58380779,1798.015322,2119.311239,0.385005052
ssp245_dic_SP_STPS,11,1850s,-48.88037841,-48.95339235,8.13707885,-81.14788263,-14.5321547,0.052578319,23951,ssp245,dic,SP_STPS,SP,STPS,1973.919037,1973.09159,58.48585874,1799.936543,2109.53985,0.377910576
ssp245_dic_SP_STPS,12,1850s,-49.36542181,-49.42824918,8.339271134,-88.72659033,-19.68952621,0.053884799,23951,ssp245,dic,SP_STPS,SP,STPS,1973.698438,1972.939112,57.83278456,1797.834137,2088.363187,0.37369069
ssp245_dic_SP_STPS,2,1850s,-48.80403329,-48.83374414,8.225125133,-88.20202787,-18.1731107,0.053147237,23951,ssp245,dic,SP_STPS,SP,STPS,1971.509624,1970.598298,58.29820715,1778.630797,2088.632644,0.376698051
ssp245_dic_SP_STPS,3,1850s,-48.59819609,-48.6134146,8.266322418,-84.74145868,-17.4004865,0.053413436,23951,ssp245,dic,SP_STPS,SP,STPS,1969.631061,1968.590593,58.92102479,1757.480224,2086.428997,0.380722432
ssp245_dic_SP_STPS,4,1850s,-48.37830322,-48.38984535,8.439230155,-86.48416165,-13.24182359,0.054530692,23951,ssp245,dic,SP_STPS,SP,STPS,1968.33791,1967.185096,59.43813546,1747.017558,2086.380268,0.38406378
ssp245_dic_SP_STPS,5,1850s,-48.19794332,-48.21250031,8.239023001,-85.73437811,-11.67923242,0.053237039,23951,ssp245,dic,SP_STPS,SP,STPS,1968.344142,1967.139471,59.52211271,1768.988405,2089.054033,0.384606405
ssp245_dic_SP_STPS,6,1850s,-48.17385372,-48.2044146,7.998105217,-77.94243297,-12.65658623,0.051680331,23951,ssp245,dic,SP_STPS,SP,STPS,1969.683838,1968.476216,59.82397282,1781.34886,2098.661197,0.386556896
ssp245_dic_SP_STPS,7,1850s,-48.0935181,-48.16564284,7.652901229,-77.26526877,-13.25103641,0.049449771,23951,ssp245,dic,SP_STPS,SP,STPS,1971.818807,1970.614468,60.31679267,1785.962258,2110.826139,0.389741287
ssp245_dic_SP_STPS,8,1850s,-47.96159515,-48.06726588,7.555532221,-75.45657775,-9.387991073,0.048820614,23951,ssp245,dic,SP_STPS,SP,STPS,1973.865717,1972.680107,60.50242492,1790.43127,2119.027967,0.390940763
ssp245_dic_SP_STPS,9,1850s,-47.93840141,-48.06113079,7.61232604,-74.87096664,-7.933065992,0.049187591,23951,ssp245,dic,SP_STPS,SP,STPS,1974.763073,1973.644254,60.29336747,1793.876864,2123.659364,0.389589923
ssp245_dic_SP_STPS,1,2090s,83.9549573,84.41192836,16.93204744,17.82530516,133.0014082,0.10940764,23951,ssp245,dic,SP_STPS,SP,STPS,2105.887909,2105.594676,60.69656266,1907.115816,2219.367297,0.392195198
ssp245_dic_SP_STPS,10,2090s,82.46189433,82.96083839,17.39172017,12.48835989,123.4786839,0.112377849,23951,ssp245,dic,SP_STPS,SP,STPS,2105.100859,2104.728942,62.49443558,1919.725933,2212.29823,0.403812283
ssp245_dic_SP_STPS,11,2090s,82.79895775,83.27292469,17.27871411,17.94954818,122.9631333,0.111647652,23951,ssp245,dic,SP_STPS,SP,STPS,2105.598373,2105.317907,61.67289733,1921.779632,2213.199003,0.398503854
ssp245_dic_SP_STPS,12,2090s,83.11302986,83.57926659,17.12507523,20.89045758,125.1416718,0.110654903,23951,ssp245,dic,SP_STPS,SP,STPS,2106.17689,2105.946628,60.989383,1914.388665,2215.622141,0.394087277
ssp245_dic_SP_STPS,2,2090s,83.54704908,83.99571908,17.02422042,15.38406936,142.5193616,0.110003223,23951,ssp245,dic,SP_STPS,SP,STPS,2103.860706,2103.427762,61.01500792,1897.085235,2221.206049,0.394252855
ssp245_dic_SP_STPS,3,2090s,83.04966254,83.49001504,17.42777828,15.1314271,146.1369641,0.112610841,23951,ssp245,dic,SP_STPS,SP,STPS,2101.27892,2100.694022,61.69847907,1876.554526,2221.646958,0.398669153
ssp245_dic_SP_STPS,4,2090s,82.49528361,82.91395741,17.66404679,7.708339651,140.2136085,0.114137507,23951,ssp245,dic,SP_STPS,SP,STPS,2099.211496,2098.488898,62.21996324,1858.946935,2219.590802,0.40203876
ssp245_dic_SP_STPS,5,2090s,82.2113823,82.63405969,17.936833,9.354389931,139.342795,0.115900134,23951,ssp245,dic,SP_STPS,SP,STPS,2098.753467,2097.986031,62.49068495,1877.45539,2216.748248,0.403788048
ssp245_dic_SP_STPS,6,2090s,82.01265755,82.46166952,18.03348515,-4.361047547,139.0555184,0.116524659,23951,ssp245,dic,SP_STPS,SP,STPS,2099.870349,2099.142301,62.74116812,1889.983491,2213.536233,0.405406563
ssp245_dic_SP_STPS,7,2090s,82.03509815,82.50615282,17.94419678,-11.90952862,138.0256677,0.115947716,23951,ssp245,dic,SP_STPS,SP,STPS,2101.947423,2101.286264,63.15412274,1897.852847,2213.478358,0.408074899
ssp245_dic_SP_STPS,8,2090s,81.97334466,82.45900634,17.74671525,-14.32595739,130.8926675,0.114671675,23951,ssp245,dic,SP_STPS,SP,STPS,2103.800656,2103.206379,63.25792149,1904.332349,2215.458711,0.408745602
ssp245_dic_SP_STPS,9,2090s,82.11683214,82.6192766,17.58208254,3.684566964,125.5904936,0.113607889,23951,ssp245,dic,SP_STPS,SP,STPS,2104.818306,2104.324661,63.02394974,1912.481007,2215.700599,0.407233776
ssp245_pCO2_Atl_EQU,1,1850s,-82.96047377,-82.95918471,6.907223962,-97.99463562,-51.7624176,0.128043355,2910,ssp245,pCO2,Atl_EQU,Atl,EQU,310.7854587,310.7861709,16.55424814,236.0597992,355.237879,0.306876029
ssp245_pCO2_Atl_EQU,10,1850s,-81.392123,-81.38848375,6.990171518,-101.0905579,-32.08393173,0.129581003,2910,ssp245,pCO2,Atl_EQU,Atl,EQU,305.0261677,305.0305424,15.13586427,157.0866684,362.1963135,0.280582597
ssp245_pCO2_Atl_EQU,11,1850s,-82.47758701,-82.47495163,6.791411859,-98.26858704,-35.22959595,0.125896476,2910,ssp245,pCO2,Atl_EQU,Atl,EQU,307.0668985,307.0657987,16.28671284,187.3999359,397.1027863,0.301916567
ssp245_pCO2_Atl_EQU,12,1850s,-83.47588555,-83.47400434,6.848109693,-95.69343628,-42.46032043,0.126947518,2910,ssp245,pCO2,Atl_EQU,Atl,EQU,307.8157296,307.8147301,16.57996351,202.0562317,346.5472937,0.307352731
ssp245_pCO2_Atl_EQU,2,1850s,-84.18206284,-84.18149308,6.456249434,-99.42525024,-56.9841807,0.119683369,2910,ssp245,pCO2,Atl_EQU,Atl,EQU,318.6789944,318.686618,17.20178947,248.0058273,367.9553894,0.318879892
ssp245_pCO2_Atl_EQU,3,1850s,-84.27929148,-84.27878825,5.605191925,-99.28939453,-57.34896545,0.103906806,2910,ssp245,pCO2,Atl_EQU,Atl,EQU,324.2601705,324.2762553,16.63604931,268.6688095,366.4000055,0.308392427
ssp245_pCO2_Atl_EQU,4,1850s,-83.94561975,-83.94602336,4.656642453,-96.6293454,-57.23871358,0.086322975,2910,ssp245,pCO2,Atl_EQU,Atl,EQU,322.9851151,323.0016437,13.35698893,247.0293045,362.96698,0.247606517
ssp245_pCO2_Atl_EQU,5,1850s,-82.75542775,-82.75468625,4.87850904,-103.1796796,-54.99116618,0.090435849,2910,ssp245,pCO2,Atl_EQU,Atl,EQU,317.5378925,317.5509195,12.57448129,225.0648956,385.6855499,0.233100704
ssp245_pCO2_Atl_EQU,6,1850s,-80.73191601,-80.73072086,5.584503902,-118.29095,-54.42421672,0.103523299,2910,ssp245,pCO2,Atl_EQU,Atl,EQU,308.620047,308.6288417,13.51950678,210.8729075,363.7658417,0.250619208
ssp245_pCO2_Atl_EQU,7,1850s,-79.19620627,-79.19265932,6.027461687,-112.3786609,-47.9633725,0.111734673,2910,ssp245,pCO2,Atl_EQU,Atl,EQU,303.3261622,303.3407134,14.74905871,245.2822525,358.6699738,0.27341215
ssp245_pCO2_Atl_EQU,8,1850s,-78.89473043,-78.89129753,6.419291538,-105.1020178,-36.44434906,0.118998258,2910,ssp245,pCO2,Atl_EQU,Atl,EQU,302.4378153,302.4528079,15.7711341,210.0023331,362.388618,0.292358975
ssp245_pCO2_Atl_EQU,9,1850s,-79.74242953,-79.7395299,6.775473247,-102.6595648,-29.16867584,0.125601012,2910,ssp245,pCO2,Atl_EQU,Atl,EQU,303.3611778,303.3719951,15.42844546,169.7833786,352.6831055,0.28600635
ssp245_pCO2_Atl_EQU,1,2090s,231.9563259,231.9596385,11.12471979,173.034198,258.69604,0.206225605,2910,ssp245,pCO2,Atl_EQU,Atl,EQU,625.7022583,625.7049941,30.84829197,488.0090454,699.7957349,0.571853295
ssp245_pCO2_Atl_EQU,10,2090s,226.506129,226.5053156,12.4931478,119.7565389,252.5646993,0.231592976,2910,ssp245,pCO2,Atl_EQU,Atl,EQU,612.9244197,612.9243417,29.28064243,311.3966843,675.0011816,0.542792835
ssp245_pCO2_Atl_EQU,11,2090s,229.6162354,229.6134829,13.73452106,120.7623566,257.2163049,0.254605057,2910,ssp245,pCO2,Atl_EQU,Atl,EQU,619.1607209,619.1542333,32.03037684,349.3548289,701.3706543,0.593766312
ssp245_pCO2_Atl_EQU,12,2090s,230.5727482,230.5721199,12.77429438,142.64841,256.2239207,0.236804759,2910,ssp245,pCO2,Atl_EQU,Atl,EQU,621.8643633,621.8608543,32.30972643,410.4833405,687.5118787,0.598944783
ssp245_pCO2_Atl_EQU,2,2090s,234.1602867,234.1702126,10.28941738,194.3434733,257.1065961,0.190741103,2910,ssp245,pCO2,Atl_EQU,Atl,EQU,637.0213439,637.0383237,29.77316237,532.537262,711.3403931,0.551922973
ssp245_pCO2_Atl_EQU,3,2090s,235.4840313,235.4978506,9.844928709,200.3739126,259.271347,0.18250135,2910,ssp245,pCO2,Atl_EQU,Atl,EQU,644.0234933,644.0528941,27.15824744,554.1979411,701.265907,0.503448726
ssp245_pCO2_Atl_EQU,4,2090s,233.1779922,233.1910155,8.91313664,195.0644257,253.6205048,0.165228161,2910,ssp245,pCO2,Atl_EQU,Atl,EQU,640.108727,640.1386826,22.03529676,528.3578583,679.75401,0.408481516
ssp245_pCO2_Atl_EQU,5,2090s,228.6985971,228.7086604,8.42602456,183.4418335,249.0190564,0.156198272,2910,ssp245,pCO2,Atl_EQU,Atl,EQU,628.9919173,629.0142661,20.26084958,520.0367676,690.3456848,0.375587524
ssp245_pCO2_Atl_EQU,6,2090s,225.1194114,225.1273322,8.951221079,161.4643117,252.1217773,0.165934155,2910,ssp245,pCO2,Atl_EQU,Atl,EQU,614.4713744,614.4868947,20.53444048,504.2185252,672.4867212,0.380659243
ssp245_pCO2_Atl_EQU,7,2090s,223.345653,223.3527448,9.054077871,157.2091736,246.4043416,0.167840873,2910,ssp245,pCO2,Atl_EQU,Atl,EQU,605.8680215,605.8861176,22.46354194,460.0830648,657.9952047,0.416420154
ssp245_pCO2_Atl_EQU,8,2090s,223.6235281,223.6291505,10.34722008,143.5731878,254.6877563,0.191812626,2910,ssp245,pCO2,Atl_EQU,Atl,EQU,604.9560737,604.9732559,25.77122198,417.6993571,665.5219584,0.477736603
ssp245_pCO2_Atl_EQU,9,2090s,224.3181425,224.3214202,11.49732069,134.5127569,260.7687022,0.213132731,2910,ssp245,pCO2,Atl_EQU,Atl,EQU,607.4217498,607.4329453,27.09678132,371.6559235,669.7329932,0.502309292
ssp245_pCO2_IND_STPS,1,1850s,-86.30326638,-86.05447887,6.536131147,-108.3586131,-54.10149231,0.053213192,15087,ssp245,pCO2,IND_STPS,IND,STPS,291.3295209,291.6183044,13.15827275,235.4317123,333.9820337,0.107126629
ssp245_pCO2_IND_STPS,10,1850s,-82.34369467,-82.32930525,3.780979166,-97.63536926,-50.88167877,0.030782426,15087,ssp245,pCO2,IND_STPS,IND,STPS,273.5004372,274.536247,22.00977187,227.309849,339.8827142,0.179190135
ssp245_pCO2_IND_STPS,11,1850s,-83.87867874,-83.82469658,4.507555344,-99.35607808,-52.96354828,0.036697766,15087,ssp245,pCO2,IND_STPS,IND,STPS,279.6238144,280.5559626,19.73203834,229.1780772,335.8947705,0.160646218
ssp245_pCO2_IND_STPS,12,1850s,-86.74407017,-86.59507559,5.851052216,-108.9833883,-60.71645813,0.047635697,15087,ssp245,pCO2,IND_STPS,IND,STPS,286.0969355,286.7333592,16.04216444,234.3161229,339.2182068,0.130605516
ssp245_pCO2_IND_STPS,2,1850s,-86.99588776,-86.6880961,6.91952705,-110.8798633,-50.84013926,0.056334568,15087,ssp245,pCO2,IND_STPS,IND,STPS,293.3985186,293.5938912,11.73329966,235.1955729,328.9005371,0.095525368
ssp245_pCO2_IND_STPS,3,1850s,-87.37573041,-87.13585154,6.08085494,-110.0328359,-51.38670959,0.049506611,15087,ssp245,pCO2,IND_STPS,IND,STPS,294.1661282,294.5474342,11.7070545,243.0711772,325.7583514,0.095311695
ssp245_pCO2_IND_STPS,4,1850s,-86.55501877,-86.42910055,4.844835814,-104.9582357,-55.66461894,0.039443697,15087,ssp245,pCO2,IND_STPS,IND,STPS,292.0732372,292.7820743,14.93498353,243.9072784,331.673017,0.121591524
ssp245_pCO2_IND_STPS,5,1850s,-84.71173277,-84.65291485,4.168673437,-99.5796814,-61.82460429,0.033938796,15087,ssp245,pCO2,IND_STPS,IND,STPS,285.8525848,286.7855679,18.64266375,241.681279,340.7676717,0.151777195
ssp245_pCO2_IND_STPS,6,1850s,-82.79934159,-82.7788105,3.637732762,-95.45527222,-65.0201121,0.029616201,15087,ssp245,pCO2,IND_STPS,IND,STPS,278.4043511,279.4106892,20.20509437,237.357146,333.9826243,0.164497551
ssp245_pCO2_IND_STPS,7,1850s,-81.14859169,-81.13835456,3.439546286,-92.74426676,-65.79201152,0.028002687,15087,ssp245,pCO2,IND_STPS,IND,STPS,272.9017601,273.9173552,20.98972098,232.6354935,329.1176984,0.170885503
ssp245_pCO2_IND_STPS,8,1850s,-80.5066072,-80.5017115,3.472769588,-92.52528687,-61.99006348,0.028273171,15087,ssp245,pCO2,IND_STPS,IND,STPS,270.4186472,271.4447284,21.89055801,229.7379013,323.7178912,0.178219568
ssp245_pCO2_IND_STPS,9,1850s,-80.97169423,-80.98219899,3.53092122,-97.1874292,-61.66210938,0.028746606,15087,ssp245,pCO2,IND_STPS,IND,STPS,270.4227257,271.4576701,22.39526801,228.2532669,328.0461292,0.182328609
ssp245_pCO2_IND_STPS,1,2090s,231.9269991,231.3632093,14.03316311,175.9266012,274.9197528,0.114249453,15087,ssp245,pCO2,IND_STPS,IND,STPS,609.5597863,609.0359926,24.12038218,483.4927134,680.2040202,0.196373436
ssp245_pCO2_IND_STPS,10,2090s,218.8019583,218.9013964,9.914220556,167.4176788,454.6947011,0.080715535,15087,ssp245,pCO2,IND_STPS,IND,STPS,574.6460902,575.7669486,27.14501762,469.0577301,833.3778341,0.220998173
ssp245_pCO2_IND_STPS,11,2090s,223.248436,223.1390497,10.27328297,178.8852407,377.6992788,0.083638802,15087,ssp245,pCO2,IND_STPS,IND,STPS,586.7509292,587.5197088,22.54715487,489.9817688,742.9873332,0.183565179
ssp245_pCO2_IND_STPS,12,2090s,227.7638649,227.3811696,12.87148973,173.8466136,283.7359772,0.104791817,15087,ssp245,pCO2,IND_STPS,IND,STPS,600.6048705,600.7096044,22.09971593,487.7645935,685.6319812,0.179922404
ssp245_pCO2_IND_STPS,2,2090s,232.1346257,231.6510884,12.55466852,178.420752,266.5619914,0.102212452,15087,ssp245,pCO2,IND_STPS,IND,STPS,612.5290321,611.9330757,22.5091851,492.980837,678.6264575,0.183256053
ssp245_pCO2_IND_STPS,3,2090s,230.0389808,229.7745473,10.01721176,183.9314921,266.1315863,0.081554027,15087,ssp245,pCO2,IND_STPS,IND,STPS,611.5808394,611.4578331,16.99748011,517.4758453,663.3209485,0.138383113
ssp245_pCO2_IND_STPS,4,2090s,226.9473072,226.9272662,8.296989171,193.2547292,267.9831464,0.067549024,15087,ssp245,pCO2,IND_STPS,IND,STPS,605.5755631,606.138441,17.40749716,542.9150635,672.5209094,0.141721222
ssp245_pCO2_IND_STPS,5,2090s,222.986306,223.1303518,8.168836766,193.5170044,270.7145258,0.066505685,15087,ssp245,pCO2,IND_STPS,IND,STPS,593.5506236,594.5688346,23.45529764,530.1937122,673.0784403,0.190958724
ssp245_pCO2_IND_STPS,6,2090s,218.4643551,218.6277207,7.491383058,191.4114893,250.846369,0.06099027,15087,ssp245,pCO2,IND_STPS,IND,STPS,579.6680479,580.8172204,25.75383707,520.2127026,669.3284892,0.209672029
ssp245_pCO2_IND_STPS,7,2090s,215.9197142,216.0593687,7.066884844,189.8928876,246.7941783,0.057534265,15087,ssp245,pCO2,IND_STPS,IND,STPS,569.970066,571.1150784,26.69475983,506.9780127,647.4533508,0.217332448
ssp245_pCO2_IND_STPS,8,2090s,215.459646,215.6245137,7.994318507,180.557254,280.4138733,0.065084864,15087,ssp245,pCO2,IND_STPS,IND,STPS,566.3849004,567.5709536,28.64901354,495.863783,664.2647685,0.23324279
ssp245_pCO2_IND_STPS,9,2090s,216.6974867,216.8665192,9.461801043,173.4344757,403.8046397,0.077032212,15087,ssp245,pCO2,IND_STPS,IND,STPS,568.0919066,569.3063883,29.47010994,485.3909851,780.8130981,0.239927656
ssp245_pCO2_NA_SPSS,1,1850s,-79.52940044,-79.62098597,7.504277608,-123.8957972,-49.56889954,0.0859895,7616,ssp245,pCO2,NA_SPSS,NA,SPSS,247.2253787,251.1083864,27.54167485,187.6993619,337.340092,0.315592649
ssp245_pCO2_NA_SPSS,10,1850s,-82.13232594,-82.51334068,7.731883774,-110.8900055,-54.08939667,0.088597578,7616,ssp245,pCO2,NA_SPSS,NA,SPSS,250.2246688,256.2802048,24.28970472,183.3220511,377.0953278,0.278329198
ssp245_pCO2_NA_SPSS,11,1850s,-82.05206585,-82.13583294,6.774952241,-130.3794312,-55.4382605,0.077632357,7616,ssp245,pCO2,NA_SPSS,NA,SPSS,249.0195895,254.1246323,24.29719449,185.6572125,364.1683899,0.278415021
ssp245_pCO2_NA_SPSS,12,1850s,-81.61245734,-81.72169541,6.926308635,-117.4348267,-54.34071442,0.079366709,7616,ssp245,pCO2,NA_SPSS,NA,SPSS,248.1619058,252.5397782,26.02222722,188.300206,360.2707672,0.298181707
ssp245_pCO2_NA_SPSS,2,1850s,-78.45676853,-78.5136816,7.524628408,-129.6078354,-47.58807983,0.086222694,7616,ssp245,pCO2,NA_SPSS,NA,SPSS,246.9903855,250.6140037,28.73063253,183.4218997,324.0895376,0.329216596
ssp245_pCO2_NA_SPSS,3,1850s,-77.76996337,-77.93532366,8.019848895,-127.0595189,-42.38489838,0.091897293,7616,ssp245,pCO2,NA_SPSS,NA,SPSS,246.283808,249.8671961,29.13183418,181.1500809,332.8207967,0.333813858
ssp245_pCO2_NA_SPSS,4,1850s,-76.13882872,-76.47885329,9.20595959,-132.1263662,-18.8662674,0.105488616,7616,ssp245,pCO2,NA_SPSS,NA,SPSS,242.5560587,246.1291551,27.12088745,169.3243368,353.0319366,0.310770959
ssp245_pCO2_NA_SPSS,5,1850s,-71.57701014,-72.6432211,12.54460857,-111.816402,-14.59090881,0.143745298,7616,ssp245,pCO2,NA_SPSS,NA,SPSS,230.432362,234.6979475,24.19637379,161.6053482,356.7355489,0.277259744
ssp245_pCO2_NA_SPSS,6,1850s,-70.89395237,-72.59990849,15.64256484,-126.6690552,37.27887039,0.179243946,7616,ssp245,pCO2,NA_SPSS,NA,SPSS,228.7290567,235.1384134,31.37717637,149.5220917,390.6648417,0.35954263
ssp245_pCO2_NA_SPSS,7,1850s,-78.34602445,-79.61879421,14.81514288,-129.1659906,6.78920517,0.16976274,7616,ssp245,pCO2,NA_SPSS,NA,SPSS,241.5659013,249.6932536,36.3312462,150.5088389,440.1396179,0.416309985
ssp245_pCO2_NA_SPSS,8,1850s,-82.03725496,-83.23030208,13.46494107,-126.6732898,-37.84076614,0.154291141,7616,ssp245,pCO2,NA_SPSS,NA,SPSS,250.8201045,259.1305751,35.34734751,162.1462545,438.4177673,0.405035754
ssp245_pCO2_NA_SPSS,9,1850s,-82.39425687,-83.15403787,10.08646815,-111.5105261,-54.48928528,0.115578127,7616,ssp245,pCO2,NA_SPSS,NA,SPSS,251.799704,259.2286816,29.41980559,176.6168264,404.0202779,0.337113645
ssp245_pCO2_NA_SPSS,1,2090s,227.4369553,225.1956543,18.06448282,178.4142039,281.5558904,0.206996053,7616,ssp245,pCO2,NA_SPSS,NA,SPSS,554.1917344,555.9250266,20.72869052,444.7014575,667.3646362,0.237524493
ssp245_pCO2_NA_SPSS,10,2090s,243.2411556,242.5016427,14.77944281,199.0651416,309.2475412,0.169353663,7616,ssp245,pCO2,NA_SPSS,NA,SPSS,575.5981504,581.2951882,26.05247317,508.6798248,681.4443929,0.298528288
ssp245_pCO2_NA_SPSS,11,2090s,234.1410941,232.289042,14.86559221,190.841394,292.6753091,0.170340825,7616,ssp245,pCO2,NA_SPSS,NA,SPSS,565.2127495,568.5495072,20.35981846,483.4970825,692.6419678,0.233297687
ssp245_pCO2_NA_SPSS,12,2090s,229.0037529,226.8231515,16.63636748,183.0207194,282.7399083,0.190631663,7616,ssp245,pCO2,NA_SPSS,NA,SPSS,558.778116,561.0846252,19.91941888,466.2668762,686.5972839,0.228251267
ssp245_pCO2_NA_SPSS,2,2090s,226.6534978,224.3278308,19.79256074,152.9966492,288.3807276,0.226797634,7616,ssp245,pCO2,NA_SPSS,NA,SPSS,552.1006519,553.4555162,21.60920305,434.4593378,641.4355143,0.247614049
ssp245_pCO2_NA_SPSS,3,2090s,226.4982851,224.3588838,21.2605767,159.9711355,286.4163091,0.243619234,7616,ssp245,pCO2,NA_SPSS,NA,SPSS,550.5520564,552.1614036,22.19030863,441.9529004,635.8619202,0.254272782
ssp245_pCO2_NA_SPSS,4,2090s,227.4286456,226.6271664,22.11141003,142.7591766,297.3982672,0.253368704,7616,ssp245,pCO2,NA_SPSS,NA,SPSS,546.123533,549.2351749,23.98110312,405.7555868,642.1488627,0.274793015
ssp245_pCO2_NA_SPSS,5,2090s,233.8096915,235.9634881,25.65951485,139.6966446,329.3973215,0.294025484,7616,ssp245,pCO2,NA_SPSS,NA,SPSS,535.8190637,543.3046567,36.90684093,381.4765381,679.7169946,0.42290557
ssp245_pCO2_NA_SPSS,6,2090s,255.9416547,259.0015873,28.06680882,173.248645,349.3692001,0.321610018,7616,ssp245,pCO2,NA_SPSS,NA,SPSS,555.5646638,566.7399092,49.98143727,395.0929108,765.0850606,0.572723855
ssp245_pCO2_NA_SPSS,7,2090s,274.0766472,275.2739613,27.53302001,194.5645737,390.6274045,0.315493476,7616,ssp245,pCO2,NA_SPSS,NA,SPSS,593.9885729,604.5860091,50.915691,448.7726074,823.7896688,0.583429218
ssp245_pCO2_NA_SPSS,8,2090s,274.1056177,275.2457325,24.95424436,202.4181091,376.029061,0.285943979,7616,ssp245,pCO2,NA_SPSS,NA,SPSS,606.9629772,617.6066097,48.51255841,480.3532898,804.1075297,0.555892367
ssp245_pCO2_NA_SPSS,9,2090s,257.3464647,258.1970978,20.20565207,205.7701782,335.6926425,0.231531136,7616,ssp245,pCO2,NA_SPSS,NA,SPSS,591.5404256,600.5798173,38.97395982,500.6939941,739.0162195,0.44659213
ssp245_pCO2_NA_STPS,1,1850s,-81.25974665,-81.42163492,4.855829889,-97.62779134,-60.26537781,0.055969639,7527,ssp245,pCO2,NA_STPS,NA,STPS,277.2563637,277.740275,12.86682779,243.6924777,320.0582408,0.148306618
ssp245_pCO2_NA_STPS,10,1850s,-90.53502544,-90.55887885,4.79868948,-105.1674127,-63.5686676,0.055311023,7527,ssp245,pCO2,NA_STPS,NA,STPS,304.5901323,304.636345,10.29383793,271.768749,352.2925354,0.118649624
ssp245_pCO2_NA_STPS,11,1850s,-87.15047631,-87.25308827,5.033419912,-102.351593,-63.49762878,0.058016591,7527,ssp245,pCO2,NA_STPS,NA,STPS,293.9485669,294.2911032,11.25855112,259.52435,327.011225,0.129769176
ssp245_pCO2_NA_STPS,12,1850s,-84.45537911,-84.59894606,5.012109197,-96.66171387,-64.64190674,0.057770958,7527,ssp245,pCO2,NA_STPS,NA,STPS,284.1189891,284.5891695,12.43595704,250.2523883,323.2045074,0.143340282
ssp245_pCO2_NA_STPS,2,1850s,-80.47874599,-80.65076874,4.922165172,-102.1745361,-59.53261108,0.056734238,7527,ssp245,pCO2,NA_STPS,NA,STPS,274.4168493,274.9030731,13.21217738,242.2034702,321.6121912,0.152287213
ssp245_pCO2_NA_STPS,3,1850s,-80.29396977,-80.483376,5.316304244,-100.2842163,-60.3026947,0.061277194,7527,ssp245,pCO2,NA_STPS,NA,STPS,274.1356495,274.6848675,13.86582822,243.1309052,334.6541235,0.159821373
ssp245_pCO2_NA_STPS,4,1850s,-81.1613883,-81.35340805,5.516186182,-97.36459961,-60.41313833,0.063581088,7527,ssp245,pCO2,NA_STPS,NA,STPS,276.6049984,277.2560161,14.7710326,245.361861,337.8653473,0.170255009
ssp245_pCO2_NA_STPS,5,1850s,-84.21055928,-84.33748788,5.496027828,-98.22442139,-64.54041341,0.063348738,7527,ssp245,pCO2,NA_STPS,NA,STPS,284.3881923,284.9495453,13.92501952,245.4479874,333.868551,0.160503628
ssp245_pCO2_NA_STPS,6,1850s,-88.1187544,-88.090724,6.008401422,-108.2932794,-68.15282491,0.069254497,7527,ssp245,pCO2,NA_STPS,NA,STPS,296.3730643,296.5490083,11.24897504,262.3462382,341.8464081,0.129658799
ssp245_pCO2_NA_STPS,7,1850s,-91.79615791,-91.63032246,6.52620679,-117.2456396,-69.78146871,0.075222865,7527,ssp245,pCO2,NA_STPS,NA,STPS,306.4460269,306.2299771,11.67932971,267.2250615,382.8018115,0.134619186
ssp245_pCO2_NA_STPS,8,1850s,-93.7437064,-93.54653337,6.651621155,-116.8468201,-69.86753235,0.076668426,7527,ssp245,pCO2,NA_STPS,NA,STPS,311.469606,311.10808,12.83345608,257.5450806,403.1638245,0.147921966
ssp245_pCO2_NA_STPS,9,1850s,-92.99258227,-92.90001046,5.228509995,-107.9394623,-66.44288025,0.060265253,7527,ssp245,pCO2,NA_STPS,NA,STPS,311.6903369,311.4224358,11.94056678,266.9669917,390.7433679,0.137630277
ssp245_pCO2_NA_STPS,1,2090s,218.9159264,218.9358704,6.717191542,191.0716573,238.2468089,0.077424209,7527,ssp245,pCO2,NA_STPS,NA,STPS,577.4320368,578.0977804,19.56384594,520.2767578,643.3027954,0.225498302
ssp245_pCO2_NA_STPS,10,2090s,233.839376,233.6124416,10.27659308,185.3378052,269.565388,0.118450856,7527,ssp245,pCO2,NA_STPS,NA,STPS,628.9645337,628.8076655,18.43855376,552.4773315,717.9008521,0.212527873
ssp245_pCO2_NA_STPS,11,2090s,227.3495428,227.2876987,8.49139111,191.5513123,261.4041311,0.097874124,7527,ssp245,pCO2,NA_STPS,NA,STPS,608.448586,608.8318901,18.52567867,541.9590515,667.940415,0.213532099
ssp245_pCO2_NA_STPS,12,2090s,221.520263,221.5283114,6.768622725,196.822287,247.7514262,0.078017019,7527,ssp245,pCO2,NA_STPS,NA,STPS,590.0946313,590.7164269,19.25202966,532.8252625,650.174696,0.221904221
ssp245_pCO2_NA_STPS,2,2090s,218.2463511,218.2680446,7.158250877,180.4119832,247.9936513,0.08250798,7527,ssp245,pCO2,NA_STPS,NA,STPS,573.1419464,573.8218864,19.74298395,518.0719238,662.1268433,0.227563096
ssp245_pCO2_NA_STPS,3,2090s,219.496008,219.5555911,7.351379119,181.7560872,251.6889429,0.08473403,7527,ssp245,pCO2,NA_STPS,NA,STPS,573.9256273,574.7238346,21.12101646,521.4882214,681.0145825,0.24344668
ssp245_pCO2_NA_STPS,4,2090s,222.289005,222.2920504,7.395462832,196.1237437,248.8604869,0.085242151,7527,ssp245,pCO2,NA_STPS,NA,STPS,580.0553917,580.9014746,21.90504084,525.4731482,672.5343237,0.252483562
ssp245_pCO2_NA_STPS,5,2090s,228.1821301,227.9497954,9.0897532,202.2895203,267.8677053,0.104771011,7527,ssp245,pCO2,NA_STPS,NA,STPS,596.7808816,597.2368286,19.76965945,526.1628988,660.5550903,0.227870566
ssp245_pCO2_NA_STPS,6,2090s,235.7543305,235.2454166,12.87395421,189.4704559,299.9855337,0.148388759,7527,ssp245,pCO2,NA_STPS,NA,STPS,620.2461493,619.8851489,21.30376195,563.322996,725.0612939,0.245553055
ssp245_pCO2_NA_STPS,7,2090s,241.0411326,240.3677625,15.32845926,194.9239838,307.0345612,0.176680063,7527,ssp245,pCO2,NA_STPS,NA,STPS,639.2833174,638.228062,28.15506349,554.9146525,794.7460962,0.324523053
ssp245_pCO2_NA_STPS,8,2090s,241.1249313,240.5521699,14.60861278,189.9817352,306.1049174,0.168382913,7527,ssp245,pCO2,NA_STPS,NA,STPS,646.3382437,645.2067833,29.60289394,558.0474202,817.9548682,0.341211147
ssp245_pCO2_NA_STPS,9,2090s,239.1093582,238.6914481,13.01175264,186.6191132,294.6851166,0.149977062,7527,ssp245,pCO2,NA_STPS,NA,STPS,643.7922773,643.0138944,24.54472092,567.1524353,782.7266858,0.282909245
ssp245_pCO2_NA_STSS,1,1850s,-76.01316033,-75.91770617,4.906111858,-106.4268758,-49.12106018,0.087651075,3133,ssp245,pCO2,NA_STSS,NA,STSS,267.7146247,267.7289976,15.9496453,226.2289688,357.3258484,0.284951424
ssp245_pCO2_NA_STSS,10,1850s,-82.4071156,-82.44463383,6.693606428,-102.7691522,-64.67785034,0.1195859,3133,ssp245,pCO2,NA_STSS,NA,STSS,281.7636906,282.0201032,11.45328387,262.4251587,359.6983661,0.204620823
ssp245_pCO2_NA_STSS,11,1850s,-79.54986296,-79.53369702,5.164486299,-95.35845459,-66.31091614,0.092267113,3133,ssp245,pCO2,NA_STSS,NA,STSS,270.8342234,270.9457751,9.594385612,248.4673657,323.5013184,0.171410322
ssp245_pCO2_NA_STSS,12,1850s,-78.18309364,-78.11217305,4.505764049,-101.512501,-60.25852966,0.080498585,3133,ssp245,pCO2,NA_STSS,NA,STSS,266.9680603,266.9912851,11.87529531,237.9231778,340.1985291,0.212160349
ssp245_pCO2_NA_STSS,2,1850s,-75.39924337,-75.29175325,5.19425154,-110.3578491,-45.98359375,0.09279889,3133,ssp245,pCO2,NA_STSS,NA,STSS,269.7162122,269.7535223,19.14480635,224.9613312,356.5922333,0.342035182
ssp245_pCO2_NA_STSS,3,1850s,-74.15286202,-74.02250907,5.526137853,-105.8508128,-54.87906494,0.098728268,3133,ssp245,pCO2,NA_STSS,NA,STSS,269.78761,269.8453214,19.41907439,230.8611181,349.2632446,0.34693517
ssp245_pCO2_NA_STSS,4,1850s,-72.48208284,-72.38985021,6.669676398,-100.7428212,-48.19424184,0.119158373,3133,ssp245,pCO2,NA_STSS,NA,STSS,262.1887629,262.3351479,12.80533849,234.3927823,333.9827026,0.228776212
ssp245_pCO2_NA_STSS,5,1850s,-71.85473148,-71.89638422,9.647891563,-97.62087708,-46.48686676,0.172366243,3133,ssp245,pCO2,NA_STSS,NA,STSS,254.4139381,254.7342207,12.37308217,225.303596,329.6934998,0.221053655
ssp245_pCO2_NA_STSS,6,1850s,-77.8762023,-78.0191163,10.40152255,-110.3939655,-59.50467987,0.185830381,3133,ssp245,pCO2,NA_STSS,NA,STSS,265.8071522,266.2569585,15.62687927,234.5899679,348.3656232,0.279184986
ssp245_pCO2_NA_STSS,7,1850s,-86.87524414,-87.00070099,11.17957479,-123.5507129,-58.4142334,0.199730821,3133,ssp245,pCO2,NA_STSS,NA,STSS,287.9960788,288.4580538,17.01037238,254.2686635,396.1174451,0.303902046
ssp245_pCO2_NA_STSS,8,1850s,-91.2299178,-91.33514078,10.05232121,-121.7467517,-63.79057007,0.179591658,3133,ssp245,pCO2,NA_STSS,NA,STSS,301.2893708,301.6747657,16.92442812,262.6699651,421.5273749,0.302366592
ssp245_pCO2_NA_STSS,9,1850s,-87.44002686,-87.50844587,7.875603688,-110.4637,-62.4671051,0.140703097,3133,ssp245,pCO2,NA_STSS,NA,STSS,296.3243305,296.6864339,15.44306308,266.976472,407.6554065,0.275900983
ssp245_pCO2_NA_STSS,1,2090s,217.8197389,217.8406941,9.6833213,174.5442993,257.6989716,0.17299922,3133,ssp245,pCO2,NA_STSS,NA,STSS,561.5475239,561.4873979,19.35779949,486.5630442,667.6737671,0.345840452
ssp245_pCO2_NA_STSS,10,2090s,240.936855,240.6679942,15.32211949,207.6384949,278.7712439,0.273740242,3133,ssp245,pCO2,NA_STSS,NA,STSS,605.1076612,605.1327312,24.18977594,546.375592,731.7390369,0.432167047
ssp245_pCO2_NA_STSS,11,2090s,225.7298165,225.5996498,11.20792252,192.7936066,253.513421,0.200237273,3133,ssp245,pCO2,NA_STSS,NA,STSS,576.1139028,576.0791219,19.92614408,529.9119019,653.2915686,0.35599432
ssp245_pCO2_NA_STSS,12,2090s,219.3853795,219.3275998,8.233822179,190.5869069,241.6225952,0.147102917,3133,ssp245,pCO2,NA_STSS,NA,STSS,564.5365335,564.431058,17.30979515,511.3401074,644.310321,0.30925144
ssp245_pCO2_NA_STSS,2,2090s,217.4873394,217.6400376,12.50070411,168.3849609,254.8666209,0.223333709,3133,ssp245,pCO2,NA_STSS,NA,STSS,562.602795,562.6853131,22.06012357,480.4250519,646.6833862,0.394119337
ssp245_pCO2_NA_STSS,3,2090s,217.8857291,218.0471003,12.71888401,173.4963654,256.9106049,0.227231643,3133,ssp245,pCO2,NA_STSS,NA,STSS,561.8262011,561.9149308,21.0206856,491.1872894,631.4289001,0.37554906
ssp245_pCO2_NA_STSS,4,2090s,220.2285079,220.1069117,12.83071403,163.0255452,250.5651617,0.229229564,3133,ssp245,pCO2,NA_STSS,NA,STSS,554.8993536,554.8319098,16.74585556,499.4220825,621.8669922,0.29917627
ssp245_pCO2_NA_STSS,5,2090s,231.4859112,230.9712358,23.14057009,136.952829,278.5433075,0.41342226,3133,ssp245,pCO2,NA_STSS,NA,STSS,557.7545809,557.6018407,29.26926266,479.0575887,664.7027185,0.522915584
ssp245_pCO2_NA_STSS,6,2090s,250.8100062,250.0835574,23.99341321,183.3647146,310.0300425,0.428658891,3133,ssp245,pCO2,NA_STSS,NA,STSS,594.4933607,594.3596321,34.46688873,512.1512166,746.1384546,0.615774761
ssp245_pCO2_NA_STSS,7,2090s,268.8437446,268.0480335,22.40949716,219.9084167,336.5480337,0.400361137,3133,ssp245,pCO2,NA_STSS,NA,STSS,643.7150675,643.5067883,33.34114335,579.9160543,835.4305554,0.595662543
ssp245_pCO2_NA_STSS,8,2090s,272.0209575,271.2594924,22.87057129,222.8040436,339.307136,0.408598545,3133,ssp245,pCO2,NA_STSS,NA,STSS,664.5402461,664.2693989,31.97418002,592.0004883,865.2587195,0.5712408
ssp245_pCO2_NA_STSS,9,2090s,260.3910751,259.8502361,20.39329731,219.5223175,309.2627386,0.364340335,3133,ssp245,pCO2,NA_STSS,NA,STSS,644.1554325,644.0451159,27.84389875,570.0476807,823.7081335,0.497450473
ssp245_pCO2_NP_SPSS,1,1850s,-84.68837576,-84.34702398,8.291734655,-111.0637065,-33.32834727,0.095376625,7558,ssp245,pCO2,NP_SPSS,NP,SPSS,271.7270271,270.6646437,27.11016347,157.5729863,384.3666626,0.311837753
ssp245_pCO2_NP_SPSS,10,1850s,-85.14597544,-85.06352177,7.693636268,-111.2352185,6.489483643,0.08849693,7558,ssp245,pCO2,NP_SPSS,NP,SPSS,275.1017721,274.9034221,15.78913526,177.3693375,410.8768646,0.181616333
ssp245_pCO2_NP_SPSS,11,1850s,-85.91225117,-85.7076867,7.381743669,-104.8072089,-8.42331543,0.08490935,7558,ssp245,pCO2,NP_SPSS,NP,SPSS,272.139234,271.5092187,19.84905862,174.3711551,389.6835388,0.228316065
ssp245_pCO2_NP_SPSS,12,1850s,-86.38725559,-86.10577213,7.782750779,-103.7664968,-23.84583333,0.08952198,7558,ssp245,pCO2,NP_SPSS,NP,SPSS,271.3171929,270.4222687,24.09779518,160.2682037,389.616156,0.277187643
ssp245_pCO2_NP_SPSS,2,1850s,-84.13186257,-83.77064735,8.917459106,-123.3297618,-30.63075155,0.102574092,7558,ssp245,pCO2,NP_SPSS,NP,SPSS,272.3265978,271.2475368,28.43173558,155.1605097,380.5211517,0.327039287
ssp245_pCO2_NP_SPSS,3,1850s,-83.87047355,-83.5669594,9.146227195,-120.1940857,-17.46178996,0.105205523,7558,ssp245,pCO2,NP_SPSS,NP,SPSS,271.445843,270.4252112,27.94999916,160.5145096,380.754126,0.321498059
ssp245_pCO2_NP_SPSS,4,1850s,-81.61388289,-81.37961221,8.617700298,-111.3281311,-7.943786621,0.099126082,7558,ssp245,pCO2,NP_SPSS,NP,SPSS,266.2935962,265.4913488,25.4180558,165.1599338,372.8783173,0.292374091
ssp245_pCO2_NP_SPSS,5,1850s,-78.93515005,-78.8071597,9.649580622,-114.3685583,1.377562968,0.110995404,7558,ssp245,pCO2,NP_SPSS,NP,SPSS,257.7867052,257.3955122,22.28737641,182.0482162,360.2516254,0.256363094
ssp245_pCO2_NP_SPSS,6,1850s,-79.12893375,-79.10353621,12.23230415,-128.9644763,17.3900589,0.140703476,7558,ssp245,pCO2,NP_SPSS,NP,SPSS,259.1006136,259.0792756,27.4467576,183.0904368,364.5326929,0.315709466
ssp245_pCO2_NP_SPSS,7,1850s,-82.16161557,-82.26769918,13.15015853,-132.8611191,25.55404765,0.151261201,7558,ssp245,pCO2,NP_SPSS,NP,SPSS,273.4800266,273.7433115,26.92824589,196.5958674,427.3760406,0.309745225
ssp245_pCO2_NP_SPSS,8,1850s,-86.05078389,-86.2432272,12.52677356,-137.3319122,23.52878927,0.144090644,7558,ssp245,pCO2,NP_SPSS,NP,SPSS,284.6246285,285.3018027,23.09822262,208.4641464,446.4808246,0.265689945
ssp245_pCO2_NP_SPSS,9,1850s,-85.49373346,-85.59711647,9.730191134,-125.3303406,23.94828288,0.111922635,7558,ssp245,pCO2,NP_SPSS,NP,SPSS,281.314398,281.72572,17.52215852,188.2826584,432.8937805,0.201550631
ssp245_pCO2_NP_SPSS,1,2090s,225.9327082,225.703981,10.16540606,176.4115491,266.7216766,0.116928745,7558,ssp245,pCO2,NP_SPSS,NP,SPSS,582.3481111,580.7156486,37.16828922,409.9977081,723.7560974,0.427532494
ssp245_pCO2_NP_SPSS,10,2090s,219.5828564,219.8470485,10.17900343,177.9772583,298.0540212,0.11708515,7558,ssp245,pCO2,NP_SPSS,NP,SPSS,579.830604,579.8139923,21.10974442,436.7135162,729.6835693,0.242817247
ssp245_pCO2_NP_SPSS,11,2090s,220.0790254,219.9795401,9.321557962,176.879657,266.5318085,0.107222286,7558,ssp245,pCO2,NP_SPSS,NP,SPSS,578.1305106,577.1964455,27.99232051,447.3917816,719.1497559,0.321984865
ssp245_pCO2_NP_SPSS,12,2090s,222.7783516,222.5350186,10.02450932,174.8231207,258.1825409,0.115308064,7558,ssp245,pCO2,NP_SPSS,NP,SPSS,580.4828001,579.0630594,34.22617698,411.4416034,715.5131653,0.393690512
ssp245_pCO2_NP_SPSS,2,2090s,226.1381883,225.9411525,10.23582238,173.7326518,272.8675476,0.117738717,7558,ssp245,pCO2,NP_SPSS,NP,SPSS,582.5966486,580.9593367,37.91496084,409.2934772,694.9082275,0.436121169
ssp245_pCO2_NP_SPSS,3,2090s,223.3227044,223.1431813,11.16170916,150.7432933,288.1245483,0.128388835,7558,ssp245,pCO2,NP_SPSS,NP,SPSS,578.6390209,577.1353519,35.88340727,407.0296484,686.5493042,0.412752992
ssp245_pCO2_NP_SPSS,4,2090s,215.002049,214.970634,14.25001319,156.9766103,321.1278137,0.163912405,7558,ssp245,pCO2,NP_SPSS,NP,SPSS,562.9095281,561.841595,31.7628326,405.4864319,669.1241882,0.365355611
ssp245_pCO2_NP_SPSS,5,2090s,200.8797671,201.3829067,33.01820362,85.7241923,360.2460144,0.37979566,7558,ssp245,pCO2,NP_SPSS,NP,SPSS,537.6016223,537.5855786,47.60288028,373.4697632,703.0268799,0.54755757
ssp245_pCO2_NP_SPSS,6,2090s,210.1107761,210.9336104,31.16667632,122.8634995,412.4912064,0.358498256,7558,ssp245,pCO2,NP_SPSS,NP,SPSS,548.3403234,549.1164222,59.9786267,373.6151449,782.8435132,0.689911007
ssp245_pCO2_NP_SPSS,7,2090s,228.4980538,229.5867942,25.25136636,166.347406,441.4488281,0.290456727,7558,ssp245,pCO2,NP_SPSS,NP,SPSS,584.1396959,585.5978049,52.85139518,446.1328471,827.1028796,0.607929212
ssp245_pCO2_NP_SPSS,8,2090s,234.2413364,235.5139085,23.23011507,163.8803467,410.8525533,0.267207053,7558,ssp245,pCO2,NP_SPSS,NP,SPSS,604.9167488,607.0589384,44.55963925,459.4328247,817.9684741,0.512552342
ssp245_pCO2_NP_SPSS,9,2090s,225.6679023,226.619113,17.46556014,171.5450592,355.2969045,0.200899601,7558,ssp245,pCO2,NP_SPSS,NP,SPSS,592.4760338,593.9419494,30.27500574,434.5524872,746.0489319,0.348241713
ssp245_pCO2_NP_STPS,1,1850s,-80.00743705,-79.92721273,3.636201725,-94.79251984,-66.63951355,0.027467489,17525,ssp245,pCO2,NP_STPS,NP,STPS,276.3193456,276.8768532,19.46403434,230.2952667,366.2544881,0.147029286
ssp245_pCO2_NP_STPS,10,1850s,-87.98186305,-87.74249658,6.0655777,-111.7904657,-71.93163147,0.045818742,17525,ssp245,pCO2,NP_STPS,NP,STPS,298.5562172,298.4945135,14.03379645,247.9504237,364.7334045,0.106009835
ssp245_pCO2_NP_STPS,11,1850s,-85.04818265,-84.8889668,4.71442203,-104.2036444,-72.29696554,0.035612253,17525,ssp245,pCO2,NP_STPS,NP,STPS,289.3810028,289.5584082,14.25617362,247.8173147,354.4488169,0.107689649
ssp245_pCO2_NP_STPS,12,1850s,-82.64585344,-82.52716061,3.998123116,-99.30737101,-70.84372864,0.030201405,17525,ssp245,pCO2,NP_STPS,NP,STPS,281.3669693,281.7479087,16.13249253,242.6846512,359.3556458,0.121863167
ssp245_pCO2_NP_STPS,2,1850s,-79.83401455,-79.77147653,3.859482557,-93.42544312,-62.50509949,0.029154129,17525,ssp245,pCO2,NP_STPS,NP,STPS,275.0366434,275.7311533,22.20549437,224.2856262,374.3680389,0.167737989
ssp245_pCO2_NP_STPS,3,1850s,-80.3560429,-80.31603435,3.837421065,-94.08376282,-62.93938599,0.028987479,17525,ssp245,pCO2,NP_STPS,NP,STPS,276.7601312,277.576293,24.13288374,224.5422943,382.620104,0.182297288
ssp245_pCO2_NP_STPS,4,1850s,-82.24727438,-82.21126259,4.239495457,-99.64673706,-58.7250824,0.032024707,17525,ssp245,pCO2,NP_STPS,NP,STPS,281.7895515,282.694564,25.00414066,233.1579651,383.4745107,0.188878672
ssp245_pCO2_NP_STPS,5,1850s,-84.98227088,-84.89555085,5.189460911,-102.8165558,-65.04680278,0.039200647,17525,ssp245,pCO2,NP_STPS,NP,STPS,289.6524514,290.4100313,22.53117255,236.1086685,380.3038045,0.170198128
ssp245_pCO2_NP_STPS,6,1850s,-87.94645949,-87.72904303,6.502156007,-111.5710093,-66.22181193,0.049116609,17525,ssp245,pCO2,NP_STPS,NP,STPS,298.4684873,298.7829845,17.1089429,254.9914342,367.7822845,0.129239171
ssp245_pCO2_NP_STPS,7,1850s,-89.83066022,-89.50949756,7.604062456,-120.8083167,-67.61400553,0.057440295,17525,ssp245,pCO2,NP_STPS,NP,STPS,304.5494001,304.4283404,15.54518294,262.9359929,364.3729614,0.117426691
ssp245_pCO2_NP_STPS,8,1850s,-90.21778184,-89.86716348,7.99234765,-127.5382172,-69.60097351,0.060373361,17525,ssp245,pCO2,NP_STPS,NP,STPS,306.4493434,306.1584717,15.55751721,259.6500854,373.0365672,0.117519863
ssp245_pCO2_NP_STPS,9,1850s,-89.92034657,-89.59004476,7.550505986,-120.2613373,-69.69985555,0.057035735,17525,ssp245,pCO2,NP_STPS,NP,STPS,304.9407627,304.6876042,14.64487457,253.8293915,375.2928741,0.110625856
ssp245_pCO2_NP_STPS,1,2090s,215.3540135,215.2407009,6.482207363,192.9550832,238.6785657,0.048965919,17525,ssp245,pCO2,NP_STPS,NP,STPS,571.6807961,572.0447668,20.6028456,498.2441681,672.7578715,0.155631748
ssp245_pCO2_NP_STPS,10,2090s,228.6512995,228.2671313,10.59790892,193.1356181,270.3812628,0.080055499,17525,ssp245,pCO2,NP_STPS,NP,STPS,615.1893797,614.5041414,22.66742304,553.8719462,706.3711462,0.17122735
ssp245_pCO2_NP_STPS,11,2090s,221.6264106,221.428317,8.01340885,187.4006541,253.6198285,0.060532455,17525,ssp245,pCO2,NP_STPS,NP,STPS,596.0555961,595.875692,17.94951917,542.7651001,676.2879639,0.135588797
ssp245_pCO2_NP_STPS,12,2090s,216.6200325,216.4965947,6.885685996,183.0294301,238.2447455,0.052013754,17525,ssp245,pCO2,NP_STPS,NP,STPS,580.6328552,580.771664,17.49570315,518.104483,672.21663,0.132160718
ssp245_pCO2_NP_STPS,2,2090s,215.2358992,215.1372271,6.422100633,190.9937805,240.6314504,0.048511879,17525,ssp245,pCO2,NP_STPS,NP,STPS,570.1065571,570.6398569,24.05389524,493.4917297,677.687089,0.181700617
ssp245_pCO2_NP_STPS,3,2090s,216.7026116,216.6359065,6.804226879,190.1465708,244.0621358,0.05139842,17525,ssp245,pCO2,NP_STPS,NP,STPS,573.8187857,574.5282339,26.20281281,499.965155,672.5497705,0.197933316
ssp245_pCO2_NP_STPS,4,2090s,219.5700366,219.5127732,8.636741787,191.4707194,260.2310984,0.065241047,17525,ssp245,pCO2,NP_STPS,NP,STPS,583.6068625,584.4185997,27.23035573,509.4405609,698.3158972,0.205695268
ssp245_pCO2_NP_STPS,5,2090s,225.8724874,225.6442175,11.16530658,196.8120076,260.6253021,0.084341562,17525,ssp245,pCO2,NP_STPS,NP,STPS,600.5072096,600.9497997,24.94130641,514.391036,689.3338818,0.188404028
ssp245_pCO2_NP_STPS,6,2090s,233.0107674,232.4828577,14.31969227,186.5908803,278.2663678,0.108169463,17525,ssp245,pCO2,NP_STPS,NP,STPS,619.4257141,618.9948853,24.49257609,558.4465627,687.8266162,0.185014366
ssp245_pCO2_NP_STPS,7,2090s,235.6534487,234.9358003,15.89154459,181.241331,294.420343,0.120043071,17525,ssp245,pCO2,NP_STPS,NP,STPS,630.033509,628.8736383,29.82195584,569.6488281,734.955498,0.225271945
ssp245_pCO2_NP_STPS,8,2090s,235.7797517,235.0362909,16.09045975,180.4972127,292.9027136,0.121545655,17525,ssp245,pCO2,NP_STPS,NP,STPS,632.4468769,631.0619261,32.16561469,572.6163493,753.6091882,0.2429757
ssp245_pCO2_NP_STPS,9,2090s,234.0410932,233.4166676,14.19224328,186.7707245,288.0480811,0.107206726,17525,ssp245,pCO2,NP_STPS,NP,STPS,628.9022024,627.6943166,29.16341858,560.2237254,740.0223083,0.220297424
ssp245_pCO2_NP_STSS,1,1850s,-77.40948232,-77.29298759,6.591219387,-97.11717926,-59.60377716,0.113355653,3381,ssp245,pCO2,NP_STSS,NP,STSS,251.4324082,251.2494926,15.53941033,200.5068924,314.5695689,0.267246453
ssp245_pCO2_NP_STSS,10,1850s,-87.92469404,-87.92100231,7.776999121,-111.1305884,-60.5529068,0.133748668,3381,ssp245,pCO2,NP_STSS,NP,STSS,279.7172514,280.0418084,16.1833248,244.6233521,368.2032817,0.27832048
ssp245_pCO2_NP_STSS,11,1850s,-83.71456217,-83.68495095,6.732274904,-104.5169965,-60.04717153,0.115781523,3381,ssp245,pCO2,NP_STSS,NP,STSS,263.8844534,264.0518573,14.18134888,228.5512988,345.6024495,0.24389054
ssp245_pCO2_NP_STSS,12,1850s,-80.72318589,-80.63617985,6.214719434,-101.3746497,-61.6839091,0.106880614,3381,ssp245,pCO2,NP_STSS,NP,STSS,254.6304601,254.5993404,13.9436109,212.4423553,324.8135651,0.239801928
ssp245_pCO2_NP_STSS,2,1850s,-76.87337241,-76.75165276,7.068375212,-95.12936646,-57.70313324,0.121561769,3381,ssp245,pCO2,NP_STSS,NP,STSS,251.673329,251.4285459,16.59394227,193.7543533,308.748468,0.285382271
ssp245_pCO2_NP_STSS,3,1850s,-76.15208251,-76.01941196,7.258678792,-95.44754669,-55.23748525,0.124834606,3381,ssp245,pCO2,NP_STSS,NP,STSS,250.9191291,250.680051,15.57838363,189.3564682,306.0829631,0.267916715
ssp245_pCO2_NP_STSS,4,1850s,-76.03823064,-75.937459,7.047953216,-98.10825104,-49.62684682,0.121210551,3381,ssp245,pCO2,NP_STSS,NP,STSS,246.2282953,246.0817175,12.71531417,188.5823069,309.291333,0.218677706
ssp245_pCO2_NP_STSS,5,1850s,-76.87525914,-76.87726478,8.121342233,-103.3767297,-57.79354401,0.139670673,3381,ssp245,pCO2,NP_STSS,NP,STSS,247.3941736,247.522618,15.05219966,210.5234695,316.7881877,0.258867414
ssp245_pCO2_NP_STSS,6,1850s,-83.43926776,-83.51512719,10.03587036,-111.2040424,-64.76503042,0.172596688,3381,ssp245,pCO2,NP_STSS,NP,STSS,262.8123942,263.1408746,17.77158985,230.1951447,332.8078959,0.305635429
ssp245_pCO2_NP_STSS,7,1850s,-91.27058783,-91.31381491,9.995323711,-121.3225293,-67.26313019,0.171899367,3381,ssp245,pCO2,NP_STSS,NP,STSS,287.2894966,287.6500808,18.40247965,251.5617172,361.3681783,0.316485459
ssp245_pCO2_NP_STSS,8,1850s,-94.87419945,-94.85045509,10.61271444,-129.7269,-59.695755,0.18251724,3381,ssp245,pCO2,NP_STSS,NP,STSS,302.7844616,303.0195506,16.7490566,267.3834157,379.4432088,0.288049924
ssp245_pCO2_NP_STSS,9,1850s,-93.59575689,-93.58033975,9.066986103,-119.9803656,-61.4565979,0.155933837,3381,ssp245,pCO2,NP_STSS,NP,STSS,297.3075032,297.6119146,15.91276835,265.6979411,380.2126221,0.273667456
ssp245_pCO2_NP_STSS,1,2090s,220.1335157,219.9188536,9.761780579,192.6660345,245.7348043,0.167882898,3381,ssp245,pCO2,NP_STSS,NP,STSS,548.9754062,548.4613338,27.3327912,461.1151418,615.4250997,0.470068769
ssp245_pCO2_NP_STSS,10,2090s,231.8354062,231.8901835,13.17950492,198.9137115,263.2607776,0.226660849,3381,ssp245,pCO2,NP_STSS,NP,STSS,599.4773517,599.8529942,29.79749019,512.774292,714.6714636,0.512456611
ssp245_pCO2_NP_STSS,11,2090s,221.450636,221.4478302,8.94755276,194.5938324,246.0939728,0.153879825,3381,ssp245,pCO2,NP_STSS,NP,STSS,569.0496516,569.1846385,23.68720978,497.350001,657.8592916,0.407372137
ssp245_pCO2_NP_STSS,12,2090s,217.9431672,217.8254875,7.638382683,191.3284723,237.3031108,0.131364745,3381,ssp245,pCO2,NP_STSS,NP,STSS,553.2968132,553.0610077,22.67710005,472.8908032,622.008665,0.390000291
ssp245_pCO2_NP_STSS,2,2090s,221.0470257,220.844222,10.25140295,189.3433997,244.437796,0.176303413,3381,ssp245,pCO2,NP_STSS,NP,STSS,549.5937271,549.0244206,29.96246005,453.1615088,602.9092651,0.515293759
ssp245_pCO2_NP_STSS,3,2090s,219.4355037,219.2836466,8.175400449,192.3620755,238.0591187,0.140600365,3381,ssp245,pCO2,NP_STSS,NP,STSS,546.5067153,545.9831096,26.99859635,438.9512054,596.4009363,0.464321293
ssp245_pCO2_NP_STSS,4,2090s,215.1353666,215.175559,8.724656835,192.0401194,239.7056671,0.150046465,3381,ssp245,pCO2,NP_STSS,NP,STSS,537.4018926,537.1947355,20.65396476,438.116923,609.1898315,0.355206453
ssp245_pCO2_NP_STSS,5,2090s,219.2361026,219.485685,15.67877825,176.8065694,257.0998749,0.269643299,3381,ssp245,pCO2,NP_STSS,NP,STSS,543.5055353,543.8855678,32.64324272,470.1963053,632.8058936,0.561397803
ssp245_pCO2_NP_STSS,6,2090s,237.6718838,237.8279395,17.4500857,195.2361257,293.3311121,0.300106208,3381,ssp245,pCO2,NP_STSS,NP,STSS,583.9235457,584.4839413,37.82108104,497.4123372,682.8795544,0.650446158
ssp245_pCO2_NP_STSS,7,2090s,252.0651251,251.9486467,19.67728729,211.158371,310.1853351,0.338409574,3381,ssp245,pCO2,NP_STSS,NP,STSS,630.6252095,630.9125424,37.13514948,547.0349101,732.058219,0.638649521
ssp245_pCO2_NP_STSS,8,2090s,256.2407673,256.0289114,18.51993184,210.29216,301.7190533,0.318505399,3381,ssp245,pCO2,NP_STSS,NP,STSS,653.8994284,653.898917,33.65821491,569.4164917,755.9424036,0.578853274
ssp245_pCO2_NP_STSS,9,2090s,246.9859774,246.9392037,15.88404732,203.4139709,281.7058972,0.273173512,3381,ssp245,pCO2,NP_STSS,NP,STSS,637.8892375,638.131458,31.36371908,539.1142273,739.5556287,0.539392582
ssp245_pCO2_Pac_EQU_E,1,1850s,-77.92346261,-77.92542465,4.52046914,-91.38912292,-39.00190735,0.058252307,6022,ssp245,pCO2,Pac_EQU_E,Pac,EQU,336.5689995,336.5901604,23.0428077,264.9943887,431.1858368,0.296937481
ssp245_pCO2_Pac_EQU_E,10,1850s,-78.79166084,-78.79096975,4.809891325,-93.09654846,-51.97491455,0.0619819,6022,ssp245,pCO2,Pac_EQU_E,Pac,EQU,334.6966628,334.7236943,26.07663157,223.0468866,413.0930634,0.33603237
ssp245_pCO2_Pac_EQU_E,11,1850s,-78.69805191,-78.69855188,4.685084515,-92.05358785,-55.28043213,0.060373597,6022,ssp245,pCO2,Pac_EQU_E,Pac,EQU,332.353596,332.3785738,25.85339205,227.6123474,422.1803558,0.33315563
ssp245_pCO2_Pac_EQU_E,12,1850s,-78.71613229,-78.71781554,4.218774512,-92.79921265,-47.08719177,0.054364568,6022,ssp245,pCO2,Pac_EQU_E,Pac,EQU,332.7048967,332.727744,25.79086339,255.1964682,434.3855011,0.332349864
ssp245_pCO2_Pac_EQU_E,2,1850s,-78.42716034,-78.42946066,6.159492538,-92.5392511,-4.309503174,0.079373322,6022,ssp245,pCO2,Pac_EQU_E,Pac,EQU,343.5105378,343.5341423,21.23800181,271.8457648,483.8947296,0.273680137
ssp245_pCO2_Pac_EQU_E,3,1850s,-78.58420081,-78.58666043,6.478392483,-95.8617391,-38.78082642,0.083482776,6022,ssp245,pCO2,Pac_EQU_E,Pac,EQU,348.9806605,349.0049528,20.45966902,289.6411035,488.5149933,0.263650275
ssp245_pCO2_Pac_EQU_E,4,1850s,-78.95534376,-78.95767174,6.515372421,-95.61305644,-50.7415741,0.083959312,6022,ssp245,pCO2,Pac_EQU_E,Pac,EQU,351.7677743,351.7899786,19.6696511,291.6083191,510.5443359,0.253469834
ssp245_pCO2_Pac_EQU_E,5,1850s,-80.33186909,-80.33383169,6.47253641,-97.03784993,-44.85057983,0.083407312,6022,ssp245,pCO2,Pac_EQU_E,Pac,EQU,350.664527,350.6899779,17.48027,298.9219309,455.9474213,0.225256723
ssp245_pCO2_Pac_EQU_E,6,1850s,-80.70613156,-80.70984613,6.004990478,-97.68287252,-57.64812927,0.077382356,6022,ssp245,pCO2,Pac_EQU_E,Pac,EQU,345.8780992,345.9070403,19.4637671,258.0323578,399.6530731,0.250816743
ssp245_pCO2_Pac_EQU_E,7,1850s,-80.55714707,-80.56031374,5.701352569,-95.27220357,-56.78505249,0.073469574,6022,ssp245,pCO2,Pac_EQU_E,Pac,EQU,341.6710346,341.6994468,21.35483719,237.6645728,391.9633382,0.275185717
ssp245_pCO2_Pac_EQU_E,8,1850s,-79.88242762,-79.88399506,5.34195637,-98.40165609,-61.6910321,0.068838272,6022,ssp245,pCO2,Pac_EQU_E,Pac,EQU,339.3998768,339.4281112,23.0598887,249.2785953,393.3592194,0.297157593
ssp245_pCO2_Pac_EQU_E,9,1850s,-79.53865668,-79.53885677,5.180061047,-101.0831828,-54.70676575,0.066752034,6022,ssp245,pCO2,Pac_EQU_E,Pac,EQU,337.4403746,337.4691231,24.94145267,248.9188196,392.9196879,0.321404068
ssp245_pCO2_Pac_EQU_E,1,2090s,219.2089519,219.2064772,10.50411075,182.7833822,275.2715902,0.135359555,6022,ssp245,pCO2,Pac_EQU_E,Pac,EQU,633.701414,633.7220623,25.78961166,514.5560895,703.821062,0.332333734
ssp245_pCO2_Pac_EQU_E,10,2090s,218.7574795,218.7623446,12.59046057,176.8749674,261.4078827,0.16224497,6022,ssp245,pCO2,Pac_EQU_E,Pac,EQU,632.2458032,632.2770086,30.97050514,513.6936452,717.3783167,0.399096495
ssp245_pCO2_Pac_EQU_E,11,2090s,216.7749523,216.7776215,13.61958203,166.1643158,271.5523102,0.17550658,6022,ssp245,pCO2,Pac_EQU_E,Pac,EQU,627.8266003,627.8547472,30.52901617,514.9269633,729.1873022,0.393407317
ssp245_pCO2_Pac_EQU_E,12,2090s,217.1626464,217.1639958,13.04745735,171.0859283,272.940033,0.168133986,6022,ssp245,pCO2,Pac_EQU_E,Pac,EQU,628.5836754,628.6095554,31.39324671,505.0023157,729.5308167,0.404544087
ssp245_pCO2_Pac_EQU_E,2,2090s,223.003191,223.0048343,10.91666303,194.6156708,303.993104,0.140675844,6022,ssp245,pCO2,Pac_EQU_E,Pac,EQU,644.9408892,644.9684373,22.4391136,545.9207367,783.6330953,0.289158073
ssp245_pCO2_Pac_EQU_E,3,2090s,224.3043766,224.3075684,11.57730455,187.7799784,267.0021891,0.149189096,6022,ssp245,pCO2,Pac_EQU_E,Pac,EQU,651.8692379,651.8991816,20.51433041,557.1824036,753.6680969,0.26435466
ssp245_pCO2_Pac_EQU_E,4,2090s,224.8314564,224.8335552,13.58612489,177.3381073,275.4195964,0.17507544,6022,ssp245,pCO2,Pac_EQU_E,Pac,EQU,655.5545744,655.5812055,21.56876584,552.677828,774.5997314,0.277942475
ssp245_pCO2_Pac_EQU_E,5,2090s,225.1196816,225.1227194,14.62853028,166.5955658,277.2846364,0.188508232,6022,ssp245,pCO2,Pac_EQU_E,Pac,EQU,656.1160777,656.1465291,22.03775129,562.5032796,744.7899536,0.283985981
ssp245_pCO2_Pac_EQU_E,6,2090s,224.2064684,224.2130873,15.13278416,162.913269,270.4188985,0.195006219,6022,ssp245,pCO2,Pac_EQU_E,Pac,EQU,650.7906992,650.8299738,26.70752512,518.4166071,732.4889425,0.34416228
ssp245_pCO2_Pac_EQU_E,7,2090s,222.4404077,222.4484904,15.10692373,170.5996216,266.0834381,0.194672973,6022,ssp245,pCO2,Pac_EQU_E,Pac,EQU,644.6685894,644.708251,30.60443654,511.3549469,738.9691366,0.39437921
ssp245_pCO2_Pac_EQU_E,8,2090s,221.8056617,221.8134817,14.32298828,175.1026744,271.415858,0.184570913,6022,ssp245,pCO2,Pac_EQU_E,Pac,EQU,641.0879662,641.125588,32.57233551,552.7755707,743.4763468,0.419738227
ssp245_pCO2_Pac_EQU_E,9,2090s,220.7832801,220.7901714,12.60238053,182.7575877,265.7372325,0.162398575,6022,ssp245,pCO2,Pac_EQU_E,Pac,EQU,637.7623114,637.7981512,32.40041368,561.60218,732.1635824,0.417522784
ssp245_pCO2_Pac_EQU_W,1,1850s,-78.75205464,-78.7476677,5.161790236,-90.93449829,-58.2219574,0.078146179,4363,ssp245,pCO2,Pac_EQU_W,Pac,EQU,312.467495,312.5461395,19.900702,267.9190526,353.748111,0.301283807
ssp245_pCO2_Pac_EQU_W,10,1850s,-79.93467862,-79.93817695,6.049568838,-95.96069946,-57.27087402,0.091586575,4363,ssp245,pCO2,Pac_EQU_W,Pac,EQU,313.771038,313.8543754,20.36344168,262.637204,354.98284,0.308289387
ssp245_pCO2_Pac_EQU_W,11,1850s,-80.9994434,-81.00317327,5.243122424,-95.61300049,-64.43050537,0.079377495,4363,ssp245,pCO2,Pac_EQU_W,Pac,EQU,313.3592598,313.4369651,20.52426867,267.6377889,353.3935781,0.310724204
ssp245_pCO2_Pac_EQU_W,12,1850s,-80.42094118,-80.41909536,5.31699445,-94.4804126,-64.77689209,0.08049587,4363,ssp245,pCO2,Pac_EQU_W,Pac,EQU,313.1515249,313.2270864,20.15169796,269.2926112,352.280544,0.305083724
ssp245_pCO2_Pac_EQU_W,2,1850s,-78.62707842,-78.62180984,4.938443066,-89.98116048,-56.95651855,0.074764846,4363,ssp245,pCO2,Pac_EQU_W,Pac,EQU,312.4622879,312.5504456,20.46276553,267.8930318,355.1865997,0.309793086
ssp245_pCO2_Pac_EQU_W,3,1850s,-79.13482285,-79.12992232,4.620309677,-89.74521118,-61.62516174,0.069948512,4363,ssp245,pCO2,Pac_EQU_W,Pac,EQU,312.822145,312.9166792,21.14065828,263.2474701,356.8286214,0.320055946
ssp245_pCO2_Pac_EQU_W,4,1850s,-79.89845856,-79.89521711,4.907491035,-91.47555359,-61.10522156,0.074296252,4363,ssp245,pCO2,Pac_EQU_W,Pac,EQU,313.0654328,313.160252,21.50221348,256.9668976,359.6834524,0.325529659
ssp245_pCO2_Pac_EQU_W,5,1850s,-80.22672828,-80.22364497,5.172406753,-93.14432556,-63.01182861,0.078306906,4363,ssp245,pCO2,Pac_EQU_W,Pac,EQU,312.3167486,312.4075529,21.31314623,255.1708069,362.3656484,0.322667302
ssp245_pCO2_Pac_EQU_W,6,1850s,-79.6018915,-79.59967495,5.300408897,-94.16675537,-61.50566101,0.080244776,4363,ssp245,pCO2,Pac_EQU_W,Pac,EQU,310.6166452,310.7024124,20.98702597,256.4313197,362.4651347,0.317730052
ssp245_pCO2_Pac_EQU_W,7,1850s,-78.69799962,-78.69582792,5.620164384,-94.15817627,-58.61396179,0.085085668,4363,ssp245,pCO2,Pac_EQU_W,Pac,EQU,309.4315769,309.5148614,20.52605609,252.3387248,355.8971924,0.310751265
ssp245_pCO2_Pac_EQU_W,8,1850s,-78.85288315,-78.85226927,5.651739835,-95.41652893,-59.15427246,0.0855637,4363,ssp245,pCO2,Pac_EQU_W,Pac,EQU,310.0184438,310.1007885,20.25013058,253.3383464,356.1745076,0.30657393
ssp245_pCO2_Pac_EQU_W,9,1850s,-79.3926052,-79.39522411,5.794665384,-96.41078308,-60.56205444,0.087727501,4363,ssp245,pCO2,Pac_EQU_W,Pac,EQU,312.2774376,312.36188,20.29664714,256.6772141,356.9671733,0.307278161
ssp245_pCO2_Pac_EQU_W,1,2090s,213.8617117,213.8582131,11.40205185,186.5852051,243.0059363,0.172619719,4363,ssp245,pCO2,Pac_EQU_W,Pac,EQU,605.0812614,605.1520202,25.57877073,541.7092468,671.7769348,0.387246109
ssp245_pCO2_Pac_EQU_W,10,2090s,212.7199998,212.7134224,14.1809997,175.3816783,243.7336877,0.214691199,4363,ssp245,pCO2,Pac_EQU_W,Pac,EQU,606.4257163,606.5059748,26.22983983,544.3982666,679.9692627,0.397102876
ssp245_pCO2_Pac_EQU_W,11,2090s,213.5958505,213.5912647,12.75141465,180.4540629,243.1334106,0.193048202,4363,ssp245,pCO2,Pac_EQU_W,Pac,EQU,607.9545537,608.031403,25.75635629,551.6641388,682.8712061,0.38993464
ssp245_pCO2_Pac_EQU_W,12,2090s,213.737484,213.7363526,11.41356405,187.4716319,242.4950848,0.172794006,4363,ssp245,pCO2,Pac_EQU_W,Pac,EQU,607.3099501,607.3825344,25.4875018,549.9982935,680.5575659,0.385864356
ssp245_pCO2_Pac_EQU_W,2,2090s,213.1472913,213.1413772,12.25886033,186.8072388,242.3000031,0.185591247,4363,ssp245,pCO2,Pac_EQU_W,Pac,EQU,604.2366576,604.3136326,25.89347886,553.4428857,668.5420276,0.392010587
ssp245_pCO2_Pac_EQU_W,3,2090s,212.9007301,212.8915271,12.9980045,184.4833384,243.5979541,0.196781414,4363,ssp245,pCO2,Pac_EQU_W,Pac,EQU,604.857698,604.9381286,26.19384153,556.7854797,668.070647,0.396557885
ssp245_pCO2_Pac_EQU_W,4,2090s,213.379271,213.3677689,13.51501663,182.6908122,247.6373358,0.204608644,4363,ssp245,pCO2,Pac_EQU_W,Pac,EQU,606.3431624,606.423238,26.75852213,550.586969,673.8316833,0.405106785
ssp245_pCO2_Pac_EQU_W,5,2090s,213.0078985,212.9964772,13.37492874,177.9109487,249.5033752,0.202487804,4363,ssp245,pCO2,Pac_EQU_W,Pac,EQU,605.5513754,605.627675,27.70912842,525.8904663,678.5284924,0.419498352
ssp245_pCO2_Pac_EQU_W,6,2090s,212.0881947,212.0752972,13.54141808,172.6817861,250.5950012,0.205008345,4363,ssp245,pCO2,Pac_EQU_W,Pac,EQU,602.3067314,602.3773846,27.27116913,524.8177277,684.4126078,0.41286793
ssp245_pCO2_Pac_EQU_W,7,2090s,209.9300484,209.9150647,13.35734226,169.1763509,243.0783722,0.202221556,4363,ssp245,pCO2,Pac_EQU_W,Pac,EQU,598.0596248,598.1257541,25.40762633,529.9498169,682.6670736,0.384655093
ssp245_pCO2_Pac_EQU_W,8,2090s,209.663856,209.6495155,13.91526582,168.6253428,241.1277765,0.210668159,4363,ssp245,pCO2,Pac_EQU_W,Pac,EQU,598.5351829,598.6025732,24.52186396,528.9875916,677.8594727,0.371245221
ssp245_pCO2_Pac_EQU_W,9,2090s,211.1339727,211.1221791,14.69809261,168.676356,243.0045917,0.222519652,4363,ssp245,pCO2,Pac_EQU_W,Pac,EQU,602.8040156,602.8792832,25.40049912,530.9295563,677.498905,0.384547192
ssp245_pCO2_SA_STPS,1,1850s,-89.62709995,-89.55607461,7.950700789,-113.2640361,-45.24048971,0.090099073,7787,ssp245,pCO2,SA_STPS,SA,STPS,304.9203191,305.3904066,17.30951333,250.6148493,472.4542969,0.196155175
ssp245_pCO2_SA_STPS,10,1850s,-80.0189288,-80.05618682,5.065511727,-105.6237498,-56.1506897,0.057403482,7787,ssp245,pCO2,SA_STPS,SA,STPS,274.5034227,275.1845588,17.87958311,229.2738391,442.4355357,0.20261533
ssp245_pCO2_SA_STPS,11,1850s,-82.69334354,-82.71868182,6.177730672,-102.9932597,-54.8021642,0.070007389,7787,ssp245,pCO2,SA_STPS,SA,STPS,281.0144359,281.783424,18.79025157,231.1653585,445.1319489,0.212935223
ssp245_pCO2_SA_STPS,12,1850s,-87.3527098,-87.33391449,7.053677723,-106.8126119,-58.57924927,0.079933812,7787,ssp245,pCO2,SA_STPS,SA,STPS,292.6553018,293.3066699,17.91292817,241.4179286,454.6889577,0.202993203
ssp245_pCO2_SA_STPS,2,1850s,-91.45137571,-91.36014364,8.369048319,-116.1944326,-38.21069845,0.094839878,7787,ssp245,pCO2,SA_STPS,SA,STPS,310.7981161,311.2606428,17.32697709,254.9134216,490.4157827,0.196353078
ssp245_pCO2_SA_STPS,3,1850s,-90.78748073,-90.71396556,7.629720169,-113.40159,-39.39595764,0.086461651,7787,ssp245,pCO2,SA_STPS,SA,STPS,309.1265382,309.7312165,17.90260233,255.9548503,493.9913676,0.202876189
ssp245_pCO2_SA_STPS,4,1850s,-88.00143609,-87.98038742,6.739891642,-107.6494853,-37.29520142,0.07637792,7787,ssp245,pCO2,SA_STPS,SA,STPS,301.3533924,302.0748896,17.74241224,254.1370733,479.1178385,0.20106088
ssp245_pCO2_SA_STPS,5,1850s,-85.00123067,-85.00924748,5.814102148,-101.8485931,-37.14285461,0.065886672,7787,ssp245,pCO2,SA_STPS,SA,STPS,291.504531,292.2639793,17.07113165,245.4556927,446.5770274,0.193453782
ssp245_pCO2_SA_STPS,6,1850s,-82.29000629,-82.28879521,5.000203247,-97.59423625,-42.5777063,0.056663392,7787,ssp245,pCO2,SA_STPS,SA,STPS,282.3941542,283.0997721,16.34746156,236.7275827,423.1710754,0.185252995
ssp245_pCO2_SA_STPS,7,1850s,-80.56591359,-80.54895483,4.457874952,-103.4351613,-47.93203064,0.05051761,7787,ssp245,pCO2,SA_STPS,SA,STPS,276.2594059,276.8628139,16.20766406,232.2360602,418.2264526,0.183668779
ssp245_pCO2_SA_STPS,8,1850s,-79.85351647,-79.83032959,4.269744011,-108.5254171,-49.39860657,0.048385669,7787,ssp245,pCO2,SA_STPS,SA,STPS,273.5743481,274.099553,16.56819917,229.2476993,431.4875224,0.187754441
ssp245_pCO2_SA_STPS,9,1850s,-79.63373801,-79.62266506,4.344926879,-106.4700938,-51.3878009,0.049237658,7787,ssp245,pCO2,SA_STPS,SA,STPS,273.1074148,273.6486869,16.86368703,227.4492102,444.2390452,0.191102974
ssp245_pCO2_SA_STPS,1,2090s,235.556483,235.4182487,12.25262628,164.0945032,267.6242169,0.13884943,7787,ssp245,pCO2,SA_STPS,SA,STPS,630.103902,630.3647299,28.42264522,548.4782511,767.5193298,0.322091606
ssp245_pCO2_SA_STPS,10,2090s,216.9752388,216.9536878,8.228533655,186.0387838,256.7279388,0.093247536,7787,ssp245,pCO2,SA_STPS,SA,STPS,571.4975903,572.1944335,23.29672781,494.1348938,763.8612101,0.264003593
ssp245_pCO2_SA_STPS,11,2090s,222.1193578,222.1864044,10.49366327,174.5221191,250.8088031,0.118916478,7787,ssp245,pCO2,SA_STPS,SA,STPS,585.8271372,586.6885102,26.2030543,490.7936361,748.0377218,0.296938718
ssp245_pCO2_SA_STPS,12,2090s,230.077321,230.0803809,12.28463239,173.5964111,262.9722888,0.13921213,7787,ssp245,pCO2,SA_STPS,SA,STPS,610.0853326,610.7209653,27.64189514,525.38986,752.4508565,0.313243976
ssp245_pCO2_SA_STPS,2,2090s,236.5871234,236.4127053,11.97916831,157.0004016,271.9868231,0.135750544,7787,ssp245,pCO2,SA_STPS,SA,STPS,638.8366152,639.0334918,27.83370206,551.2299479,770.1557597,0.315417574
ssp245_pCO2_SA_STPS,3,2090s,232.7859741,232.7023791,10.43346147,153.0411804,260.6732404,0.118234258,7787,ssp245,pCO2,SA_STPS,SA,STPS,632.699993,633.1475611,25.87431364,553.2651204,755.2549764,0.293213357
ssp245_pCO2_SA_STPS,4,2090s,226.7717245,226.7443734,8.880932259,158.8400079,251.7096802,0.100640659,7787,ssp245,pCO2,SA_STPS,SA,STPS,616.126553,616.7996504,23.41395271,549.6625854,747.1867167,0.265332012
ssp245_pCO2_SA_STPS,5,2090s,221.0375957,221.0190287,7.101073281,166.4424896,249.5808675,0.080470909,7787,ssp245,pCO2,SA_STPS,SA,STPS,597.5433574,598.2922555,20.86305861,529.7969604,732.7118937,0.236424724
ssp245_pCO2_SA_STPS,6,2090s,217.3303671,217.249124,6.878506136,170.9932739,260.6527618,0.07794873,7787,ssp245,pCO2,SA_STPS,SA,STPS,582.0145276,582.6376914,19.79065865,513.9075763,731.5300313,0.224272054
ssp245_pCO2_SA_STPS,7,2090s,216.255845,216.0876762,7.582975563,177.9409308,282.4357727,0.085931931,7787,ssp245,pCO2,SA_STPS,SA,STPS,573.0811645,573.4994449,20.40898995,505.9074683,758.601473,0.231279119
ssp245_pCO2_SA_STPS,8,2090s,216.6946337,216.474817,8.138412625,184.1128345,297.2439026,0.092226264,7787,ssp245,pCO2,SA_STPS,SA,STPS,570.1224983,570.4046996,21.33912484,502.0653571,789.718276,0.24181961
ssp245_pCO2_SA_STPS,9,2090s,216.576109,216.4125909,7.232186464,188.2628632,291.8038035,0.081956712,7787,ssp245,pCO2,SA_STPS,SA,STPS,569.3172617,569.6839428,20.67906796,501.4712524,790.0230774,0.234339702
ssp245_pCO2_SO_SPSS,1,1850s,-82.38760388,-82.63471584,6.043850537,-95.55286306,-42.49421082,0.041161324,21560,ssp245,pCO2,SO_SPSS,SO,SPSS,287.3889244,287.863423,14.81060698,196.2925461,325.3598029,0.100866855
ssp245_pCO2_SO_SPSS,10,1850s,-80.70653592,-81.0549738,6.604931355,-91.44496257,-28.53730164,0.044982535,21560,ssp245,pCO2,SO_SPSS,SO,SPSS,281.5300752,281.8348667,7.685801673,227.7208928,340.2642853,0.052343745
ssp245_pCO2_SO_SPSS,11,1850s,-81.5863481,-81.90278709,6.690569963,-97.72926788,-27.82146606,0.045565773,21560,ssp245,pCO2,SO_SPSS,SO,SPSS,281.9501976,282.2962323,9.693047459,196.7541148,329.4412598,0.066013987
ssp245_pCO2_SO_SPSS,12,1850s,-82.40324011,-82.64186138,6.597163505,-103.1030736,-35.00261383,0.044929633,21560,ssp245,pCO2,SO_SPSS,SO,SPSS,282.7363238,283.2817774,14.0283658,189.4939768,316.0848073,0.095539443
ssp245_pCO2_SO_SPSS,2,1850s,-83.59928767,-83.83287488,5.589035615,-95.77650085,-46.46331177,0.038063831,21560,ssp245,pCO2,SO_SPSS,SO,SPSS,290.9401981,291.3149472,13.18442715,211.6329285,328.0210132,0.089791843
ssp245_pCO2_SO_SPSS,3,1850s,-84.33688733,-84.54534538,5.141346074,-93.41837708,-48.64494934,0.035014865,21560,ssp245,pCO2,SO_SPSS,SO,SPSS,291.3558075,291.7083639,11.15365548,235.849677,322.621416,0.07596138
ssp245_pCO2_SO_SPSS,4,1850s,-84.13491943,-84.35509034,4.9953525,-92.01294861,-51.97427979,0.034020584,21560,ssp245,pCO2,SO_SPSS,SO,SPSS,289.3289791,289.6514914,9.069708155,251.8493952,316.7265299,0.061768767
ssp245_pCO2_SO_SPSS,5,1850s,-83.48982556,-83.72363093,5.010760797,-90.71811117,-51.80521545,0.034125521,21560,ssp245,pCO2,SO_SPSS,SO,SPSS,286.4917897,286.7786522,7.567990876,253.4045726,310.6838186,0.051541401
ssp245_pCO2_SO_SPSS,6,1850s,-82.807519,-83.05328311,5.061585901,-91.67874349,-45.7711731,0.034471663,21560,ssp245,pCO2,SO_SPSS,SO,SPSS,283.9896746,284.2425476,6.717095269,242.7381744,323.7141937,0.045746422
ssp245_pCO2_SO_SPSS,7,1850s,-82.1230585,-82.38026036,5.264755747,-91.77185872,-41.80909546,0.03585534,21560,ssp245,pCO2,SO_SPSS,SO,SPSS,282.5601535,282.7922801,6.379168431,235.2386663,335.7594971,0.043444989
ssp245_pCO2_SO_SPSS,8,1850s,-81.20756886,-81.49832416,5.671964331,-91.16861369,-39.4808429,0.038628613,21560,ssp245,pCO2,SO_SPSS,SO,SPSS,281.9765449,282.2092386,6.56054557,236.376004,342.3754211,0.044680248
ssp245_pCO2_SO_SPSS,9,1850s,-80.60885651,-80.93952852,6.158434777,-89.62619629,-37.58243042,0.041941694,21560,ssp245,pCO2,SO_SPSS,SO,SPSS,281.6034345,281.8597575,6.915770848,242.0878693,341.5401367,0.047099491
ssp245_pCO2_SO_SPSS,1,2090s,214.9513717,214.9174366,9.90280702,125.558103,252.5734589,0.067442543,21560,ssp245,pCO2,SO_SPSS,SO,SPSS,584.7279001,585.4155754,23.36415288,429.54988,645.0506897,0.159120326
ssp245_pCO2_SO_SPSS,10,2090s,216.0878506,216.6475102,9.474805073,126.5866492,242.9375562,0.064527658,21560,ssp245,pCO2,SO_SPSS,SO,SPSS,578.3244617,579.5373507,17.52821131,460.9378977,648.0221741,0.119374955
ssp245_pCO2_SO_SPSS,11,2090s,214.8880015,215.1646615,10.13853204,126.9468755,234.7690814,0.069047936,21560,ssp245,pCO2,SO_SPSS,SO,SPSS,578.4245471,579.3636808,20.58462948,378.4286662,623.6423486,0.140190529
ssp245_pCO2_SO_SPSS,12,2090s,212.6865303,212.7636056,10.96563157,129.6660456,239.9579425,0.074680853,21560,ssp245,pCO2,SO_SPSS,SO,SPSS,577.8260942,578.6872444,25.07542447,399.1998494,645.8311731,0.170774851
ssp245_pCO2_SO_SPSS,2,2090s,217.2082783,217.1652773,7.516243635,122.0522983,239.9469025,0.051188979,21560,ssp245,pCO2,SO_SPSS,SO,SPSS,591.747764,592.3130994,19.83345186,421.2397083,635.876748,0.135074674
ssp245_pCO2_SO_SPSS,3,2090s,218.1930455,218.2005882,5.982700135,156.9940881,239.4988617,0.040744863,21560,ssp245,pCO2,SO_SPSS,SO,SPSS,593.8857402,594.4542975,15.31076818,461.8987421,629.3275684,0.104273176
ssp245_pCO2_SO_SPSS,4,2090s,218.2441048,218.3295969,5.775434625,166.6629852,244.5637115,0.039333292,21560,ssp245,pCO2,SO_SPSS,SO,SPSS,591.7080033,592.3361786,12.10677069,514.4995947,623.7847839,0.082452521
ssp245_pCO2_SO_SPSS,5,2090s,218.0364612,218.2256342,6.229709685,162.4860938,243.6947479,0.042427108,21560,ssp245,pCO2,SO_SPSS,SO,SPSS,588.0180765,588.7279173,10.98721068,524.4235596,624.8744202,0.074827817
ssp245_pCO2_SO_SPSS,6,2090s,217.8585272,218.1724739,6.984633812,160.8257886,245.2503174,0.047568479,21560,ssp245,pCO2,SO_SPSS,SO,SPSS,584.6557209,585.4683046,11.28359712,513.0289844,638.6353821,0.076846341
ssp245_pCO2_SO_SPSS,7,2090s,217.7795023,218.2407916,7.967625398,150.5676611,249.9681396,0.054263091,21560,ssp245,pCO2,SO_SPSS,SO,SPSS,582.4627143,583.4133321,12.64897313,495.1501636,650.9143738,0.086145162
ssp245_pCO2_SO_SPSS,8,2090s,217.8481224,218.4218602,8.777736355,137.7368854,258.2209473,0.059780309,21560,ssp245,pCO2,SO_SPSS,SO,SPSS,581.0322361,582.1294229,14.33615331,481.5116968,655.5975342,0.097635613
ssp245_pCO2_SO_SPSS,9,2090s,217.0310339,217.6538859,9.339084768,130.5334674,262.1042267,0.063603342,21560,ssp245,pCO2,SO_SPSS,SO,SPSS,579.2433249,580.453172,15.77099997,473.9000262,673.5505005,0.10740756
ssp245_pCO2_SO_STSS,1,1850s,-81.47526359,-81.4891446,7.931638802,-181.517066,-43.88439178,0.06294555,15878,ssp245,pCO2,SO_STSS,SO,STSS,279.4607247,279.3007681,18.57955501,184.8442281,560.3789709,0.147447499
ssp245_pCO2_SO_STSS,10,1850s,-81.19976143,-81.12948096,6.959412258,-227.6263867,-46.0827769,0.055229952,15878,ssp245,pCO2,SO_STSS,SO,STSS,274.2987253,273.9492042,15.428031,196.7057988,687.7140308,0.122436979
ssp245_pCO2_SO_STSS,11,1850s,-79.71963356,-79.64982767,7.67670783,-196.2306238,-46.10514069,0.060922415,15878,ssp245,pCO2,SO_STSS,SO,STSS,271.5717829,271.254285,18.15208303,179.0688263,622.8785217,0.144055078
ssp245_pCO2_SO_STSS,12,1850s,-79.87725346,-79.85974975,9.2471665,-187.0269135,-39.21402842,0.073385588,15878,ssp245,pCO2,SO_STSS,SO,STSS,274.1514069,273.9160399,19.25512985,182.0480347,582.4336853,0.152808866
ssp245_pCO2_SO_STSS,2,1850s,-83.26939067,-83.29753476,7.015929813,-176.2102643,-52.38136902,0.055678476,15878,ssp245,pCO2,SO_STSS,SO,STSS,282.9480028,282.8027925,17.54207037,200.9540319,554.9046356,0.139214012
ssp245_pCO2_SO_STSS,3,1850s,-83.55150205,-83.53842544,5.867559839,-167.0356152,-50.92990051,0.046565002,15878,ssp245,pCO2,SO_STSS,SO,STSS,282.1618901,281.9512792,16.1026954,213.5140915,525.263443,0.127791121
ssp245_pCO2_SO_STSS,4,1850s,-83.18150774,-83.10747482,5.09051397,-161.1145197,-48.4684375,0.04039836,15878,ssp245,pCO2,SO_STSS,SO,STSS,279.0421766,278.7250674,14.46170812,229.721552,506.2057587,0.114768232
ssp245_pCO2_SO_STSS,5,1850s,-83.01400783,-82.91228685,4.855310881,-157.1332758,-51.00576416,0.038531786,15878,ssp245,pCO2,SO_STSS,SO,STSS,276.1881756,275.8148663,13.31796191,223.1069199,533.2092261,0.105691453
ssp245_pCO2_SO_STSS,6,1850s,-82.85288825,-82.74725768,5.393238801,-170.3778088,-41.20177155,0.042800787,15878,ssp245,pCO2,SO_STSS,SO,STSS,274.8514546,274.4829619,13.52485559,211.7871913,716.6004193,0.107333363
ssp245_pCO2_SO_STSS,7,1850s,-82.50323483,-82.40972809,6.361815861,-250.772605,-42.08304443,0.050487422,15878,ssp245,pCO2,SO_STSS,SO,STSS,275.4276193,275.0920032,14.74945712,207.171376,830.5952698,0.117051811
ssp245_pCO2_SO_STSS,8,1850s,-82.42777285,-82.35407989,6.961989837,-276.7708838,-41.33811798,0.055250408,15878,ssp245,pCO2,SO_STSS,SO,STSS,276.7064538,276.3992764,15.09299088,211.5971069,856.6597485,0.119778098
ssp245_pCO2_SO_STSS,9,1850s,-82.26799678,-82.20158194,6.790151326,-249.4908942,-56.92351654,0.053886696,15878,ssp245,pCO2,SO_STSS,SO,STSS,276.7780371,276.4769374,14.65599034,217.9454926,809.6916357,0.116310058
ssp245_pCO2_SO_STSS,1,2090s,217.266592,217.653872,15.24158294,141.1649261,317.616601,0.120957325,15878,ssp245,pCO2,SO_STSS,SO,STSS,578.2025804,578.4437847,30.51500182,449.3548889,893.3002136,0.242167301
ssp245_pCO2_SO_STSS,10,2090s,222.6507661,222.7780687,14.19830677,123.884432,432.8785034,0.112677877,15878,ssp245,pCO2,SO_STSS,SO,STSS,578.1492528,577.8567539,29.78052616,403.5816274,1027.928292,0.236338496
ssp245_pCO2_SO_STSS,11,2090s,215.4050982,215.5502879,16.43744312,129.4977386,380.6438239,0.130447681,15878,ssp245,pCO2,SO_STSS,SO,STSS,566.6965146,566.4544006,34.64094878,383.671049,933.5544568,0.274910849
ssp245_pCO2_SO_STSS,12,2090s,213.6365075,213.9284328,16.49242113,142.3401326,347.2330725,0.130883987,15878,ssp245,pCO2,SO_STSS,SO,STSS,567.6651679,567.7042225,35.10839542,410.8476501,888.6457727,0.27862051
ssp245_pCO2_SO_STSS,2,2090s,219.7515697,220.0419937,11.43312295,164.3981944,294.3413782,0.090733356,15878,ssp245,pCO2,SO_STSS,SO,STSS,585.9689632,586.1423209,25.61024328,470.6217194,888.9283936,0.203243098
ssp245_pCO2_SO_STSS,3,2090s,219.8346053,219.9857481,8.340753542,166.3639185,278.5717438,0.066192287,15878,ssp245,pCO2,SO_STSS,SO,STSS,585.5479975,585.4754528,21.1863291,477.6049072,878.8113159,0.168134879
ssp245_pCO2_SO_STSS,4,2090s,219.3220084,219.3159951,6.412916564,176.3126434,348.3750153,0.050892958,15878,ssp245,pCO2,SO_STSS,SO,STSS,581.5456927,581.1485374,19.00207328,495.7265493,912.481073,0.150800607
ssp245_pCO2_SO_STSS,5,2090s,220.684533,220.6189111,6.767263685,181.9896234,423.94841,0.053705059,15878,ssp245,pCO2,SO_STSS,SO,STSS,579.8867165,579.3460643,19.65683654,474.8921442,937.0266113,0.155996814
ssp245_pCO2_SO_STSS,6,2090s,223.5179496,223.4950874,9.905202713,175.1655017,487.6434198,0.078607769,15878,ssp245,pCO2,SO_STSS,SO,STSS,581.2222925,580.725307,23.48383789,445.1084869,1074.633745,0.186367927
ssp245_pCO2_SO_STSS,7,2090s,226.7472297,226.7975954,12.45620077,175.1132181,520.527597,0.09885251,15878,ssp245,pCO2,SO_STSS,SO,STSS,584.6780838,584.2993267,26.66481179,438.7498706,1207.826475,0.211612162
ssp245_pCO2_SO_STSS,8,2090s,228.655674,228.754638,13.30628878,183.8387396,539.4897711,0.105598815,15878,ssp245,pCO2,SO_STSS,SO,STSS,587.7899006,587.5079943,27.52617683,458.7906091,1216.911932,0.218447962
ssp245_pCO2_SO_STSS,9,2090s,228.2370792,228.3551311,12.85617803,188.6716492,518.317182,0.102026733,15878,ssp245,pCO2,SO_STSS,SO,STSS,587.2831132,587.0336505,26.87685521,478.4991547,1166.586257,0.21329494
ssp245_pCO2_SP_STPS,1,1850s,-89.70554611,-89.37539047,9.026934267,-119.5174054,-41.88467041,0.058328184,23951,ssp245,pCO2,SP_STPS,SP,STPS,302.3316884,303.182743,22.81166802,252.4521612,510.3733368,0.147399231
ssp245_pCO2_SP_STPS,10,1850s,-81.85699331,-81.74220992,5.328866406,-178.3514886,-29.11942871,0.034432853,23951,ssp245,pCO2,SP_STPS,SP,STPS,276.9590936,278.1818429,29.60102723,231.8247197,529.9966705,0.191269163
ssp245_pCO2_SP_STPS,11,1850s,-84.59807359,-84.44564868,6.170242519,-155.2230408,-37.06481384,0.039869465,23951,ssp245,pCO2,SP_STPS,SP,STPS,283.7317567,284.9424118,27.65063641,235.7712153,504.5494598,0.178666573
ssp245_pCO2_SP_STPS,12,1850s,-88.10587885,-87.86143857,7.520543824,-132.436532,-39.97817322,0.048594534,23951,ssp245,pCO2,SP_STPS,SP,STPS,293.5478646,294.5945927,24.58297938,244.8827067,515.5567102,0.158844686
ssp245_pCO2_SP_STPS,2,1850s,-90.37594468,-90.04207414,9.110500713,-122.6928265,-38.4419928,0.058868155,23951,ssp245,pCO2,SP_STPS,SP,STPS,306.12489,306.8987202,21.90605774,256.8843379,504.5011792,0.141547565
ssp245_pCO2_SP_STPS,3,1850s,-89.09821801,-88.84353832,8.323541441,-117.7561853,-35.59343079,0.053783161,23951,ssp245,pCO2,SP_STPS,SP,STPS,303.6289323,304.4916406,21.6040431,254.3632014,498.4773444,0.139596076
ssp245_pCO2_SP_STPS,4,1850s,-86.54130075,-86.33487328,7.090615066,-107.9800024,-35.58182129,0.045816518,23951,ssp245,pCO2,SP_STPS,SP,STPS,296.2750673,297.2957024,22.71388728,247.3875778,491.0099384,0.146767414
ssp245_pCO2_SP_STPS,5,1850s,-83.99114544,-83.79430723,6.112425248,-118.0003296,-37.12000549,0.039495875,23951,ssp245,pCO2,SP_STPS,SP,STPS,287.4194894,288.5228641,24.70822139,242.5785878,487.744353,0.159653947
ssp245_pCO2_SP_STPS,6,1850s,-82.05201363,-81.84798411,5.675557916,-128.9274099,-31.83134644,0.036673025,23951,ssp245,pCO2,SP_STPS,SP,STPS,279.9066922,280.9889194,26.26687012,238.3902686,496.2196747,0.169725267
ssp245_pCO2_SP_STPS,7,1850s,-80.86858777,-80.66525932,5.573464412,-150.4216107,-26.00459656,0.03601334,23951,ssp245,pCO2,SP_STPS,SP,STPS,275.4218248,276.4502623,27.41605121,234.2808124,512.0666931,0.177150783
ssp245_pCO2_SP_STPS,8,1850s,-80.46640396,-80.28663795,5.545830255,-180.7306799,-22.68086792,0.03583478,23951,ssp245,pCO2,SP_STPS,SP,STPS,273.8126458,274.8230795,28.59422763,230.1209259,548.4734882,0.184763655
ssp245_pCO2_SP_STPS,9,1850s,-80.63442653,-80.49343364,5.448981047,-188.4050775,-22.35396729,0.035208982,23951,ssp245,pCO2,SP_STPS,SP,STPS,274.2716338,275.3620346,29.62939932,229.5872793,565.2727246,0.191452491
ssp245_pCO2_SP_STPS,1,2090s,233.8527913,233.3542867,18.46814809,169.8338678,279.1682819,0.119333265,23951,ssp245,pCO2,SP_STPS,SP,STPS,625.8900259,625.9124201,27.65131005,547.4849569,779.9754712,0.178670925
ssp245_pCO2_SP_STPS,10,2090s,218.5410106,218.2753037,10.1333586,176.4552836,394.0623022,0.065477424,23951,ssp245,pCO2,SP_STPS,SP,STPS,577.3570975,578.1993565,29.12825107,507.9360728,933.6119946,0.188214286
ssp245_pCO2_SP_STPS,11,2090s,223.42231,223.1589953,11.82442658,169.6903442,322.6305035,0.076404381,23951,ssp245,pCO2,SP_STPS,SP,STPS,591.7521403,592.5470557,24.39175343,522.2898153,829.0920728,0.157609066
ssp245_pCO2_SP_STPS,12,2090s,229.3236873,228.9500478,16.03891764,174.9808502,268.7865234,0.103636618,23951,ssp245,pCO2,SP_STPS,SP,STPS,610.9774308,611.406079,23.69078828,515.8269135,784.2937793,0.15307973
ssp245_pCO2_SP_STPS,2,2090s,233.6558345,233.2054844,17.16917637,154.8789154,275.0170789,0.110939866,23951,ssp245,pCO2,SP_STPS,SP,STPS,630.1566691,630.1462788,27.09155863,561.5111877,762.1015979,0.175054051
ssp245_pCO2_SP_STPS,3,2090s,229.2338911,228.9651406,14.16964157,144.8004181,273.9978668,0.091558156,23951,ssp245,pCO2,SP_STPS,SP,STPS,621.9610415,622.3003195,22.94924877,558.4790698,732.9664526,0.148288219
ssp245_pCO2_SP_STPS,4,2090s,223.9336061,223.7582454,11.83297259,140.2749884,264.313269,0.076459602,23951,ssp245,pCO2,SP_STPS,SP,STPS,606.7499742,607.388821,20.24592598,531.3604932,729.2738379,0.130820504
ssp245_pCO2_SP_STPS,5,2090s,218.7572252,218.5545338,9.858936148,139.4488208,252.3419271,0.063704224,23951,ssp245,pCO2,SP_STPS,SP,STPS,590.16786,590.8717051,21.41716259,513.6864026,760.7190857,0.138388534
ssp245_pCO2_SP_STPS,6,2090s,215.2840186,214.9854962,9.090039616,141.4744031,305.1230664,0.058735944,23951,ssp245,pCO2,SP_STPS,SP,STPS,577.2427244,577.8223997,24.66326493,505.177262,841.6607727,0.159363457
ssp245_pCO2_SP_STPS,7,2090s,214.2668306,213.8867734,9.738651201,148.2452222,441.0845227,0.062926994,23951,ssp245,pCO2,SP_STPS,SP,STPS,570.5572432,571.002295,28.20422747,502.779328,993.6637,0.182243641
ssp245_pCO2_SP_STPS,8,2090s,214.6803347,214.2770658,10.84794784,168.8596954,521.3303931,0.070094794,23951,ssp245,pCO2,SP_STPS,SP,STPS,568.9593844,569.3867832,31.2202753,505.1658466,1079.313732,0.201732051
ssp245_pCO2_SP_STPS,9,2090s,215.9032951,215.5472422,10.87267117,178.6301721,471.2835101,0.070254545,23951,ssp245,pCO2,SP_STPS,SP,STPS,570.8093555,571.4027105,31.99030868,506.3787634,1053.284017,0.206707676
ssp245_pH_Atl_EQU,1,1850s,0.08136305,0.081362791,0.004615396,0.067099552,0.100597095,8.55583654381537e-05,2910,ssp245,pH,Atl_EQU,Atl,EQU,8.131166038,8.131159929,0.016455763,8.085563183,8.181822109,0.00030505
ssp245_pH_Atl_EQU,10,1850s,0.08105601,0.081052275,0.005112257,0.04729557,0.099470806,9.476898296442e-05,2910,ssp245,pH,Atl_EQU,Atl,EQU,8.138275259,8.13827215,0.015273776,8.077552319,8.306321335,0.000283139
ssp245_pH_Atl_EQU,11,1850s,0.081413943,0.081412042,0.004627254,0.044231558,0.094583969,8.57781775559933e-05,2910,ssp245,pH,Atl_EQU,Atl,EQU,8.135366551,8.135367057,0.0152868,8.048802757,8.247067738,0.000283381
ssp245_pH_Atl_EQU,12,1850s,0.082239698,0.082238699,0.004309912,0.065017014,0.097642517,7.98954172988022e-05,2910,ssp245,pH,Atl_EQU,Atl,EQU,8.134310067,8.134307161,0.01527422,8.092021243,8.219405937,0.000283147
ssp245_pH_Atl_EQU,2,1850s,0.080742899,0.080742173,0.004467362,0.065006034,0.095052433,8.2814171783224e-05,2910,ssp245,pH,Atl_EQU,Atl,EQU,8.122335752,8.122321148,0.018669699,8.075393829,8.173083115,0.000346091
ssp245_pH_Atl_EQU,3,1850s,0.079406406,0.079403608,0.004205178,0.066196569,0.093640041,7.79539099600725e-05,2910,ssp245,pH,Atl_EQU,Atl,EQU,8.115639382,8.115614415,0.019051558,8.076163921,8.171490955,0.00035317
ssp245_pH_Atl_EQU,4,1850s,0.079134334,0.079131695,0.003901633,0.064713351,0.096049118,7.23269102896816e-05,2910,ssp245,pH,Atl_EQU,Atl,EQU,8.116734538,8.116709351,0.015601897,8.083097744,8.191070938,0.000289222
ssp245_pH_Atl_EQU,5,1850s,0.079351292,0.079348034,0.004355056,0.049324894,0.109156322,8.07322802543976e-05,2910,ssp245,pH,Atl_EQU,Atl,EQU,8.122562612,8.122543126,0.012723631,8.065883541,8.21249609,0.000235866
ssp245_pH_Atl_EQU,6,1850s,0.079817433,0.079815,0.00528067,0.050412941,0.126667843,9.78909460099178e-05,2910,ssp245,pH,Atl_EQU,Atl,EQU,8.132743855,8.132732878,0.012116536,8.084406757,8.235111942,0.000224611
ssp245_pH_Atl_EQU,7,1850s,0.079928468,0.079923176,0.005162944,0.051799202,0.110168076,9.57085949135137e-05,2910,ssp245,pH,Atl_EQU,Atl,EQU,8.139457122,8.139442697,0.013043405,8.090554428,8.192583275,0.000241793
ssp245_pH_Atl_EQU,8,1850s,0.079823626,0.079818388,0.005192808,0.04783392,0.103286393,9.62622016287802e-05,2910,ssp245,pH,Atl_EQU,Atl,EQU,8.14136882,8.141354587,0.015048215,8.091114489,8.231427002,0.000278958
ssp245_pH_Atl_EQU,9,1850s,0.080212576,0.080208288,0.005147052,0.045623589,0.099250921,9.54139847328228e-05,2910,ssp245,pH,Atl_EQU,Atl,EQU,8.140557883,8.140548129,0.015521539,8.087414265,8.289055061,0.000287732
ssp245_pH_Atl_EQU,1,2090s,-0.162787917,-0.162791248,0.003853528,-0.186603928,-0.152000923,7.14351657861885e-05,2910,ssp245,pH,Atl_EQU,Atl,EQU,7.88701507,7.88700589,0.015667922,7.84142526,7.932931614,0.000290446
ssp245_pH_Atl_EQU,10,2090s,-0.162503531,-0.162503981,0.004687263,-0.195433664,-0.152549378,8.689059781676e-05,2910,ssp245,pH,Atl_EQU,Atl,EQU,7.894715719,7.894715894,0.01537129,7.847518682,8.066930389,0.000284947
ssp245_pH_Atl_EQU,11,2090s,-0.163109768,-0.163111078,0.005061597,-0.210616016,-0.14676137,9.38298568270225e-05,2910,ssp245,pH,Atl_EQU,Atl,EQU,7.89084284,7.890843936,0.015496642,7.84451499,8.005833912,0.000287271
ssp245_pH_Atl_EQU,12,2090s,-0.162904289,-0.162906159,0.004459391,-0.189805889,-0.152127333,8.26663980035913e-05,2910,ssp245,pH,Atl_EQU,Atl,EQU,7.889166079,7.889162303,0.015189526,7.846795623,7.964711523,0.000281577
ssp245_pH_Atl_EQU,2,2090s,-0.160914116,-0.160918572,0.004076174,-0.190638828,-0.147427549,7.55624900926829e-05,2910,ssp245,pH,Atl_EQU,Atl,EQU,7.880678737,7.880660403,0.017051984,7.839756282,7.92503767,0.000316103
ssp245_pH_Atl_EQU,3,2090s,-0.159410077,-0.159413966,0.004125984,-0.187754059,-0.147676916,7.64858317191746e-05,2910,ssp245,pH,Atl_EQU,Atl,EQU,7.876822899,7.87679684,0.016815197,7.847587697,7.923296611,0.000311713
ssp245_pH_Atl_EQU,4,2090s,-0.158586417,-0.158589168,0.003692605,-0.178360796,-0.148137474,6.84520433064346e-05,2910,ssp245,pH,Atl_EQU,Atl,EQU,7.879013787,7.878988488,0.013731489,7.857349332,7.932104921,0.000254549
ssp245_pH_Atl_EQU,5,2090s,-0.15832429,-0.158326365,0.003150816,-0.179155604,-0.146694152,5.84085648089118e-05,2910,ssp245,pH,Atl_EQU,Atl,EQU,7.884887029,7.884868727,0.010638966,7.85827322,7.933725643,0.000197221
ssp245_pH_Atl_EQU,6,2090s,-0.160364701,-0.160367293,0.004122606,-0.199286763,-0.142263492,7.64232242592028e-05,2910,ssp245,pH,Atl_EQU,Atl,EQU,7.892561721,7.892550585,0.009809294,7.859825722,7.949389998,0.000181841
ssp245_pH_Atl_EQU,7,2090s,-0.161898949,-0.161900119,0.004591799,-0.184301138,-0.143973398,8.51209324675397e-05,2910,ssp245,pH,Atl_EQU,Atl,EQU,7.897629705,7.897619402,0.011628349,7.864662615,7.952920087,0.000215562
ssp245_pH_Atl_EQU,8,2090s,-0.162630874,-0.162630782,0.004667347,-0.181602383,-0.147605848,8.6521403653788e-05,2910,ssp245,pH,Atl_EQU,Atl,EQU,7.89891432,7.898905417,0.014622192,7.860306485,7.973603185,0.00027106
ssp245_pH_Atl_EQU,9,2090s,-0.162384327,-0.162384142,0.005225483,-0.185654306,-0.148467922,9.68679125559455e-05,2910,ssp245,pH,Atl_EQU,Atl,EQU,7.89796098,7.897955699,0.015227674,7.857686599,8.022861385,0.000282285
ssp245_pH_IND_STPS,1,1850s,0.089872846,0.089512795,0.007047309,0.065987364,0.11189394,5.73748932802486e-05,15087,ssp245,pH,IND_STPS,IND,STPS,8.152415904,8.151784505,0.020361776,8.093878142,8.233257294,0.000165773
ssp245_pH_IND_STPS,10,1850s,0.091838578,0.091451513,0.007396715,0.065972614,0.113107395,6.02195397983917e-05,15087,ssp245,pH,IND_STPS,IND,STPS,8.176657815,8.175070078,0.033018832,8.10186739,8.254781342,0.000268819
ssp245_pH_IND_STPS,11,1850s,0.091276378,0.090891569,0.007389142,0.065925376,0.111847992,6.01578875693177e-05,15087,ssp245,pH,IND_STPS,IND,STPS,8.168198605,8.166758354,0.029809619,8.091128826,8.252031422,0.000242692
ssp245_pH_IND_STPS,12,1850s,0.091911681,0.091531531,0.007454524,0.068407981,0.113890902,6.06901851174198e-05,15087,ssp245,pH,IND_STPS,IND,STPS,8.159401561,8.15834205,0.024669455,8.088466708,8.244172414,0.000200844
ssp245_pH_IND_STPS,2,1850s,0.089868683,0.089487238,0.007120574,0.062936751,0.112136402,5.79713686756872e-05,15087,ssp245,pH,IND_STPS,IND,STPS,8.149465229,8.148935087,0.01887993,8.100448577,8.22796828,0.000153709
ssp245_pH_IND_STPS,3,1850s,0.089979707,0.089611301,0.006991761,0.061926428,0.110742362,5.69226527758888e-05,15087,ssp245,pH,IND_STPS,IND,STPS,8.148172789,8.147399938,0.019958629,8.102104727,8.227899742,0.000162491
ssp245_pH_IND_STPS,4,1850s,0.089869069,0.089509867,0.006813493,0.063209152,0.109047286,5.54713028034281e-05,15087,ssp245,pH,IND_STPS,IND,STPS,8.150921707,8.149738899,0.0241815,8.101224677,8.230300935,0.000196871
ssp245_pH_IND_STPS,5,1850s,0.090066075,0.089696699,0.006938678,0.066417376,0.107098961,5.64904807520627e-05,15087,ssp245,pH,IND_STPS,IND,STPS,8.159368075,8.157901886,0.028308134,8.092245515,8.233625317,0.000230468
ssp245_pH_IND_STPS,6,1850s,0.090564371,0.090196868,0.006888562,0.067748102,0.106627878,5.60824679946945e-05,15087,ssp245,pH,IND_STPS,IND,STPS,8.169666495,8.168103995,0.03033366,8.093393644,8.241144562,0.000246958
ssp245_pH_IND_STPS,7,1850s,0.090720651,0.090348514,0.006997131,0.069788869,0.107004929,5.69663733831169e-05,15087,ssp245,pH,IND_STPS,IND,STPS,8.177365183,8.175783291,0.031584338,8.108232625,8.250209713,0.00025714
ssp245_pH_IND_STPS,8,1850s,0.090954808,0.090577702,0.007141432,0.065540218,0.109256077,5.81411850972429e-05,15087,ssp245,pH,IND_STPS,IND,STPS,8.180956405,8.179362276,0.032803687,8.11072197,8.25491991,0.000267068
ssp245_pH_IND_STPS,9,1850s,0.091441983,0.091075625,0.00715638,0.063790226,0.110612202,5.82628812889893e-05,15087,ssp245,pH,IND_STPS,IND,STPS,8.180970715,8.179373144,0.033520268,8.099178505,8.253784752,0.000272902
ssp245_pH_IND_STPS,1,2090s,-0.172057588,-0.171621224,0.009239729,-0.201196257,-0.143254671,7.52242352816249e-05,15087,ssp245,pH,IND_STPS,IND,STPS,7.89048547,7.890650486,0.016683799,7.836155653,7.964547062,0.000135829
ssp245_pH_IND_STPS,10,2090s,-0.173254493,-0.172813622,0.010120978,-0.28194863,-0.138743181,8.23988289596132e-05,15087,ssp245,pH,IND_STPS,IND,STPS,7.911564745,7.910804943,0.02164371,7.756546704,7.964183998,0.00017621
ssp245_pH_IND_STPS,11,2090s,-0.172881733,-0.172378376,0.010801473,-0.247773425,-0.141683846,8.79390033450907e-05,15087,ssp245,pH,IND_STPS,IND,STPS,7.904040494,7.90348841,0.018724732,7.800375001,7.956947374,0.000152445
ssp245_pH_IND_STPS,12,2090s,-0.171752644,-0.171244813,0.010506873,-0.200533104,-0.143143702,8.55405518673884e-05,15087,ssp245,pH,IND_STPS,IND,STPS,7.895737236,7.895565707,0.016816252,7.83914957,7.949546051,0.000136908
ssp245_pH_IND_STPS,2,2090s,-0.171027627,-0.170706439,0.00790687,-0.201290353,-0.143979149,6.4372913913715e-05,15087,ssp245,pH,IND_STPS,IND,STPS,7.888568919,7.88874141,0.01557925,7.839270608,7.959774256,0.000126837
ssp245_pH_IND_STPS,3,2090s,-0.16934559,-0.1690641,0.007749685,-0.199984916,-0.14353941,6.30932063071906e-05,15087,ssp245,pH,IND_STPS,IND,STPS,7.888847493,7.888724538,0.014144239,7.848733791,7.948443031,0.000115154
ssp245_pH_IND_STPS,4,2090s,-0.168667287,-0.16837222,0.007812214,-0.197031323,-0.147500792,6.36022840531222e-05,15087,ssp245,pH,IND_STPS,IND,STPS,7.892385351,7.891856812,0.015731608,7.840753269,7.939735794,0.000128077
ssp245_pH_IND_STPS,5,2090s,-0.169432578,-0.169120704,0.007406232,-0.194623184,-0.149118223,6.02970185612884e-05,15087,ssp245,pH,IND_STPS,IND,STPS,7.899869422,7.899084483,0.018542207,7.842485015,7.949531507,0.000150959
ssp245_pH_IND_STPS,6,2090s,-0.170437779,-0.170080451,0.007501166,-0.19364899,-0.146940212,6.10699206015547e-05,15087,ssp245,pH,IND_STPS,IND,STPS,7.908664345,7.907826675,0.019720303,7.848501762,7.958477497,0.000160551
ssp245_pH_IND_STPS,7,2090s,-0.171876631,-0.171477538,0.007942216,-0.198048798,-0.148173952,6.46606799247083e-05,15087,ssp245,pH,IND_STPS,IND,STPS,7.914767901,7.913957238,0.020529923,7.854127979,7.965729713,0.000167142
ssp245_pH_IND_STPS,8,2090s,-0.173049276,-0.172649866,0.008164866,-0.200776275,-0.146620283,6.64733565386734e-05,15087,ssp245,pH,IND_STPS,IND,STPS,7.91695232,7.916134707,0.021973945,7.841920757,7.968621159,0.000178898
ssp245_pH_IND_STPS,9,2090s,-0.173756932,-0.173346306,0.008976995,-0.259304857,-0.142375145,7.30852157335244e-05,15087,ssp245,pH,IND_STPS,IND,STPS,7.915771801,7.914951214,0.022754762,7.780917788,7.965635967,0.000185255
ssp245_pH_NA_SPSS,1,1850s,0.104379591,0.102947241,0.013212217,0.057434654,0.203700924,0.000151395,7616,ssp245,pH,NA_SPSS,NA,SPSS,8.210768253,8.204894837,0.045742195,7.725182152,8.309639835,0.000524148
ssp245_pH_NA_SPSS,10,1850s,0.104753679,0.10276637,0.012946875,0.069262028,0.157714891,0.000148355,7616,ssp245,pH,NA_SPSS,NA,SPSS,8.206347989,8.19740297,0.047640019,7.768798161,8.310108821,0.000545894
ssp245_pH_NA_SPSS,11,1850s,0.105760178,0.103775007,0.012993337,0.078120486,0.176498318,0.000148887,7616,ssp245,pH,NA_SPSS,NA,SPSS,8.207832102,8.200178452,0.046441731,7.703031778,8.304791546,0.000532163
ssp245_pH_NA_SPSS,12,1850s,0.106087508,0.1044239,0.013036148,0.072895432,0.184796333,0.000149378,7616,ssp245,pH,NA_SPSS,NA,SPSS,8.209208033,8.202598539,0.046161994,7.687929058,8.304376316,0.000528958
ssp245_pH_NA_SPSS,2,1850s,0.103475755,0.1021375,0.013233205,0.054327011,0.17110815,0.000151636,7616,ssp245,pH,NA_SPSS,NA,SPSS,8.211342397,8.205870901,0.045296909,7.725293112,8.321211376,0.000519045
ssp245_pH_NA_SPSS,3,1850s,0.103020724,0.101838256,0.013695884,0.056713963,0.184061337,0.000156937,7616,ssp245,pH,NA_SPSS,NA,SPSS,8.21248873,8.2070799,0.044493606,7.769418526,8.316216393,0.00050984
ssp245_pH_NA_SPSS,4,1850s,0.102155576,0.101136138,0.0143874,0.036798573,0.174044418,0.000164861,7616,ssp245,pH,NA_SPSS,NA,SPSS,8.218062076,8.212578627,0.04404875,7.805472453,8.349366506,0.000504743
ssp245_pH_NA_SPSS,5,1850s,0.099808819,0.099355819,0.016418441,0.035450935,0.159003766,0.000188134,7616,ssp245,pH,NA_SPSS,NA,SPSS,8.237402798,8.230402259,0.05148118,7.76796395,8.374096584,0.000589909
ssp245_pH_NA_SPSS,6,1850s,0.098349857,0.097889063,0.017178639,-0.102255249,0.148124046,0.000196845,7616,ssp245,pH,NA_SPSS,NA,SPSS,8.240937637,8.230603673,0.064834535,7.734069284,8.398099136,0.000742922
ssp245_pH_NA_SPSS,7,1850s,0.102607571,0.100965963,0.017495974,-0.031980991,0.159797173,0.000200482,7616,ssp245,pH,NA_SPSS,NA,SPSS,8.22165509,8.209347016,0.066732863,7.728931618,8.384245586,0.000764674
ssp245_pH_NA_SPSS,8,1850s,0.103421692,0.101596355,0.01631362,0.054657745,0.167303677,0.000186933,7616,ssp245,pH,NA_SPSS,NA,SPSS,8.207532755,8.195460303,0.062254901,7.752350203,8.355224164,0.000713362
ssp245_pH_NA_SPSS,9,1850s,0.103895343,0.101873524,0.014093287,0.06089716,0.154881802,0.000161491,7616,ssp245,pH,NA_SPSS,NA,SPSS,8.205021806,8.194254633,0.053980186,7.788605674,8.336235428,0.000618544
ssp245_pH_NA_SPSS,1,2090s,-0.211682955,-0.208503283,0.021118486,-0.292132072,-0.16155529,0.000241991,7616,ssp245,pH,NA_SPSS,NA,SPSS,7.894705707,7.893444314,0.037425776,7.426093435,8.006552839,0.000428852
ssp245_pH_NA_SPSS,10,2090s,-0.216925105,-0.213571008,0.023019726,-0.310021591,-0.155240726,0.000263777,7616,ssp245,pH,NA_SPSS,NA,SPSS,7.884669204,7.881065591,0.03924502,7.480861568,7.950991392,0.000449698
ssp245_pH_NA_SPSS,11,2090s,-0.212600551,-0.209102457,0.02140058,-0.300694256,-0.14246254,0.000245223,7616,ssp245,pH,NA_SPSS,NA,SPSS,7.889471374,7.887300987,0.038553591,7.427067327,7.975515509,0.000441775
ssp245_pH_NA_SPSS,12,2090s,-0.210722032,-0.207339784,0.021233287,-0.295009289,-0.152271843,0.000243307,7616,ssp245,pH,NA_SPSS,NA,SPSS,7.892398494,7.890834855,0.038199903,7.419852543,7.993952703,0.000437722
ssp245_pH_NA_SPSS,2,2090s,-0.212242989,-0.209173673,0.021708235,-0.286183319,-0.135669851,0.000248749,7616,ssp245,pH,NA_SPSS,NA,SPSS,7.895623653,7.894559727,0.03676434,7.455790901,8.010075903,0.000421273
ssp245_pH_NA_SPSS,3,2090s,-0.213035424,-0.210083372,0.022626994,-0.294562864,-0.157882643,0.000259277,7616,ssp245,pH,NA_SPSS,NA,SPSS,7.896432582,7.895158272,0.036996666,7.466865889,7.99549612,0.000423935
ssp245_pH_NA_SPSS,4,2090s,-0.215943293,-0.213823849,0.023748642,-0.290989037,-0.133773883,0.000272129,7616,ssp245,pH,NA_SPSS,NA,SPSS,7.899963207,7.897618641,0.040031335,7.459406328,8.015128597,0.000458708
ssp245_pH_NA_SPSS,5,2090s,-0.227811485,-0.226871559,0.027746838,-0.323914642,-0.139461342,0.000317944,7616,ssp245,pH,NA_SPSS,NA,SPSS,7.909782494,7.904174881,0.048700961,7.446421401,8.054256344,0.000558051
ssp245_pH_NA_SPSS,6,2090s,-0.243564711,-0.241611844,0.038532705,-0.495242262,-0.16012516,0.000441536,7616,ssp245,pH,NA_SPSS,NA,SPSS,7.89902307,7.891102766,0.05252531,7.425221157,8.035385418,0.000601873
ssp245_pH_NA_SPSS,7,2090s,-0.243449927,-0.239702691,0.038657344,-0.437353516,-0.14426198,0.000442964,7616,ssp245,pH,NA_SPSS,NA,SPSS,7.875597593,7.868678362,0.048154951,7.429062824,7.975921011,0.000551795
ssp245_pH_NA_SPSS,8,2090s,-0.235971528,-0.232315936,0.034570974,-0.343873367,-0.144309473,0.00039614,7616,ssp245,pH,NA_SPSS,NA,SPSS,7.868139536,7.861548011,0.045120252,7.462002929,7.958263397,0.000517021
ssp245_pH_NA_SPSS,9,2090s,-0.224485726,-0.221348271,0.028003745,-0.321449633,-0.153996925,0.000320887,7616,ssp245,pH,NA_SPSS,NA,SPSS,7.876640737,7.871032838,0.042221005,7.495028369,7.957894564,0.000483799
ssp245_pH_NA_STPS,1,1850s,0.087486591,0.087458677,0.00343592,0.068844986,0.100025635,3.96033677050084e-05,7527,ssp245,pH,NA_STPS,NA,STPS,8.181827599,8.181054521,0.020502145,8.119615682,8.233012581,0.000236313
ssp245_pH_NA_STPS,10,1850s,0.088101214,0.088069386,0.00381105,0.063694572,0.102133274,4.39272161742085e-05,7527,ssp245,pH,NA_STPS,NA,STPS,8.146754282,8.146505379,0.015745112,8.086791325,8.189225388,0.000181483
ssp245_pH_NA_STPS,11,1850s,0.087929232,0.087886525,0.003776958,0.066634846,0.100959206,4.35342603172805e-05,7527,ssp245,pH,NA_STPS,NA,STPS,8.159675771,8.159066638,0.018411368,8.110175419,8.215404034,0.000212215
ssp245_pH_NA_STPS,12,1850s,0.088348665,0.088306357,0.003453574,0.071200307,0.099411316,3.98068504392601e-05,7527,ssp245,pH,NA_STPS,NA,STPS,8.172491418,8.171727376,0.020235402,8.116762193,8.223517132,0.000233239
ssp245_pH_NA_STPS,2,1850s,0.087690314,0.087670696,0.003715826,0.061695385,0.101012135,4.28296389176772e-05,7527,ssp245,pH,NA_STPS,NA,STPS,8.185936066,8.185170759,0.02078735,8.115737025,8.233355427,0.000239601
ssp245_pH_NA_STPS,3,1850s,0.087576283,0.087556657,0.004074397,0.06231451,0.10276207,4.6962629587284e-05,7527,ssp245,pH,NA_STPS,NA,STPS,8.186515536,8.185677058,0.021902675,8.105180868,8.232800007,0.000252456
ssp245_pH_NA_STPS,4,1850s,0.087625147,0.087586314,0.003947237,0.06888361,0.102925529,4.54969414577669e-05,7527,ssp245,pH,NA_STPS,NA,STPS,8.183379773,8.182417025,0.023525813,8.102908071,8.230900478,0.000271165
ssp245_pH_NA_STPS,5,1850s,0.088209216,0.088135859,0.004053613,0.072289022,0.102325916,4.67230702655901e-05,7527,ssp245,pH,NA_STPS,NA,STPS,8.173214821,8.172372021,0.022540946,8.10643568,8.232559013,0.000259813
ssp245_pH_NA_STPS,6,1850s,0.088359321,0.088248522,0.005014499,0.066384888,0.103121185,5.77985024325769e-05,7527,ssp245,pH,NA_STPS,NA,STPS,8.157947467,8.157580809,0.018660718,8.096058814,8.209918785,0.000215089
ssp245_pH_NA_STPS,7,1850s,0.088853224,0.088724128,0.004610468,0.070271079,0.105696526,5.31415312187386e-05,7527,ssp245,pH,NA_STPS,NA,STPS,8.145569276,8.145657053,0.016988558,8.058566507,8.185528914,0.000195815
ssp245_pH_NA_STPS,8,1850s,0.089203842,0.089086257,0.004416992,0.068551604,0.103335476,5.0911469173177e-05,7527,ssp245,pH,NA_STPS,NA,STPS,8.139442632,8.139685518,0.016887625,8.039988645,8.180078411,0.000194651
ssp245_pH_NA_STPS,9,1850s,0.08845037,0.08839811,0.00384913,0.0628088,0.1033892,4.43661321388971e-05,7527,ssp245,pH,NA_STPS,NA,STPS,8.13880528,8.138929747,0.015829989,8.051111952,8.172722658,0.000182461
ssp245_pH_NA_STPS,1,2090s,-0.167069357,-0.166730328,0.007461603,-0.195231771,-0.149120299,8.60044980317805e-05,7527,ssp245,pH,NA_STPS,NA,STPS,7.927271651,7.926865516,0.018337939,7.870436335,7.977336264,0.000211368
ssp245_pH_NA_STPS,10,2090s,-0.16185562,-0.161608499,0.007618171,-0.197966401,-0.141248512,8.7809151693742e-05,7527,ssp245,pH,NA_STPS,NA,STPS,7.896797448,7.896827494,0.01655763,7.822221915,7.945220184,0.000190848
ssp245_pH_NA_STPS,11,2090s,-0.16317884,-0.162885527,0.00762679,-0.198004373,-0.149524101,8.79084910663021e-05,7527,ssp245,pH,NA_STPS,NA,STPS,7.908567698,7.908294586,0.017673658,7.849490404,7.961845493,0.000203711
ssp245_pH_NA_STPS,12,2090s,-0.164594327,-0.164269446,0.007445878,-0.194856373,-0.149938135,8.58232494796089e-05,7527,ssp245,pH,NA_STPS,NA,STPS,7.919548425,7.919151574,0.01821517,7.868518686,7.968741512,0.000209953
ssp245_pH_NA_STPS,2,2090s,-0.168345038,-0.167994188,0.007790058,-0.195926695,-0.137981415,8.97903663612563e-05,7527,ssp245,pH,NA_STPS,NA,STPS,7.929900714,7.929505876,0.018401186,7.86201458,7.979023886,0.000212097
ssp245_pH_NA_STPS,3,2090s,-0.169390757,-0.169030841,0.007980541,-0.199140654,-0.139692911,9.19859292405694e-05,7527,ssp245,pH,NA_STPS,NA,STPS,7.929548497,7.929089559,0.019341097,7.855079571,7.974022007,0.000222931
ssp245_pH_NA_STPS,4,2090s,-0.169816714,-0.16938535,0.009198368,-0.20442543,-0.150669861,0.000106023,7527,ssp245,pH,NA_STPS,NA,STPS,7.925937912,7.925445362,0.020118176,7.858431927,7.968410873,0.000231888
ssp245_pH_NA_STPS,5,2090s,-0.169177519,-0.1686751,0.010753696,-0.216499535,-0.149662981,0.00012395,7527,ssp245,pH,NA_STPS,NA,STPS,7.915828086,7.915561062,0.019024404,7.844022115,7.964771763,0.000219281
ssp245_pH_NA_STPS,6,2090s,-0.167547667,-0.167102524,0.010176535,-0.222754463,-0.134318829,0.000117298,7527,ssp245,pH,NA_STPS,NA,STPS,7.902040479,7.902229763,0.018598726,7.813848511,7.940379635,0.000214374
ssp245_pH_NA_STPS,7,2090s,-0.165440445,-0.165104365,0.008803308,-0.210143916,-0.140123415,0.000101469,7527,ssp245,pH,NA_STPS,NA,STPS,7.891275607,7.89182856,0.019876031,7.787803268,7.927504094,0.000229097
ssp245_pH_NA_STPS,8,2090s,-0.162792946,-0.162574853,0.007463868,-0.201713085,-0.133666134,8.60306041589054e-05,7527,ssp245,pH,NA_STPS,NA,STPS,7.887445843,7.888024408,0.020011849,7.780346203,7.928569603,0.000230662
ssp245_pH_NA_STPS,9,2090s,-0.16162743,-0.161428515,0.007435676,-0.200994253,-0.133591652,8.57056574484175e-05,7527,ssp245,pH,NA_STPS,NA,STPS,7.888727479,7.889103121,0.018128159,7.795183293,7.934720278,0.00020895
ssp245_pH_NA_STSS,1,1850s,0.088829969,0.088623387,0.007241216,0.050481224,0.113781643,0.000129369,3133,ssp245,pH,NA_STSS,NA,STSS,8.19368786,8.193849653,0.01635614,8.10443573,8.247254314,0.000292214
ssp245_pH_NA_STSS,10,1850s,0.089545859,0.08941099,0.006066915,0.069454098,0.107395077,0.00010839,3133,ssp245,pH,NA_STSS,NA,STSS,8.173840478,8.173658337,0.020945896,8.079931768,8.211605453,0.000374213
ssp245_pH_NA_STSS,11,1850s,0.090378759,0.090223131,0.005816394,0.07685194,0.110703437,0.000103914,3133,ssp245,pH,NA_STSS,NA,STSS,8.188342305,8.18835232,0.017257186,8.116625849,8.222075939,0.000308312
ssp245_pH_NA_STSS,12,1850s,0.090765544,0.090576348,0.006359347,0.066578865,0.114104748,0.000113614,3133,ssp245,pH,NA_STSS,NA,STSS,8.19408119,8.194221942,0.015598132,8.123054409,8.231730804,0.000278671
ssp245_pH_NA_STSS,2,1850s,0.087997836,0.087773182,0.007895945,0.043545628,0.113571548,0.000141067,3133,ssp245,pH,NA_STSS,NA,STSS,8.191509153,8.191642885,0.018765632,8.104490185,8.250383987,0.000335261
ssp245_pH_NA_STSS,3,1850s,0.086734824,0.086480768,0.008901401,0.054511738,0.115623252,0.00015903,3133,ssp245,pH,NA_STSS,NA,STSS,8.191668657,8.191774293,0.019428367,8.111467457,8.240607357,0.000347101
ssp245_pH_NA_STSS,4,1850s,0.086587315,0.086350108,0.009321035,0.059440645,0.115228443,0.000166527,3133,ssp245,pH,NA_STSS,NA,STSS,8.20186957,8.20184537,0.016411349,8.127611828,8.237723541,0.0002932
ssp245_pH_NA_STSS,5,1850s,0.087109672,0.086976749,0.009285758,0.060023816,0.117878036,0.000165896,3133,ssp245,pH,NA_STSS,NA,STSS,8.212160397,8.211873244,0.025105559,8.130748336,8.25761137,0.000448528
ssp245_pH_NA_STSS,6,1850s,0.089573405,0.089508661,0.008457861,0.070415592,0.119719076,0.000151106,3133,ssp245,pH,NA_STSS,NA,STSS,8.196057289,8.195603133,0.027861149,8.089459705,8.248854733,0.000497759
ssp245_pH_NA_STSS,7,1850s,0.09192471,0.091829003,0.009335741,0.058828735,0.116884851,0.000166789,3133,ssp245,pH,NA_STSS,NA,STSS,8.166864327,8.166418608,0.027249555,8.046500047,8.220207882,0.000486832
ssp245_pH_NA_STSS,8,1850s,0.092242783,0.092146902,0.007705866,0.062359715,0.111590099,0.000137671,3133,ssp245,pH,NA_STSS,NA,STSS,8.150184158,8.149845956,0.026546554,8.025264231,8.209069824,0.000474273
ssp245_pH_NA_STSS,9,1850s,0.090132427,0.090008016,0.006562089,0.062743092,0.109647512,0.000117236,3133,ssp245,pH,NA_STSS,NA,STSS,8.155870523,8.155563025,0.025124022,8.03710591,8.203434467,0.000448858
ssp245_pH_NA_STSS,1,2090s,-0.18366557,-0.183297417,0.010450626,-0.219253413,-0.133379777,0.000186708,3133,ssp245,pH,NA_STSS,NA,STSS,7.921192321,7.921928849,0.020857597,7.871021191,7.989328613,0.000372635
ssp245_pH_NA_STSS,10,2090s,-0.187496195,-0.186809669,0.018886528,-0.232631238,-0.149196339,0.000337421,3133,ssp245,pH,NA_STSS,NA,STSS,7.896798424,7.897437678,0.026447315,7.816077789,7.955583763,0.0004725
ssp245_pH_NA_STSS,11,2090s,-0.18430264,-0.1837665,0.014497462,-0.222303089,-0.150134706,0.000259007,3133,ssp245,pH,NA_STSS,NA,STSS,7.913660906,7.914362689,0.025070221,7.85285093,7.968667889,0.000447897
ssp245_pH_NA_STSS,12,2090s,-0.183343055,-0.182908336,0.011322061,-0.217266925,-0.148186938,0.000202276,3133,ssp245,pH,NA_STSS,NA,STSS,7.919972591,7.920737258,0.022691801,7.86702315,7.969638681,0.000405405
ssp245_pH_NA_STSS,2,2090s,-0.183355569,-0.183073264,0.010626487,-0.219914532,-0.126721621,0.00018985,3133,ssp245,pH,NA_STSS,NA,STSS,7.920155747,7.920796438,0.019675063,7.869245211,7.992943296,0.000351509
ssp245_pH_NA_STSS,3,2090s,-0.184331967,-0.184048771,0.010878809,-0.222545958,-0.132448498,0.000194357,3133,ssp245,pH,NA_STSS,NA,STSS,7.920601866,7.921244754,0.020264784,7.865917651,7.981739302,0.000362044
ssp245_pH_NA_STSS,4,2090s,-0.189628941,-0.189088203,0.016183178,-0.239468495,-0.140332492,0.000289124,3133,ssp245,pH,NA_STSS,NA,STSS,7.925653314,7.92640706,0.023961174,7.858713706,7.970508204,0.000428083
ssp245_pH_NA_STSS,5,2090s,-0.20012027,-0.199157208,0.02843843,-0.281141011,-0.118036048,0.000508072,3133,ssp245,pH,NA_STSS,NA,STSS,7.924930455,7.925739287,0.032119582,7.841403675,7.995891937,0.000573839
ssp245_pH_NA_STSS,6,2090s,-0.203975681,-0.202808727,0.028702607,-0.28634936,-0.145953035,0.000512792,3133,ssp245,pH,NA_STSS,NA,STSS,7.902508203,7.903285745,0.033021495,7.803511667,7.973882596,0.000589952
ssp245_pH_NA_STSS,7,2090s,-0.20080597,-0.199663884,0.026608439,-0.268107891,-0.150969505,0.000475378,3133,ssp245,pH,NA_STSS,NA,STSS,7.874133648,7.874925721,0.030300862,7.770307159,7.929221964,0.000541346
ssp245_pH_NA_STSS,8,2090s,-0.194838591,-0.193794019,0.025863415,-0.259306192,-0.153265858,0.000462068,3133,ssp245,pH,NA_STSS,NA,STSS,7.863102785,7.863905036,0.02874452,7.760989046,7.924624252,0.000513541
ssp245_pH_NA_STSS,9,2090s,-0.191185749,-0.190297504,0.023737991,-0.249835539,-0.151161757,0.000424096,3133,ssp245,pH,NA_STSS,NA,STSS,7.874552346,7.875257505,0.027397452,7.777533992,7.940122509,0.000489474
ssp245_pH_NP_SPSS,1,1850s,0.103581997,0.103372233,0.009133533,0.036299887,0.156311226,0.00010506,7558,ssp245,pH,NP_SPSS,NP,SPSS,8.170287941,8.172099115,0.034936465,8.038953829,8.352151928,0.000401861
ssp245_pH_NP_SPSS,10,1850s,0.101012312,0.100808567,0.00958959,-0.006321462,0.149369545,0.000110305,7558,ssp245,pH,NP_SPSS,NP,SPSS,8.167338946,8.167871632,0.024510535,8.024190617,8.287696838,0.000281935
ssp245_pH_NP_SPSS,11,1850s,0.103611401,0.103408222,0.008697408,0.017043527,0.147099476,0.000100043,7558,ssp245,pH,NP_SPSS,NP,SPSS,8.170643703,8.171812973,0.027639362,8.035151625,8.323487873,0.000317925
ssp245_pH_NP_SPSS,12,1850s,0.105083483,0.104885411,0.008764257,0.034525175,0.147045135,0.000100812,7558,ssp245,pH,NP_SPSS,NP,SPSS,8.171282602,8.172846998,0.031957018,8.033305216,8.353659401,0.000367589
ssp245_pH_NP_SPSS,2,1850s,0.103074388,0.102841948,0.009978537,0.039894505,0.15701863,0.000114779,7558,ssp245,pH,NP_SPSS,NP,SPSS,8.169212386,8.171042063,0.036124896,8.042683125,8.351243515,0.000415531
ssp245_pH_NP_SPSS,3,1850s,0.103161189,0.102962437,0.010543563,0.030943432,0.15662775,0.000121279,7558,ssp245,pH,NP_SPSS,NP,SPSS,8.170275864,8.172020386,0.03586725,8.053928185,8.352205906,0.000412567
ssp245_pH_NP_SPSS,4,1850s,0.102036871,0.101837329,0.010992041,0.016772588,0.149120299,0.000126437,7558,ssp245,pH,NP_SPSS,NP,SPSS,8.1775084,8.178933557,0.035394709,8.048824272,8.339731045,0.000407132
ssp245_pH_NP_SPSS,5,1850s,0.101032681,0.100829469,0.012483788,0.000380389,0.150247021,0.000143596,7558,ssp245,pH,NP_SPSS,NP,SPSS,8.190378691,8.191198951,0.037649095,8.057382698,8.304566116,0.000433063
ssp245_pH_NP_SPSS,6,1850s,0.099645048,0.099490883,0.011584267,-0.019653575,0.152633476,0.000133249,7558,ssp245,pH,NP_SPSS,NP,SPSS,8.190177918,8.190383391,0.048328036,8.022278576,8.324680869,0.000555899
ssp245_pH_NP_SPSS,7,1850s,0.097537633,0.097452122,0.011142147,-0.027822145,0.155631466,0.000128164,7558,ssp245,pH,NP_SPSS,NP,SPSS,8.170983808,8.170785052,0.044685307,7.956555643,8.29707454,0.000513998
ssp245_pH_NP_SPSS,8,1850s,0.097930273,0.097784547,0.012125015,-0.024769338,0.156543503,0.000139469,7558,ssp245,pH,NP_SPSS,NP,SPSS,8.156196667,8.155505035,0.036332493,7.942634745,8.263764636,0.000417919
ssp245_pH_NP_SPSS,9,1850s,0.098684856,0.09850376,0.010927498,-0.024053256,0.153839235,0.000125695,7558,ssp245,pH,NP_SPSS,NP,SPSS,8.159886292,8.159569335,0.028587055,8.002254934,8.270318317,0.000328826
ssp245_pH_NP_SPSS,1,2090s,-0.191565381,-0.191795059,0.011228499,-0.303408639,-0.145259266,0.000129157,7558,ssp245,pH,NP_SPSS,NP,SPSS,7.875140564,7.876931823,0.027169045,7.784886122,8.011052074,0.000312515
ssp245_pH_NP_SPSS,10,2090s,-0.182021135,-0.182082479,0.009055873,-0.282025512,-0.140712023,0.000104166,7558,ssp245,pH,NP_SPSS,NP,SPSS,7.884305499,7.884980587,0.021831765,7.786965322,7.959578514,0.000251122
ssp245_pH_NP_SPSS,11,2090s,-0.184767014,-0.184815522,0.0086878,-0.279301373,-0.138427467,9.99324078959663e-05,7558,ssp245,pH,NP_SPSS,NP,SPSS,7.882265287,7.883589229,0.023892021,7.79588027,7.983012648,0.000274821
ssp245_pH_NP_SPSS,12,2090s,-0.187994127,-0.188100259,0.009549686,-0.285762564,-0.141286526,0.000109846,7558,ssp245,pH,NP_SPSS,NP,SPSS,7.878204991,7.879861328,0.02626451,7.788486338,8.005515451,0.000302111
ssp245_pH_NP_SPSS,2,2090s,-0.192112711,-0.192388955,0.01229501,-0.33275938,-0.145204449,0.000141425,7558,ssp245,pH,NP_SPSS,NP,SPSS,7.874025286,7.87581116,0.027479492,7.803500366,8.016944141,0.000316086
ssp245_pH_NP_SPSS,3,2090s,-0.190708887,-0.19095508,0.013473144,-0.357873535,-0.14260807,0.000154976,7558,ssp245,pH,NP_SPSS,NP,SPSS,7.876405788,7.878102868,0.027474905,7.806063366,8.017320642,0.000316033
ssp245_pH_NP_SPSS,4,2090s,-0.187347798,-0.187585776,0.014839158,-0.365817738,-0.128385305,0.000170689,7558,ssp245,pH,NP_SPSS,NP,SPSS,7.888123731,7.889510453,0.029811214,7.773551925,8.004669895,0.000342907
ssp245_pH_NP_SPSS,5,2090s,-0.17943663,-0.179923868,0.023159244,-0.358794514,-0.080059306,0.000266392,7558,ssp245,pH,NP_SPSS,NP,SPSS,7.90990938,7.910445614,0.046440031,7.754195579,8.066881466,0.000534182
ssp245_pH_NP_SPSS,6,2090s,-0.184124462,-0.184600329,0.016996435,-0.3547177,-0.135222054,0.000195503,7558,ssp245,pH,NP_SPSS,NP,SPSS,7.906408408,7.906292179,0.053283882,7.705539351,8.052837054,0.000612904
ssp245_pH_NP_SPSS,7,2090s,-0.188866935,-0.189241487,0.016303073,-0.340855471,-0.140493202,0.000187528,7558,ssp245,pH,NP_SPSS,NP,SPSS,7.884579239,7.884091444,0.042695136,7.697871857,7.990077623,0.000491106
ssp245_pH_NP_SPSS,8,2090s,-0.185788263,-0.186048592,0.014464332,-0.313476245,-0.129172802,0.000166378,7558,ssp245,pH,NP_SPSS,NP,SPSS,7.872478131,7.871671896,0.034589061,7.705417967,7.972727728,0.000397865
ssp245_pH_NP_SPSS,9,2090s,-0.182010125,-0.182211966,0.011894799,-0.294563468,-0.135221529,0.000136821,7558,ssp245,pH,NP_SPSS,NP,SPSS,7.879191311,7.878853609,0.026623704,7.74831954,7.967272806,0.000306242
ssp245_pH_NP_STPS,1,1850s,0.089053975,0.08876458,0.006569428,0.063617897,0.114202251,4.96247714288741e-05,17525,ssp245,pH,NP_STPS,NP,STPS,8.170211053,8.169343492,0.027583852,8.075254472,8.245018387,0.000208366
ssp245_pH_NP_STPS,10,1850s,0.089770675,0.089527089,0.006011794,0.069534683,0.117960755,4.54124648059175e-05,17525,ssp245,pH,NP_STPS,NP,STPS,8.140467329,8.14033545,0.018393678,8.07655309,8.177239704,0.000138944
ssp245_pH_NP_STPS,11,1850s,0.08973767,0.089495369,0.005899487,0.071245607,0.116145802,4.45641109237971e-05,17525,ssp245,pH,NP_STPS,NP,STPS,8.15206569,8.151642506,0.020312699,8.089748542,8.202400017,0.00015344
ssp245_pH_NP_STPS,12,1850s,0.089948078,0.089678467,0.00621846,0.068532117,0.11621891,4.6973602089318e-05,17525,ssp245,pH,NP_STPS,NP,STPS,8.162864369,8.162199851,0.023500123,8.081542174,8.223991585,0.000177517
ssp245_pH_NP_STPS,2,1850s,0.089426411,0.089109062,0.007193677,0.057764626,0.11436903,5.43402894030586e-05,17525,ssp245,pH,NP_STPS,NP,STPS,8.172500527,8.17147991,0.030829979,8.068662135,8.255675697,0.000232886
ssp245_pH_NP_STPS,3,1850s,0.08948475,0.089154396,0.007483804,0.054798698,0.115737114,5.65318750103343e-05,17525,ssp245,pH,NP_STPS,NP,STPS,8.170582667,8.169428006,0.033105913,8.062127781,8.25529604,0.000250079
ssp245_pH_NP_STPS,4,1850s,0.089881103,0.089533646,0.00796983,0.050673532,0.118134003,6.02032683772451e-05,17525,ssp245,pH,NP_STPS,NP,STPS,8.164170555,8.162923771,0.034189695,8.061423747,8.241110325,0.000258265
ssp245_pH_NP_STPS,5,1850s,0.090058702,0.089711811,0.008179626,0.056308651,0.119483795,6.17880412965738e-05,17525,ssp245,pH,NP_STPS,NP,STPS,8.153772124,8.152727159,0.031153559,8.063129679,8.234652646,0.000235331
ssp245_pH_NP_STPS,6,1850s,0.090085021,0.089747574,0.00793844,0.058413347,0.12450072,5.99661492313892e-05,17525,ssp245,pH,NP_STPS,NP,STPS,8.142138421,8.141635435,0.024250712,8.074951108,8.206634776,0.000183187
ssp245_pH_NP_STPS,7,1850s,0.089945241,0.089642269,0.007184544,0.061003494,0.12315375,5.42712989689881e-05,17525,ssp245,pH,NP_STPS,NP,STPS,8.134339458,8.134334895,0.021090026,8.080167294,8.171736813,0.000159312
ssp245_pH_NP_STPS,8,1850s,0.089644383,0.089365079,0.00685159,0.064560286,0.121484868,5.17561950845894e-05,17525,ssp245,pH,NP_STPS,NP,STPS,8.131497846,8.13166677,0.019508079,8.065809409,8.165494124,0.000147362
ssp245_pH_NP_STPS,9,1850s,0.089756863,0.089487214,0.006528568,0.06660649,0.120405372,4.93161228941255e-05,17525,ssp245,pH,NP_STPS,NP,STPS,8.132851082,8.132959005,0.018134987,8.065575345,8.165935421,0.00013699
ssp245_pH_NP_STPS,1,2090s,-0.17214055,-0.17177709,0.009401426,-0.202180929,-0.141070875,7.10173913453434e-05,17525,ssp245,pH,NP_STPS,NP,STPS,7.909016528,7.908801823,0.018968163,7.855695232,7.971235085,0.000143284
ssp245_pH_NP_STPS,10,2090s,-0.167903342,-0.167688894,0.007007851,-0.190699275,-0.139633592,5.2936578839128e-05,17525,ssp245,pH,NP_STPS,NP,STPS,7.882793312,7.883119467,0.017232075,7.82124629,7.912501431,0.000130169
ssp245_pH_NP_STPS,11,2090s,-0.168274839,-0.168050616,0.006997938,-0.192480357,-0.141046063,5.28616977464142e-05,17525,ssp245,pH,NP_STPS,NP,STPS,7.894053181,7.894096521,0.016482942,7.83977383,7.933019447,0.00012451
ssp245_pH_NP_STPS,12,2090s,-0.169509094,-0.169233739,0.007820626,-0.19518919,-0.140448173,5.90761972393188e-05,17525,ssp245,pH,NP_STPS,NP,STPS,7.903407196,7.903287646,0.017186294,7.851502085,7.955605268,0.000129823
ssp245_pH_NP_STPS,2,2090s,-0.172959826,-0.172536127,0.010450733,-0.204428787,-0.140628592,7.89437447207153e-05,17525,ssp245,pH,NP_STPS,NP,STPS,7.910114289,7.90983472,0.020802541,7.850343482,7.975283813,0.00015714
ssp245_pH_NP_STPS,3,2090s,-0.173142498,-0.172678787,0.01122847,-0.205202379,-0.134544325,8.48186932261489e-05,17525,ssp245,pH,NP_STPS,NP,STPS,7.907955419,7.907594823,0.022112682,7.835650253,7.970560551,0.000167037
ssp245_pH_NP_STPS,4,2090s,-0.172088807,-0.171601032,0.01189991,-0.207596436,-0.13134141,8.98906793034967e-05,17525,ssp245,pH,NP_STPS,NP,STPS,7.902200644,7.901789093,0.022959857,7.813497655,7.953651428,0.000173436
ssp245_pH_NP_STPS,5,2090s,-0.171620053,-0.171108274,0.012197967,-0.209580765,-0.130141942,9.21421727647405e-05,17525,ssp245,pH,NP_STPS,NP,STPS,7.892093369,7.891907074,0.022319008,7.814368184,7.95005579,0.000168595
ssp245_pH_NP_STPS,6,2090s,-0.171055759,-0.170590269,0.011053988,-0.211013238,-0.135034005,8.35006762423722e-05,17525,ssp245,pH,NP_STPS,NP,STPS,7.880997641,7.881297591,0.021552326,7.812643989,7.920728572,0.000162804
ssp245_pH_NP_STPS,7,2090s,-0.169433192,-0.169059734,0.009593201,-0.204767879,-0.133372132,7.24660434191563e-05,17525,ssp245,pH,NP_STPS,NP,STPS,7.874961025,7.875632892,0.022089758,7.79266119,7.907690239,0.000166864
ssp245_pH_NP_STPS,8,2090s,-0.168500543,-0.168192142,0.008600994,-0.197720909,-0.133248138,6.49710127768885e-05,17525,ssp245,pH,NP_STPS,NP,STPS,7.87335292,7.874109549,0.021798821,7.787547143,7.910170078,0.000164666
ssp245_pH_NP_STPS,9,2090s,-0.168028841,-0.1677739,0.007703213,-0.190703058,-0.136323214,5.81892664122897e-05,17525,ssp245,pH,NP_STPS,NP,STPS,7.875065378,7.875697891,0.019679581,7.803263537,7.909670639,0.000148658
ssp245_pH_NP_STSS,1,1850s,0.096382201,0.096242984,0.006591966,0.076280518,0.120981922,0.000113368,3381,ssp245,pH,NP_STSS,NP,STSS,8.205900816,8.206188176,0.021202279,8.118329684,8.287831116,0.000364636
ssp245_pH_NP_STSS,10,1850s,0.096713368,0.09654953,0.007713041,0.070737667,0.122826042,0.000132649,3381,ssp245,pH,NP_STSS,NP,STSS,8.165954539,8.16553984,0.022284954,8.069860013,8.221099949,0.000383256
ssp245_pH_NP_STSS,11,1850s,0.097878011,0.097726096,0.006813356,0.071699257,0.122493668,0.000117176,3381,ssp245,pH,NP_STSS,NP,STSS,8.187381677,8.187162672,0.020997138,8.101613712,8.236620172,0.000361108
ssp245_pH_NP_STSS,12,1850s,0.098356117,0.098200109,0.006394931,0.073273296,0.122455311,0.00010998,3381,ssp245,pH,NP_STSS,NP,STSS,8.200739461,8.200796685,0.020484923,8.111126391,8.26618096,0.000352299
ssp245_pH_NP_STSS,2,1850s,0.096080971,0.095956359,0.006853714,0.07715524,0.120492592,0.00011787,3381,ssp245,pH,NP_STSS,NP,STSS,8.205884233,8.206270363,0.021853563,8.124861399,8.300582027,0.000375837
ssp245_pH_NP_STSS,3,1850s,0.095567572,0.095427902,0.00726369,0.076988379,0.121497135,0.000124921,3381,ssp245,pH,NP_STSS,NP,STSS,8.206943635,8.207324483,0.020991823,8.129304282,8.308999284,0.000361017
ssp245_pH_NP_STSS,4,1850s,0.096556048,0.096421877,0.007148605,0.076647059,0.123657894,0.000122942,3381,ssp245,pH,NP_STSS,NP,STSS,8.213297844,8.213538116,0.020323427,8.134957218,8.310190996,0.000349522
ssp245_pH_NP_STSS,5,1850s,0.096400915,0.096295551,0.007278955,0.0789862,0.125103416,0.000125183,3381,ssp245,pH,NP_STSS,NP,STSS,8.211090992,8.210919883,0.025159428,8.124429639,8.270121892,0.000432691
ssp245_pH_NP_STSS,6,1850s,0.097911908,0.097823411,0.008899222,0.076579952,0.127139359,0.000153049,3381,ssp245,pH,NP_STSS,NP,STSS,8.188949734,8.188503475,0.026424077,8.092656358,8.243788083,0.000454441
ssp245_pH_NP_STSS,7,1850s,0.097792044,0.097665898,0.008673392,0.074931431,0.12563077,0.000149165,3381,ssp245,pH,NP_STSS,NP,STSS,8.156115843,8.155655452,0.024623933,8.063885117,8.207197158,0.000423482
ssp245_pH_NP_STSS,8,1850s,0.09636621,0.096221876,0.010026641,0.063930511,0.126636267,0.000172438,3381,ssp245,pH,NP_STSS,NP,STSS,8.136561299,8.136271008,0.021017033,8.047195403,8.176923275,0.00036145
ssp245_pH_NP_STSS,9,1850s,0.096719976,0.096561232,0.00885514,0.071141701,0.122124799,0.000152291,3381,ssp245,pH,NP_STSS,NP,STSS,8.143398183,8.143021238,0.020822029,8.047526805,8.18619957,0.000358097
ssp245_pH_NP_STSS,1,2090s,-0.191446766,-0.191316621,0.00681645,-0.21289045,-0.162347714,0.000117229,3381,ssp245,pH,NP_STSS,NP,STSS,7.918071849,7.918628572,0.022741253,7.857024336,7.979253181,0.000391104
ssp245_pH_NP_STSS,10,2090s,-0.180223036,-0.180045375,0.008373858,-0.200947571,-0.148369773,0.000144013,3381,ssp245,pH,NP_STSS,NP,STSS,7.889018134,7.888944935,0.02472378,7.820814721,7.953009987,0.000425199
ssp245_pH_NP_STSS,11,2090s,-0.182370366,-0.182209229,0.007476163,-0.201944447,-0.152181896,0.000128575,3381,ssp245,pH,NP_STSS,NP,STSS,7.907133299,7.907227347,0.022375522,7.849420118,7.961436605,0.000384814
ssp245_pH_NP_STSS,12,2090s,-0.186170862,-0.186029621,0.00693832,-0.2083498,-0.156381893,0.000119325,3381,ssp245,pH,NP_STSS,NP,STSS,7.916212482,7.916566955,0.021556712,7.857510185,7.969779015,0.000370732
ssp245_pH_NP_STSS,2,2090s,-0.19285647,-0.192766998,0.00619929,-0.219531727,-0.164550893,0.000106615,3381,ssp245,pH,NP_STSS,NP,STSS,7.916946791,7.917547007,0.023421517,7.856478961,7.983961725,0.000402803
ssp245_pH_NP_STSS,3,2090s,-0.192584398,-0.192534093,0.006074984,-0.220224142,-0.163018545,0.000104477,3381,ssp245,pH,NP_STSS,NP,STSS,7.918791666,7.919362488,0.022647029,7.856362851,7.997251972,0.000389483
ssp245_pH_NP_STSS,4,2090s,-0.191141238,-0.191173949,0.008320297,-0.227912076,-0.161857891,0.000143092,3381,ssp245,pH,NP_STSS,NP,STSS,7.925600558,7.92594229,0.021823783,7.858388217,7.999779097,0.000375325
ssp245_pH_NP_STSS,5,2090s,-0.191985077,-0.192000779,0.008988542,-0.228205283,-0.161831363,0.000154585,3381,ssp245,pH,NP_STSS,NP,STSS,7.922705001,7.922623554,0.029492591,7.846258704,7.983177328,0.000507213
ssp245_pH_NP_STSS,6,2090s,-0.193862026,-0.193699754,0.010200919,-0.223626041,-0.1585917,0.000175435,3381,ssp245,pH,NP_STSS,NP,STSS,7.8971758,7.89698031,0.030980671,7.821624613,7.962943474,0.000532805
ssp245_pH_NP_STSS,7,2090s,-0.188933566,-0.188625801,0.012834956,-0.220395775,-0.151589727,0.000220735,3381,ssp245,pH,NP_STSS,NP,STSS,7.869390233,7.869363754,0.028605191,7.793346103,7.927967103,0.000491951
ssp245_pH_NP_STSS,8,2090s,-0.183491885,-0.183220493,0.011322464,-0.21348649,-0.151083056,0.000194724,3381,ssp245,pH,NP_STSS,NP,STSS,7.856703204,7.856828638,0.025239698,7.787699477,7.913858175,0.000434072
ssp245_pH_NP_STSS,9,2090s,-0.180323938,-0.180114276,0.00925462,-0.203827591,-0.148028803,0.000159161,3381,ssp245,pH,NP_STSS,NP,STSS,7.866354269,7.866345731,0.024501831,7.804869763,7.933463478,0.000421382
ssp245_pH_Pac_EQU_E,1,1850s,0.073319813,0.073317294,0.005760955,0.03325758,0.088299732,7.4237634450759e-05,6022,ssp245,pH,Pac_EQU_E,Pac,EQU,8.1029729,8.102953049,0.019474846,8.02114377,8.170674706,0.00025096
ssp245_pH_Pac_EQU_E,10,1850s,0.074698402,0.074692669,0.006105748,0.047767162,0.094795589,7.8680756206694e-05,6022,ssp245,pH,Pac_EQU_E,Pac,EQU,8.105222643,8.105199521,0.022165815,8.041046333,8.200903378,0.000285636
ssp245_pH_Pac_EQU_E,11,1850s,0.075016048,0.075011838,0.006068006,0.044936562,0.097792969,7.81943906696916e-05,6022,ssp245,pH,Pac_EQU_E,Pac,EQU,8.107338619,8.107317011,0.022142113,8.032607079,8.19559,0.000285331
ssp245_pH_Pac_EQU_E,12,1850s,0.074933118,0.074930125,0.00586472,0.046726274,0.093748074,7.55747881415467e-05,6022,ssp245,pH,Pac_EQU_E,Pac,EQU,8.106963507,8.106942899,0.021978742,8.020897675,8.174771709,0.000283226
ssp245_pH_Pac_EQU_E,2,1850s,0.072450327,0.072447741,0.006619927,0.010102081,0.089482403,8.53066397078048e-05,6022,ssp245,pH,Pac_EQU_E,Pac,EQU,8.096169151,8.096147275,0.017895729,7.984084988,8.160686703,0.00023061
ssp245_pH_Pac_EQU_E,3,1850s,0.071551244,0.071548923,0.006889806,0.03486824,0.087855186,8.8784385126432e-05,6022,ssp245,pH,Pac_EQU_E,Pac,EQU,8.090758377,8.090736478,0.017206582,7.979737759,8.141474686,0.00022173
ssp245_pH_Pac_EQU_E,4,1850s,0.071176993,0.071175063,0.006499351,0.037856913,0.086113071,8.37528491551846e-05,6022,ssp245,pH,Pac_EQU_E,Pac,EQU,8.087790241,8.087770626,0.016698466,7.962542009,8.138732262,0.000215182
ssp245_pH_Pac_EQU_E,5,1850s,0.07247269,0.072470322,0.005798519,0.039744473,0.0872048,7.4721692573834e-05,6022,ssp245,pH,Pac_EQU_E,Pac,EQU,8.089005809,8.08898436,0.014804164,8.003379297,8.1373456,0.000190772
ssp245_pH_Pac_EQU_E,6,1850s,0.073700107,0.073698139,0.005385235,0.055430079,0.088242016,6.93959699898885e-05,6022,ssp245,pH,Pac_EQU_E,Pac,EQU,8.094104968,8.094080406,0.016115336,8.053170185,8.17139143,0.000207668
ssp245_pH_Pac_EQU_E,7,1850s,0.074484074,0.07448144,0.004950368,0.056241989,0.087973137,6.37921264649086e-05,6022,ssp245,pH,Pac_EQU_E,Pac,EQU,8.098552052,8.098528032,0.01776137,8.062478669,8.188715496,0.000228879
ssp245_pH_Pac_EQU_E,8,1850s,0.074487171,0.074483219,0.00484923,0.060804081,0.09466011,6.24888345929024e-05,6022,ssp245,pH,Pac_EQU_E,Pac,EQU,8.100882157,8.100858564,0.019247239,8.061390813,8.173590565,0.000248026
ssp245_pH_Pac_EQU_E,9,1850s,0.074690434,0.074685154,0.005252826,0.054598522,0.094497999,6.76897070140839e-05,6022,ssp245,pH,Pac_EQU_E,Pac,EQU,8.1026712,8.102646893,0.021004681,8.058914185,8.170834846,0.000270673
ssp245_pH_Pac_EQU_E,1,2090s,-0.154122168,-0.15411558,0.007909957,-0.181830626,-0.127535582,0.00010193,6022,ssp245,pH,Pac_EQU_E,Pac,EQU,7.875530919,7.875520175,0.012817554,7.813538074,7.934017849,0.000165171
ssp245_pH_Pac_EQU_E,10,2090s,-0.153986566,-0.153982452,0.008815084,-0.197239399,-0.129445791,0.000113594,6022,ssp245,pH,Pac_EQU_E,Pac,EQU,7.876537675,7.8765244,0.016099236,7.83006012,7.923559351,0.00020746
ssp245_pH_Pac_EQU_E,11,2090s,-0.153626978,-0.153621887,0.009708661,-0.188146095,-0.124384991,0.000125109,6022,ssp245,pH,Pac_EQU_E,Pac,EQU,7.878695593,7.878683286,0.015986539,7.824468756,7.933124781,0.000206008
ssp245_pH_Pac_EQU_E,12,2090s,-0.153855556,-0.153850279,0.008671485,-0.182979027,-0.125324631,0.000111744,6022,ssp245,pH,Pac_EQU_E,Pac,EQU,7.878174834,7.878162495,0.015528486,7.825564299,7.93979105,0.000200105
ssp245_pH_Pac_EQU_E,2,2090s,-0.153864935,-0.153859729,0.00811798,-0.180102412,-0.132270781,0.000104611,6022,ssp245,pH,Pac_EQU_E,Pac,EQU,7.86985389,7.869839805,0.011771785,7.777627516,7.915467072,0.000151695
ssp245_pH_Pac_EQU_E,3,2090s,-0.152684995,-0.152680355,0.00838505,-0.181896861,-0.121095133,0.000108053,6022,ssp245,pH,Pac_EQU_E,Pac,EQU,7.866522138,7.8665072,0.011511728,7.79616243,7.907017374,0.000148344
ssp245_pH_Pac_EQU_E,4,2090s,-0.151849254,-0.151844788,0.009196073,-0.184210777,-0.110242939,0.000118504,6022,ssp245,pH,Pac_EQU_E,Pac,EQU,7.864763994,7.864750775,0.012267429,7.807417917,7.910799217,0.000158082
ssp245_pH_Pac_EQU_E,5,2090s,-0.151885732,-0.151881358,0.009255208,-0.190356429,-0.116544056,0.000119266,6022,ssp245,pH,Pac_EQU_E,Pac,EQU,7.864647386,7.86463268,0.012805539,7.820551872,7.911882305,0.000165017
ssp245_pH_Pac_EQU_E,6,2090s,-0.152778548,-0.152774233,0.009027337,-0.18413016,-0.112738371,0.000116329,6022,ssp245,pH,Pac_EQU_E,Pac,EQU,7.867626313,7.867608034,0.014280896,7.831790829,7.921645927,0.000184028
ssp245_pH_Pac_EQU_E,7,2090s,-0.153398079,-0.153394717,0.008588423,-0.186894169,-0.124398708,0.000110673,6022,ssp245,pH,Pac_EQU_E,Pac,EQU,7.870669899,7.870651875,0.015477236,7.828795083,7.920463133,0.000199445
ssp245_pH_Pac_EQU_E,8,2090s,-0.154098949,-0.154096126,0.008026621,-0.192755108,-0.129970423,0.000103434,6022,ssp245,pH,Pac_EQU_E,Pac,EQU,7.872296037,7.872279218,0.016397638,7.82581056,7.915628834,0.000211306
ssp245_pH_Pac_EQU_E,9,2090s,-0.154188337,-0.154185047,0.007943587,-0.189974642,-0.124457963,0.000102364,6022,ssp245,pH,Pac_EQU_E,Pac,EQU,7.87379243,7.873776692,0.016370148,7.833597438,7.914630604,0.000210951
ssp245_pH_Pac_EQU_W,1,1850s,0.078451383,0.078431175,0.005149555,0.06531264,0.094394112,7.79609386745465e-05,4363,ssp245,pH,Pac_EQU_W,Pac,EQU,8.125196778,8.125121279,0.02235644,8.084403769,8.173622322,0.000338462
ssp245_pH_Pac_EQU_W,10,1850s,0.07902986,0.079015497,0.005029705,0.061724186,0.092580922,7.6146500085263e-05,4363,ssp245,pH,Pac_EQU_W,Pac,EQU,8.123297755,8.123213209,0.022269347,8.082825057,8.18430961,0.000337144
ssp245_pH_Pac_EQU_W,11,1850s,0.080121285,0.080108006,0.004940988,0.065893459,0.092712561,7.48033686271245e-05,4363,ssp245,pH,Pac_EQU_W,Pac,EQU,8.123650499,8.123572788,0.022648051,8.07991422,8.176963361,0.000342877
ssp245_pH_Pac_EQU_W,12,1850s,0.079724359,0.079707111,0.005093514,0.067339865,0.093836244,7.71125212818838e-05,4363,ssp245,pH,Pac_EQU_W,Pac,EQU,8.124113463,8.124039708,0.022546116,8.080471166,8.172749488,0.000341334
ssp245_pH_Pac_EQU_W,2,1850s,0.078329436,0.078306579,0.005431459,0.063051605,0.094497554,8.22287972639621e-05,4363,ssp245,pH,Pac_EQU_W,Pac,EQU,8.125288141,8.12520466,0.022665763,8.083959643,8.176745224,0.000343145
ssp245_pH_Pac_EQU_W,3,1850s,0.078675762,0.078651465,0.005482499,0.065585645,0.094952869,8.30015080186338e-05,4363,ssp245,pH,Pac_EQU_W,Pac,EQU,8.124699046,8.124610323,0.023120507,8.08324728,8.173984241,0.00035003
ssp245_pH_Pac_EQU_W,4,1850s,0.079185443,0.079162423,0.00549004,0.063897419,0.095092964,8.31156723913023e-05,4363,ssp245,pH,Pac_EQU_W,Pac,EQU,8.123978503,8.123889169,0.023487155,8.075314267,8.174371147,0.00035558
ssp245_pH_Pac_EQU_W,5,1850s,0.079556385,0.079533948,0.005355474,0.064075311,0.093145466,8.10784309060206e-05,4363,ssp245,pH,Pac_EQU_W,Pac,EQU,8.124452347,8.12436369,0.023707422,8.071631368,8.178821087,0.000358915
ssp245_pH_Pac_EQU_W,6,1850s,0.079362267,0.07934197,0.005049174,0.064651775,0.092131424,7.64412426578073e-05,4363,ssp245,pH,Pac_EQU_W,Pac,EQU,8.126412586,8.126325556,0.023829932,8.080600739,8.187085946,0.00036077
ssp245_pH_Pac_EQU_W,7,1850s,0.078936593,0.078917386,0.005388209,0.06223011,0.093346723,8.15740084859316e-05,4363,ssp245,pH,Pac_EQU_W,Pac,EQU,8.128008481,8.127921607,0.023376676,8.08446277,8.195002429,0.000353908
ssp245_pH_Pac_EQU_W,8,1850s,0.079037395,0.079020132,0.005495355,0.064072704,0.09254694,8.31961298111505e-05,4363,ssp245,pH,Pac_EQU_W,Pac,EQU,8.127560804,8.127474339,0.02278531,8.085306962,8.195662785,0.000344955
ssp245_pH_Pac_EQU_W,9,1850s,0.079004089,0.078989198,0.005196667,0.064431,0.093212795,7.8674185425327e-05,4363,ssp245,pH,Pac_EQU_W,Pac,EQU,8.125138549,8.125051064,0.022427856,8.084063307,8.192306709,0.000339543
ssp245_pH_Pac_EQU_W,1,2090s,-0.158115536,-0.15809467,0.007854775,-0.183657853,-0.139681435,0.000118916,4363,ssp245,pH,Pac_EQU_W,Pac,EQU,7.888629859,7.888595435,0.016630413,7.851707776,7.921116571,0.000251774
ssp245_pH_Pac_EQU_W,10,2090s,-0.156687695,-0.156662829,0.009519669,-0.18294611,-0.133376328,0.000144122,4363,ssp245,pH,Pac_EQU_W,Pac,EQU,7.8875802,7.887534883,0.017397232,7.845456362,7.920574522,0.000263383
ssp245_pH_Pac_EQU_W,11,2090s,-0.156919873,-0.156896808,0.008925549,-0.182574828,-0.135863988,0.000135127,4363,ssp245,pH,Pac_EQU_W,Pac,EQU,7.886609341,7.886567974,0.01687639,7.846837139,7.91694363,0.000255498
ssp245_pH_Pac_EQU_W,12,2090s,-0.157277058,-0.157257655,0.008144326,-0.183075794,-0.138782628,0.0001233,4363,ssp245,pH,Pac_EQU_W,Pac,EQU,7.887112047,7.887074942,0.016500022,7.846743759,7.914029751,0.0002498
ssp245_pH_Pac_EQU_W,2,2090s,-0.157827758,-0.15780263,0.008149048,-0.182288138,-0.138483493,0.000123371,4363,ssp245,pH,Pac_EQU_W,Pac,EQU,7.889130947,7.889095451,0.016641638,7.854151567,7.914864502,0.000251944
ssp245_pH_Pac_EQU_W,3,2090s,-0.157435925,-0.157407291,0.008828643,-0.182989915,-0.135877895,0.00013366,4363,ssp245,pH,Pac_EQU_W,Pac,EQU,7.888587359,7.888551567,0.016673878,7.853500398,7.912298266,0.000252432
ssp245_pH_Pac_EQU_W,4,2090s,-0.157431133,-0.15740109,0.00919497,-0.182873821,-0.131924597,0.000139206,4363,ssp245,pH,Pac_EQU_W,Pac,EQU,7.887361927,7.887325655,0.016899184,7.842726485,7.908973408,0.000255843
ssp245_pH_Pac_EQU_W,5,2090s,-0.157328377,-0.157300233,0.008876644,-0.183372339,-0.129210822,0.000134387,4363,ssp245,pH,Pac_EQU_W,Pac,EQU,7.887567585,7.887529509,0.017655919,7.835887957,7.919155645,0.000267299
ssp245_pH_Pac_EQU_W,6,2090s,-0.157576316,-0.157549287,0.009105294,-0.184993108,-0.127468379,0.000137848,4363,ssp245,pH,Pac_EQU_W,Pac,EQU,7.889474002,7.889434299,0.017927074,7.84772768,7.917697112,0.000271404
ssp245_pH_Pac_EQU_W,7,2090s,-0.157021483,-0.156994301,0.009133154,-0.18535614,-0.127071365,0.00013827,4363,ssp245,pH,Pac_EQU_W,Pac,EQU,7.892050405,7.89200992,0.017245036,7.848985291,7.921146568,0.000261079
ssp245_pH_Pac_EQU_W,8,2090s,-0.156624751,-0.156597887,0.009255691,-0.185952473,-0.129680125,0.000140125,4363,ssp245,pH,Pac_EQU_W,Pac,EQU,7.891898658,7.891856319,0.016930715,7.849389394,7.922586966,0.00025632
ssp245_pH_Pac_EQU_W,9,2090s,-0.156507521,-0.156480212,0.009551952,-0.185316944,-0.130376768,0.00014461,4363,ssp245,pH,Pac_EQU_W,Pac,EQU,7.889626939,7.889581655,0.017283286,7.846931124,7.922680664,0.000261658
ssp245_pH_SA_STPS,1,1850s,0.089699995,0.089446046,0.007343525,0.03672425,0.110433235,8.32184289496552e-05,7787,ssp245,pH,SA_STPS,SA,STPS,8.146304312,8.145773715,0.021480549,7.970285034,8.218671735,0.000243422
ssp245_pH_SA_STPS,10,1850s,0.089734671,0.089509245,0.006455998,0.05196825,0.111704102,7.31607765904432e-05,7787,ssp245,pH,SA_STPS,SA,STPS,8.18433739,8.183492371,0.023871237,7.99162569,8.239394341,0.000270514
ssp245_pH_SA_STPS,11,1850s,0.090279267,0.090021913,0.00720543,0.055762558,0.113811607,8.16535014814833e-05,7787,ssp245,pH,SA_STPS,SA,STPS,8.175981716,8.175036489,0.024631964,7.990538677,8.247959773,0.000279135
ssp245_pH_SA_STPS,12,1850s,0.091177877,0.090916295,0.007421904,0.049784756,0.113902283,8.41066306261607e-05,7787,ssp245,pH,SA_STPS,SA,STPS,8.161284636,8.160519305,0.022737498,7.98373154,8.232446639,0.000257666
ssp245_pH_SA_STPS,2,1850s,0.089602731,0.089339963,0.007726255,0.033902248,0.113749104,8.75556045862918e-05,7787,ssp245,pH,SA_STPS,SA,STPS,8.139158422,8.138636792,0.021241849,7.956473716,8.211922614,0.000240717
ssp245_pH_SA_STPS,3,1850s,0.089459545,0.089174853,0.00756709,0.033396387,0.114802666,8.57519163082641e-05,7787,ssp245,pH,SA_STPS,SA,STPS,8.140934141,8.140233201,0.022208358,7.953410959,8.211041705,0.00025167
ssp245_pH_SA_STPS,4,1850s,0.089053677,0.088777014,0.00742139,0.027827854,0.112281036,8.41008123447881e-05,7787,ssp245,pH,SA_STPS,SA,STPS,8.14999756,8.149130072,0.022381371,7.964716657,8.208356222,0.000253631
ssp245_pH_SA_STPS,5,1850s,0.089087836,0.088814866,0.007124096,0.030747156,0.111236668,8.07318127356984e-05,7787,ssp245,pH,SA_STPS,SA,STPS,8.162013033,8.161075095,0.021865062,7.990089385,8.215788403,0.00024778
ssp245_pH_SA_STPS,6,1850s,0.089270682,0.088993609,0.006829504,0.038642349,0.109890347,7.73934260073244e-05,7787,ssp245,pH,SA_STPS,SA,STPS,8.173588943,8.172706866,0.020868993,8.008799934,8.228317165,0.000236492
ssp245_pH_SA_STPS,7,1850s,0.089621173,0.089352337,0.006421758,0.045366364,0.109033527,7.27727552610921e-05,7787,ssp245,pH,SA_STPS,SA,STPS,8.181662819,8.180911753,0.020457106,8.012013499,8.234491215,0.000231824
ssp245_pH_SA_STPS,8,1850s,0.089913473,0.089659189,0.006199889,0.046683292,0.108811836,7.02584871862017e-05,7787,ssp245,pH,SA_STPS,SA,STPS,8.185286339,8.18464263,0.021188247,7.999971453,8.239198322,0.00024011
ssp245_pH_SA_STPS,9,1850s,0.089900864,0.089658257,0.006260584,0.04768693,0.109909439,7.09463003777649e-05,7787,ssp245,pH,SA_STPS,SA,STPS,8.186020824,8.185360153,0.022140431,7.989255826,8.242131481,0.0002509
ssp245_pH_SA_STPS,1,2090s,-0.167770622,-0.167415738,0.008886349,-0.192599916,-0.096603279,0.000100702,7787,ssp245,pH,SA_STPS,SA,STPS,7.888833695,7.888911931,0.018879569,7.792337481,7.936656253,0.000213947
ssp245_pH_SA_STPS,10,2090s,-0.172355338,-0.171910603,0.009294414,-0.19672478,-0.12967639,0.000105326,7787,ssp245,pH,SA_STPS,SA,STPS,7.922247381,7.922072522,0.018457838,7.788619916,7.973574575,0.000209168
ssp245_pH_SA_STPS,11,2090s,-0.171696365,-0.171289954,0.00960766,-0.195513074,-0.120638819,0.000108876,7787,ssp245,pH,SA_STPS,SA,STPS,7.914006085,7.913724622,0.018466284,7.798921633,7.976969067,0.000209264
ssp245_pH_SA_STPS,12,2090s,-0.170117595,-0.169747563,0.009256059,-0.193932018,-0.108549747,0.000104892,7787,ssp245,pH,SA_STPS,SA,STPS,7.899989164,7.899855447,0.018390894,7.798611275,7.952412828,0.00020841
ssp245_pH_SA_STPS,2,2090s,-0.165404772,-0.165047179,0.008996823,-0.191995716,-0.090045605,0.000101954,7787,ssp245,pH,SA_STPS,SA,STPS,7.88415092,7.88424965,0.018465956,7.791832145,7.933695014,0.00020926
ssp245_pH_SA_STPS,3,2090s,-0.163829911,-0.163465967,0.009040109,-0.192220201,-0.090250683,0.000102444,7787,ssp245,pH,SA_STPS,SA,STPS,7.887644685,7.887592381,0.017142111,7.797137642,7.935860205,0.000194258
ssp245_pH_SA_STPS,4,2090s,-0.16396719,-0.163566261,0.009024327,-0.191617839,-0.099943504,0.000102266,7787,ssp245,pH,SA_STPS,SA,STPS,7.896976693,7.896786797,0.015734291,7.800725333,7.939414167,0.000178304
ssp245_pH_SA_STPS,5,2090s,-0.165304258,-0.164864982,0.009078486,-0.193615595,-0.113382339,0.000102879,7787,ssp245,pH,SA_STPS,SA,STPS,7.907620938,7.907395247,0.014543091,7.806868951,7.946532106,0.000164805
ssp245_pH_SA_STPS,6,2090s,-0.167762789,-0.167289677,0.00921948,-0.195218786,-0.123184862,0.000104477,7787,ssp245,pH,SA_STPS,SA,STPS,7.916555472,7.916423579,0.014603001,7.805386353,7.95665164,0.000165484
ssp245_pH_SA_STPS,7,2090s,-0.17058113,-0.170083481,0.009470149,-0.197451512,-0.130657072,0.000107318,7787,ssp245,pH,SA_STPS,SA,STPS,7.921460516,7.921475936,0.015888476,7.790826654,7.957518435,0.000180052
ssp245_pH_SA_STPS,8,2090s,-0.172649067,-0.172146861,0.009659615,-0.196443129,-0.136433239,0.000109465,7787,ssp245,pH,SA_STPS,SA,STPS,7.9227238,7.922836579,0.017563273,7.773647372,7.961811113,0.000199031
ssp245_pH_SA_STPS,9,2090s,-0.173016659,-0.172542231,0.009436875,-0.196872234,-0.135425882,0.000106941,7787,ssp245,pH,SA_STPS,SA,STPS,7.923103301,7.923159665,0.017856762,7.773909632,7.960920429,0.000202357
ssp245_pH_SO_SPSS,1,1850s,0.095678702,0.095718647,0.006630112,0.058139324,0.123377514,4.51540238078985e-05,21560,ssp245,pH,SO_SPSS,SO,SPSS,8.154094655,8.153643489,0.028836287,8.084762669,8.301133633,0.000196388
ssp245_pH_SO_SPSS,10,1850s,0.096184084,0.096399501,0.007095496,0.038525581,0.112124189,4.83235003996491e-05,21560,ssp245,pH,SO_SPSS,SO,SPSS,8.158940935,8.15874594,0.018452903,8.089968332,8.244770209,0.000125673
ssp245_pH_SO_SPSS,11,1850s,0.09681122,0.096977736,0.007001824,0.042443244,0.118187237,4.76855512020541e-05,21560,ssp245,pH,SO_SPSS,SO,SPSS,8.158997431,8.158754915,0.02245244,8.08941857,8.304476357,0.000152911
ssp245_pH_SO_SPSS,12,1850s,0.097174337,0.097192536,0.007069341,0.046604474,0.128168837,4.81453702664578e-05,21560,ssp245,pH,SO_SPSS,SO,SPSS,8.159170408,8.15864113,0.028289605,8.091537921,8.317465909,0.000192665
ssp245_pH_SO_SPSS,2,1850s,0.095829996,0.095883665,0.005852409,0.059819762,0.120407518,3.98575244950392e-05,21560,ssp245,pH,SO_SPSS,SO,SPSS,8.149726901,8.149417299,0.026610354,8.089446259,8.273628171,0.000181228
ssp245_pH_SO_SPSS,3,1850s,0.096502599,0.096533983,0.005482313,0.061830775,0.118241628,3.7337000976215e-05,21560,ssp245,pH,SO_SPSS,SO,SPSS,8.148837109,8.148569044,0.023725626,8.091392835,8.23302358,0.000161582
ssp245_pH_SO_SPSS,4,1850s,0.09698978,0.097044465,0.005517268,0.062560717,0.113934708,3.75750648194748e-05,21560,ssp245,pH,SO_SPSS,SO,SPSS,8.15072455,8.150508565,0.020757733,8.094492118,8.207236703,0.000141369
ssp245_pH_SO_SPSS,5,1850s,0.097301145,0.097385784,0.005709026,0.06109918,0.114303939,3.88810218157965e-05,21560,ssp245,pH,SO_SPSS,SO,SPSS,8.153702867,8.153541422,0.018322569,8.098239422,8.203876654,0.000124785
ssp245_pH_SO_SPSS,6,1850s,0.097473668,0.097586056,0.005841201,0.054246076,0.114812946,3.97811919622e-05,21560,ssp245,pH,SO_SPSS,SO,SPSS,8.156387163,8.156266607,0.016535143,8.10003465,8.205412706,0.000112612
ssp245_pH_SO_SPSS,7,1850s,0.097300274,0.097435622,0.006029213,0.050394478,0.113989131,4.10616366851045e-05,21560,ssp245,pH,SO_SPSS,SO,SPSS,8.157763183,8.15766763,0.015497692,8.09688139,8.215663586,0.000105546
ssp245_pH_SO_SPSS,8,1850s,0.096616222,0.096790194,0.006396219,0.047554779,0.11368796,4.35611137350956e-05,21560,ssp245,pH,SO_SPSS,SO,SPSS,8.158268814,8.158167549,0.015244263,8.094464143,8.214026699,0.00010382
ssp245_pH_SO_SPSS,9,1850s,0.096136479,0.096347409,0.006788914,0.045278492,0.112056192,4.62355362508525e-05,21560,ssp245,pH,SO_SPSS,SO,SPSS,8.15869886,8.158561657,0.016172846,8.092133395,8.219266637,0.000110144
ssp245_pH_SO_SPSS,1,2090s,-0.177794217,-0.177337041,0.007572422,-0.237004042,-0.124256973,5.15715821751681e-05,21560,ssp245,pH,SO_SPSS,SO,SPSS,7.880621736,7.880587801,0.026618268,7.834944423,8.015617466,0.000181282
ssp245_pH_SO_SPSS,10,2090s,-0.182564377,-0.182507431,0.004812228,-0.197921324,-0.125817747,3.27734259232042e-05,21560,ssp245,pH,SO_SPSS,SO,SPSS,7.880192474,7.879839008,0.019172557,7.84280057,7.98431778,0.000130574
ssp245_pH_SO_SPSS,11,2090s,-0.180875438,-0.180623167,0.005933968,-0.206498957,-0.126789474,4.04129716653958e-05,21560,ssp245,pH,SO_SPSS,SO,SPSS,7.881310773,7.881154012,0.0236192,7.840846682,8.062278144,0.000160857
ssp245_pH_SO_SPSS,12,2090s,-0.178283514,-0.177866172,0.007227068,-0.213621664,-0.125495958,4.92195611830135e-05,21560,ssp245,pH,SO_SPSS,SO,SPSS,7.883712558,7.883582422,0.027777769,7.838799477,8.042885033,0.000189179
ssp245_pH_SO_SPSS,2,2090s,-0.17746173,-0.177044614,0.006232648,-0.204912821,-0.12899888,4.24471170140225e-05,21560,ssp245,pH,SO_SPSS,SO,SPSS,7.876435175,7.876489019,0.023870922,7.823339939,7.995095263,0.000162572
ssp245_pH_SO_SPSS,3,2090s,-0.177893227,-0.177515304,0.005774304,-0.208012676,-0.149762869,3.93255889732496e-05,21560,ssp245,pH,SO_SPSS,SO,SPSS,7.874441283,7.874519756,0.020118147,7.812294674,7.958238449,0.000137014
ssp245_pH_SO_SPSS,4,2090s,-0.179048278,-0.178720438,0.005402216,-0.208262634,-0.150164442,3.6791503015828e-05,21560,ssp245,pH,SO_SPSS,SO,SPSS,7.874686491,7.874743663,0.017188325,7.804317284,7.918704653,0.00011706
ssp245_pH_SO_SPSS,5,2090s,-0.180502853,-0.180250179,0.004893685,-0.20304265,-0.149986305,3.3328181186133e-05,21560,ssp245,pH,SO_SPSS,SO,SPSS,7.875898869,7.875905458,0.015366485,7.803959656,7.911092186,0.000104653
ssp245_pH_SO_SPSS,6,2090s,-0.181829186,-0.181668076,0.004512216,-0.20063769,-0.151062708,3.07302107366545e-05,21560,ssp245,pH,SO_SPSS,SO,SPSS,7.877084309,7.877012474,0.014071112,7.808431768,7.910431614,9.58305607539633e-05
ssp245_pH_SO_SPSS,7,2090s,-0.182753987,-0.182695347,0.004300548,-0.200083558,-0.145076809,2.92886557803985e-05,21560,ssp245,pH,SO_SPSS,SO,SPSS,7.877708922,7.877536661,0.013582111,7.817056561,7.925155811,9.25002461804025e-05
ssp245_pH_SO_SPSS,8,2090s,-0.183494614,-0.183496898,0.004270408,-0.202935028,-0.134834518,2.90833906546616e-05,21560,ssp245,pH,SO_SPSS,SO,SPSS,7.878157978,7.877880457,0.013946253,7.825833225,7.936653919,9.49802171154664e-05
ssp245_pH_SO_SPSS,9,2090s,-0.183348206,-0.183358526,0.004566807,-0.198320103,-0.128989391,3.11019969226649e-05,21560,ssp245,pH,SO_SPSS,SO,SPSS,7.879214175,7.878855722,0.015781864,7.834153461,7.943343925,0.000107482
ssp245_pH_SO_STSS,1,1850s,0.093065118,0.093033961,0.007171627,0.032234592,0.152988243,5.69140887627425e-05,15878,ssp245,pH,SO_STSS,SO,STSS,8.171759441,8.17210161,0.030219727,7.918751202,8.317222945,0.000239824
ssp245_pH_SO_STSS,10,1850s,0.095658529,0.095606277,0.006420574,0.030770397,0.178499489,5.0953730030937e-05,15878,ssp245,pH,SO_STSS,SO,STSS,8.177536278,8.178176885,0.026306824,7.832839689,8.294549497,0.000208771
ssp245_pH_SO_STSS,11,1850s,0.094419287,0.094354986,0.006873014,0.032653008,0.159652004,5.454429104305e-05,15878,ssp245,pH,SO_STSS,SO,STSS,8.181754816,8.182334196,0.031696401,7.872573547,8.323827171,0.000251543
ssp245_pH_SO_STSS,12,1850s,0.093245016,0.093209924,0.008345313,0.030738525,0.155815334,6.6228469981823e-05,15878,ssp245,pH,SO_STSS,SO,STSS,8.178633929,8.179084886,0.032664604,7.901683588,8.319517295,0.000259227
ssp245_pH_SO_STSS,2,1850s,0.093722744,0.093695227,0.006434034,0.032466345,0.151166525,5.10605461369193e-05,15878,ssp245,pH,SO_STSS,SO,STSS,8.16721519,8.167538271,0.027645428,7.927911711,8.286803595,0.000219394
ssp245_pH_SO_STSS,3,1850s,0.09430381,0.094251389,0.005620332,0.032511883,0.150320301,4.460300390222e-05,15878,ssp245,pH,SO_STSS,SO,STSS,8.168107042,8.168520041,0.025625563,7.945674105,8.263671684,0.000203365
ssp245_pH_SO_STSS,4,1850s,0.095118811,0.095034593,0.00498522,0.031765137,0.149922829,3.95627442353147e-05,15878,ssp245,pH,SO_STSS,SO,STSS,8.171887198,8.172451894,0.023954992,7.953830338,8.237915389,0.000190107
ssp245_pH_SO_STSS,5,1850s,0.09617711,0.096084625,0.004741087,0.035705748,0.145911722,3.76253069783095e-05,15878,ssp245,pH,SO_STSS,SO,STSS,8.175328732,8.17598718,0.022544191,7.932265348,8.234978803,0.000178911
ssp245_pH_SO_STSS,6,1850s,0.096817106,0.096724888,0.005021536,0.025451078,0.146889429,3.98509487640793e-05,15878,ssp245,pH,SO_STSS,SO,STSS,8.176827596,8.177497521,0.021462147,7.817888165,8.258074741,0.000170324
ssp245_pH_SO_STSS,7,1850s,0.096638817,0.096556378,0.005877328,0.01653635,0.168701639,4.66425205473616e-05,15878,ssp245,pH,SO_STSS,SO,STSS,8.175852232,8.176491166,0.021039271,7.753688059,8.270081902,0.000166968
ssp245_pH_SO_STSS,8,1850s,0.096414959,0.096349282,0.006513368,0.018955154,0.186963787,5.16901402092394e-05,15878,ssp245,pH,SO_STSS,SO,STSS,8.174036151,8.174638198,0.021310862,7.740637941,8.270305138,0.000169123
ssp245_pH_SO_STSS,9,1850s,0.096278623,0.096219169,0.006489767,0.029736347,0.185537481,5.15028438740351e-05,15878,ssp245,pH,SO_STSS,SO,STSS,8.173928522,8.174516827,0.022315707,7.765735102,8.268071969,0.000177098
ssp245_pH_SO_STSS,1,2090s,-0.175892685,-0.176045393,0.010794485,-0.214699523,-0.089511709,8.56651232599065e-05,15878,ssp245,pH,SO_STSS,SO,STSS,7.902801638,7.903022256,0.028056892,7.744518852,7.996116877,0.00022266
ssp245_pH_SO_STSS,10,2090s,-0.183663491,-0.183775784,0.007490353,-0.26306201,-0.109493942,5.9443505571785e-05,15878,ssp245,pH,SO_STSS,SO,STSS,7.898214257,7.898794824,0.02842511,7.681157484,8.04002072,0.000225582
ssp245_pH_SO_STSS,11,2090s,-0.179812979,-0.179924926,0.009907735,-0.237733784,-0.102626934,7.86278664653572e-05,15878,ssp245,pH,SO_STSS,SO,STSS,7.907522551,7.908054284,0.034054705,7.719954119,8.057546679,0.000270258
ssp245_pH_SO_STSS,12,2090s,-0.17682938,-0.176979923,0.010967152,-0.223924176,-0.095553083,8.70354035892838e-05,15878,ssp245,pH,SO_STSS,SO,STSS,7.908559532,7.908895038,0.033440378,7.744055939,8.024976349,0.000265383
ssp245_pH_SO_STSS,2,2090s,-0.175227576,-0.1752891,0.008903652,-0.212431018,-0.089160643,7.06594555601167e-05,15878,ssp245,pH,SO_STSS,SO,STSS,7.89826487,7.898553944,0.023678033,7.745650053,7.973866892,0.000187909
ssp245_pH_SO_STSS,3,2090s,-0.175549941,-0.175554309,0.007687152,-0.205586576,-0.09036109,6.10053011003856e-05,15878,ssp245,pH,SO_STSS,SO,STSS,7.898253291,7.898714343,0.021378107,7.749029255,7.959710836,0.000169657
ssp245_pH_SO_STSS,4,2090s,-0.176992022,-0.176957697,0.006582077,-0.202674055,-0.099039192,5.22354143915926e-05,15878,ssp245,pH,SO_STSS,SO,STSS,7.899776365,7.900459603,0.021137579,7.716181231,7.958458815,0.000167748
ssp245_pH_SO_STSS,5,2090s,-0.179725663,-0.179689941,0.005538507,-0.22125597,-0.120973167,4.39536381481555e-05,15878,ssp245,pH,SO_STSS,SO,STSS,7.899425959,7.900212614,0.021307156,7.702975368,7.970653439,0.000169094
ssp245_pH_SO_STSS,6,2090s,-0.182836295,-0.182838155,0.005282809,-0.258002729,-0.122532997,4.19244160009404e-05,15878,ssp245,pH,SO_STSS,SO,STSS,7.897174194,7.897934478,0.021345116,7.663178244,7.993791142,0.000169395
ssp245_pH_SO_STSS,7,2090s,-0.185416894,-0.185462318,0.005944836,-0.278327074,-0.108809004,4.71782644181797e-05,15878,ssp245,pH,SO_STSS,SO,STSS,7.893796521,7.89447247,0.021194559,7.612546282,7.998629494,0.0001682
ssp245_pH_SO_STSS,8,2090s,-0.186518189,-0.186586157,0.006387805,-0.290663691,-0.101947327,5.06936741577602e-05,15878,ssp245,pH,SO_STSS,SO,STSS,7.891103004,7.891702759,0.02153415,7.608827457,7.991919012,0.000170895
ssp245_pH_SO_STSS,9,2090s,-0.186345097,-0.186425043,0.006283373,-0.294629211,-0.102734108,4.98648969337633e-05,15878,ssp245,pH,SO_STSS,SO,STSS,7.891304801,7.891872616,0.022761347,7.62691864,7.978544769,0.000180634
ssp245_pH_SP_STPS,1,1850s,0.092097613,0.091419658,0.011274996,0.030061455,0.126494999,7.2854193298242e-05,23951,ssp245,pH,SP_STPS,SP,STPS,8.144961817,8.144065256,0.025780935,7.959854336,8.210890516,0.000166585
ssp245_pH_SP_STPS,10,1850s,0.092617411,0.091982498,0.010197565,0.020900459,0.150181351,6.58922986627823e-05,23951,ssp245,pH,SP_STPS,SP,STPS,8.177615251,8.176271731,0.036450346,7.933646708,8.24247303,0.000235527
ssp245_pH_SP_STPS,11,1850s,0.093146489,0.092493595,0.01083949,0.025407228,0.127586365,7.00401449053858e-05,23951,ssp245,pH,SP_STPS,SP,STPS,8.168606542,8.167282953,0.033454903,7.952217646,8.240754827,0.000216171
ssp245_pH_SP_STPS,12,1850s,0.093341845,0.092666579,0.011137935,0.029611444,0.124097309,7.19685686211118e-05,23951,ssp245,pH,SP_STPS,SP,STPS,8.155910388,8.154789104,0.028766302,7.9545364,8.224797535,0.000185876
ssp245_pH_SP_STPS,2,1850s,0.09149714,0.090846322,0.010916352,0.027184162,0.124611092,7.05367954496831e-05,23951,ssp245,pH,SP_STPS,SP,STPS,8.140174592,8.139347912,0.024317096,7.959231596,8.205498028,0.000157127
ssp245_pH_SP_STPS,3,1850s,0.09097738,0.090370989,0.010478638,0.025544357,0.121994095,6.77084721750653e-05,23951,ssp245,pH,SP_STPS,SP,STPS,8.142964952,8.142007552,0.024186348,7.963286266,8.208879598,0.000156282
ssp245_pH_SP_STPS,4,1850s,0.090726116,0.090105483,0.010131967,0.028054867,0.118357201,6.54684311594262e-05,23951,ssp245,pH,SP_STPS,SP,STPS,8.151914296,8.150747933,0.026224838,7.967530413,8.219331487,0.000169454
ssp245_pH_SP_STPS,5,1850s,0.091005091,0.090350543,0.010083001,0.028865261,0.117207451,6.51520321863697e-05,23951,ssp245,pH,SP_STPS,SP,STPS,8.163209657,8.161940117,0.029565466,7.968266373,8.22732652,0.000191039
ssp245_pH_SP_STPS,6,1850s,0.091498676,0.090823272,0.010083615,0.030058689,0.120477104,6.51560046487361e-05,23951,ssp245,pH,SP_STPS,SP,STPS,8.173157781,8.171929498,0.032102107,7.960131912,8.233820629,0.00020743
ssp245_pH_SP_STPS,7,1850s,0.091843829,0.091170145,0.010011713,0.024424191,0.132721329,6.46914021973894e-05,23951,ssp245,pH,SP_STPS,SP,STPS,8.17929747,8.178161595,0.033783676,7.947252893,8.244751167,0.000218296
ssp245_pH_SP_STPS,8,1850s,0.092097939,0.091447446,0.009903206,0.019054031,0.150773535,6.3990274416301e-05,23951,ssp245,pH,SP_STPS,SP,STPS,8.181654344,8.180565624,0.03534774,7.919522629,8.24631424,0.000228402
ssp245_pH_SP_STPS,9,1850s,0.092229942,0.091597938,0.009982423,0.01719183,0.156803493,6.45021432946518e-05,23951,ssp245,pH,SP_STPS,SP,STPS,8.181186258,8.180008907,0.036623642,7.908568287,8.245418485,0.000236646
ssp245_pH_SP_STPS,1,2090s,-0.169832143,-0.169052282,0.013913006,-0.203779761,-0.097489653,8.98998845124872e-05,23951,ssp245,pH,SP_STPS,SP,STPS,7.883032061,7.883593317,0.019492644,7.801635218,7.93170867,0.000125953
ssp245_pH_SP_STPS,10,2090s,-0.174418394,-0.173485423,0.014410055,-0.245966492,-0.111188345,9.31116040139335e-05,23951,ssp245,pH,SP_STPS,SP,STPS,7.910579445,7.910803811,0.02253197,7.718701792,7.960023626,0.000145592
ssp245_pH_SP_STPS,11,2090s,-0.173434865,-0.172551637,0.014599291,-0.214291086,-0.114794226,9.43343660784979e-05,23951,ssp245,pH,SP_STPS,SP,STPS,7.902025188,7.90223772,0.020008886,7.764482441,7.947290436,0.000129289
ssp245_pH_SP_STPS,12,2090s,-0.171473283,-0.170648963,0.01459278,-0.204360867,-0.104746637,9.42922942415579e-05,23951,ssp245,pH,SP_STPS,SP,STPS,7.89109526,7.891473562,0.018765815,7.799936457,7.950143194,0.000121257
ssp245_pH_SP_STPS,2,2090s,-0.167881291,-0.167167818,0.012760729,-0.199697561,-0.091226778,8.24543696740826e-05,23951,ssp245,pH,SP_STPS,SP,STPS,7.880796161,7.881333771,0.018369115,7.809901333,7.926681376,0.000118693
ssp245_pH_SP_STPS,3,2090s,-0.16656242,-0.16589218,0.011996602,-0.2019524,-0.087361193,7.75169027283438e-05,23951,ssp245,pH,SP_STPS,SP,STPS,7.885425152,7.885744382,0.016229934,7.820789067,7.925901508,0.000104871
ssp245_pH_SP_STPS,4,2090s,-0.167098068,-0.166396875,0.012132421,-0.19909339,-0.084749336,7.8394510564769e-05,23951,ssp245,pH,SP_STPS,SP,STPS,7.894090112,7.894245575,0.015558639,7.810115687,7.937753582,0.000100533
ssp245_pH_SP_STPS,5,2090s,-0.168440541,-0.167665009,0.012487271,-0.194027882,-0.086093807,8.06873988912789e-05,23951,ssp245,pH,SP_STPS,SP,STPS,7.903764026,7.903924565,0.017241716,7.790810871,7.952279043,0.000111409
ssp245_pH_SP_STPS,6,2090s,-0.170262721,-0.169411268,0.012846922,-0.195081568,-0.088784008,8.30113072254644e-05,23951,ssp245,pH,SP_STPS,SP,STPS,7.911396384,7.911694957,0.019792055,7.758351707,7.957955265,0.000127888
ssp245_pH_SP_STPS,7,2090s,-0.172240482,-0.17133735,0.013218861,-0.255571795,-0.09626215,8.54146218450116e-05,23951,ssp245,pH,SP_STPS,SP,STPS,7.915213158,7.9156541,0.022067584,7.693172359,7.965325117,0.000142591
ssp245_pH_SP_STPS,8,2090s,-0.173667143,-0.172737487,0.013630796,-0.28043334,-0.101869621,8.8076368826584e-05,23951,ssp245,pH,SP_STPS,SP,STPS,7.915889262,7.916380692,0.02387652,7.658004589,7.965923882,0.00015428
ssp245_pH_SP_STPS,9,2090s,-0.17436471,-0.173420488,0.014025195,-0.271707926,-0.10919549,9.06248045883431e-05,23951,ssp245,pH,SP_STPS,SP,STPS,7.914591606,7.91499048,0.024325049,7.668454752,7.957963069,0.000157178
ssp245_tos_Atl_EQU,1,1850s,-0.925819733,-0.92618568,0.280522991,-1.707881927,-0.15760994,0.005200223,2910,ssp245,tos,Atl_EQU,Atl,EQU,27.72279956,27.72369955,0.816705535,24.91962814,29.6602478,0.01513976
ssp245_tos_Atl_EQU,10,1850s,-0.76206316,-0.762135654,0.310821076,-1.869180679,0.106277466,0.005761877,2910,ssp245,tos,Atl_EQU,Atl,EQU,26.54518543,26.54405188,1.440702198,23.48400879,29.85998917,0.026707161
ssp245_tos_Atl_EQU,11,1850s,-0.743498383,-0.74352077,0.304497642,-1.708293915,0.214893341,0.005644655,2910,ssp245,tos,Atl_EQU,Atl,EQU,27.17402317,27.17361083,1.259453139,24.2629776,30.07971191,0.023347238
ssp245_tos_Atl_EQU,12,1850s,-0.81460016,-0.814707908,0.26233506,-1.819396973,-0.034334183,0.004863062,2910,ssp245,tos,Atl_EQU,Atl,EQU,27.52711767,27.52781264,0.899683431,25.18212128,29.81624794,0.016677972
ssp245_tos_Atl_EQU,2,1850s,-0.929730662,-0.930041973,0.24274806,-1.683322906,-0.214076996,0.004499966,2910,ssp245,tos,Atl_EQU,Atl,EQU,28.31510544,28.31637743,0.954031774,25.0339241,30.41090012,0.017685459
ssp245_tos_Atl_EQU,3,1850s,-0.856079981,-0.856176156,0.206799788,-1.471654892,-0.307846069,0.003833572,2910,ssp245,tos,Atl_EQU,Atl,EQU,28.93531535,28.93731852,1.044920127,25.52189255,30.90681076,0.019370311
ssp245_tos_Atl_EQU,4,1850s,-0.797582985,-0.797576684,0.217890988,-1.396533966,-0.157587051,0.004039176,2910,ssp245,tos,Atl_EQU,Atl,EQU,28.98874069,28.99077852,1.004173498,25.09460258,30.99497032,0.018614967
ssp245_tos_Atl_EQU,5,1850s,-0.738410068,-0.738183715,0.250715025,-1.38530159,0.182163239,0.004647655,2910,ssp245,tos,Atl_EQU,Atl,EQU,28.57931935,28.58086796,0.93413941,24.93622589,30.73022842,0.017316703
ssp245_tos_Atl_EQU,6,1850s,-0.713170798,-0.712995184,0.252698397,-1.544057846,0.217159271,0.004684422,2910,ssp245,tos,Atl_EQU,Atl,EQU,27.61651049,27.61659852,1.143365627,25.05879593,30.03404617,0.021195255
ssp245_tos_Atl_EQU,7,1850s,-0.747495076,-0.747487628,0.257583228,-1.597364426,-0.006530762,0.004774975,2910,ssp245,tos,Atl_EQU,Atl,EQU,26.58212565,26.58096831,1.407509493,22.97486877,29.25313187,0.026091848
ssp245_tos_Atl_EQU,8,1850s,-0.73430014,-0.734440367,0.28448701,-1.461652756,0.241752625,0.005273706,2910,ssp245,tos,Atl_EQU,Atl,EQU,25.9834632,25.98200792,1.469629435,22.44361115,29.67036057,0.027243403
ssp245_tos_Atl_EQU,9,1850s,-0.7377522,-0.737886555,0.278427304,-1.374252319,-0.036201477,0.005161374,2910,ssp245,tos,Atl_EQU,Atl,EQU,26.02802695,26.02670301,1.471639975,23.23363495,29.86574936,0.027280673
ssp245_tos_Atl_EQU,1,2090s,2.217493705,2.217707548,0.492720246,1.081396103,3.11618042,0.009133851,2910,ssp245,tos,Atl_EQU,Atl,EQU,30.866113,30.86759278,1.135975847,27.00781631,33.05533218,0.021058266
ssp245_tos_Atl_EQU,10,2090s,2.178266671,2.178613959,0.53205922,0.681146622,3.088193893,0.009863101,2910,ssp245,tos,Atl_EQU,Atl,EQU,29.48551526,29.48480149,1.659055379,24.67383957,32.71307373,0.030754905
ssp245_tos_Atl_EQU,11,2090s,2.264247456,2.264717152,0.455258998,1.030038834,3.088661194,0.008439409,2910,ssp245,tos,Atl_EQU,Atl,EQU,30.18176901,30.18184875,1.432290212,25.71194839,32.91255951,0.026551223
ssp245_tos_Atl_EQU,12,2090s,2.282700335,2.283119015,0.451032446,1.091012955,3.345920563,0.008361059,2910,ssp245,tos,Atl_EQU,Atl,EQU,30.62441816,30.62563956,1.174515623,27.287323,32.77341461,0.021772701
ssp245_tos_Atl_EQU,2,2090s,2.137575243,2.137742529,0.478794931,0.996276855,3.170492172,0.008875709,2910,ssp245,tos,Atl_EQU,Atl,EQU,31.38241135,31.38416193,1.21591074,27.06707382,33.77824783,0.022540067
ssp245_tos_Atl_EQU,3,2090s,2.077765606,2.077922883,0.411527834,1.010730743,2.820056915,0.007628738,2910,ssp245,tos,Atl_EQU,Atl,EQU,31.86916093,31.87141756,1.24923022,27.3002739,34.05412292,0.02315773
ssp245_tos_Atl_EQU,4,2090s,2.047472426,2.047591185,0.354692847,1.069412231,2.875520706,0.006575154,2910,ssp245,tos,Atl_EQU,Atl,EQU,31.8337961,31.83594639,1.221001985,26.88252258,34.02634048,0.022634446
ssp245_tos_Atl_EQU,5,2090s,1.977838839,1.977830663,0.439891839,1.044439316,3.134471893,0.008154539,2910,ssp245,tos,Atl_EQU,Atl,EQU,31.29556826,31.29688234,1.242357718,27.27792931,33.46986389,0.02303033
ssp245_tos_Atl_EQU,6,2090s,2.087714278,2.087897727,0.465275697,0.925487518,3.20920372,0.008625095,2910,ssp245,tos,Atl_EQU,Atl,EQU,30.41739557,30.41749143,1.460009288,26.73924637,32.98041916,0.027065068
ssp245_tos_Atl_EQU,7,2090s,2.119576207,2.119830223,0.543078608,0.450569153,3.200210571,0.010067374,2910,ssp245,tos,Atl_EQU,Atl,EQU,29.44919693,29.44828616,1.610695584,25.35413742,32.37947083,0.02985843
ssp245_tos_Atl_EQU,8,2090s,2.119666921,2.119833316,0.576311011,0.576471329,3.273633957,0.010683423,2910,ssp245,tos,Atl_EQU,Atl,EQU,28.83743027,28.8362816,1.692686569,24.5828228,32.27497864,0.031378346
ssp245_tos_Atl_EQU,9,2090s,2.12800002,2.128212517,0.589030097,0.582221985,3.281665802,0.010919204,2910,ssp245,tos,Atl_EQU,Atl,EQU,28.89377917,28.89280208,1.71698858,24.46729469,32.48031235,0.031828847
ssp245_tos_IND_STPS,1,1850s,-0.792675754,-0.797343475,0.30638748,-1.567567825,0.453100204,0.00249442,15087,ssp245,tos,IND_STPS,IND,STPS,25.49103282,25.68731129,3.313652642,15.91815186,29.95714378,0.026977738
ssp245_tos_IND_STPS,10,1850s,-0.79913268,-0.802016603,0.265679182,-1.498796463,0.191819191,0.002162998,15087,ssp245,tos,IND_STPS,IND,STPS,23.20605465,23.48819146,4.639544441,11.56232643,29.7182579,0.03777234
ssp245_tos_IND_STPS,11,1850s,-0.755994624,-0.759716344,0.303235138,-1.490219116,0.387178421,0.002468755,15087,ssp245,tos,IND_STPS,IND,STPS,24.02333686,24.29223523,4.391099482,12.50360966,29.7550106,0.035749653
ssp245_tos_IND_STPS,12,1850s,-0.810946205,-0.815691299,0.306314641,-1.660938263,0.028162003,0.002493827,15087,ssp245,tos,IND_STPS,IND,STPS,24.8375842,25.0726032,3.861927581,14.34380817,30.22558594,0.031441458
ssp245_tos_IND_STPS,2,1850s,-0.800782748,-0.802095686,0.304584784,-1.597372055,0.015163422,0.002479743,15087,ssp245,tos,IND_STPS,IND,STPS,25.85357794,26.0366058,3.132403502,16.36673355,30.04139328,0.025502118
ssp245_tos_IND_STPS,3,1850s,-0.813786042,-0.815232103,0.287944176,-1.65511322,0.0319767,0.002344266,15087,ssp245,tos,IND_STPS,IND,STPS,26.08630822,26.28346698,3.308761734,16.21826172,30.41864967,0.026937919
ssp245_tos_IND_STPS,4,1850s,-0.815796574,-0.81854316,0.292081647,-1.882568359,0.284568787,0.002377951,15087,ssp245,tos,IND_STPS,IND,STPS,25.93216808,26.15970716,3.728039245,15.67224121,30.68528748,0.030351421
ssp245_tos_IND_STPS,5,1850s,-0.83154485,-0.834652193,0.282830671,-1.754863739,0.157449722,0.002302635,15087,ssp245,tos,IND_STPS,IND,STPS,25.19308551,25.44450296,4.112588603,14.72467232,30.63706398,0.033482187
ssp245_tos_IND_STPS,6,1850s,-0.838083714,-0.841997524,0.273808929,-1.681991577,0.245788574,0.002229185,15087,ssp245,tos,IND_STPS,IND,STPS,24.16602665,24.43018806,4.329994849,13.60560036,30.72564697,0.035252176
ssp245_tos_IND_STPS,7,1850s,-0.801848845,-0.805386789,0.266650378,-1.509044647,0.492816925,0.002170905,15087,ssp245,tos,IND_STPS,IND,STPS,23.28016835,23.55310306,4.476642607,12.23401451,30.25616074,0.036446093
ssp245_tos_IND_STPS,8,1850s,-0.77536091,-0.778729202,0.268303883,-1.591262817,0.454421997,0.002184367,15087,ssp245,tos,IND_STPS,IND,STPS,22.78109344,23.06173542,4.600360064,11.47522163,29.84314346,0.037453325
ssp245_tos_IND_STPS,9,1850s,-0.78064489,-0.784420804,0.274086526,-1.634288788,0.362506866,0.002231445,15087,ssp245,tos,IND_STPS,IND,STPS,22.74350488,23.02692627,4.658214078,11.40495491,29.70710373,0.037924337
ssp245_tos_IND_STPS,1,2090s,1.985640824,1.983887483,0.523471255,-0.082036972,3.300088882,0.004261784,15087,ssp245,tos,IND_STPS,IND,STPS,28.2693494,28.46854225,3.395415579,18.80904961,33.15518951,0.027643402
ssp245_tos_IND_STPS,10,2090s,1.805237452,1.811223065,0.59731136,-0.760385513,3.198293686,0.004862945,15087,ssp245,tos,IND_STPS,IND,STPS,25.81042478,26.10143113,4.803214791,13.92494202,32.64249039,0.039104844
ssp245_tos_IND_STPS,11,2090s,1.856533677,1.857339127,0.553097178,-0.443471909,3.058368683,0.00450298,15087,ssp245,tos,IND_STPS,IND,STPS,26.63586516,26.9092907,4.494651397,14.84757996,32.70823669,0.03659271
ssp245_tos_IND_STPS,12,2090s,1.912188366,1.910562296,0.536773579,-0.103097916,3.32245636,0.004370083,15087,ssp245,tos,IND_STPS,IND,STPS,27.56071877,27.79885679,3.945441748,16.56642914,33.41271973,0.03212138
ssp245_tos_IND_STPS,2,2090s,2.023961939,2.023016477,0.49347997,0.022842407,3.397855759,0.004017613,15087,ssp245,tos,IND_STPS,IND,STPS,28.67832263,28.86171796,3.180651321,19.59516907,33.24987411,0.025894923
ssp245_tos_IND_STPS,3,2090s,1.975641286,1.974873071,0.509936942,-0.018753052,3.364521027,0.004151595,15087,ssp245,tos,IND_STPS,IND,STPS,28.87573555,29.07357215,3.352664544,19.56588554,33.30477142,0.027295349
ssp245_tos_IND_STPS,4,2090s,1.969810125,1.97067428,0.493833409,-0.065416336,3.188669205,0.00402049,15087,ssp245,tos,IND_STPS,IND,STPS,28.71777478,28.9489246,3.801328858,18.89534378,33.59833527,0.0309481
ssp245_tos_IND_STPS,5,2090s,1.996213799,2.0014705,0.465879134,-0.123180389,3.0225811,0.003792904,15087,ssp245,tos,IND_STPS,IND,STPS,28.02084415,28.28062566,4.244572319,17.47222328,33.82546616,0.034556718
ssp245_tos_IND_STPS,6,2090s,1.988672018,1.996569024,0.513879738,-0.193275452,3.062347412,0.004183695,15087,ssp245,tos,IND_STPS,IND,STPS,26.99278238,27.2687546,4.523373167,15.8232193,33.78017426,0.036826545
ssp245_tos_IND_STPS,7,2090s,1.946304906,1.95479434,0.522474563,-0.26930809,2.990859985,0.004253669,15087,ssp245,tos,IND_STPS,IND,STPS,26.0283221,26.31328419,4.668721773,14.31712914,32.88365173,0.038009884
ssp245_tos_IND_STPS,8,2090s,1.908464122,1.916412266,0.514201423,-0.229680061,2.958333969,0.004186314,15087,ssp245,tos,IND_STPS,IND,STPS,25.46491847,25.75687688,4.784891971,13.57383537,32.70159149,0.038955671
ssp245_tos_IND_STPS,9,2090s,1.856329144,1.864374604,0.549956542,-0.419281006,3.134532928,0.004477411,15087,ssp245,tos,IND_STPS,IND,STPS,25.38047892,25.67572167,4.854307227,13.4548111,32.65702057,0.039520808
ssp245_tos_NA_SPSS,1,1850s,-0.788547795,-0.754477272,0.664815992,-4.819689929,4.068329692,0.007617948,7616,ssp245,tos,NA_SPSS,NA,SPSS,4.272077778,4.98889515,4.117843694,-1.886513472,16.4197731,0.047185264
ssp245_tos_NA_SPSS,10,1850s,-0.968883281,-0.923419324,0.569798446,-3.240935802,2.259042263,0.006529167,7616,ssp245,tos,NA_SPSS,NA,SPSS,6.995598405,8.027702713,4.569307457,-1.757739067,22.91120529,0.052358466
ssp245_tos_NA_SPSS,11,1850s,-0.902415965,-0.84033003,0.592906029,-3.24075377,2.885097504,0.006793951,7616,ssp245,tos,NA_SPSS,NA,SPSS,5.802703062,6.747511807,4.373911954,-1.838158369,20.38456345,0.050119481
ssp245_tos_NA_SPSS,12,1850s,-0.844306045,-0.797795368,0.636486877,-3.758274913,3.704831839,0.007293332,7616,ssp245,tos,NA_SPSS,NA,SPSS,4.905123578,5.730592874,4.217048721,-1.870445013,17.95508766,0.048322028
ssp245_tos_NA_SPSS,2,1850s,-0.750292062,-0.721420628,0.664057175,-5.141312838,3.790157557,0.007609253,7616,ssp245,tos,NA_SPSS,NA,SPSS,3.917331274,4.566383983,4.065226248,-1.89662385,15.37837505,0.046582335
ssp245_tos_NA_SPSS,3,1850s,-0.7424132,-0.721664881,0.66872926,-5.088775218,3.629408687,0.007662789,7616,ssp245,tos,NA_SPSS,NA,SPSS,3.747702448,4.382389554,4.072902618,-1.902571917,15.43161201,0.046670296
ssp245_tos_NA_SPSS,4,1850s,-0.735952166,-0.719982415,0.687547836,-4.820997715,3.693513811,0.007878426,7616,ssp245,tos,NA_SPSS,NA,SPSS,3.866882592,4.553437672,4.181759217,-1.904719353,16.56921005,0.047917655
ssp245_tos_NA_SPSS,5,1850s,-0.772394999,-0.751677513,0.693617348,-4.81155467,2.990004539,0.007947975,7616,ssp245,tos,NA_SPSS,NA,SPSS,4.632258573,5.430054689,4.487389415,-1.88079989,18.815588,0.051419789
ssp245_tos_NA_SPSS,6,1850s,-0.913768643,-0.878038381,0.694797273,-4.737210035,2.176704407,0.007961495,7616,ssp245,tos,NA_SPSS,NA,SPSS,6.232453521,7.14541082,4.866250025,-1.830756783,22.24113846,0.055761051
ssp245_tos_NA_SPSS,7,1850s,-1.083345302,-1.022642268,0.724655772,-4.492903471,2.551128387,0.008303636,7616,ssp245,tos,NA_SPSS,NA,SPSS,7.94068004,8.930086509,4.955950084,-1.78745997,24.88225365,0.0567889
ssp245_tos_NA_SPSS,8,1850s,-1.116356527,-1.079510539,0.700061071,-3.970705986,2.748514175,0.008021812,7616,ssp245,tos,NA_SPSS,NA,SPSS,8.784915061,9.836467258,4.892811367,-1.766407728,25.75309372,0.05606541
ssp245_tos_NA_SPSS,9,1850s,-1.039897288,-0.998231825,0.596046058,-3.355932951,1.997144699,0.006829932,7616,ssp245,tos,NA_SPSS,NA,SPSS,8.228814124,9.310946599,4.789413614,-1.715840697,24.94386482,0.054880603
ssp245_tos_NA_SPSS,1,2090s,1.14843151,0.95874423,2.837275767,-6.425511003,7.953387022,0.03251158,7616,ssp245,tos,NA_SPSS,NA,SPSS,6.209057084,6.702116651,3.378659726,-1.739414454,19.57721519,0.038715154
ssp245_tos_NA_SPSS,10,2090s,1.776026648,1.62425789,2.48179645,-3.493848324,7.655145168,0.028438238,7616,ssp245,tos,NA_SPSS,NA,SPSS,9.740508334,10.57537993,3.843697729,0.43483606,25.49077797,0.044043899
ssp245_tos_NA_SPSS,11,2090s,1.51484852,1.334715368,2.536846189,-4.48236227,7.979451537,0.029069039,7616,ssp245,tos,NA_SPSS,NA,SPSS,8.219967546,8.922557204,3.575857682,-0.564628303,23.02120018,0.040974792
ssp245_tos_NA_SPSS,12,2090s,1.298731779,1.105709056,2.663015932,-5.657830954,8.209842533,0.030514784,7616,ssp245,tos,NA_SPSS,NA,SPSS,7.048161401,7.634097299,3.411349435,-1.38233757,21.23617744,0.039089736
ssp245_tos_NA_SPSS,2,2090s,1.023524419,0.838113962,2.915899496,-6.939280868,7.541081548,0.033412509,7616,ssp245,tos,NA_SPSS,NA,SPSS,5.691147755,6.125918573,3.387658441,-1.783520937,18.31622887,0.038818268
ssp245_tos_NA_SPSS,3,2090s,0.951285685,0.762640542,2.975284596,-7.661584526,7.772559881,0.034092986,7616,ssp245,tos,NA_SPSS,NA,SPSS,5.441401332,5.866694978,3.422163024,-1.819954872,17.49563026,0.039213646
ssp245_tos_NA_SPSS,4,2090s,1.002194638,0.80574789,3.015086244,-7.835574865,7.741404355,0.034549063,7616,ssp245,tos,NA_SPSS,NA,SPSS,5.605029396,6.079167978,3.491295234,-1.814315438,17.57326126,0.040005814
ssp245_tos_NA_SPSS,5,2090s,1.199311696,0.995659114,2.997165809,-6.750826597,8.230065435,0.034343717,7616,ssp245,tos,NA_SPSS,NA,SPSS,6.603965267,7.177391316,3.60544267,-1.641752243,19.5912323,0.041313798
ssp245_tos_NA_SPSS,6,2090s,1.541276112,1.315513852,2.967421899,-5.629476547,8.822724059,0.03400289,7616,ssp245,tos,NA_SPSS,NA,SPSS,8.687498276,9.338963053,3.765104761,-0.897925258,22.82954407,0.043143323
ssp245_tos_NA_SPSS,7,2090s,1.852883887,1.647962637,2.920718296,-4.742781639,9.268355072,0.033467726,7616,ssp245,tos,NA_SPSS,NA,SPSS,10.87690923,11.60069141,3.934633069,0.671925604,26.93992996,0.045085903
ssp245_tos_NA_SPSS,8,2090s,2.036665317,1.875677029,2.791127488,-3.903774261,8.384286448,0.03198278,7616,ssp245,tos,NA_SPSS,NA,SPSS,11.9379369,12.79165483,4.073077226,1.605792999,29.2197628,0.046672297
ssp245_tos_NA_SPSS,9,2090s,1.961146022,1.824639083,2.589331203,-3.458794117,7.569035769,0.02967045,7616,ssp245,tos,NA_SPSS,NA,SPSS,11.22985743,12.13381751,4.062517453,1.335841417,27.97821617,0.046551296
ssp245_tos_NA_STPS,1,1850s,-0.732042021,-0.735269453,0.232025491,-1.439657211,0.333230972,0.00267439,7527,ssp245,tos,NA_STPS,NA,STPS,22.69841937,22.85969624,2.965806124,14.4559021,28.60063553,0.034184702
ssp245_tos_NA_STPS,10,1850s,-0.806877607,-0.809067313,0.236052617,-1.317504883,0.314487457,0.002720808,7527,ssp245,tos,NA_STPS,NA,STPS,25.94575197,26.05265553,2.206824328,18.18494034,29.95603371,0.025436468
ssp245_tos_NA_STPS,11,1850s,-0.758781442,-0.760755038,0.252381656,-1.28597641,0.329227448,0.002909021,7527,ssp245,tos,NA_STPS,NA,STPS,24.94075328,25.07654587,2.569308487,16.70565796,29.97546005,0.029614561
ssp245_tos_NA_STPS,12,1850s,-0.758750955,-0.761526847,0.229349612,-1.535539627,0.304641724,0.002643547,7527,ssp245,tos,NA_STPS,NA,STPS,23.72650057,23.87899174,2.811744827,15.44083405,29.00553894,0.032408949
ssp245_tos_NA_STPS,2,1850s,-0.730135611,-0.732433401,0.240008373,-1.476762772,0.274436951,0.002766403,7527,ssp245,tos,NA_STPS,NA,STPS,22.1636118,22.33070961,3.060036914,13.90506935,28.62813187,0.035270832
ssp245_tos_NA_STPS,3,1850s,-0.725731622,-0.728161431,0.243794123,-1.600765228,0.164417267,0.002810039,7527,ssp245,tos,NA_STPS,NA,STPS,22.10003018,22.2727476,3.144685489,13.71548939,29.25579834,0.036246515
ssp245_tos_NA_STPS,4,1850s,-0.720404993,-0.72372427,0.233035866,-1.380420685,0.298586845,0.002686036,7527,ssp245,tos,NA_STPS,NA,STPS,22.49339445,22.66471957,3.133136641,14.11222267,29.7660675,0.0361134
ssp245_tos_NA_STPS,5,1850s,-0.722821685,-0.726891644,0.282072529,-1.520757675,0.466581345,0.003251246,7527,ssp245,tos,NA_STPS,NA,STPS,23.40032454,23.55335466,2.90833965,15.19145393,29.9774437,0.033522328
ssp245_tos_NA_STPS,6,1850s,-0.730369208,-0.732251113,0.322583103,-1.465480804,0.440925598,0.003718182,7527,ssp245,tos,NA_STPS,NA,STPS,24.56939399,24.68895815,2.5044388,16.69345284,29.6680088,0.028866855
ssp245_tos_NA_STPS,7,1850s,-0.790272804,-0.788917509,0.268120172,-1.548727036,0.336372375,0.003090427,7527,ssp245,tos,NA_STPS,NA,STPS,25.5759972,25.66313064,2.131022334,18.13606644,29.37640953,0.024562753
ssp245_tos_NA_STPS,8,1850s,-0.857000132,-0.854136259,0.248351672,-1.505743027,-0.137067795,0.00286257,7527,ssp245,tos,NA_STPS,NA,STPS,26.19277092,26.26622428,1.962955742,19.21577454,29.64823341,0.022625571
ssp245_tos_NA_STPS,9,1850s,-0.832533507,-0.832959922,0.243900983,-1.404655457,-0.112405777,0.00281127,7527,ssp245,tos,NA_STPS,NA,STPS,26.41350609,26.4935241,1.949019351,19.41722488,29.90329361,0.022464936
ssp245_tos_NA_STPS,1,2090s,1.863210754,1.860784899,0.567929379,0.31757164,3.647220612,0.006546111,7527,ssp245,tos,NA_STPS,NA,STPS,25.29367214,25.45575059,3.053068212,15.94770622,31.85068893,0.035190509
ssp245_tos_NA_STPS,10,2090s,1.832910906,1.833736962,0.697499901,-0.118309021,3.450683594,0.008039577,7527,ssp245,tos,NA_STPS,NA,STPS,28.58554048,28.6954598,2.310124254,21.44303322,32.76493835,0.026627131
ssp245_tos_NA_STPS,11,2090s,1.85658832,1.856030678,0.640626339,0.066936493,3.553342819,0.007384036,7527,ssp245,tos,NA_STPS,NA,STPS,27.55612304,27.69333159,2.655217164,18.83152008,32.81122589,0.030604768
ssp245_tos_NA_STPS,12,2090s,1.847394905,1.845611945,0.579787342,0.318077087,3.67808342,0.006682789,7527,ssp245,tos,NA_STPS,NA,STPS,26.33264643,26.48613053,2.903933145,17.02809906,31.99562454,0.033471537
ssp245_tos_NA_STPS,2,2090s,1.833050762,1.834040504,0.564369808,0.381597519,3.502075195,0.006505083,7527,ssp245,tos,NA_STPS,NA,STPS,24.72679817,24.89718351,3.180611858,15.1189785,31.51854324,0.036660612
ssp245_tos_NA_STPS,3,2090s,1.851360205,1.853413447,0.546243579,0.252309799,3.492494583,0.006296155,7527,ssp245,tos,NA_STPS,NA,STPS,24.67712201,24.85432248,3.265201319,15.08905983,32.14671326,0.037635614
ssp245_tos_NA_STPS,4,2090s,1.839867649,1.841627272,0.526291593,0.348302841,3.469724655,0.006066183,7527,ssp245,tos,NA_STPS,NA,STPS,25.0536671,25.23007111,3.265460448,15.69026375,32.67862701,0.037638601
ssp245_tos_NA_STPS,5,2090s,1.794823761,1.796225849,0.530444987,-0.135971069,3.43696022,0.006114056,7527,ssp245,tos,NA_STPS,NA,STPS,25.91796999,26.07647215,3.04355276,17.33658218,32.74885941,0.035080831
ssp245_tos_NA_STPS,6,2090s,1.80738318,1.809369771,0.552755707,-0.468847275,3.429489136,0.006371215,7527,ssp245,tos,NA_STPS,NA,STPS,27.10714638,27.23057903,2.660434377,18.94182968,32.43613052,0.030664903
ssp245_tos_NA_STPS,7,2090s,1.857406032,1.859594926,0.607420185,-0.614707947,3.524879456,0.007001293,7527,ssp245,tos,NA_STPS,NA,STPS,28.22367604,28.31164307,2.257332486,21.46721077,32.99501419,0.026018639
ssp245_tos_NA_STPS,8,2090s,1.824885284,1.828306836,0.694227322,-0.737291336,3.43519783,0.008001856,7527,ssp245,tos,NA_STPS,NA,STPS,28.87465633,28.94866737,2.094738109,22.31879807,33.23360062,0.024144531
ssp245_tos_NA_STPS,9,2090s,1.826166262,1.828848724,0.756484034,-0.494617462,3.697004318,0.008719444,7527,ssp245,tos,NA_STPS,NA,STPS,29.07220586,29.15533274,2.096490723,22.50709915,32.95497513,0.024164732
ssp245_tos_NA_STSS,1,1850s,-0.554281134,-0.553602759,0.432285806,-4.075092316,1.362586021,0.007723084,3133,ssp245,tos,NA_STSS,NA,STSS,14.96470823,15.14386067,3.21283304,5.198268414,22.52272034,0.05739948
ssp245_tos_NA_STSS,10,1850s,-0.722447394,-0.719368478,0.323029774,-1.645668983,0.388227463,0.00577115,3133,ssp245,tos,NA_STSS,NA,STSS,19.4035897,19.60334122,3.486957459,9.860145569,27.11812401,0.062296902
ssp245_tos_NA_STSS,11,1850s,-0.647920734,-0.648274293,0.379694314,-1.876049042,0.956726074,0.006783501,3133,ssp245,tos,NA_STSS,NA,STSS,17.550762,17.74481415,3.380151588,8.051525116,25.3773613,0.060388742
ssp245_tos_NA_STSS,12,1850s,-0.615847693,-0.615766833,0.385934395,-2.932069778,1.046642303,0.006894984,3133,ssp245,tos,NA_STSS,NA,STSS,16.01644299,16.20207297,3.270315877,6.493741035,23.73290443,0.058426451
ssp245_tos_NA_STSS,2,1850s,-0.533520165,-0.533602416,0.45605385,-3.783812523,1.321914673,0.008147717,3133,ssp245,tos,NA_STSS,NA,STSS,14.43367569,14.61142715,3.207466214,4.303397655,21.92353249,0.057303598
ssp245_tos_NA_STSS,3,1850s,-0.559257546,-0.558860215,0.449909139,-3.555879593,1.350530624,0.008037937,3133,ssp245,tos,NA_STSS,NA,STSS,14.28950143,14.4672601,3.200399868,4.064365387,22.01719666,0.057177353
ssp245_tos_NA_STSS,4,1850s,-0.551075072,-0.549817447,0.425607284,-3.283405304,1.13645649,0.007603768,3133,ssp245,tos,NA_STSS,NA,STSS,14.63590606,14.81417056,3.189177658,4.554365635,22.9347477,0.056976861
ssp245_tos_NA_STSS,5,1850s,-0.602852781,-0.602085158,0.422394022,-2.813384056,1.230772972,0.007546361,3133,ssp245,tos,NA_STSS,NA,STSS,15.72367788,15.90643596,3.283230172,5.615196705,24.81900024,0.058657174
ssp245_tos_NA_STSS,6,1850s,-0.75320207,-0.75186391,0.357871009,-2.724831581,0.971749306,0.006393613,3133,ssp245,tos,NA_STSS,NA,STSS,17.56825581,17.75977932,3.45433663,7.463517666,27.27730751,0.061714109
ssp245_tos_NA_STSS,7,1850s,-0.865551751,-0.863889519,0.355589849,-1.981562614,0.439393997,0.006352858,3133,ssp245,tos,NA_STSS,NA,STSS,19.76088237,19.95710119,3.530773981,9.617684364,28.86500931,0.063079715
ssp245_tos_NA_STSS,8,1850s,-0.926033616,-0.925092089,0.331873426,-2.129365921,0.244587898,0.005929148,3133,ssp245,tos,NA_STSS,NA,STSS,21.14452583,21.3393435,3.512919273,11.28800869,28.92743874,0.062760728
ssp245_tos_NA_STSS,9,1850s,-0.827942209,-0.823399986,0.284704876,-1.710873604,0.121311188,0.005086449,3133,ssp245,tos,NA_STSS,NA,STSS,20.91079455,21.10996775,3.519944099,11.17013836,28.50855637,0.062886231
ssp245_tos_NA_STSS,1,2090s,1.238084706,1.259893481,1.356213812,-2.288252831,5.522130013,0.024229696,3133,ssp245,tos,NA_STSS,NA,STSS,16.75707407,16.95735692,3.546783722,7.093704224,25.31735229,0.06336574
ssp245_tos_NA_STSS,10,2090s,1.606043435,1.617579592,1.543208322,-1.995969772,6.818602562,0.027570482,3133,ssp245,tos,NA_STSS,NA,STSS,21.73208053,21.94028929,3.608130793,12.71515083,30.01606369,0.064461748
ssp245_tos_NA_STSS,11,2090s,1.425277458,1.441699248,1.448232465,-2.070321083,6.277208328,0.025873673,3133,ssp245,tos,NA_STSS,NA,STSS,19.62396019,19.83478769,3.655554949,10.41466236,28.06966782,0.065309013
ssp245_tos_NA_STSS,12,2090s,1.268818317,1.289750121,1.394373112,-2.158437729,5.849381447,0.024911438,3133,ssp245,tos,NA_STSS,NA,STSS,17.901109,18.10758992,3.628105256,8.496073723,26.45171547,0.064818605
ssp245_tos_NA_STSS,2,2090s,1.164082755,1.183985641,1.34010385,-2.278654099,5.648381233,0.02394188,3133,ssp245,tos,NA_STSS,NA,STSS,16.13127861,16.32901521,3.488817853,6.269743919,24.77326965,0.062330139
ssp245_tos_NA_STSS,3,2090s,1.111253487,1.133893521,1.34674652,-2.334950447,5.457817078,0.024060556,3133,ssp245,tos,NA_STSS,NA,STSS,15.96001246,16.16001383,3.489750517,5.967592716,24.69379807,0.062346802
ssp245_tos_NA_STSS,4,2090s,1.08690099,1.113607647,1.429093916,-2.623385429,6.679908752,0.025531749,3133,ssp245,tos,NA_STSS,NA,STSS,16.27388212,16.47759565,3.518091093,6.260000706,25.87469864,0.062853126
ssp245_tos_NA_STSS,5,2090s,1.127737058,1.153980775,1.538602308,-2.802309036,6.899848938,0.027488192,3133,ssp245,tos,NA_STSS,NA,STSS,17.45426772,17.66250189,3.582343186,7.508425713,28.07651711,0.064001034
ssp245_tos_NA_STSS,6,2090s,1.211392188,1.232097995,1.651710278,-2.605578423,6.485289097,0.029508944,3133,ssp245,tos,NA_STSS,NA,STSS,19.53285006,19.74374122,3.68630514,9.541295052,30.91824722,0.065858386
ssp245_tos_NA_STSS,7,2090s,1.470102394,1.484174299,1.769128673,-2.37890625,7.92873764,0.031606705,3133,ssp245,tos,NA_STSS,NA,STSS,22.09653651,22.30516501,3.760529222,11.8434391,32.40341568,0.067184451
ssp245_tos_NA_STSS,8,2090s,1.653096126,1.66058555,1.809382248,-2.188615799,8.205732346,0.032325863,3133,ssp245,tos,NA_STSS,NA,STSS,23.72365557,23.92502113,3.710305199,14.05984783,32.54961777,0.066287164
ssp245_tos_NA_STSS,9,2090s,1.70645925,1.714177014,1.676333713,-1.877355576,7.426794052,0.029948859,3133,ssp245,tos,NA_STSS,NA,STSS,23.44519601,23.64754475,3.618491719,14.33295631,31.90740967,0.064646853
ssp245_tos_NP_SPSS,1,1850s,-0.482662861,-0.475610225,0.411753157,-2.654764175,1.075809479,0.004736238,7558,ssp245,tos,NP_SPSS,NP,SPSS,5.905627218,6.171363348,3.264452282,-1.502719998,14.76925373,0.037549735
ssp245_tos_NP_SPSS,10,1850s,-0.49699036,-0.48705221,0.546705144,-3.086803436,1.446643829,0.006288538,7558,ssp245,tos,NP_SPSS,NP,SPSS,10.45721784,10.78399266,3.485140694,2.142943144,21.19602585,0.040088229
ssp245_tos_NP_SPSS,11,1850s,-0.487970526,-0.481410637,0.477013138,-2.772868156,1.189428329,0.005486898,7558,ssp245,tos,NP_SPSS,NP,SPSS,8.454087051,8.757862385,3.325922299,0.35333252,18.78861618,0.038256801
ssp245_tos_NP_SPSS,12,1850s,-0.50737969,-0.499979091,0.43151238,-2.701245308,1.216360092,0.00496352,7558,ssp245,tos,NP_SPSS,NP,SPSS,6.911554256,7.192648195,3.26284607,-0.725220621,16.57294083,0.03753126
ssp245_tos_NP_SPSS,2,1850s,-0.483660024,-0.473993802,0.415045123,-2.840395927,1.152705669,0.004774104,7558,ssp245,tos,NP_SPSS,NP,SPSS,5.357904975,5.620601428,3.314944881,-1.690868139,13.54166222,0.038130532
ssp245_tos_NP_SPSS,3,1850s,-0.470246403,-0.457586464,0.434424715,-2.818717003,1.270302773,0.00499702,7558,ssp245,tos,NP_SPSS,NP,SPSS,5.193246885,5.46119419,3.373296424,-1.725955606,13.84414959,0.038801728
ssp245_tos_NP_SPSS,4,1850s,-0.482507467,-0.468414632,0.434810076,-2.630045891,1.277415752,0.005001453,7558,ssp245,tos,NP_SPSS,NP,SPSS,5.533842924,5.81244976,3.435796797,-1.668540716,14.68645668,0.039520645
ssp245_tos_NP_SPSS,5,1850s,-0.447779113,-0.432103842,0.483193347,-3.144361496,1.578369141,0.005557987,7558,ssp245,tos,NP_SPSS,NP,SPSS,6.755529954,7.03286472,3.451550643,-1.499790788,16.01712418,0.039701856
ssp245_tos_NP_SPSS,6,1850s,-0.442950814,-0.426410747,0.537933823,-3.057051063,2.075284004,0.006187645,7558,ssp245,tos,NP_SPSS,NP,SPSS,8.913011811,9.175010924,3.319409318,0.210907936,19.40867996,0.038181885
ssp245_tos_NP_SPSS,7,1850s,-0.457357124,-0.43941197,0.560886225,-2.809019089,2.319009781,0.006451658,7558,ssp245,tos,NP_SPSS,NP,SPSS,11.40788157,11.68029166,3.344451337,3.265740871,24.73647308,0.038469934
ssp245_tos_NP_SPSS,8,1850s,-0.537563145,-0.516500549,0.631499397,-2.952562332,2.440172195,0.007263894,7558,ssp245,tos,NP_SPSS,NP,SPSS,12.95846103,13.28168742,3.659338876,4.176812172,27.76370239,0.042091964
ssp245_tos_NP_SPSS,9,1850s,-0.573282612,-0.554884992,0.555704374,-3.247707367,2.203105927,0.006392053,7558,ssp245,tos,NP_SPSS,NP,SPSS,12.36403158,12.70751029,3.68976205,3.912354946,24.25631332,0.04244191
ssp245_tos_NP_SPSS,1,2090s,2.386062707,2.366559757,0.877863337,0.252594948,5.010251999,0.010097723,7558,ssp245,tos,NP_SPSS,NP,SPSS,8.774352786,9.013533329,3.287201064,-0.190216109,19.61349869,0.037811406
ssp245_tos_NP_SPSS,10,2090s,2.97715613,2.970531164,0.924489137,1.265547276,6.046495438,0.010634042,7558,ssp245,tos,NP_SPSS,NP,SPSS,13.93136433,14.24157604,3.39543215,6.589788914,25.02669144,0.039056346
ssp245_tos_NP_SPSS,11,2090s,2.696157197,2.685093654,0.871713839,1.180663109,5.577423096,0.010026988,7558,ssp245,tos,NP_SPSS,NP,SPSS,11.63821477,11.92436667,3.332537027,4.042033672,23.06953812,0.038332888
ssp245_tos_NP_SPSS,12,2090s,2.492292217,2.478401547,0.876579453,0.434128284,5.193971157,0.010082955,7558,ssp245,tos,NP_SPSS,NP,SPSS,9.911226163,10.17102883,3.302647234,1.483259916,21.24223137,0.037989077
ssp245_tos_NP_SPSS,2,2090s,2.339763195,2.317212056,0.90284982,-0.123633385,5.307967424,0.010385133,7558,ssp245,tos,NP_SPSS,NP,SPSS,8.181328193,8.411807285,3.28284093,-1.053979158,18.12020683,0.037761253
ssp245_tos_NP_SPSS,3,2090s,2.343366378,2.318353133,0.898756768,0.12810564,5.648126781,0.010338052,7558,ssp245,tos,NP_SPSS,NP,SPSS,8.006859666,8.237133787,3.278602531,-0.73695308,17.22867966,0.0377125
ssp245_tos_NP_SPSS,4,2090s,2.364113717,2.338077272,0.934698762,-0.364062786,5.475905418,0.010751479,7558,ssp245,tos,NP_SPSS,NP,SPSS,8.380464108,8.618941664,3.282495362,0.271108061,17.74708176,0.037757278
ssp245_tos_NP_SPSS,5,2090s,2.608733833,2.580966143,0.975384264,0.148870468,5.741193771,0.011219469,7558,ssp245,tos,NP_SPSS,NP,SPSS,9.8120429,10.04593471,3.191425994,2.018862963,19.75933266,0.036709742
ssp245_tos_NP_SPSS,6,2090s,3.005697855,2.980515119,1.057539382,0.90909481,6.681292534,0.012164468,7558,ssp245,tos,NP_SPSS,NP,SPSS,12.36166048,12.58193679,3.035537187,4.396304131,23.33694839,0.034916613
ssp245_tos_NP_SPSS,7,2090s,3.302287196,3.283233814,1.142091451,0.896282196,6.812744141,0.013137037,7558,ssp245,tos,NP_SPSS,NP,SPSS,15.16752589,15.40293745,3.080034121,6.201040268,29.25546265,0.035428444
ssp245_tos_NP_SPSS,8,2090s,3.403718387,3.392823397,1.175208211,0.826830864,6.928804398,0.013517967,7558,ssp245,tos,NP_SPSS,NP,SPSS,16.89974256,17.19101136,3.381280789,7.602888584,32.27446747,0.038893569
ssp245_tos_NP_SPSS,9,2090s,3.294589436,3.286674425,1.090234493,1.189738274,6.605513573,0.012540547,7558,ssp245,tos,NP_SPSS,NP,SPSS,16.23190363,16.54906971,3.447784933,8.463622093,29.35064125,0.03965854
ssp245_tos_NP_STPS,1,1850s,-0.67529127,-0.68451578,0.313707683,-1.615720749,0.69030571,0.002369715,17525,ssp245,tos,NP_STPS,NP,STPS,23.39858185,23.59864698,3.830675301,12.22362137,29.72009277,0.028936522
ssp245_tos_NP_STPS,10,1850s,-0.794880374,-0.801483899,0.311691279,-1.558984756,0.596717834,0.002354483,17525,ssp245,tos,NP_STPS,NP,STPS,26.34035154,26.48654514,3.023350281,15.38514423,30.65313721,0.022838073
ssp245_tos_NP_STPS,11,1850s,-0.752544068,-0.760616486,0.305402349,-1.578426361,0.556407928,0.002306978,17525,ssp245,tos,NP_STPS,NP,STPS,25.41131772,25.57965609,3.336950365,14.34097576,30.37093544,0.025206975
ssp245_tos_NP_STPS,12,1850s,-0.71204041,-0.720090842,0.29434053,-1.610403061,0.549309731,0.002223418,17525,ssp245,tos,NP_STPS,NP,STPS,24.31945197,24.5050609,3.607797441,13.08688831,30.25587463,0.027252926
ssp245_tos_NP_STPS,2,1850s,-0.652029306,-0.662815815,0.358816681,-1.683635712,1.112910271,0.002710464,17525,ssp245,tos,NP_STPS,NP,STPS,22.95618134,23.16797267,4.017490013,11.69949532,29.34043503,0.030347701
ssp245_tos_NP_STPS,3,1850s,-0.631813268,-0.64255045,0.341771758,-1.689863205,0.746278763,0.002581708,17525,ssp245,tos,NP_STPS,NP,STPS,23.01435539,23.23379787,4.148839565,11.43236065,29.70341492,0.031339902
ssp245_tos_NP_STPS,4,1850s,-0.663613073,-0.67471801,0.355301919,-1.52221489,0.583351135,0.002683914,17525,ssp245,tos,NP_STPS,NP,STPS,23.5421692,23.76303085,4.202082605,11.48888397,30.21255875,0.031742094
ssp245_tos_NP_STPS,5,1850s,-0.686920303,-0.697696572,0.337575566,-1.523899078,0.646131516,0.002550011,17525,ssp245,tos,NP_STPS,NP,STPS,24.43083357,24.63879457,4.038333796,12.3241024,30.65556717,0.030505152
ssp245_tos_NP_STPS,6,1850s,-0.715434693,-0.725448712,0.33823183,-1.628910065,1.075817108,0.002554968,17525,ssp245,tos,NP_STPS,NP,STPS,25.44322621,25.61833587,3.552362698,13.95673943,30.85283279,0.026834177
ssp245_tos_NP_STPS,7,1850s,-0.754338604,-0.763517243,0.310882464,-1.586034775,0.891019821,0.002348374,17525,ssp245,tos,NP_STPS,NP,STPS,26.23182947,26.37278111,3.077603083,14.80737495,30.66891479,0.023247893
ssp245_tos_NP_STPS,8,1850s,-0.775103765,-0.782532977,0.325143347,-1.658031464,0.867002487,0.002456099,17525,ssp245,tos,NP_STPS,NP,STPS,26.70280873,26.82928481,2.848250987,15.34363365,30.49221802,0.021515391
ssp245_tos_NP_STPS,9,1850s,-0.806349,-0.812030125,0.310513499,-1.625696182,0.885332108,0.002345587,17525,ssp245,tos,NP_STPS,NP,STPS,26.80445152,26.93319041,2.838042976,15.5905714,30.72880173,0.021438281
ssp245_tos_NP_STPS,1,2090s,1.945092084,1.939907744,0.439555494,0.665054321,3.340147018,0.003320356,17525,ssp245,tos,NP_STPS,NP,STPS,26.01896521,26.2230705,3.928439385,14.06781769,32.01416779,0.029675022
ssp245_tos_NP_STPS,10,2090s,2.122420048,2.108649145,0.527528576,0.480535507,3.810739517,0.003984896,17525,ssp245,tos,NP_STPS,NP,STPS,29.25765197,29.39667818,2.844866879,19.12225914,32.9864502,0.021489828
ssp245_tos_NP_STPS,11,2090s,2.043455923,2.033915735,0.475034696,0.380754471,3.437263489,0.003588363,17525,ssp245,tos,NP_STPS,NP,STPS,28.20731771,28.37418831,3.300064477,17.27621078,32.81258011,0.024928343
ssp245_tos_NP_STPS,12,2090s,1.98153961,1.975187472,0.435707083,0.59359169,3.331651688,0.003291286,17525,ssp245,tos,NP_STPS,NP,STPS,27.01303199,27.20033922,3.652783487,15.38482666,32.54737854,0.027592746
ssp245_tos_NP_STPS,2,2090s,1.899469651,1.895502488,0.464334964,0.617879868,3.231912613,0.003507538,17525,ssp245,tos,NP_STPS,NP,STPS,25.5076803,25.72629097,4.165402127,13.23788738,31.70280075,0.031465013
ssp245_tos_NP_STPS,3,2090s,1.861403817,1.859118125,0.457551471,0.449827194,3.088245392,0.003456296,17525,ssp245,tos,NP_STPS,NP,STPS,25.50757247,25.73546644,4.318551273,12.94202423,31.76416016,0.032621886
ssp245_tos_NP_STPS,4,2090s,1.791170921,1.785718614,0.478358954,0.251806259,3.097362518,0.003613474,17525,ssp245,tos,NP_STPS,NP,STPS,25.99695319,26.22346747,4.318468549,13.16482258,33.11737823,0.032621261
ssp245_tos_NP_STPS,5,2090s,1.809041515,1.800465186,0.486103155,0.219743729,3.203300476,0.003671973,17525,ssp245,tos,NP_STPS,NP,STPS,26.92679539,27.13695633,4.102090692,14.42819977,33.62505341,0.030986765
ssp245_tos_NP_STPS,6,2090s,1.908307909,1.897692476,0.51559522,0.330940247,3.69578743,0.003894753,17525,ssp245,tos,NP_STPS,NP,STPS,28.06696881,28.24147706,3.556647565,17.21006966,33.37197876,0.026866545
ssp245_tos_NP_STPS,7,2090s,1.973865569,1.960426619,0.554267457,0.444215775,3.940896988,0.004186879,17525,ssp245,tos,NP_STPS,NP,STPS,28.96003365,29.09672497,2.966279824,18.33467484,33.13204575,0.022406969
ssp245_tos_NP_STPS,8,2090s,2.066491127,2.049671403,0.593789128,0.544570923,4.126596451,0.004485421,17525,ssp245,tos,NP_STPS,NP,STPS,29.54440363,29.66148919,2.602049137,19.25603104,33.12377167,0.019655608
ssp245_tos_NP_STPS,9,2090s,2.136018063,2.118629735,0.595197128,0.446035385,4.252754211,0.004496057,17525,ssp245,tos,NP_STPS,NP,STPS,29.74681858,29.86385027,2.558224676,19.50920486,33.11008835,0.019324562
ssp245_tos_NP_STSS,1,1850s,-0.436719309,-0.438966673,0.275210587,-1.678565979,0.751283646,0.004733066,3381,ssp245,tos,NP_STSS,NP,STSS,15.36683533,15.48444204,2.85387128,8.091557503,22.59819412,0.049080818
ssp245_tos_NP_STSS,10,1850s,-0.549552606,-0.552532361,0.389117677,-1.727111816,1.005208969,0.006692038,3381,ssp245,tos,NP_STSS,NP,STSS,21.00938421,21.14715949,3.436914405,13.9044323,28.67166138,0.059107982
ssp245_tos_NP_STSS,11,1850s,-0.570032669,-0.573525719,0.359719232,-1.761400223,0.926345825,0.006186444,3381,ssp245,tos,NP_STSS,NP,STSS,18.8491211,18.98554437,3.310176361,12.4587822,26.07555199,0.056928344
ssp245_tos_NP_STSS,12,1850s,-0.519828706,-0.522272754,0.329366909,-1.856805801,1.017861366,0.005664445,3381,ssp245,tos,NP_STSS,NP,STSS,16.87378393,17.00302304,3.110274663,10.23672199,23.92541695,0.053490438
ssp245_tos_NP_STSS,2,1850s,-0.38139039,-0.384042356,0.312119432,-1.69260788,0.973274231,0.005367823,3381,ssp245,tos,NP_STSS,NP,STSS,14.55911381,14.66976473,2.669695156,6.097132206,22.2033577,0.045913361
ssp245_tos_NP_STSS,3,1850s,-0.371388313,-0.374727103,0.284825013,-1.539822578,2.031356335,0.004898415,3381,ssp245,tos,NP_STSS,NP,STSS,14.34863098,14.45860355,2.621228153,6.245253563,22.80039024,0.045079827
ssp245_tos_NP_STSS,4,1850s,-0.335562587,-0.337472364,0.282468119,-1.211698532,1.315144539,0.004857881,3381,ssp245,tos,NP_STSS,NP,STSS,14.90453837,15.02114252,2.730822444,9.06782341,24.39464378,0.046964627
ssp245_tos_NP_STSS,5,1850s,-0.335461035,-0.338672558,0.35238448,-1.341682434,0.832162857,0.006060301,3381,ssp245,tos,NP_STSS,NP,STSS,16.33469819,16.46283767,3.046487496,10.75582504,26.53918839,0.052393428
ssp245_tos_NP_STSS,6,1850s,-0.412438533,-0.418118629,0.513066558,-1.769517899,1.223361969,0.008823708,3381,ssp245,tos,NP_STSS,NP,STSS,18.41704703,18.55245621,3.331157378,12.19843769,28.32313156,0.057289175
ssp245_tos_NP_STSS,7,1850s,-0.445240446,-0.450717299,0.431390667,-1.290369034,1.050418854,0.007419048,3381,ssp245,tos,NP_STSS,NP,STSS,21.04307058,21.17775059,3.411848058,13.58751869,29.19721985,0.058676891
ssp245_tos_NP_STSS,8,1850s,-0.465180085,-0.469910224,0.539321601,-1.458179474,1.698373795,0.009275242,3381,ssp245,tos,NP_STSS,NP,STSS,22.8191651,22.94245968,3.326008935,14.48272133,29.8940239,0.057200632
ssp245_tos_NP_STSS,9,1850s,-0.570601392,-0.5743611,0.441168903,-1.452386856,1.65480423,0.007587214,3381,ssp245,tos,NP_STSS,NP,STSS,22.67276747,22.80228408,3.404920991,14.727211,30.19620323,0.05855776
ssp245_tos_NP_STSS,1,2090s,2.110469488,2.109560511,0.581334106,-0.534454346,3.438009262,0.009997772,3381,ssp245,tos,NP_STSS,NP,STSS,17.91402413,18.03296922,3.026884967,8.002550125,25.67996216,0.052056304
ssp245_tos_NP_STSS,10,2090s,2.489537339,2.481696927,0.757815076,0.093317032,4.025875092,0.013032888,3381,ssp245,tos,NP_STSS,NP,STSS,24.04847416,24.18138878,3.31376478,17.39349174,32.19461823,0.056990057
ssp245_tos_NP_STSS,11,2090s,2.31449887,2.30929081,0.638951646,-0.676216125,3.608306885,0.010988677,3381,ssp245,tos,NP_STSS,NP,STSS,21.73365264,21.8683609,3.338399809,13.85292339,29.91167068,0.05741373
ssp245_tos_NP_STSS,12,2090s,2.214076435,2.211309607,0.56581448,-0.739999771,3.393334389,0.009730866,3381,ssp245,tos,NP_STSS,NP,STSS,19.60768907,19.7366054,3.217573829,10.56291676,27.31830406,0.055335767
ssp245_tos_NP_STSS,2,2090s,2.051912026,2.051921487,0.531712587,0.721338272,3.336460114,0.009144382,3381,ssp245,tos,NP_STSS,NP,STSS,16.99241623,17.10572857,2.89927344,7.32133007,25.03566551,0.049861644
ssp245_tos_NP_STSS,3,2090s,2.013622741,2.014063934,0.514206039,0.754454613,3.200522423,0.008843305,3381,ssp245,tos,NP_STSS,NP,STSS,16.73364204,16.84739459,2.859935763,7.014646053,25.19451904,0.049185115
ssp245_tos_NP_STSS,4,2090s,2.037270016,2.038231218,0.528965416,0.417210579,3.629337311,0.009097136,3381,ssp245,tos,NP_STSS,NP,STSS,17.27737097,17.3968461,2.902691514,8.860993385,27.02871704,0.049920428
ssp245_tos_NP_STSS,5,2090s,2.114904328,2.112902317,0.559364326,0.410879135,4.006986618,0.009619936,3381,ssp245,tos,NP_STSS,NP,STSS,18.78506355,18.91441255,3.127127564,12.35904408,29.19969559,0.053780274
ssp245_tos_NP_STSS,6,2090s,2.364905077,2.357304745,0.60065728,0.484603882,3.861383438,0.010330091,3381,ssp245,tos,NP_STSS,NP,STSS,21.19439064,21.32787959,3.315966433,15.35027504,31.59469986,0.057027921
ssp245_tos_NP_STSS,7,2090s,2.443995414,2.42930744,0.853976544,0.696083069,4.363656998,0.014686671,3381,ssp245,tos,NP_STSS,NP,STSS,23.93230644,24.05777533,3.20419729,17.49482346,32.24868774,0.055105718
ssp245_tos_NP_STSS,8,2090s,2.613307839,2.597506582,0.857885953,1.055110931,4.592809677,0.014753905,3381,ssp245,tos,NP_STSS,NP,STSS,25.89765302,26.00987648,3.027587112,18.54487991,33.13591003,0.05206838
ssp245_tos_NP_STSS,9,2090s,2.641664282,2.629597063,0.817654204,1.009145737,4.614332199,0.014062,3381,ssp245,tos,NP_STSS,NP,STSS,25.88503314,26.00624224,3.157107468,18.72712326,33.39865875,0.054295868
ssp245_tos_Pac_EQU_E,1,1850s,-1.042803417,-1.042989774,0.293316539,-1.800121307,-0.255508423,0.003779777,6022,ssp245,tos,Pac_EQU_E,Pac,EQU,25.97355127,25.97243927,1.134946112,23.36314011,28.8321228,0.014625303
ssp245_tos_Pac_EQU_E,10,1850s,-1.009161997,-1.009193657,0.230008973,-1.632541656,-0.357021332,0.002963974,6022,ssp245,tos,Pac_EQU_E,Pac,EQU,25.3069188,25.30583222,2.164275451,19.8966198,29.42407227,0.027889592
ssp245_tos_Pac_EQU_E,11,1850s,-1.0782638,-1.07846473,0.231530872,-1.77796936,-0.22171402,0.002983586,6022,ssp245,tos,Pac_EQU_E,Pac,EQU,25.53682637,25.53567021,1.925525165,19.99250031,29.24103355,0.024812974
ssp245_tos_Pac_EQU_E,12,1850s,-1.134398051,-1.134630849,0.240805312,-1.837610245,0.419048309,0.003103099,6022,ssp245,tos,Pac_EQU_E,Pac,EQU,25.73549043,25.73439911,1.538352453,21.33280563,29.01833725,0.019823735
ssp245_tos_Pac_EQU_E,2,1850s,-1.035822367,-1.035925072,0.310501493,-2.173032761,-0.306980133,0.004001228,6022,ssp245,tos,Pac_EQU_E,Pac,EQU,26.08276734,26.08143184,1.219607745,21.14488602,28.5851841,0.015716281
ssp245_tos_Pac_EQU_E,3,1850s,-0.971390584,-0.971425248,0.294821765,-1.79501915,-0.195989609,0.003799174,6022,ssp245,tos,Pac_EQU_E,Pac,EQU,26.42152365,26.42020333,1.21904631,22.03913689,28.91373062,0.015709047
ssp245_tos_Pac_EQU_E,4,1850s,-0.934415619,-0.934468122,0.303338786,-1.630126953,0.043338776,0.003908927,6022,ssp245,tos,Pac_EQU_E,Pac,EQU,26.91919172,26.91817887,1.078679244,22.82307053,29.30174255,0.013900229
ssp245_tos_Pac_EQU_E,5,1850s,-0.966645399,-0.966762821,0.293644719,-1.644075394,0.176599503,0.003784006,6022,ssp245,tos,Pac_EQU_E,Pac,EQU,26.8080037,26.80665609,1.564660864,21.64615059,29.60600662,0.020162754
ssp245_tos_Pac_EQU_E,6,1850s,-0.927490621,-0.927501981,0.316945012,-1.714715958,0.528181076,0.004084262,6022,ssp245,tos,Pac_EQU_E,Pac,EQU,26.27357841,26.27266572,1.9611485,20.83435249,29.63676071,0.025272029
ssp245_tos_Pac_EQU_E,7,1850s,-0.901319277,-0.901339035,0.305638527,-1.75909996,0.358905792,0.003938562,6022,ssp245,tos,Pac_EQU_E,Pac,EQU,25.79867806,25.79805743,2.16012822,20.20044327,29.71651649,0.027836149
ssp245_tos_Pac_EQU_E,8,1850s,-0.896849977,-0.896854131,0.292605753,-1.642089844,0.213531494,0.003770618,6022,ssp245,tos,Pac_EQU_E,Pac,EQU,25.37933117,25.37837998,2.315417269,19.92838669,29.53600502,0.029837257
ssp245_tos_Pac_EQU_E,9,1850s,-0.91830468,-0.918287093,0.263691728,-1.595806122,-0.186767578,0.003398022,6022,ssp245,tos,Pac_EQU_E,Pac,EQU,25.20030831,25.19913691,2.325976581,19.7931385,29.50422668,0.029973328
ssp245_tos_Pac_EQU_E,1,2090s,2.382313751,2.382824858,0.759918385,0.606143951,4.29001236,0.009792568,6022,ssp245,tos,Pac_EQU_E,Pac,EQU,29.39866844,29.39825391,1.186219684,25.87390137,32.10333252,0.015286032
ssp245_tos_Pac_EQU_E,10,2090s,2.25672902,2.256544581,0.771556383,-0.355361938,3.817434311,0.009942539,6022,ssp245,tos,Pac_EQU_E,Pac,EQU,28.57280982,28.57157046,2.207154355,22.44517899,32.42425537,0.028442144
ssp245_tos_Pac_EQU_E,11,2090s,2.262168999,2.262082314,0.795909236,-0.20705986,3.784334183,0.010256358,6022,ssp245,tos,Pac_EQU_E,Pac,EQU,28.87725917,28.87621726,1.969221031,22.34791946,32.23532486,0.025376054
ssp245_tos_Pac_EQU_E,12,2090s,2.312651991,2.31284975,0.807254298,0.12912178,4.051404953,0.010402554,6022,ssp245,tos,Pac_EQU_E,Pac,EQU,29.18254047,29.18187971,1.612586794,23.55328941,32.14318466,0.020780344
ssp245_tos_Pac_EQU_E,2,2090s,2.353092043,2.353624786,0.70727355,0.813646317,4.212203979,0.009114168,6022,ssp245,tos,Pac_EQU_E,Pac,EQU,29.47168174,29.4709817,1.220712362,24.83641624,32.03483582,0.015730516
ssp245_tos_Pac_EQU_E,3,2090s,2.383781306,2.384315199,0.666113493,0.69581604,4.146881104,0.008583766,6022,ssp245,tos,Pac_EQU_E,Pac,EQU,29.77669554,29.77594378,1.133666118,24.98047447,32.28336334,0.014608808
ssp245_tos_Pac_EQU_E,4,2090s,2.432047926,2.432716471,0.723204294,0.781719208,4.372541428,0.009319457,6022,ssp245,tos,Pac_EQU_E,Pac,EQU,30.28565526,30.28536347,0.990499268,25.35233688,32.51679993,0.012763911
ssp245_tos_Pac_EQU_E,5,2090s,2.506695207,2.507494526,0.772258166,0.837175369,4.52730751,0.009951582,6022,ssp245,tos,Pac_EQU_E,Pac,EQU,30.2813443,30.28091344,1.367664696,25.12624741,32.96657944,0.017624194
ssp245_tos_Pac_EQU_E,6,2090s,2.512945284,2.513373593,0.703678386,0.863702774,4.007762909,0.00906784,6022,ssp245,tos,Pac_EQU_E,Pac,EQU,29.71401432,29.71354129,1.952695566,22.95449257,32.68079758,0.025163101
ssp245_tos_Pac_EQU_E,7,2090s,2.466348258,2.466589558,0.644015994,0.797035217,3.779748917,0.00829901,6022,ssp245,tos,Pac_EQU_E,Pac,EQU,29.16634559,29.16598602,2.259889443,22.16610336,32.78729248,0.029121706
ssp245_tos_Pac_EQU_E,8,2090s,2.368579437,2.368712403,0.661983285,0.436870575,3.580476761,0.008530542,6022,ssp245,tos,Pac_EQU_E,Pac,EQU,28.64476058,28.64394651,2.431023938,21.81868553,33.17481995,0.031327004
ssp245_tos_Pac_EQU_E,9,2090s,2.29557797,2.295542642,0.729998493,0.071498871,3.787557602,0.00940701,6022,ssp245,tos,Pac_EQU_E,Pac,EQU,28.41419096,28.41296665,2.398128339,21.96491241,32.84801865,0.0309031
ssp245_tos_Pac_EQU_W,1,1850s,-0.952588973,-0.952982186,0.271417435,-1.548768997,-0.132444382,0.004109085,4363,ssp245,tos,Pac_EQU_W,Pac,EQU,28.98263868,28.98181643,0.904415837,25.24381638,30.67609596,0.013692273
ssp245_tos_Pac_EQU_W,10,1850s,-0.871378809,-0.871755373,0.353087745,-1.532018661,0.300441742,0.005345521,4363,ssp245,tos,Pac_EQU_W,Pac,EQU,29.26405531,29.26496225,0.727478328,27.33738136,30.71289635,0.011013553
ssp245_tos_Pac_EQU_W,11,1850s,-0.932784502,-0.933185859,0.292445127,-1.573862076,-0.074012756,0.004427431,4363,ssp245,tos,Pac_EQU_W,Pac,EQU,29.33396325,29.33451352,0.653435705,26.77802467,30.64706039,0.009892596
ssp245_tos_Pac_EQU_W,12,1850s,-0.944846469,-0.945284306,0.277012486,-1.678627014,-0.240758896,0.004193791,4363,ssp245,tos,Pac_EQU_W,Pac,EQU,29.23073108,29.23058937,0.7460756,25.78022766,30.64022446,0.011295104
ssp245_tos_Pac_EQU_W,2,1850s,-0.93420177,-0.934617335,0.284481458,-1.681978226,0.032278061,0.004306866,4363,ssp245,tos,Pac_EQU_W,Pac,EQU,28.84833584,28.84697185,0.989058963,25.4936142,30.6402092,0.014973715
ssp245_tos_Pac_EQU_W,3,1850s,-0.931809553,-0.93220298,0.279784011,-1.685283661,0.023187637,0.00423575,4363,ssp245,tos,Pac_EQU_W,Pac,EQU,28.89731668,28.89570163,0.974501038,26.10773849,30.57224655,0.014753318
ssp245_tos_Pac_EQU_W,4,1850s,-0.940870326,-0.941357705,0.271169999,-1.59431839,-0.134830475,0.004105339,4363,ssp245,tos,Pac_EQU_W,Pac,EQU,29.13021609,29.12890249,0.868358857,26.39578629,30.57947922,0.013146394
ssp245_tos_Pac_EQU_W,5,1850s,-0.930292498,-0.930610089,0.261519313,-1.608343124,-0.224523544,0.003959234,4363,ssp245,tos,Pac_EQU_W,Pac,EQU,29.35482946,29.35473717,0.707865688,26.82781982,30.66745567,0.01071663
ssp245_tos_Pac_EQU_W,6,1850s,-0.890235245,-0.89058284,0.264609115,-1.569198608,-0.206707001,0.004006012,4363,ssp245,tos,Pac_EQU_W,Pac,EQU,29.32970546,29.33073803,0.7062585,27.24302101,30.72358131,0.010692299
ssp245_tos_Pac_EQU_W,7,1850s,-0.879852414,-0.880313319,0.294363921,-1.596801758,-0.096893311,0.00445648,4363,ssp245,tos,Pac_EQU_W,Pac,EQU,29.13246468,29.13404866,0.836125793,26.60772133,30.63664627,0.012658406
ssp245_tos_Pac_EQU_W,8,1850s,-0.902985908,-0.903491124,0.296419723,-1.586528778,-0.131780624,0.004487604,4363,ssp245,tos,Pac_EQU_W,Pac,EQU,29.03072928,29.03229794,0.906316279,26.47427368,30.70269203,0.013721045
ssp245_tos_Pac_EQU_W,9,1850s,-0.905618746,-0.906167768,0.328614023,-1.630392075,0.31671524,0.004975005,4363,ssp245,tos,Pac_EQU_W,Pac,EQU,29.0938576,29.09509742,0.856490566,26.90051842,30.8045311,0.012966715
ssp245_tos_Pac_EQU_W,1,2090s,1.755360301,1.755763459,0.477915632,0.537332535,2.81079483,0.007235335,4363,ssp245,tos,Pac_EQU_W,Pac,EQU,31.69058795,31.69056207,0.958721939,28.40965843,33.14606094,0.014514432
ssp245_tos_Pac_EQU_W,10,2090s,1.715979553,1.716258138,0.457173823,0.247491837,2.820022583,0.006921317,4363,ssp245,tos,Pac_EQU_W,Pac,EQU,31.85141367,31.85297576,0.86485202,29.21581078,33.22286224,0.013093302
ssp245_tos_Pac_EQU_W,11,2090s,1.705938683,1.70615486,0.462356091,0.137878418,2.923862457,0.006999773,4363,ssp245,tos,Pac_EQU_W,Pac,EQU,31.97268644,31.97385424,0.820973327,29.41847229,33.11989975,0.012429007
ssp245_tos_Pac_EQU_W,12,2090s,1.72429405,1.724641014,0.445007796,0.250762939,3.048131943,0.006737131,4363,ssp245,tos,Pac_EQU_W,Pac,EQU,31.8998716,31.90051469,0.856578087,29.10246849,33.16134644,0.01296804
ssp245_tos_Pac_EQU_W,2,2090s,1.76898092,1.769389654,0.489172484,0.557826996,2.930524826,0.007405756,4363,ssp245,tos,Pac_EQU_W,Pac,EQU,31.55151853,31.55097884,0.980103563,28.15821457,33.08793259,0.014838136
ssp245_tos_Pac_EQU_W,3,2090s,1.793961248,1.794543673,0.49416391,0.51407814,2.897510529,0.007481323,4363,ssp245,tos,Pac_EQU_W,Pac,EQU,31.62308748,31.62244828,0.941393475,28.648386,32.98659515,0.014252091
ssp245_tos_Pac_EQU_W,4,2090s,1.793862792,1.794535773,0.472417029,0.612010956,2.885570526,0.007152089,4363,ssp245,tos,Pac_EQU_W,Pac,EQU,31.86494921,31.86479597,0.849374853,29.39109421,33.14315033,0.012858988
ssp245_tos_Pac_EQU_W,5,2090s,1.761334043,1.76206087,0.499973564,0.631153107,3.137807846,0.007569278,4363,ssp245,tos,Pac_EQU_W,Pac,EQU,32.046456,32.04740813,0.743714596,29.71847916,33.58346558,0.01125936
ssp245_tos_Pac_EQU_W,6,2090s,1.758650634,1.759280988,0.45515434,0.566734314,2.843296051,0.006890743,4363,ssp245,tos,Pac_EQU_W,Pac,EQU,31.97859134,31.98060186,0.810108143,28.92778969,33.32685852,0.012264515
ssp245_tos_Pac_EQU_W,7,2090s,1.71709018,1.717521904,0.434578226,0.660463333,2.70249939,0.006579234,4363,ssp245,tos,Pac_EQU_W,Pac,EQU,31.72940727,31.73188388,0.932564252,28.38383865,33.07158661,0.014118422
ssp245_tos_Pac_EQU_W,8,2090s,1.69807108,1.698412958,0.455263185,0.35247612,2.706357956,0.006892391,4363,ssp245,tos,Pac_EQU_W,Pac,EQU,31.63178626,31.63420202,0.975643791,28.19736099,33.00461197,0.014770618
ssp245_tos_Pac_EQU_W,9,2090s,1.713177787,1.713422497,0.495959118,0.0944767,2.569568634,0.007508502,4363,ssp245,tos,Pac_EQU_W,Pac,EQU,31.71265413,31.71468768,0.954800496,28.56872177,33.09981537,0.014455064
ssp245_tos_SA_STPS,1,1850s,-0.742077562,-0.74144009,0.220578265,-1.448974609,-0.061473846,0.002499641,7787,ssp245,tos,SA_STPS,SA,STPS,23.45086975,23.59202274,2.604785085,16.52860832,28.70939636,0.029517992
ssp245_tos_SA_STPS,10,1850s,-0.652671026,-0.652402423,0.240282023,-1.434736252,0.105350494,0.002722928,7787,ssp245,tos,SA_STPS,SA,STPS,19.79732897,19.98524417,3.274259021,12.78044319,26.52568436,0.037104616
ssp245_tos_SA_STPS,11,1850s,-0.668319177,-0.666461062,0.268773686,-1.479381561,0.137876511,0.003045802,7787,ssp245,tos,SA_STPS,SA,STPS,20.77253829,20.95354737,3.173001201,13.59647942,27.16612625,0.035957141
ssp245_tos_SA_STPS,12,1850s,-0.718982463,-0.718230165,0.22612372,-1.393827438,-0.064682007,0.002562483,7787,ssp245,tos,SA_STPS,SA,STPS,22.1111328,22.27219351,2.884501173,14.90776634,27.74651527,0.032687796
ssp245_tos_SA_STPS,2,1850s,-0.790589475,-0.78939863,0.251724263,-1.641168594,0.178544998,0.002852594,7787,ssp245,tos,SA_STPS,SA,STPS,24.20494571,24.34357603,2.584197826,17.3757019,29.42663956,0.029284693
ssp245_tos_SA_STPS,3,1850s,-0.82200306,-0.819793866,0.221077319,-1.659860611,0.051065445,0.002505296,7787,ssp245,tos,SA_STPS,SA,STPS,24.24201317,24.39421041,2.78953939,17.39007187,29.9840126,0.031611668
ssp245_tos_SA_STPS,4,1850s,-0.79763353,-0.796924887,0.225152957,-1.596729279,-0.020088196,0.002551482,7787,ssp245,tos,SA_STPS,SA,STPS,23.61556789,23.78503196,3.016384913,16.65595627,30.40845871,0.034182331
ssp245_tos_SA_STPS,5,1850s,-0.767447705,-0.768187933,0.221467873,-1.583213806,-0.088964462,0.002509722,7787,ssp245,tos,SA_STPS,SA,STPS,22.57392749,22.75761599,3.195274604,15.13495636,29.78023148,0.036209548
ssp245_tos_SA_STPS,6,1850s,-0.711947819,-0.71272304,0.229086609,-1.617841721,0.001022339,0.002596059,7787,ssp245,tos,SA_STPS,SA,STPS,21.36672588,21.55744303,3.280154775,13.43707848,28.20144653,0.037171428
ssp245_tos_SA_STPS,7,1850s,-0.686128537,-0.687150832,0.212102564,-1.525611877,0.039928436,0.002403592,7787,ssp245,tos,SA_STPS,SA,STPS,20.29162133,20.48271926,3.288065925,12.48604202,26.77556419,0.037261079
ssp245_tos_SA_STPS,8,1850s,-0.668868743,-0.66934807,0.214285501,-1.408851624,0.026702881,0.00242833,7787,ssp245,tos,SA_STPS,SA,STPS,19.58072511,19.77019717,3.273719137,12.26807404,26.41221237,0.037098498
ssp245_tos_SA_STPS,9,1850s,-0.650805058,-0.650599339,0.217402358,-1.304980278,0.06409359,0.002463651,7787,ssp245,tos,SA_STPS,SA,STPS,19.3877407,19.57679765,3.28354655,12.22504139,26.3394413,0.037209865
ssp245_tos_SA_STPS,1,2090s,1.70986988,1.719119488,0.452055192,0.479345322,2.85694313,0.005122788,7787,ssp245,tos,SA_STPS,SA,STPS,25.90281719,26.05258232,2.74796487,19.07173347,32.0030632,0.031140536
ssp245_tos_SA_STPS,10,2090s,1.61557098,1.620951375,0.471743412,0.219177246,2.995391846,0.005345899,7787,ssp245,tos,SA_STPS,SA,STPS,22.06557098,22.25859797,3.422634107,14.26054192,29.60338783,0.038786035
ssp245_tos_SA_STPS,11,2090s,1.682602666,1.690344791,0.440451967,0.44865799,2.901832581,0.004991298,7787,ssp245,tos,SA_STPS,SA,STPS,23.12346013,23.31035323,3.305731337,15.84395313,30.96786118,0.037461267
ssp245_tos_SA_STPS,12,2090s,1.731890519,1.741503351,0.431986083,0.479103088,2.790676117,0.00489536,7787,ssp245,tos,SA_STPS,SA,STPS,24.56200578,24.73192703,3.033949741,17.4257164,31.42450523,0.034381379
ssp245_tos_SA_STPS,2,2090s,1.743429579,1.749679986,0.438144956,0.576938629,2.75270462,0.004965154,7787,ssp245,tos,SA_STPS,SA,STPS,26.73896476,26.88265465,2.674293726,20.54117966,32.59815216,0.030305679
ssp245_tos_SA_STPS,3,2090s,1.734785753,1.740347714,0.459377795,0.421188354,2.80216217,0.005205769,7787,ssp245,tos,SA_STPS,SA,STPS,26.79880199,26.95435199,2.858375747,20.52286148,33.14000702,0.032391737
ssp245_tos_SA_STPS,4,2090s,1.735190332,1.740067465,0.41141187,0.395845413,2.922616959,0.004662209,7787,ssp245,tos,SA_STPS,SA,STPS,26.14839175,26.32202431,3.109514714,19.09774208,33.5291481,0.035237698
ssp245_tos_SA_STPS,5,2090s,1.692904277,1.697438873,0.407017502,0.271827698,2.794803619,0.004612411,7787,ssp245,tos,SA_STPS,SA,STPS,25.03427947,25.22324279,3.307389251,16.93601799,32.78847504,0.037480055
ssp245_tos_SA_STPS,6,2090s,1.67069225,1.675358512,0.43086601,0.029577255,2.724094391,0.004882667,7787,ssp245,tos,SA_STPS,SA,STPS,23.74936595,23.94552459,3.409674863,15.13070965,31.2515049,0.038639178
ssp245_tos_SA_STPS,7,2090s,1.633833493,1.639100782,0.452400967,-0.027795792,2.707956314,0.005126706,7787,ssp245,tos,SA_STPS,SA,STPS,22.61158336,22.80897087,3.445344663,13.77368927,29.7990303,0.039043396
ssp245_tos_SA_STPS,8,2090s,1.604138323,1.609116411,0.485325574,-0.059556007,2.816944122,0.005499815,7787,ssp245,tos,SA_STPS,SA,STPS,21.85373218,22.04866165,3.43083896,13.41989708,29.26458168,0.038879014
ssp245_tos_SA_STPS,9,2090s,1.596026723,1.601297401,0.499564677,-0.03247261,2.891992569,0.005661176,7787,ssp245,tos,SA_STPS,SA,STPS,21.63457248,21.82869439,3.434823633,13.54531574,29.19714737,0.038924169
ssp245_tos_SO_SPSS,1,1850s,-0.474371022,-0.492758403,0.34848047,-2.13803339,1.543450475,0.002373308,21560,ssp245,tos,SO_SPSS,SO,SPSS,4.494441637,4.675815262,2.313775105,-1.383176804,10.75177193,0.015757843
ssp245_tos_SO_SPSS,10,1850s,-0.632535219,-0.635475214,0.266341066,-2.01317811,0.96431303,0.001813902,21560,ssp245,tos,SO_SPSS,SO,SPSS,2.04159305,2.245495583,2.471473247,-1.827548623,9.11310482,0.016831838
ssp245_tos_SO_SPSS,11,1850s,-0.622837877,-0.625909835,0.258940399,-1.949409187,0.766172409,0.0017635,21560,ssp245,tos,SO_SPSS,SO,SPSS,2.536103793,2.748594889,2.52926501,-1.825255156,9.743993759,0.017225425
ssp245_tos_SO_SPSS,12,1850s,-0.571205237,-0.580596732,0.267676146,-1.929828644,0.775867701,0.001822994,21560,ssp245,tos,SO_SPSS,SO,SPSS,3.495095691,3.697653123,2.461498779,-1.768117189,10.30309391,0.016763907
ssp245_tos_SO_SPSS,2,1850s,-0.485434431,-0.502986124,0.339279483,-2.301963329,1.437648773,0.002310645,21560,ssp245,tos,SO_SPSS,SO,SPSS,4.876525977,5.059720391,2.282576156,-0.922527611,11.50535583,0.015545364
ssp245_tos_SO_SPSS,3,1850s,-0.542101178,-0.55579246,0.302314047,-2.48756218,1.222240925,0.002058894,21560,ssp245,tos,SO_SPSS,SO,SPSS,4.644667947,4.842970077,2.320746414,-1.031535864,11.92153835,0.015805321
ssp245_tos_SO_SPSS,4,1850s,-0.597651935,-0.605788485,0.265941398,-2.64363718,0.835557342,0.00181118,21560,ssp245,tos,SO_SPSS,SO,SPSS,4.055731559,4.266781294,2.361237554,-1.424343228,11.39908695,0.016081083
ssp245_tos_SO_SPSS,5,1850s,-0.631253114,-0.634798323,0.251092485,-2.68670845,0.713191032,0.001710052,21560,ssp245,tos,SO_SPSS,SO,SPSS,3.389536382,3.604486702,2.380061041,-1.705075026,10.70373058,0.01620928
ssp245_tos_SO_SPSS,6,1850s,-0.648345794,-0.64984737,0.247825,-2.560362339,0.844004631,0.001687799,21560,ssp245,tos,SO_SPSS,SO,SPSS,2.807743052,3.019744871,2.385667996,-1.82029593,9.838705063,0.016247466
ssp245_tos_SO_SPSS,7,1850s,-0.650341204,-0.6517023,0.249358318,-2.372228146,0.830770016,0.001698242,21560,ssp245,tos,SO_SPSS,SO,SPSS,2.364670981,2.570584321,2.387161141,-1.845024109,9.202522278,0.016257635
ssp245_tos_SO_SPSS,8,1850s,-0.641540734,-0.643087868,0.259333008,-2.215526342,0.939193249,0.001766174,21560,ssp245,tos,SO_SPSS,SO,SPSS,2.060358842,2.261326077,2.402124218,-1.86689949,8.848394394,0.01635954
ssp245_tos_SO_SPSS,9,1850s,-0.631543821,-0.63377985,0.270996401,-2.158158779,1.182037473,0.001845607,21560,ssp245,tos,SO_SPSS,SO,SPSS,1.929827328,2.129208324,2.424517196,-1.860595942,8.761380196,0.016512046
ssp245_tos_SO_SPSS,1,2090s,1.506094521,1.528409247,0.638233772,-1.157647848,3.736073494,0.004346657,21560,ssp245,tos,SO_SPSS,SO,SPSS,6.47490718,6.696982912,2.604149421,-0.490356535,14.10337067,0.017735422
ssp245_tos_SO_SPSS,10,2090s,1.461033113,1.492996949,0.636513253,-1.471354187,3.889747143,0.00433494,21560,ssp245,tos,SO_SPSS,SO,SPSS,4.135161382,4.373967746,2.754496216,-1.829793572,11.55520248,0.018759351
ssp245_tos_SO_SPSS,11,2090s,1.501255615,1.528591334,0.625243741,-1.505569696,3.798440933,0.004258189,21560,ssp245,tos,SO_SPSS,SO,SPSS,4.660197285,4.903096058,2.765532156,-1.802450776,12.20815849,0.01883451
ssp245_tos_SO_SPSS,12,2090s,1.515871563,1.537477152,0.640283693,-1.451957464,3.575790882,0.004360618,21560,ssp245,tos,SO_SPSS,SO,SPSS,5.582172491,5.815727007,2.690063038,-1.532701373,13.09696484,0.018320532
ssp245_tos_SO_SPSS,2,2090s,1.503408658,1.530306442,0.660277344,-1.160626173,3.997975349,0.004496784,21560,ssp245,tos,SO_SPSS,SO,SPSS,6.865369067,7.093012958,2.623143986,-0.036543705,15.07948589,0.017864783
ssp245_tos_SO_SPSS,3,2090s,1.478840203,1.507192136,0.631637274,-0.980700493,3.980838776,0.004301732,21560,ssp245,tos,SO_SPSS,SO,SPSS,6.665609328,6.905954672,2.665906532,-0.165438682,15.08512402,0.018156015
ssp245_tos_SO_SPSS,4,2090s,1.453185399,1.481292774,0.601655599,-0.934661031,3.895462036,0.004097544,21560,ssp245,tos,SO_SPSS,SO,SPSS,6.106568893,6.353862552,2.669892624,-0.536064982,14.6862545,0.018183162
ssp245_tos_SO_SPSS,5,2090s,1.441652865,1.469571548,0.583760618,-0.804432631,3.934427261,0.003975671,21560,ssp245,tos,SO_SPSS,SO,SPSS,5.462442361,5.708856573,2.654097039,-1.171425104,13.84978294,0.018075587
ssp245_tos_SO_SPSS,6,2090s,1.433988036,1.462340703,0.5890216,-0.705664456,4.061675072,0.0040115,21560,ssp245,tos,SO_SPSS,SO,SPSS,4.890076882,5.131932944,2.647620402,-1.636934996,12.98602772,0.018031479
ssp245_tos_SO_SPSS,7,2090s,1.432903199,1.462855378,0.60816017,-0.789059574,4.045778275,0.004141843,21560,ssp245,tos,SO_SPSS,SO,SPSS,4.447915384,4.685141999,2.658092881,-1.769079566,12.13786507,0.018102801
ssp245_tos_SO_SPSS,8,2090s,1.435205306,1.467311529,0.624719978,-0.966905326,4.131462574,0.004254622,21560,ssp245,tos,SO_SPSS,SO,SPSS,4.137104883,4.371725474,2.689771274,-1.799360037,11.58767128,0.018318545
ssp245_tos_SO_SPSS,9,2090s,1.43811184,1.471486329,0.64128235,-1.332803398,4.047377586,0.004367419,21560,ssp245,tos,SO_SPSS,SO,SPSS,3.999482988,4.234474503,2.72392951,-1.815377474,11.34026146,0.018551178
ssp245_tos_SO_STSS,1,1850s,-0.904861486,-0.908890651,0.380693291,-4.794833183,0.379347801,0.003021185,15878,ssp245,tos,SO_STSS,SO,STSS,13.10941492,13.31249744,3.516114726,5.989760399,24.21144676,0.027903915
ssp245_tos_SO_STSS,10,1850s,-0.646702811,-0.647495886,0.365708754,-4.525998116,1.386728287,0.002902268,15878,ssp245,tos,SO_STSS,SO,STSS,10.03376987,10.20414361,3.020989824,2.299982548,21.00718307,0.0239746
ssp245_tos_SO_STSS,11,1850s,-0.690330643,-0.692876086,0.349694448,-5.282650948,0.965789795,0.002775178,15878,ssp245,tos,SO_STSS,SO,STSS,10.84635132,11.02475538,3.128228408,3.152500629,22.05718231,0.024825646
ssp245_tos_SO_STSS,12,1850s,-0.818446585,-0.82078315,0.357056451,-5.196109772,0.971687317,0.002833603,15878,ssp245,tos,SO_STSS,SO,STSS,11.98961536,12.17949957,3.299051499,4.59835577,23.28507042,0.026181299
ssp245_tos_SO_STSS,2,1850s,-0.91544022,-0.919828504,0.395051423,-4.327020645,0.598004341,0.003135131,15878,ssp245,tos,SO_STSS,SO,STSS,13.71045945,13.92499088,3.664090666,6.596865654,24.56004143,0.029078253
ssp245_tos_SO_STSS,3,1850s,-0.89467,-0.898129255,0.385704891,-4.924510002,0.737249374,0.003060957,15878,ssp245,tos,SO_STSS,SO,STSS,13.56829151,13.7862041,3.675150533,6.166367531,24.40122986,0.029166024
ssp245_tos_SO_STSS,4,1850s,-0.84160872,-0.844758197,0.366632067,-5.028594971,0.852283478,0.002909595,15878,ssp245,tos,SO_STSS,SO,STSS,12.77841755,12.99065283,3.55769989,5.143120289,23.50066376,0.028233935
ssp245_tos_SO_STSS,5,1850s,-0.773751283,-0.775344162,0.381353324,-5.422689438,1.121343613,0.003026423,15878,ssp245,tos,SO_STSS,SO,STSS,11.76270196,11.96451174,3.390732448,4.011621475,22.07083321,0.02690888
ssp245_tos_SO_STSS,6,1850s,-0.719517554,-0.72027154,0.375936616,-5.035544872,1.440515518,0.002983436,15878,ssp245,tos,SO_STSS,SO,STSS,10.83084109,11.01902456,3.212840993,3.100820541,20.93261719,0.025497132
ssp245_tos_SO_STSS,7,1850s,-0.67827364,-0.678236086,0.370201897,-4.844735622,1.630692482,0.002937925,15878,ssp245,tos,SO_STSS,SO,STSS,10.15150989,10.32779017,3.075625076,2.502885103,20.05362892,0.024408185
ssp245_tos_SO_STSS,8,1850s,-0.639461264,-0.63838243,0.376140606,-4.735782146,1.885159492,0.002985055,15878,ssp245,tos,SO_STSS,SO,STSS,9.767113445,9.936187736,2.996576974,2.092721224,19.83720016,0.023780859
ssp245_tos_SO_STSS,9,1850s,-0.619122788,-0.618096932,0.369303667,-4.985006332,1.884829521,0.002930797,15878,ssp245,tos,SO_STSS,SO,STSS,9.704050393,9.87097008,2.977377396,2.003576994,20.21956062,0.023628491
ssp245_tos_SO_STSS,1,2090s,1.741280854,1.749075205,0.606993117,-0.347472191,6.518604279,0.004817102,15878,ssp245,tos,SO_STSS,SO,STSS,15.75555726,15.97046329,3.628426553,7.78970623,26.80905724,0.028795222
ssp245_tos_SO_STSS,10,2090s,1.578608034,1.580418239,0.637277212,-0.519665718,6.536563873,0.005057437,15878,ssp245,tos,SO_STSS,SO,STSS,12.25908072,12.43205773,3.051002685,4.697789192,23.67833328,0.024212782
ssp245_tos_SO_STSS,11,2090s,1.598903759,1.602744318,0.609707796,-0.179564476,6.074281693,0.004838646,15878,ssp245,tos,SO_STSS,SO,STSS,13.13558572,13.32037578,3.19866051,5.844788551,24.81911659,0.025384596
ssp245_tos_SO_STSS,12,2090s,1.652683083,1.659364861,0.62753114,-0.226421356,6.58163166,0.004980092,15878,ssp245,tos,SO_STSS,SO,STSS,14.46074503,14.65964758,3.400541656,6.985936642,25.99062538,0.026986726
ssp245_tos_SO_STSS,2,2090s,1.822866964,1.829383497,0.605071223,-0.539381981,6.400710106,0.00480185,15878,ssp245,tos,SO_STSS,SO,STSS,16.44876664,16.67420288,3.76248566,8.207983017,27.49120712,0.029859117
ssp245_tos_SO_STSS,3,2090s,1.83187116,1.839675673,0.615611924,-0.476864815,6.02528286,0.004885501,15878,ssp245,tos,SO_STSS,SO,STSS,16.29483267,16.52400903,3.790664879,8.002739906,27.34800339,0.030082747
ssp245_tos_SO_STSS,4,2090s,1.793889216,1.801205854,0.622471051,-0.405840874,5.883263588,0.004939935,15878,ssp245,tos,SO_STSS,SO,STSS,15.41391549,15.63661688,3.682163248,7.294629574,26.13816261,0.029221677
ssp245_tos_SO_STSS,5,2090s,1.72896747,1.735832955,0.631054537,-0.565403938,6.233150482,0.005008054,15878,ssp245,tos,SO_STSS,SO,STSS,14.26542071,14.47568886,3.502961536,6.277264118,24.75340271,0.027799531
ssp245_tos_SO_STSS,6,2090s,1.671830874,1.678105893,0.640583023,-0.665359497,5.973482132,0.005083672,15878,ssp245,tos,SO_STSS,SO,STSS,13.22218952,13.41740199,3.306130397,5.320119381,23.55886459,0.026237478
ssp245_tos_SO_STSS,7,2090s,1.619241159,1.624238099,0.647584445,-0.785942078,5.639252663,0.005139235,15878,ssp245,tos,SO_STSS,SO,STSS,12.44902469,12.63026435,3.139957483,4.668281555,22.69922829,0.024918728
ssp245_tos_SO_STSS,8,2090s,1.601020077,1.605160414,0.643686167,-0.531310081,5.899177551,0.005108299,15878,ssp245,tos,SO_STSS,SO,STSS,12.00759479,12.17973058,3.03414486,4.300348759,22.52193832,0.024078998
ssp245_tos_SO_STSS,9,2090s,1.585663032,1.588838034,0.647072496,-0.553111076,5.87353611,0.005135173,15878,ssp245,tos,SO_STSS,SO,STSS,11.90883621,12.07790505,3.00029524,4.232729912,22.8913765,0.023810367
ssp245_tos_SP_STPS,1,1850s,-0.883734283,-0.886380047,0.294789019,-2.14368248,0.114248276,0.0019048,23951,ssp245,tos,SP_STPS,SP,STPS,22.1662597,22.64000126,5.168478991,7.581246376,30.19902992,0.033396498
ssp245_tos_SP_STPS,10,1850s,-0.729928435,-0.740385639,0.308038252,-2.01007843,0.481506348,0.001990411,23951,ssp245,tos,SP_STPS,SP,STPS,18.95543177,19.5069357,5.831051614,5.435361385,29.04117203,0.037677759
ssp245_tos_SP_STPS,11,1850s,-0.759672587,-0.770055363,0.307947115,-1.934827805,0.336671829,0.001989822,23951,ssp245,tos,SP_STPS,SP,STPS,19.86262767,20.39387236,5.644933307,5.990559578,29.37792969,0.036475142
ssp245_tos_SP_STPS,12,1850s,-0.81445329,-0.820292791,0.314360023,-2.051311493,0.201965332,0.00203126,23951,ssp245,tos,SP_STPS,SP,STPS,21.07422629,21.57477471,5.382677765,6.837070465,29.85074425,0.034780559
ssp245_tos_SP_STPS,2,1850s,-0.893230878,-0.895635335,0.314458586,-2.043039322,0.061803818,0.002031897,23951,ssp245,tos,SP_STPS,SP,STPS,22.78618627,23.25469409,5.127537614,7.853034973,30.25616837,0.033131952
ssp245_tos_SP_STPS,3,1850s,-0.871144477,-0.877043312,0.314594205,-1.946166992,0.28053093,0.002032773,23951,ssp245,tos,SP_STPS,SP,STPS,22.77616835,23.26187069,5.253530707,7.749530792,30.19562149,0.033946066
ssp245_tos_SP_STPS,4,1850s,-0.831365525,-0.838341031,0.313569604,-2.063417435,0.25270462,0.002026153,23951,ssp245,tos,SP_STPS,SP,STPS,22.15266413,22.66764061,5.468309047,7.220427036,30.21544838,0.035333872
ssp245_tos_SP_STPS,5,1850s,-0.794646537,-0.80255581,0.288398351,-2.067256927,0.172504425,0.001863507,23951,ssp245,tos,SP_STPS,SP,STPS,21.15245634,21.69175665,5.650476018,6.560774326,30.271698,0.036510957
ssp245_tos_SP_STPS,6,1850s,-0.762184313,-0.770553381,0.290176727,-1.873140335,0.146573067,0.001874998,23951,ssp245,tos,SP_STPS,SP,STPS,20.08111993,20.63221914,5.753118515,5.983529091,30.04439735,0.037174188
ssp245_tos_SP_STPS,7,1850s,-0.732607226,-0.740709353,0.292063142,-1.62253952,0.407093048,0.001887187,23951,ssp245,tos,SP_STPS,SP,STPS,19.20021818,19.75469558,5.802604818,5.518324852,29.50020218,0.037493948
ssp245_tos_SP_STPS,8,1850s,-0.717047336,-0.725637525,0.294739785,-1.694379807,0.241621017,0.001904482,23951,ssp245,tos,SP_STPS,SP,STPS,18.66401842,19.21952561,5.834049406,5.240542412,29.14551353,0.037697129
ssp245_tos_SP_STPS,9,1850s,-0.713982295,-0.722607003,0.299465242,-1.931957245,0.68167305,0.001935016,23951,ssp245,tos,SP_STPS,SP,STPS,18.56016201,19.1169047,5.86764181,5.160167694,28.85955429,0.037914189
ssp245_tos_SP_STPS,1,2090s,1.70832872,1.70562921,0.692283017,-0.152193069,3.791362762,0.004473236,23951,ssp245,tos,SP_STPS,SP,STPS,24.7583227,25.23201052,5.182447414,9.78041935,32.77905273,0.033486756
ssp245_tos_SP_STPS,10,2090s,1.604585037,1.610908655,0.561264108,-0.357971191,3.419908524,0.003626648,23951,ssp245,tos,SP_STPS,SP,STPS,21.28994524,21.85823,6.004604943,7.060124397,32.19919586,0.038799186
ssp245_tos_SP_STPS,11,2090s,1.641129139,1.645179255,0.58116837,-0.384396553,3.4728508,0.003755261,23951,ssp245,tos,SP_STPS,SP,STPS,22.26342939,22.80910697,5.78796794,7.86220789,32.41684341,0.03739937
ssp245_tos_SP_STPS,12,2090s,1.693615501,1.693429938,0.621785731,-0.039552689,3.494403839,0.004017713,23951,ssp245,tos,SP_STPS,SP,STPS,23.58229508,24.08849744,5.441489671,9.053652763,32.54547119,0.035160576
ssp245_tos_SP_STPS,2,2090s,1.739162322,1.736842844,0.673029851,-0.079856873,3.84095192,0.004348831,23951,ssp245,tos,SP_STPS,SP,STPS,25.41857947,25.88717226,5.12715442,10.16495228,32.82326126,0.033129476
ssp245_tos_SP_STPS,3,2090s,1.707917166,1.709382945,0.658102167,-0.269638062,3.964223862,0.004252374,23951,ssp245,tos,SP_STPS,SP,STPS,25.35523,25.84829694,5.310478167,10.11319447,32.85681152,0.034314036
ssp245_tos_SP_STPS,4,2090s,1.703917519,1.709112008,0.618721787,-0.176702499,3.973613739,0.003997915,23951,ssp245,tos,SP_STPS,SP,STPS,24.68794717,25.21509365,5.585800106,9.661880493,33.00906372,0.036093048
ssp245_tos_SP_STPS,5,2090s,1.672353967,1.678800148,0.573279548,-0.089851379,3.877838135,0.003704287,23951,ssp245,tos,SP_STPS,SP,STPS,23.61945685,24.17311261,5.807918309,8.868319511,33.05797195,0.037528281
ssp245_tos_SP_STPS,6,2090s,1.640657955,1.64746116,0.5540462,-0.23434639,3.880237579,0.003580009,23951,ssp245,tos,SP_STPS,SP,STPS,22.4839622,23.05023368,5.929598607,8.031250954,32.99770737,0.038314527
ssp245_tos_SP_STPS,7,2090s,1.617737342,1.626080581,0.54233693,-0.295375824,3.796657562,0.003504349,23951,ssp245,tos,SP_STPS,SP,STPS,21.55056275,22.12148551,5.992718691,7.13009119,32.86586761,0.038722382
ssp245_tos_SP_STPS,8,2090s,1.59165503,1.601213935,0.542712008,-0.443227768,3.640132904,0.003506773,23951,ssp245,tos,SP_STPS,SP,STPS,20.97272078,21.54637707,6.037932889,6.697691917,32.70706177,0.039014537
ssp245_tos_SP_STPS,9,2090s,1.584397918,1.592908412,0.557683988,-0.387152672,3.515851974,0.003603515,23951,ssp245,tos,SP_STPS,SP,STPS,20.85854223,21.43242012,6.053854763,6.686775208,32.29723358,0.039117417
ssp585_aqueous_Atl_EQU,1,2090s,14.56519405,14.56487201,0.731020626,12.13359962,16.00723246,0.013556027,2908,ssp585,aqueous,Atl_EQU,Atl,EQU,24.77053259,24.76995787,1.097431479,20.41507685,26.92983804,0.02035074
ssp585_aqueous_Atl_EQU,10,2090s,14.95408741,14.95386048,0.806574958,9.472448087,16.70526753,0.014957105,2908,ssp585,aqueous,Atl_EQU,Atl,EQU,25.29784047,25.29789337,1.182732213,14.94457675,27.50590709,0.021932555
ssp585_aqueous_Atl_EQU,11,2090s,14.91372306,14.91344559,0.843806607,9.736108664,16.67870037,0.015647527,2908,ssp585,aqueous,Atl_EQU,Atl,EQU,25.19051645,25.19024835,1.281540125,15.98165185,27.53894534,0.023764846
ssp585_aqueous_Atl_EQU,12,2090s,14.85541808,14.85506576,0.79026037,11.67907029,16.47640683,0.014654567,2908,ssp585,aqueous,Atl_EQU,Atl,EQU,25.07463284,25.07405411,1.21741507,18.73306411,27.32516047,0.022575713
ssp585_aqueous_Atl_EQU,2,2090s,14.5350752,14.53486396,0.672440098,12.63266787,15.99086123,0.012469711,2908,ssp585,aqueous,Atl_EQU,Atl,EQU,24.82982201,24.82949154,0.986038795,21.62052809,26.85143447,0.018285077
ssp585_aqueous_Atl_EQU,3,2090s,14.45537265,14.45519641,0.589691825,12.3651069,15.82139166,0.01093523,2908,ssp585,aqueous,Atl_EQU,Atl,EQU,24.76491276,24.76471499,0.834981198,22.11810154,26.44608447,0.015483869
ssp585_aqueous_Atl_EQU,4,2090s,14.38393168,14.38379854,0.56938705,11.83023867,15.8110698,0.010558698,2908,ssp585,aqueous,Atl_EQU,Atl,EQU,24.65298755,24.65286993,0.76090786,21.52950885,26.45331299,0.014110255
ssp585_aqueous_Atl_EQU,5,2090s,14.37463373,14.37459839,0.628987026,11.79961744,16.04138663,0.011663919,2908,ssp585,aqueous,Atl_EQU,Atl,EQU,24.5883459,24.58835523,0.849841446,21.09295757,26.9655311,0.015759437
ssp585_aqueous_Atl_EQU,6,2090s,14.43872929,14.43865534,0.623074731,11.78467252,16.22822912,0.011554281,2908,ssp585,aqueous,Atl_EQU,Atl,EQU,24.61362504,24.61378925,0.882302469,20.30993621,27.25636075,0.016361394
ssp585_aqueous_Atl_EQU,7,2090s,14.59845252,14.59828393,0.601691076,10.8945986,16.11289136,0.011157743,2908,ssp585,aqueous,Atl_EQU,Atl,EQU,24.84196317,24.84236809,0.889667506,18.96411651,27.17788893,0.016497971
ssp585_aqueous_Atl_EQU,8,2090s,14.80077773,14.80067409,0.611156783,10.7452587,16.2137736,0.011333275,2908,ssp585,aqueous,Atl_EQU,Atl,EQU,25.16005665,25.16058589,0.934152907,18.08986075,26.96990525,0.017322907
ssp585_aqueous_Atl_EQU,9,2090s,14.92563079,14.92553906,0.678537986,10.16273321,16.51315751,0.01258279,2908,ssp585,aqueous,Atl_EQU,Atl,EQU,25.31669297,25.31710669,1.009535424,16.6653424,27.17340781,0.018720798
ssp585_aqueous_IND_STPS,1,2090s,16.24449149,16.13157108,1.898753029,12.94359913,21.68319255,0.015466692,15071,ssp585,aqueous,IND_STPS,IND,STPS,26.67235992,26.50724861,2.759653,22.01523067,33.94556413,0.022479334
ssp585_aqueous_IND_STPS,10,2090s,16.96342851,16.83241567,2.248077502,12.81154943,27.20134743,0.018312188,15071,ssp585,aqueous,IND_STPS,IND,STPS,27.38401768,27.20241676,3.107808553,20.90580763,38.62799368,0.025315308
ssp585_aqueous_IND_STPS,11,2090s,16.90140633,16.76885971,2.256877653,12.95379807,24.00570341,0.018383872,15071,ssp585,aqueous,IND_STPS,IND,STPS,27.33498774,27.1521911,3.096208391,21.75513811,37.49844124,0.025220817
ssp585_aqueous_IND_STPS,12,2090s,16.73365657,16.60572418,2.161585408,13.00845596,23.06326759,0.017607649,15071,ssp585,aqueous,IND_STPS,IND,STPS,27.19846269,27.01924952,3.015162605,22.27178363,36.08158409,0.024560641
ssp585_aqueous_IND_STPS,2,2090s,16.04870877,15.95106222,1.663566659,12.89208646,21.22013883,0.013550932,15071,ssp585,aqueous,IND_STPS,IND,STPS,26.45554243,26.30661907,2.501651702,21.92736591,33.16277005,0.02037773
ssp585_aqueous_IND_STPS,3,2090s,15.90997947,15.82122823,1.529958147,13.09380724,20.951112,0.012462596,15071,ssp585,aqueous,IND_STPS,IND,STPS,26.28784474,26.1515744,2.311638281,22.07866562,32.69486649,0.018829936
ssp585_aqueous_IND_STPS,4,2090s,15.83833488,15.7506384,1.507290159,13.09635484,20.85853312,0.012277949,15071,ssp585,aqueous,IND_STPS,IND,STPS,26.17740823,26.04604105,2.24186514,22.21537053,32.59199069,0.018261584
ssp585_aqueous_IND_STPS,5,2090s,15.87925581,15.78464249,1.595784338,13.38270813,21.48608241,0.012998797,15071,ssp585,aqueous,IND_STPS,IND,STPS,26.17999406,26.04271998,2.327891513,22.51762639,33.75909632,0.01896233
ssp585_aqueous_IND_STPS,6,2090s,16.04887867,15.9423699,1.777696478,13.57230595,22.553485,0.014480601,15071,ssp585,aqueous,IND_STPS,IND,STPS,26.3503886,26.1994611,2.549576506,22.87829153,35.11619449,0.020768112
ssp585_aqueous_IND_STPS,7,2090s,16.34386347,16.22642459,1.968230389,13.53046932,23.50539341,0.016032635,15071,ssp585,aqueous,IND_STPS,IND,STPS,26.68602828,26.52095097,2.806494658,22.7115949,36.44328996,0.022860893
ssp585_aqueous_IND_STPS,8,2090s,16.66411827,16.53875893,2.11709695,13.22466047,24.2367198,0.017245259,15071,ssp585,aqueous,IND_STPS,IND,STPS,27.06022752,26.88434307,3.01476529,21.72939417,37.71355379,0.024557405
ssp585_aqueous_IND_STPS,9,2090s,16.89236269,16.76289318,2.218630846,13.03894883,26.13571122,0.018072324,15071,ssp585,aqueous,IND_STPS,IND,STPS,27.31228936,27.13174362,3.113065565,21.12977604,38.5504241,0.025358131
ssp585_aqueous_NA_SPSS,1,2090s,29.73931838,29.25831956,4.382770818,15.06972422,43.72549576,0.050323515,7585,ssp585,aqueous,NA_SPSS,NA,SPSS,46.85438347,46.1872296,5.537209343,25.84853901,67.9976467,0.063578921
ssp585_aqueous_NA_SPSS,10,2090s,27.0126578,26.29014833,4.08911505,14.37510945,39.71164989,0.046951723,7585,ssp585,aqueous,NA_SPSS,NA,SPSS,42.80974737,41.8899657,4.851117971,25.86466379,59.29740136,0.055701135
ssp585_aqueous_NA_SPSS,11,2090s,28.25110322,27.57954133,4.202086011,15.43335925,43.6542076,0.04824887,7585,ssp585,aqueous,NA_SPSS,NA,SPSS,44.66271388,43.77273765,5.177738126,26.33468676,60.64133899,0.059451428
ssp585_aqueous_NA_SPSS,12,2090s,29.35104502,28.77222309,4.309560892,15.6090582,45.02994602,0.04948291,7585,ssp585,aqueous,NA_SPSS,NA,SPSS,46.22927247,45.44168002,5.400785831,26.10794041,63.34150786,0.062012489
ssp585_aqueous_NA_SPSS,2,2090s,30.3762845,29.94831347,4.508768677,15.34072219,43.5648226,0.051770238,7585,ssp585,aqueous,NA_SPSS,NA,SPSS,47.64896718,47.05213243,5.70136058,26.39912191,70.71349005,0.065463725
ssp585_aqueous_NA_SPSS,3,2090s,30.72372216,30.32551538,4.593164364,16.21772306,44.40137279,0.05273928,7585,ssp585,aqueous,NA_SPSS,NA,SPSS,48.02768102,47.46698327,5.80469955,27.48308822,69.81329968,0.066650276
ssp585_aqueous_NA_SPSS,4,2090s,30.49800951,30.17650058,4.549219938,16.99206262,46.66269039,0.052234704,7585,ssp585,aqueous,NA_SPSS,NA,SPSS,47.47256537,46.9733067,5.701838225,29.6933564,67.65585856,0.06546921
ssp585_aqueous_NA_SPSS,5,2090s,29.78545923,29.58471126,4.211878169,17.06514439,44.18425626,0.048361305,7585,ssp585,aqueous,NA_SPSS,NA,SPSS,45.49742961,45.17136166,5.199735911,29.3300225,62.54838715,0.059704009
ssp585_aqueous_NA_SPSS,6,2090s,29.82105344,29.46478772,4.847736133,17.55568303,43.02944153,0.055662304,7585,ssp585,aqueous,NA_SPSS,NA,SPSS,44.51011177,44.13729382,5.076425647,29.48723554,61.51571826,0.058288145
ssp585_aqueous_NA_SPSS,7,2090s,28.71299752,28.11015,4.776682252,16.08385892,44.24081817,0.054846455,7585,ssp585,aqueous,NA_SPSS,NA,SPSS,43.39164745,42.79411298,4.810350974,28.65359413,60.53051855,0.055233043
ssp585_aqueous_NA_SPSS,8,2090s,27.15406958,26.46304498,4.489611949,14.64696008,42.74507227,0.051550278,7585,ssp585,aqueous,NA_SPSS,NA,SPSS,41.97986131,41.24029848,4.572529808,27.13243873,59.11353199,0.052502351
ssp585_aqueous_NA_SPSS,9,2090s,26.41272898,25.70825874,4.125646791,14.01259589,40.35611355,0.047371185,7585,ssp585,aqueous,NA_SPSS,NA,SPSS,41.61698077,40.78231718,4.541338445,26.25818684,58.40512902,0.052144208
ssp585_aqueous_NA_STPS,1,2090s,16.16971919,16.11676138,1.283103429,14.34358956,21.29469155,0.014807121,7509,ssp585,aqueous,NA_STPS,NA,STPS,26.67406428,26.59444304,1.862148891,24.16495898,33.87285236,0.021489354
ssp585_aqueous_NA_STPS,10,2090s,16.1171675,16.074606,1.082994038,14.38125041,20.53747414,0.012497842,7509,ssp585,aqueous,NA_STPS,NA,STPS,26.76703634,26.69816375,1.618492526,24.05623877,32.97310955,0.018677539
ssp585_aqueous_NA_STPS,11,2090s,16.09459819,16.05059133,1.131428405,14.24488625,20.53662031,0.013056778,7509,ssp585,aqueous,NA_STPS,NA,STPS,26.63530198,26.5675156,1.646109505,24.1012003,32.97929146,0.018996241
ssp585_aqueous_NA_STPS,12,2090s,16.22003221,16.17184196,1.212529292,14.33001093,21.02051757,0.013992689,7509,ssp585,aqueous,NA_STPS,NA,STPS,26.72865716,26.65612385,1.744185982,24.07458279,33.36479834,0.020128052
ssp585_aqueous_NA_STPS,2,2090s,16.40186078,16.34317123,1.372302324,14.26430516,21.83867652,0.015836483,7509,ssp585,aqueous,NA_STPS,NA,STPS,26.94839389,26.86139913,1.98216678,24.18446308,34.57675888,0.02287437
ssp585_aqueous_NA_STPS,3,2090s,16.58821712,16.52419265,1.476096496,14.13311976,22.41402979,0.017034277,7509,ssp585,aqueous,NA_STPS,NA,STPS,27.13858008,27.04691105,2.072576048,24.06342149,35.04752355,0.0239177
ssp585_aqueous_NA_STPS,4,2090s,16.7482693,16.67819495,1.610485931,14.00910636,23.08234958,0.018585142,7509,ssp585,aqueous,NA_STPS,NA,STPS,27.28602584,27.19196361,2.165939135,24.09060192,35.69116977,0.024995118
ssp585_aqueous_NA_STPS,5,2090s,16.94110089,16.8607453,1.73384591,13.75961927,23.81480679,0.020008726,7509,ssp585,aqueous,NA_STPS,NA,STPS,27.54541957,27.44169166,2.290418392,23.90002265,36.16739931,0.026431619
ssp585_aqueous_NA_STPS,6,2090s,16.96669567,16.88633693,1.671593116,13.75114103,23.07724093,0.019290324,7509,ssp585,aqueous,NA_STPS,NA,STPS,27.706747,27.59749164,2.287329659,23.68583313,35.87809995,0.026395975
ssp585_aqueous_NA_STPS,7,2090s,16.75408875,16.68683292,1.435499777,13.6494513,21.82377378,0.016565787,7509,ssp585,aqueous,NA_STPS,NA,STPS,27.58632551,27.48567373,2.089266784,23.22097108,34.97399358,0.024110313
ssp585_aqueous_NA_STPS,8,2090s,16.46468127,16.41165326,1.210802925,13.97629668,21.14472472,0.013972767,7509,ssp585,aqueous,NA_STPS,NA,STPS,27.30241733,27.21587774,1.844742644,23.5179902,33.95108179,0.021288484
ssp585_aqueous_NA_STPS,9,2090s,16.24780878,16.20249853,1.100006017,13.68508672,20.70435395,0.012694161,7509,ssp585,aqueous,NA_STPS,NA,STPS,27.02238476,26.94658228,1.680785972,23.90857117,33.25879198,0.01939641
ssp585_aqueous_NA_STSS,1,2090s,20.51463164,20.36101664,2.977255904,14.38449782,29.16760976,0.053233227,3128,ssp585,aqueous,NA_STSS,NA,STSS,33.19590626,32.96739846,4.240945198,24.10924723,45.35226171,0.075827945
ssp585_aqueous_NA_STSS,10,2090s,19.00744462,18.89720265,2.335957921,14.36390379,25.50812053,0.041766842,3128,ssp585,aqueous,NA_STSS,NA,STSS,30.78596779,30.61615092,3.196437388,24.4740835,39.27501035,0.057152184
ssp585_aqueous_NA_STSS,11,2090s,19.41339659,19.28493632,2.55974073,14.56069644,26.48181864,0.045768071,3128,ssp585,aqueous,NA_STSS,NA,STSS,31.37625889,31.17964293,3.607296018,24.24837706,41.29245561,0.064498321
ssp585_aqueous_NA_STSS,12,2090s,20.19423226,20.04791778,2.855149443,14.57141996,27.97748607,0.051049968,3128,ssp585,aqueous,NA_STSS,NA,STSS,32.52116136,32.30131813,4.022108355,24.24255468,43.70674292,0.071915151
ssp585_aqueous_NA_STSS,2,2090s,20.9086349,20.75230898,3.01086743,14.44363997,30.13908117,0.0538342,3128,ssp585,aqueous,NA_STSS,NA,STSS,33.85018159,33.61774268,4.326669821,24.43566688,46.92124391,0.077360698
ssp585_aqueous_NA_STSS,3,2090s,21.17855031,21.01924326,3.065948308,14.66542855,30.5188569,0.054819044,3128,ssp585,aqueous,NA_STSS,NA,STSS,34.12008788,33.88454938,4.357577556,24.68946323,47.5695428,0.077913328
ssp585_aqueous_NA_STSS,4,2090s,21.232855,21.06342967,3.354505111,14.56561666,30.36810289,0.059978429,3128,ssp585,aqueous,NA_STSS,NA,STSS,33.70000959,33.46129639,4.410482585,25.08269283,46.27683141,0.078859268
ssp585_aqueous_NA_STSS,5,2090s,21.71119945,21.5368379,3.531121714,14.12546761,31.51368487,0.063136327,3128,ssp585,aqueous,NA_STSS,NA,STSS,33.46614143,33.23552787,4.383339846,25.44296963,45.3525142,0.078373956
ssp585_aqueous_NA_STSS,6,2090s,21.87484238,21.70832738,3.225259107,15.60823555,31.16376969,0.057667515,3128,ssp585,aqueous,NA_STSS,NA,STSS,33.55794253,33.34222574,4.00499765,25.80353142,44.52175387,0.071609212
ssp585_aqueous_NA_STSS,7,2090s,21.01817029,20.87598202,2.83506371,15.24370364,28.90733723,0.050690836,3128,ssp585,aqueous,NA_STSS,NA,STSS,32.96997277,32.77751395,3.518416981,25.6961576,42.89258758,0.062909167
ssp585_aqueous_NA_STSS,8,2090s,19.85745354,19.7412676,2.569126544,14.93354332,27.21710293,0.045935889,3128,ssp585,aqueous,NA_STSS,NA,STSS,31.89667159,31.72828931,3.156935589,25.31634506,40.70078417,0.056445893
ssp585_aqueous_NA_STSS,9,2090s,19.17097688,19.06589329,2.394277861,14.22723359,25.9634046,0.042809601,3128,ssp585,aqueous,NA_STSS,NA,STSS,31.049134,30.89031047,3.033417424,24.89522254,39.17173822,0.054237393
ssp585_aqueous_NP_SPSS,1,2090s,26.03102274,25.83648349,3.358428952,14.69186027,38.75270433,0.038697331,7532,ssp585,aqueous,NP_SPSS,NP,SPSS,44.12926631,43.70217319,6.062672978,27.00507497,61.70686221,0.069856848
ssp585_aqueous_NP_SPSS,10,2090s,21.51015918,21.33893918,2.508480189,14.35579241,30.50216184,0.028903838,7532,ssp585,aqueous,NP_SPSS,NP,SPSS,37.16156237,36.81936955,4.018108261,25.90370765,50.58162478,0.046298453
ssp585_aqueous_NP_SPSS,11,2090s,23.52031592,23.31074651,3.017395029,14.62020681,32.85897649,0.034767784,7532,ssp585,aqueous,NP_SPSS,NP,SPSS,40.16435986,39.75286914,5.105036231,26.05776065,53.86926198,0.058822526
ssp585_aqueous_NP_SPSS,12,2090s,25.33123921,25.12042158,3.303941594,14.5907194,37.09672651,0.038069503,7532,ssp585,aqueous,NP_SPSS,NP,SPSS,42.8498891,42.41912306,5.75499958,26.54437007,60.27863843,0.066311697
ssp585_aqueous_NP_SPSS,2,2090s,26.51700152,26.33480529,3.364030491,15.64343553,40.03467838,0.038761874,7532,ssp585,aqueous,NP_SPSS,NP,SPSS,44.97458926,44.55563823,6.200884969,27.48435431,61.71783982,0.071449389
ssp585_aqueous_NP_SPSS,3,2090s,26.42991195,26.25858686,3.263009589,16.57851317,39.93802742,0.037597866,7532,ssp585,aqueous,NP_SPSS,NP,SPSS,44.9558193,44.55151934,6.14746346,27.92767367,62.25991542,0.070833842
ssp585_aqueous_NP_SPSS,4,2090s,25.08038866,24.93536533,2.897500833,16.743135,38.25914539,0.033386309,7532,ssp585,aqueous,NP_SPSS,NP,SPSS,43.00857658,42.64588409,5.515355268,28.53758783,58.33987004,0.063550407
ssp585_aqueous_NP_SPSS,5,2090s,23.04729292,22.97578782,2.82566913,14.71190947,34.35242527,0.032558632,7532,ssp585,aqueous,NP_SPSS,NP,SPSS,39.67140168,39.42619947,4.496064964,29.05131844,54.29957149,0.051805685
ssp585_aqueous_NP_SPSS,6,2090s,22.27643308,22.24435667,2.090799304,15.52878846,31.16562999,0.024091131,7532,ssp585,aqueous,NP_SPSS,NP,SPSS,37.73526029,37.57601031,3.254301797,28.53459418,50.00837862,0.037497531
ssp585_aqueous_NP_SPSS,7,2090s,21.74957837,21.70874862,2.047360378,14.11024613,28.60849318,0.023590608,7532,ssp585,aqueous,NP_SPSS,NP,SPSS,36.68723757,36.54111698,2.326487517,27.97652167,48.09388543,0.026806837
ssp585_aqueous_NP_SPSS,8,2090s,20.75026247,20.68284718,2.098542788,12.59827879,27.0696548,0.024180355,7532,ssp585,aqueous,NP_SPSS,NP,SPSS,35.54641957,35.37481571,2.369248676,27.02289405,46.88712702,0.02729955
ssp585_aqueous_NP_SPSS,9,2090s,20.33600914,20.22773042,2.103155301,12.56014758,27.88820338,0.024233502,7532,ssp585,aqueous,NP_SPSS,NP,SPSS,35.26602431,35.02679957,2.855387676,26.448307,46.57265536,0.032901063
ssp585_aqueous_NP_STPS,1,2090s,16.17590572,16.08993529,1.743449947,13.18233893,24.5396381,0.013175855,17509,ssp585,aqueous,NP_STPS,NP,STPS,26.62261567,26.48991708,2.680445203,23.16218704,38.34713804,0.020257053
ssp585_aqueous_NP_STPS,10,2090s,15.65918593,15.60435933,1.14035473,13.2921151,19.36781551,0.008618056,17509,ssp585,aqueous,NP_STPS,NP,STPS,26.15356952,26.04864323,2.11494548,22.40769192,34.1549922,0.015983376
ssp585_aqueous_NP_STPS,11,2090s,15.75995367,15.69862048,1.249077861,13.04304479,20.37243895,0.009439714,17509,ssp585,aqueous,NP_STPS,NP,STPS,26.17449677,26.06499326,2.188541707,22.50189992,34.52956664,0.016539568
ssp585_aqueous_NP_STPS,12,2090s,16.06320911,15.989293,1.500354379,13.30430205,22.84345717,0.011338698,17509,ssp585,aqueous,NP_STPS,NP,STPS,26.47940747,26.3582763,2.422923235,22.84439178,36.32963403,0.01831087
ssp585_aqueous_NP_STPS,2,2090s,16.48857038,16.39198086,1.937665128,13.191787,25.57994275,0.014643607,17509,ssp585,aqueous,NP_STPS,NP,STPS,27.01775311,26.87395648,2.899581839,23.51076721,39.60902627,0.021913144
ssp585_aqueous_NP_STPS,3,2090s,16.67908069,16.57784095,2.005701916,12.89479298,25.20967804,0.015157784,17509,ssp585,aqueous,NP_STPS,NP,STPS,27.25971443,27.11301451,2.936841886,23.80265758,39.50273452,0.022194731
ssp585_aqueous_NP_STPS,4,2090s,16.79205667,16.69062281,1.996383317,12.86361201,24.58248205,0.01508736,17509,ssp585,aqueous,NP_STPS,NP,STPS,27.41774922,27.27344806,2.878278211,23.93620754,38.62735038,0.021752145
ssp585_aqueous_NP_STPS,5,2090s,16.84043989,16.73685556,2.017811129,13.11130644,24.13278497,0.015249298,17509,ssp585,aqueous,NP_STPS,NP,STPS,27.52600849,27.37797299,2.926510868,23.82631079,38.68939239,0.022116656
ssp585_aqueous_NP_STPS,6,2090s,16.68446582,16.58594383,1.906268985,12.80869059,22.93804194,0.014406335,17509,ssp585,aqueous,NP_STPS,NP,STPS,27.42829916,27.27893761,2.910557985,23.12774516,38.02096551,0.021996095
ssp585_aqueous_NP_STPS,7,2090s,16.33844191,16.25436296,1.663840687,12.78807311,21.33656611,0.01257422,17509,ssp585,aqueous,NP_STPS,NP,STPS,27.0805296,26.94138177,2.715634859,22.79889402,36.76955775,0.020522993
ssp585_aqueous_NP_STPS,8,2090s,15.99585707,15.92693876,1.412762529,12.68434423,20.42056623,0.010676736,17509,ssp585,aqueous,NP_STPS,NP,STPS,26.67062469,26.54672479,2.4558596,22.64715772,35.67774093,0.018559782
ssp585_aqueous_NP_STPS,9,2090s,15.76569603,15.70749056,1.22252467,12.88216804,19.73842784,0.009239042,17509,ssp585,aqueous,NP_STPS,NP,STPS,26.3595792,26.24844266,2.230447359,22.15831219,34.67385262,0.016856263
ssp585_aqueous_NP_STSS,1,2090s,19.90572634,19.82479041,2.241293098,15.20227071,26.054935,0.038579959,3375,ssp585,aqueous,NP_STSS,NP,STSS,32.06125495,31.92511003,3.729325672,25.40195942,40.88098509,0.06419385
ssp585_aqueous_NP_STSS,10,2090s,17.53224126,17.48547734,1.267094995,14.97085835,20.47121469,0.021810835,3375,ssp585,aqueous,NP_STSS,NP,STSS,29.06491031,28.98272582,2.438356971,24.75675219,35.16699819,0.041972071
ssp585_aqueous_NP_STSS,11,2090s,18.16029997,18.10167324,1.573573503,15.18069629,22.29531705,0.027086329,3375,ssp585,aqueous,NP_STSS,NP,STSS,29.73026453,29.62933482,2.807179904,24.83170254,35.75775962,0.048320716
ssp585_aqueous_NP_STSS,12,2090s,19.17151281,19.09809165,2.005173559,15.22771771,24.70750486,0.034515572,3375,ssp585,aqueous,NP_STSS,NP,STSS,31.00286835,30.87891821,3.367007008,25.27275206,39.01332618,0.057957165
ssp585_aqueous_NP_STSS,2,2090s,20.5442328,20.46375576,2.287375203,15.56507698,26.79170814,0.039373183,3375,ssp585,aqueous,NP_STSS,NP,STSS,33.00522961,32.8677069,3.851247202,25.72000492,41.88755213,0.066292517
ssp585_aqueous_NP_STSS,3,2090s,20.67141782,20.59553221,2.150208724,15.93118184,26.63312,0.0370121,3375,ssp585,aqueous,NP_STSS,NP,STSS,33.15554608,33.02202098,3.675257492,25.9794107,41.87776456,0.06326316
ssp585_aqueous_NP_STSS,4,2090s,20.19427099,20.13680033,1.816502968,16.18125494,25.76111798,0.031267937,3375,ssp585,aqueous,NP_STSS,NP,STSS,32.29655976,32.18569866,3.098395268,25.61002778,40.79660479,0.053333481
ssp585_aqueous_NP_STSS,5,2090s,20.15910921,20.11100817,1.768410256,16.0181203,24.46714953,0.030440104,3375,ssp585,aqueous,NP_STSS,NP,STSS,31.81933274,31.72939375,2.998877522,25.52082809,39.84957893,0.051620456
ssp585_aqueous_NP_STSS,6,2090s,20.09635568,20.03946959,1.674713717,15.85397557,23.58039818,0.028827281,3375,ssp585,aqueous,NP_STSS,NP,STSS,31.79223828,31.70089897,2.858590175,25.49066897,39.20811307,0.049205654
ssp585_aqueous_NP_STSS,7,2090s,19.29278785,19.23418981,1.568295066,15.34155984,22.39937304,0.02699547,3375,ssp585,aqueous,NP_STSS,NP,STSS,31.18069015,31.08846259,2.700698144,25.38517809,37.87765913,0.046487817
ssp585_aqueous_NP_STSS,8,2090s,18.203128,18.15379413,1.378053065,14.97603417,21.05403756,0.023720785,3375,ssp585,aqueous,NP_STSS,NP,STSS,30.11592015,30.03160527,2.498613877,25.11211176,36.53716285,0.043009289
ssp585_aqueous_NP_STSS,9,2090s,17.52025525,17.47757574,1.222541009,14.83709359,20.17456395,0.021043915,3375,ssp585,aqueous,NP_STSS,NP,STSS,29.246292,29.16975232,2.366190549,24.89748187,35.43748435,0.040729852
ssp585_aqueous_Pac_EQU_E,1,2090s,14.01669194,14.01602036,0.639875967,12.32298828,18.15731475,0.008251142,6014,ssp585,aqueous,Pac_EQU_E,Pac,EQU,25.24008083,25.24025354,0.808094222,22.10365053,30.5240599,0.010420302
ssp585_aqueous_Pac_EQU_E,10,2090s,14.50164869,14.50183232,0.752486366,12.00715145,17.44736163,0.009703243,6014,ssp585,aqueous,Pac_EQU_E,Pac,EQU,25.92357117,25.92469401,1.498642898,21.80738692,30.86616754,0.019324864
ssp585_aqueous_Pac_EQU_E,11,2090s,14.4052655,14.40531245,0.737341848,12.44063599,17.75747358,0.009507956,6014,ssp585,aqueous,Pac_EQU_E,Pac,EQU,25.67026638,25.6712143,1.30129215,22.10556063,31.00095869,0.016780044
ssp585_aqueous_Pac_EQU_E,12,2090s,14.29648613,14.29610484,0.681752483,12.33085032,16.85860298,0.008791136,6014,ssp585,aqueous,Pac_EQU_E,Pac,EQU,25.48970363,25.4901789,1.097930235,21.95748556,29.78317456,0.014157711
ssp585_aqueous_Pac_EQU_E,2,2090s,14.08861491,14.08822344,0.607477103,12.17157101,16.22237348,0.007833362,6014,ssp585,aqueous,Pac_EQU_E,Pac,EQU,25.48047161,25.48108801,0.765720213,22.5513112,30.48667914,0.009873893
ssp585_aqueous_Pac_EQU_E,3,2090s,14.01803451,14.01773791,0.626437442,12.05604415,15.93374468,0.008077854,6014,ssp585,aqueous,Pac_EQU_E,Pac,EQU,25.4831074,25.48385405,0.742727451,22.42377422,28.25963952,0.009577403
ssp585_aqueous_Pac_EQU_E,4,2090s,13.93792953,13.93754659,0.630514152,11.81403467,15.33076395,0.008130423,6014,ssp585,aqueous,Pac_EQU_E,Pac,EQU,25.35414418,25.35463942,0.651307387,21.87094331,28.98272911,0.00839855
ssp585_aqueous_Pac_EQU_E,5,2090s,13.92168665,13.92132207,0.551326203,12.05391768,15.13789504,0.007109301,6014,ssp585,aqueous,Pac_EQU_E,Pac,EQU,25.37053534,25.37119147,0.661067462,22.33198381,27.75833426,0.008524405
ssp585_aqueous_Pac_EQU_E,6,2090s,14.07617649,14.07620433,0.645668607,12.32795717,16.71423,0.008325838,6014,ssp585,aqueous,Pac_EQU_E,Pac,EQU,25.57729513,25.57837847,1.195952037,21.96485137,29.91855945,0.015421693
ssp585_aqueous_Pac_EQU_E,7,2090s,14.24947163,14.24963039,0.808154058,12.29030983,16.70349961,0.010421073,6014,ssp585,aqueous,Pac_EQU_E,Pac,EQU,25.78314094,25.78422522,1.593853808,22.28566017,31.20592215,0.0205526
ssp585_aqueous_Pac_EQU_E,8,2090s,14.43066976,14.43082142,0.814425197,12.62009782,17.56418498,0.010501939,6014,ssp585,aqueous,Pac_EQU_E,Pac,EQU,26.01739288,26.0185226,1.73743635,22.77014465,32.33025033,0.022404084
ssp585_aqueous_Pac_EQU_E,9,2090s,14.53721307,14.53741402,0.760167593,12.12725284,17.46884763,0.009802292,6014,ssp585,aqueous,Pac_EQU_E,Pac,EQU,26.1141191,26.11535701,1.70383147,22.16608522,32.18994703,0.021970752
ssp585_aqueous_Pac_EQU_W,1,2090s,14.27800586,14.27652259,0.553823004,13.01936873,15.83091736,0.008389332,4358,ssp585,aqueous,Pac_EQU_W,Pac,EQU,24.14402277,24.14444628,0.476739226,22.77272892,25.57961853,0.007221664
ssp585_aqueous_Pac_EQU_W,10,2090s,14.48462762,14.48310586,0.581394905,13.25784591,16.08491308,0.008806992,4358,ssp585,aqueous,Pac_EQU_W,Pac,EQU,24.36679083,24.3671296,0.514442899,23.21135863,25.93131604,0.007792801
ssp585_aqueous_Pac_EQU_W,11,2090s,14.51914105,14.5178328,0.564869255,13.3552264,16.07756166,0.008556661,4358,ssp585,aqueous,Pac_EQU_W,Pac,EQU,24.38891101,24.38938917,0.516380328,23.1296066,25.93935499,0.007822149
ssp585_aqueous_Pac_EQU_W,12,2090s,14.52371,14.52240934,0.562614938,13.38358623,16.08705164,0.008522512,4358,ssp585,aqueous,Pac_EQU_W,Pac,EQU,24.39429049,24.39472532,0.496217824,23.18397764,25.85357072,0.007516726
ssp585_aqueous_Pac_EQU_W,2,2090s,14.30088008,14.29912615,0.591458744,12.92550537,15.85314171,0.00895944,4358,ssp585,aqueous,Pac_EQU_W,Pac,EQU,24.19992531,24.2004054,0.502143173,22.71134383,25.61361041,0.007606484
ssp585_aqueous_Pac_EQU_W,3,2090s,14.310578,14.3085997,0.620555602,12.61388933,15.91348948,0.0094002,4358,ssp585,aqueous,Pac_EQU_W,Pac,EQU,24.22283925,24.22330996,0.541512087,22.48552653,25.86998404,0.008202846
ssp585_aqueous_Pac_EQU_W,4,2090s,14.30043156,14.29839272,0.645099255,12.41644614,15.97012173,0.009771988,4358,ssp585,aqueous,Pac_EQU_W,Pac,EQU,24.18403837,24.18439302,0.578198251,22.25105328,26.38263881,0.008758569
ssp585_aqueous_Pac_EQU_W,5,2090s,14.27200141,14.26979773,0.666627492,11.99378771,16.07501348,0.010098099,4358,ssp585,aqueous,Pac_EQU_W,Pac,EQU,24.0958276,24.09569391,0.558796967,21.7724839,26.65725201,0.008464678
ssp585_aqueous_Pac_EQU_W,6,2090s,14.24782041,14.24545613,0.690005574,11.54825426,16.08646541,0.010452231,4358,ssp585,aqueous,Pac_EQU_W,Pac,EQU,24.02633941,24.02571431,0.495479272,21.79263917,26.53782398,0.007505539
ssp585_aqueous_Pac_EQU_W,7,2090s,14.26794654,14.26552004,0.705558018,11.53716945,15.80790153,0.01068782,4358,ssp585,aqueous,Pac_EQU_W,Pac,EQU,24.03977149,24.03890475,0.444758029,21.69090512,26.0115278,0.006737212
ssp585_aqueous_Pac_EQU_W,8,2090s,14.33180548,14.32956763,0.676671111,12.44038009,15.99543259,0.01025024,4358,ssp585,aqueous,Pac_EQU_W,Pac,EQU,24.13942733,24.13877057,0.439162334,22.55525067,25.81579498,0.006652448
ssp585_aqueous_Pac_EQU_W,9,2090s,14.40732548,14.40546329,0.62871265,12.97591341,16.13346102,0.009523763,4358,ssp585,aqueous,Pac_EQU_W,Pac,EQU,24.26943501,24.26934349,0.475340272,23.24485015,25.71178033,0.007200473
ssp585_aqueous_SA_STPS,1,2090s,17.33835484,17.25539228,1.575483643,12.48781317,21.15295867,0.017856017,7785,ssp585,aqueous,SA_STPS,SA,STPS,28.70859785,28.59506227,2.099406074,24.04326523,33.52694597,0.023793983
ssp585_aqueous_SA_STPS,10,2090s,18.17500211,18.08117818,1.810412868,13.20120231,22.89400108,0.020518628,7785,ssp585,aqueous,SA_STPS,SA,STPS,29.48031799,29.34950037,2.430537984,24.20505664,36.77421549,0.027546924
ssp585_aqueous_SA_STPS,11,2090s,18.12144762,18.03205467,1.783725409,13.29752204,22.25591589,0.020216161,7785,ssp585,aqueous,SA_STPS,SA,STPS,29.40088568,29.28025004,2.316105862,23.95313683,35.41433158,0.026249987
ssp585_aqueous_SA_STPS,12,2090s,17.97740925,17.8888997,1.729735492,13.62016928,22.02819801,0.019604257,7785,ssp585,aqueous,SA_STPS,SA,STPS,29.32770257,29.2090308,2.250197185,24.10390485,34.50178134,0.025503
ssp585_aqueous_SA_STPS,2,2090s,16.94714989,16.87191932,1.434017311,11.75313234,20.65866938,0.016252684,7785,ssp585,aqueous,SA_STPS,SA,STPS,28.30378371,28.19866422,1.929331939,24.11240625,32.66623696,0.021866418
ssp585_aqueous_SA_STPS,3,2090s,16.67108947,16.59820034,1.376966281,11.79445977,20.19285989,0.015606086,7785,ssp585,aqueous,SA_STPS,SA,STPS,27.94403557,27.842675,1.847356285,23.61450677,31.92311256,0.020937333
ssp585_aqueous_SA_STPS,4,2090s,16.59396399,16.51876074,1.39680075,12.43927725,19.90579615,0.015830883,7785,ssp585,aqueous,SA_STPS,SA,STPS,27.75641617,27.65248956,1.87564353,23.56250927,32.47751998,0.021257931
ssp585_aqueous_SA_STPS,5,2090s,16.77264585,16.68911065,1.514760121,13.0998578,20.2536074,0.017167796,7785,ssp585,aqueous,SA_STPS,SA,STPS,27.87544388,27.76029936,2.051599196,23.60893789,34.06214995,0.023252155
ssp585_aqueous_SA_STPS,6,2090s,17.16009212,17.06425037,1.704564356,13.46148257,21.67493326,0.019318976,7785,ssp585,aqueous,SA_STPS,SA,STPS,28.28617197,28.15369997,2.343088042,23.58035379,35.68878797,0.026555794
ssp585_aqueous_SA_STPS,7,2090s,17.66052953,17.55422038,1.881780175,13.92468883,22.90587829,0.021327482,7785,ssp585,aqueous,SA_STPS,SA,STPS,28.88268228,28.73445604,2.623874452,24.12836905,37.59400685,0.029738136
ssp585_aqueous_SA_STPS,8,2090s,18.10400846,17.99342819,1.969320058,13.97079683,23.27477478,0.02231963,7785,ssp585,aqueous,SA_STPS,SA,STPS,29.44893311,29.29316974,2.772739447,24.55638791,38.80218526,0.031425323
ssp585_aqueous_SA_STPS,9,2090s,18.26445503,18.15851879,1.91209651,13.51450915,23.09516919,0.021671077,7785,ssp585,aqueous,SA_STPS,SA,STPS,29.6528041,29.50258468,2.672391901,24.76210973,38.47984389,0.030288017
ssp585_aqueous_SO_SPSS,1,2090s,28.98765083,28.72312159,3.134545472,19.03208777,39.2124993,0.02135459,21546,ssp585,aqueous,SO_SPSS,SO,SPSS,48.46656723,48.10258765,4.808067188,32.25409628,62.49143344,0.032755724
ssp585_aqueous_SO_SPSS,10,2090s,31.56141281,31.31723352,2.980429462,20.55400495,43.13432241,0.020304651,21546,ssp585,aqueous,SO_SPSS,SO,SPSS,52.29114882,51.92683957,4.501029684,36.87204499,66.22489339,0.030663982
ssp585_aqueous_SO_SPSS,11,2090s,31.14195831,30.86302211,3.310966374,17.05831807,42.50483408,0.022556486,21546,ssp585,aqueous,SO_SPSS,SO,SPSS,51.58713319,51.18514029,4.93857636,30.35325835,65.47953533,0.033644838
ssp585_aqueous_SO_SPSS,12,2090s,30.1800073,29.89980921,3.338849664,18.76950645,41.16546412,0.022746445,21546,ssp585,aqueous,SO_SPSS,SO,SPSS,50.05076251,49.66241081,5.039929357,32.35979437,64.54638244,0.034335322
ssp585_aqueous_SO_SPSS,2,2090s,28.91718278,28.6439179,2.995385661,19.76890816,38.42765025,0.020406542,21546,ssp585,aqueous,SO_SPSS,SO,SPSS,48.37201889,47.99305923,4.609905843,34.66093104,60.97817028,0.031405718
ssp585_aqueous_SO_SPSS,3,2090s,29.19284244,28.911951,2.894361655,20.19023842,39.59296642,0.0197183,21546,ssp585,aqueous,SO_SPSS,SO,SPSS,48.82720579,48.42924985,4.434637847,35.55434689,59.82234868,0.030211677
ssp585_aqueous_SO_SPSS,4,2090s,29.75765922,29.47949882,2.822725212,20.73747268,39.17727922,0.019230265,21546,ssp585,aqueous,SO_SPSS,SO,SPSS,49.64872831,49.24462959,4.326916571,36.73673576,59.99106442,0.029477809
ssp585_aqueous_SO_SPSS,5,2090s,30.35037742,30.08477023,2.735126684,20.66033516,39.31743295,0.018633486,21546,ssp585,aqueous,SO_SPSS,SO,SPSS,50.50878277,50.11315699,4.229961554,38.07913725,61.2854635,0.028817287
ssp585_aqueous_SO_SPSS,6,2090s,30.83341748,30.58472723,2.652719661,21.3274052,40.62434611,0.018072075,21546,ssp585,aqueous,SO_SPSS,SO,SPSS,51.23135668,50.8521875,4.143161472,38.77589833,63.98637335,0.028225948
ssp585_aqueous_SO_SPSS,7,2090s,31.21209157,30.97745653,2.624225646,22.3905452,42.19481909,0.017877955,21546,ssp585,aqueous,SO_SPSS,SO,SPSS,51.82066735,51.45732877,4.109045763,39.65138559,66.30304454,0.027993529
ssp585_aqueous_SO_SPSS,8,2090s,31.50094477,31.27183426,2.68136012,23.68038156,43.10805273,0.018267193,21546,ssp585,aqueous,SO_SPSS,SO,SPSS,52.26062931,51.90672218,4.151407355,40.67398369,67.83605,0.028282124
ssp585_aqueous_SO_SPSS,9,2090s,31.615863,31.3863672,2.777564468,24.45029783,42.56653387,0.0189226,21546,ssp585,aqueous,SO_SPSS,SO,SPSS,52.42732706,52.07682022,4.241781172,41.09605785,66.89234689,0.02889781
ssp585_aqueous_SO_STSS,1,2090s,21.29017823,21.17337085,2.262249424,11.7747894,29.41701564,0.017969647,15849,ssp585,aqueous,SO_STSS,SO,STSS,35.39653731,35.18129468,4.002203298,26.03090067,47.997911,0.031790563
ssp585_aqueous_SO_STSS,10,2090s,24.18474902,24.05168726,2.755064666,12.68133196,32.65725272,0.02188421,15849,ssp585,aqueous,SO_STSS,SO,STSS,39.59844602,39.36044311,4.581960897,27.01850125,52.54316691,0.036395731
ssp585_aqueous_SO_STSS,11,2090s,23.06327793,22.92695141,2.85727561,12.61041913,32.29696048,0.022696098,15849,ssp585,aqueous,SO_STSS,SO,STSS,37.8932377,37.65299134,4.730780289,26.90394864,51.40408083,0.037577843
ssp585_aqueous_SO_STSS,12,2090s,22.16863068,22.04385424,2.555473575,12.40347291,30.5789591,0.020298805,15849,ssp585,aqueous,SO_STSS,SO,STSS,36.52954131,36.30548152,4.368166714,26.64640031,49.39866808,0.034697507
ssp585_aqueous_SO_STSS,2,2090s,21.0871268,20.95812111,2.318750563,11.37230398,29.44123393,0.018418451,15849,ssp585,aqueous,SO_STSS,SO,STSS,35.14000014,34.90975472,4.05919265,25.30701948,48.11903101,0.032243244
ssp585_aqueous_SO_STSS,3,2090s,21.24520283,21.09902215,2.541171014,11.19792814,29.78508655,0.020185196,15849,ssp585,aqueous,SO_STSS,SO,STSS,35.35442975,35.1013022,4.332736483,25.63453623,48.64871242,0.034416075
ssp585_aqueous_SO_STSS,4,2090s,21.82429401,21.66112257,2.793503791,11.40445722,30.29783714,0.022189542,15849,ssp585,aqueous,SO_STSS,SO,STSS,36.16805542,35.89133683,4.65973195,25.65265341,52.40336758,0.037013487
ssp585_aqueous_SO_STSS,5,2090s,22.71830222,22.54954212,2.924450782,11.39774864,39.63477729,0.023229688,15849,ssp585,aqueous,SO_STSS,SO,STSS,37.42508284,37.14072378,4.824757508,25.67824825,62.35155712,0.038324329
ssp585_aqueous_SO_STSS,6,2090s,23.66416311,23.50237631,2.897700336,9.056870226,36.67771148,0.023017202,15849,ssp585,aqueous,SO_STSS,SO,STSS,38.7624516,38.48772556,4.790054442,26.08982512,54.83982255,0.038048673
ssp585_aqueous_SO_STSS,7,2090s,24.4377487,24.28758805,2.784555237,9.516948044,32.42784351,0.022118461,15849,ssp585,aqueous,SO_STSS,SO,STSS,39.88632294,39.62804713,4.641741659,26.68343641,53.02698027,0.036870585
ssp585_aqueous_SO_STSS,8,2090s,24.8799492,24.74131969,2.654211245,10.32465137,33.3417639,0.021083104,15849,ssp585,aqueous,SO_STSS,SO,STSS,40.58425066,40.34170019,4.46015664,27.02657703,52.7434465,0.035428207
ssp585_aqueous_SO_STSS,9,2090s,24.87554001,24.74188022,2.604353079,11.09122188,32.66216489,0.020687067,15849,ssp585,aqueous,SO_STSS,SO,STSS,40.61542405,40.37932282,4.378359983,26.98448008,52.68752532,0.034778475
ssp585_aqueous_SP_STPS,1,2090s,18.03841287,17.78863552,2.669495874,11.82425759,26.99949108,0.017253462,23939,ssp585,aqueous,SP_STPS,SP,STPS,29.89480314,29.49630789,4.263760562,23.38845056,44.67941622,0.027557499
ssp585_aqueous_SP_STPS,10,2090s,19.32371305,18.99403996,3.473091441,12.39357364,29.65204417,0.022447254,23939,ssp585,aqueous,SP_STPS,SP,STPS,31.25828179,30.75816629,5.371653473,24.15624794,47.85020616,0.034718023
ssp585_aqueous_SP_STPS,11,2090s,19.17747386,18.87105568,3.233453793,13.30613846,29.12064087,0.02089843,23939,ssp585,aqueous,SP_STPS,SP,STPS,31.09898248,30.63085999,5.00128346,24.12096312,46.89215033,0.032324251
ssp585_aqueous_SP_STPS,12,2090s,18.80870754,18.53246321,2.932873348,12.96086828,27.90227218,0.018955721,23939,ssp585,aqueous,SP_STPS,SP,STPS,30.72595916,30.2958748,4.588012426,23.89877044,46.04992093,0.029653201
ssp585_aqueous_SP_STPS,2,2090s,17.66499234,17.42831836,2.551805512,10.81982496,26.89961361,0.016492807,23939,ssp585,aqueous,SP_STPS,SP,STPS,29.45807307,29.07433776,4.129801131,23.28546263,44.34172467,0.026691694
ssp585_aqueous_SP_STPS,3,2090s,17.46728927,17.2284765,2.582581458,10.96104406,27.02324191,0.016691718,23939,ssp585,aqueous,SP_STPS,SP,STPS,29.16617912,28.779607,4.181067892,23.19170882,44.75691678,0.027023041
ssp585_aqueous_SP_STPS,4,2090s,17.49777017,17.2412356,2.757258604,10.86534218,27.70170158,0.017820689,23939,ssp585,aqueous,SP_STPS,SP,STPS,29.11461996,28.70584288,4.421288618,23.06907012,45.56098624,0.028575633
ssp585_aqueous_SP_STPS,5,2090s,17.75914314,17.47601731,3.011205158,11.40312959,28.2983171,0.019461994,23939,ssp585,aqueous,SP_STPS,SP,STPS,29.35854115,28.91487676,4.775333738,23.20764792,46.43413517,0.030863895
ssp585_aqueous_SP_STPS,6,2090s,18.18149926,17.87126387,3.272924117,12.19609692,28.87337019,0.021153534,23939,ssp585,aqueous,SP_STPS,SP,STPS,29.84014728,29.36013381,5.141699245,23.17983707,47.18336182,0.033231785
ssp585_aqueous_SP_STPS,7,2090s,18.65786436,18.32551491,3.495848386,12.44320132,29.39972247,0.022594336,23939,ssp585,aqueous,SP_STPS,SP,STPS,30.43434987,29.92491371,5.449076115,23.27529991,47.74350762,0.03521842
ssp585_aqueous_SP_STPS,8,2090s,19.0505919,18.7064344,3.619322126,12.46987141,31.57535977,0.023392371,23939,ssp585,aqueous,SP_STPS,SP,STPS,30.947972,30.42287882,5.623663871,23.67081514,50.42991658,0.036346814
ssp585_aqueous_SP_STPS,9,2090s,19.26117443,18.92021384,3.598617425,11.67582276,32.46686692,0.023258552,23939,ssp585,aqueous,SP_STPS,SP,STPS,31.21376227,30.6942392,5.592165453,24.03071291,50.14560682,0.036143234
ssp585_bicarbonate_Atl_EQU,1,2090s,289.1691734,289.1400875,28.16251369,104.738335,363.3003406,0.522244909,2908,ssp585,bicarbonate,Atl_EQU,Atl,EQU,2026.148887,2026.074114,85.4131849,1581.13894,2117.155754,1.583899841
ssp585_bicarbonate_Atl_EQU,10,2090s,292.4287879,292.4092262,29.93937021,13.28736879,374.327809,0.555194889,2908,ssp585,bicarbonate,Atl_EQU,Atl,EQU,2041.025729,2041.019535,80.68353452,1189.568967,2127.56948,1.496193329
ssp585_bicarbonate_Atl_EQU,11,2090s,293.0631242,293.038992,30.73152197,52.35185744,371.4683696,0.56988453,2908,ssp585,bicarbonate,Atl_EQU,Atl,EQU,2035.880001,2035.846853,90.72097076,1238.017085,2122.531564,1.682327281
ssp585_bicarbonate_Atl_EQU,12,2090s,293.6094363,293.5852046,27.87163515,100.8379158,368.3692661,0.516850865,2908,ssp585,bicarbonate,Atl_EQU,Atl,EQU,2031.888396,2031.827347,90.63673188,1414.561574,2121.92361,1.680765158
ssp585_bicarbonate_Atl_EQU,2,2090s,289.1865251,289.1558629,25.21929085,135.0899008,354.691525,0.467665862,2908,ssp585,bicarbonate,Atl_EQU,Atl,EQU,2027.571295,2027.493869,76.51465459,1666.86102,2115.888421,1.41888573
ssp585_bicarbonate_Atl_EQU,3,2090s,291.4297323,291.4012984,24.52275441,165.0169528,350.2949291,0.454749309,2908,ssp585,bicarbonate,Atl_EQU,Atl,EQU,2027.908122,2027.830268,71.53632074,1690.313338,2117.112297,1.326567639
ssp585_bicarbonate_Atl_EQU,4,2090s,292.1747393,292.151536,24.11220084,156.525722,361.318843,0.447136014,2908,ssp585,bicarbonate,Atl_EQU,Atl,EQU,2028.471382,2028.405302,66.91298122,1706.718844,2121.7979,1.240832553
ssp585_bicarbonate_Atl_EQU,5,2090s,290.9300219,290.9112784,24.473386,156.0630794,388.6283989,0.453833822,2908,ssp585,bicarbonate,Atl_EQU,Atl,EQU,2025.808897,2025.762779,67.38868838,1648.674337,2125.188357,1.249654054
ssp585_bicarbonate_Atl_EQU,6,2090s,288.3895771,288.3685655,25.54781349,164.1223198,412.9468128,0.473757977,2908,ssp585,bicarbonate,Atl_EQU,Atl,EQU,2022.945084,2022.925926,68.52007851,1656.72153,2129.941392,1.270634523
ssp585_bicarbonate_Atl_EQU,7,2090s,286.8062197,286.7777408,27.73409514,120.0275654,379.3703358,0.514300326,2908,ssp585,bicarbonate,Atl_EQU,Atl,EQU,2026.396556,2026.39669,66.7040389,1569.680921,2122.398113,1.236957932
ssp585_bicarbonate_Atl_EQU,8,2090s,287.6486506,287.6270116,28.04673354,107.8173659,380.0005958,0.520097885,2908,ssp585,bicarbonate,Atl_EQU,Atl,EQU,2036.429945,2036.439259,63.60428377,1465.344907,2116.530531,1.179476155
ssp585_bicarbonate_Atl_EQU,9,2090s,290.2866221,290.2715536,28.17050673,66.55226576,370.8996839,0.522393131,2908,ssp585,bicarbonate,Atl_EQU,Atl,EQU,2042.09095,2042.100474,69.16724655,1291.295845,2124.151415,1.28263559
ssp585_bicarbonate_IND_STPS,1,2090s,265.1680935,265.2602128,24.45750161,160.095639,311.503461,0.199223725,15071,ssp585,bicarbonate,IND_STPS,IND,STPS,2005.241096,2002.29106,74.06765521,1689.187751,2172.854299,0.603333668
ssp585_bicarbonate_IND_STPS,10,2090s,265.8527093,266.0770856,28.53300103,122.1112721,369.8126442,0.232421563,15071,ssp585,bicarbonate,IND_STPS,IND,STPS,2014.158011,2011.403934,76.65535784,1547.458459,2188.653066,0.624412345
ssp585_bicarbonate_IND_STPS,11,2090s,266.5264318,266.6723174,27.9402162,132.3553752,348.1567287,0.227592909,15071,ssp585,bicarbonate,IND_STPS,IND,STPS,2012.813407,2009.963562,76.39423029,1612.132345,2188.145324,0.622285275
ssp585_bicarbonate_IND_STPS,12,2090s,266.6018447,266.7044294,26.7003805,150.0852118,336.0404713,0.217493567,15071,ssp585,bicarbonate,IND_STPS,IND,STPS,2010.711958,2007.801473,75.428496,1658.05097,2182.233583,0.614418683
ssp585_bicarbonate_IND_STPS,2,2090s,264.9485911,265.0681497,23.29214343,164.2138865,322.9250895,0.189731055,15071,ssp585,bicarbonate,IND_STPS,IND,STPS,2002.053782,1999.092457,73.84660312,1714.908487,2168.508709,0.601533042
ssp585_bicarbonate_IND_STPS,3,2090s,264.4257643,264.5308202,23.15527166,147.6315154,328.1630129,0.188616137,15071,ssp585,bicarbonate,IND_STPS,IND,STPS,1998.867676,1995.870529,74.22618467,1717.157665,2166.161898,0.604625003
ssp585_bicarbonate_IND_STPS,4,2090s,263.6711902,263.7517177,23.57517651,171.1747064,320.5036929,0.19203656,15071,ssp585,bicarbonate,IND_STPS,IND,STPS,1997.583402,1994.576026,74.68047617,1741.092756,2168.072227,0.60832553
ssp585_bicarbonate_IND_STPS,5,2090s,263.0942213,263.1736348,24.18842417,185.0529138,312.7402041,0.197031898,15071,ssp585,bicarbonate,IND_STPS,IND,STPS,1999.433783,1996.476567,74.71503338,1763.739054,2171.792731,0.608607023
ssp585_bicarbonate_IND_STPS,6,2090s,262.4408553,262.553153,24.60924606,194.9672747,312.4210855,0.200459791,15071,ssp585,bicarbonate,IND_STPS,IND,STPS,2003.773765,2000.918441,74.23225369,1779.741008,2177.647663,0.60467444
ssp585_bicarbonate_IND_STPS,7,2090s,262.5542873,262.7519706,25.13699661,190.8003075,313.7987391,0.204758694,15071,ssp585,bicarbonate,IND_STPS,IND,STPS,2008.739427,2005.96477,74.48309993,1754.349584,2183.185563,0.606717761
ssp585_bicarbonate_IND_STPS,8,2090s,262.9600922,263.2262589,26.11635033,155.9964952,324.9171782,0.212736226,15071,ssp585,bicarbonate,IND_STPS,IND,STPS,2012.438794,2009.708708,75.0974051,1632.359732,2186.520223,0.611721713
ssp585_bicarbonate_IND_STPS,9,2090s,264.1652351,264.4347992,27.61800916,152.5453686,360.3477569,0.224968304,15071,ssp585,bicarbonate,IND_STPS,IND,STPS,2014.271065,2011.563075,75.8026703,1580.989607,2188.802017,0.617466599
ssp585_bicarbonate_NA_SPSS,1,2090s,115.0515692,113.9212743,53.31992777,-44.65159885,286.4479412,0.612225987,7585,ssp585,bicarbonate,NA_SPSS,NA,SPSS,2032.689152,2025.142776,147.8466171,532.5018596,2231.178708,1.697593092
ssp585_bicarbonate_NA_SPSS,10,2090s,123.6962396,121.6201873,52.03657744,-9.844828811,314.1773727,0.5974904,7585,ssp585,bicarbonate,NA_SPSS,NA,SPSS,2010.014352,2000.196183,144.2221035,542.6729957,2217.048068,1.65597598
ssp585_bicarbonate_NA_SPSS,11,2090s,117.8494398,116.353431,52.37370482,-11.08935214,319.2698462,0.601361338,7585,ssp585,bicarbonate,NA_SPSS,NA,SPSS,2018.266867,2009.17429,146.3509802,537.6268744,2222.91711,1.680420005
ssp585_bicarbonate_NA_SPSS,12,2090s,114.5726323,113.396758,53.05230982,-23.2417655,299.3788097,0.609153164,7585,ssp585,bicarbonate,NA_SPSS,NA,SPSS,2025.844943,2017.626584,147.6689379,534.511648,2228.237128,1.695552958
ssp585_bicarbonate_NA_SPSS,2,2090s,115.2812761,114.1025159,53.69078308,-143.3302882,279.4504168,0.616484193,7585,ssp585,bicarbonate,NA_SPSS,NA,SPSS,2037.066363,2029.916395,147.8601709,531.7217154,2232.97724,1.697748718
ssp585_bicarbonate_NA_SPSS,3,2090s,116.1147036,114.8190372,54.01561601,-126.2460162,272.40052,0.620213965,7585,ssp585,bicarbonate,NA_SPSS,NA,SPSS,2038.988873,2031.86194,147.5212171,531.5103063,2233.728377,1.693856809
ssp585_bicarbonate_NA_SPSS,4,2090s,119.1105042,117.973349,53.59576813,-38.37064166,267.7608016,0.61539322,7585,ssp585,bicarbonate,NA_SPSS,NA,SPSS,2036.595962,2029.251989,146.2711079,532.1809974,2232.874139,1.679502901
ssp585_bicarbonate_NA_SPSS,5,2090s,134.2595206,132.9908682,53.54794279,-26.5747352,285.5520589,0.614844083,7585,ssp585,bicarbonate,NA_SPSS,NA,SPSS,2028.760801,2021.301652,144.2995495,535.2254653,2222.590785,1.656865224
ssp585_bicarbonate_NA_SPSS,6,2090s,155.0300219,151.342665,53.08108998,-46.0641343,332.6782036,0.609483622,7585,ssp585,bicarbonate,NA_SPSS,NA,SPSS,2021.261741,2013.228688,143.6446858,544.7248873,2220.370548,1.649345999
ssp585_bicarbonate_NA_SPSS,7,2090s,153.4002769,148.0089909,53.3425471,-48.04399202,333.6767083,0.612485705,7585,ssp585,bicarbonate,NA_SPSS,NA,SPSS,2013.578206,2004.394772,142.1983107,553.6826062,2216.09015,1.632738541
ssp585_bicarbonate_NA_SPSS,8,2090s,144.2549504,139.6390148,51.17038979,-58.17207374,298.8078566,0.587544727,7585,ssp585,bicarbonate,NA_SPSS,NA,SPSS,2005.91896,1996.056129,141.1449167,554.5267135,2208.880165,1.620643341
ssp585_bicarbonate_NA_SPSS,9,2090s,132.6281347,129.5668485,50.88013464,-32.79142984,310.8674541,0.584211981,7585,ssp585,bicarbonate,NA_SPSS,NA,SPSS,2004.471286,1994.570739,141.7582201,549.640948,2210.348288,1.627685366
ssp585_bicarbonate_NA_STPS,1,2090s,315.4254638,316.3762412,43.2009357,150.6409531,392.2769565,0.498542401,7509,ssp585,bicarbonate,NA_STPS,NA,STPS,2131.228036,2130.502949,63.09831399,1939.283791,2236.151717,0.728159806
ssp585_bicarbonate_NA_STPS,10,2090s,323.1391316,324.0670767,45.5730615,152.2407155,411.1008712,0.525916931,7509,ssp585,bicarbonate,NA_STPS,NA,STPS,2131.69258,2130.870905,59.27018813,1943.72227,2217.913781,0.683982915
ssp585_bicarbonate_NA_STPS,11,2090s,321.9049836,322.8412905,44.92877294,154.0351472,404.4003646,0.518481787,7509,ssp585,bicarbonate,NA_STPS,NA,STPS,2130.2892,2129.518042,60.51805686,1940.151391,2225.048071,0.698383424
ssp585_bicarbonate_NA_STPS,12,2090s,319.5949706,320.5428806,44.40536976,154.1854,398.8899641,0.512441671,7509,ssp585,bicarbonate,NA_STPS,NA,STPS,2131.722882,2130.994923,62.27672642,1938.205656,2235.280725,0.718678617
ssp585_bicarbonate_NA_STPS,2,2090s,314.3850131,315.34531,43.21597346,139.3915746,388.9780875,0.498715938,7509,ssp585,bicarbonate,NA_STPS,NA,STPS,2133.910009,2133.204634,63.17118218,1941.275754,2239.806855,0.729000711
ssp585_bicarbonate_NA_STPS,3,2090s,315.5065912,316.4312736,43.08677736,145.2149587,387.2333031,0.497225005,7509,ssp585,bicarbonate,NA_STPS,NA,STPS,2136.074383,2135.37284,62.92189074,1944.805452,2243.443919,0.726123867
ssp585_bicarbonate_NA_STPS,4,2090s,318.17627,318.9566609,42.76335448,158.1029099,386.0815809,0.493492678,7509,ssp585,bicarbonate,NA_STPS,NA,STPS,2137.830954,2137.093576,62.66811505,1948.562105,2245.997827,0.723195275
ssp585_bicarbonate_NA_STPS,5,2090s,320.8821486,321.4956631,42.69934254,158.628827,386.0850003,0.492753974,7509,ssp585,bicarbonate,NA_STPS,NA,STPS,2140.148879,2139.273075,62.36548769,1951.566186,2246.931275,0.71970293
ssp585_bicarbonate_NA_STPS,6,2090s,321.428708,322.0372952,43.45528709,155.4096075,391.7032139,0.501477638,7509,ssp585,bicarbonate,NA_STPS,NA,STPS,2141.074692,2140.054764,62.26199047,1930.728116,2242.833528,0.718508563
ssp585_bicarbonate_NA_STPS,7,2090s,321.307487,322.0118671,44.18420087,152.5069109,397.6810754,0.509889363,7509,ssp585,bicarbonate,NA_STPS,NA,STPS,2139.555819,2138.531915,61.76735926,1895.212988,2231.856969,0.712800478
ssp585_bicarbonate_NA_STPS,8,2090s,322.091433,322.9033324,44.70444608,149.5686069,401.2933617,0.515893037,7509,ssp585,bicarbonate,NA_STPS,NA,STPS,2137.471564,2136.522349,60.20248891,1917.033227,2222.156159,0.694741743
ssp585_bicarbonate_NA_STPS,9,2090s,322.7311138,323.6309483,45.56861486,149.9485393,407.1287235,0.525865616,7509,ssp585,bicarbonate,NA_STPS,NA,STPS,2134.655905,2133.791087,59.13628217,1945.163964,2220.927102,0.682437629
ssp585_bicarbonate_NA_STSS,1,2090s,222.1921819,225.4254892,67.06025695,48.35732982,363.9365149,1.199034946,3128,ssp585,bicarbonate,NA_STSS,NA,STSS,2093.828846,2096.087848,88.00726796,1857.60329,2234.176756,1.573566739
ssp585_bicarbonate_NA_STSS,10,2090s,239.3655031,242.6974516,68.94235855,58.57375045,378.6401279,1.232686854,3128,ssp585,bicarbonate,NA_STSS,NA,STSS,2074.586485,2077.068364,75.80104481,1837.085462,2208.901758,1.355319914
ssp585_bicarbonate_NA_STSS,11,2090s,234.0075629,237.4052241,69.93259809,52.32073784,371.5495507,1.250392301,3128,ssp585,bicarbonate,NA_STSS,NA,STSS,2079.726856,2082.118858,81.00975834,1845.357743,2219.9018,1.448451522
ssp585_bicarbonate_NA_STSS,12,2090s,228.579396,231.9317491,69.50314842,48.37890591,367.2019561,1.242713757,3128,ssp585,bicarbonate,NA_STSS,NA,STSS,2088.207651,2090.546141,85.80773624,1857.377957,2228.619643,1.534239192
ssp585_bicarbonate_NA_STSS,2,2090s,218.7162663,221.8986915,66.24053566,49.36275736,366.0880207,1.18437836,3128,ssp585,bicarbonate,NA_STSS,NA,STSS,2098.315264,2100.544919,88.81109265,1857.2619,2236.06176,1.587939095
ssp585_bicarbonate_NA_STSS,3,2090s,218.9623055,222.142257,66.19871861,49.94420376,368.108156,1.183630672,3128,ssp585,bicarbonate,NA_STSS,NA,STSS,2099.936453,2102.158711,88.36853327,1865.966879,2235.199671,1.580026149
ssp585_bicarbonate_NA_STSS,4,2090s,226.078659,229.1923201,64.007847,61.43690375,373.3616852,1.144457968,3128,ssp585,bicarbonate,NA_STSS,NA,STSS,2096.81349,2099.021259,85.15115141,1859.056909,2229.91279,1.522499479
ssp585_bicarbonate_NA_STSS,5,2090s,244.4821042,247.4525975,61.86938875,81.35137903,379.1997833,1.106222412,3128,ssp585,bicarbonate,NA_STSS,NA,STSS,2093.435956,2095.716701,81.86682145,1853.803773,2230.67594,1.463775779
ssp585_bicarbonate_NA_STSS,6,2090s,251.719576,254.6795111,63.99345669,81.02411718,384.6607406,1.14420067,3128,ssp585,bicarbonate,NA_STSS,NA,STSS,2092.22875,2094.644299,79.16180101,1847.845476,2226.753075,1.415410112
ssp585_bicarbonate_NA_STSS,7,2090s,247.1092647,250.1652913,65.13929751,76.73726738,384.7569086,1.164688262,3128,ssp585,bicarbonate,NA_STSS,NA,STSS,2087.07809,2089.568298,74.28801019,1843.691355,2216.271271,1.32826691
ssp585_bicarbonate_NA_STSS,8,2090s,242.6681483,245.8238313,66.24035758,74.78930014,383.8150012,1.184375175,3128,ssp585,bicarbonate,NA_STSS,NA,STSS,2079.46333,2082.005178,71.48091798,1845.707675,2207.430729,1.278076204
ssp585_bicarbonate_NA_STSS,9,2090s,241.2543976,244.4759618,67.2846286,67.05944695,383.7516133,1.203046703,3128,ssp585,bicarbonate,NA_STSS,NA,STSS,2074.509639,2077.048169,72.07980801,1839.418185,2203.158996,1.288784336
ssp585_bicarbonate_NP_SPSS,1,2090s,115.0186697,117.8817666,36.62850032,-36.65306636,246.1419524,0.422050075,7532,ssp585,bicarbonate,NP_SPSS,NP,SPSS,1993.194509,1993.819712,88.24891418,1430.199212,2154.269369,1.01684373
ssp585_bicarbonate_NP_SPSS,10,2090s,128.5394151,131.3665426,38.11418983,-116.076228,230.8135675,0.439168859,7532,ssp585,bicarbonate,NP_SPSS,NP,SPSS,1965.405998,1965.938969,78.24772733,1357.149194,2112.53002,0.901605551
ssp585_bicarbonate_NP_SPSS,11,2090s,122.5979651,125.4762739,37.68403065,-93.18677024,241.6982628,0.434212371,7532,ssp585,bicarbonate,NP_SPSS,NP,SPSS,1977.391218,1977.894723,83.3677857,1389.204969,2136.106524,0.960601169
ssp585_bicarbonate_NP_SPSS,12,2090s,118.3045931,121.1905313,37.38870637,-63.09716679,246.6713895,0.430809512,7532,ssp585,bicarbonate,NP_SPSS,NP,SPSS,1987.511453,1988.097261,86.58218765,1418.352254,2151.723895,0.997638956
ssp585_bicarbonate_NP_SPSS,2,2090s,113.1469353,115.9777641,36.40882794,-47.07784876,239.8779598,0.419518911,7532,ssp585,bicarbonate,NP_SPSS,NP,SPSS,1996.641555,1997.306713,89.13466217,1454.723392,2155.065343,1.027049717
ssp585_bicarbonate_NP_SPSS,3,2090s,112.3026485,115.118947,36.41713433,-48.6975485,225.4202999,0.419614621,7532,ssp585,bicarbonate,NP_SPSS,NP,SPSS,1997.077123,1997.784338,89.58518123,1462.787839,2154.132725,1.0322408
ssp585_bicarbonate_NP_SPSS,4,2090s,115.236086,118.0960943,37.82095775,-59.1451518,228.4787479,0.435790107,7532,ssp585,bicarbonate,NP_SPSS,NP,SPSS,1992.279872,1993.014545,88.84162679,1452.006106,2147.164831,1.023673231
ssp585_bicarbonate_NP_SPSS,5,2090s,123.1835052,126.0640428,40.61974483,-68.12716899,262.3979375,0.468038992,7532,ssp585,bicarbonate,NP_SPSS,NP,SPSS,1981.416061,1982.378034,86.21792531,1422.667683,2141.881754,0.993441761
ssp585_bicarbonate_NP_SPSS,6,2090s,135.6101845,138.2502736,42.70669135,-84.16993852,304.6054698,0.492085729,7532,ssp585,bicarbonate,NP_SPSS,NP,SPSS,1971.625991,1972.893365,82.91754877,1392.90817,2115.94624,0.955413336
ssp585_bicarbonate_NP_SPSS,7,2090s,141.8572216,144.2688305,41.12581264,-104.0070204,253.9917172,0.473870133,7532,ssp585,bicarbonate,NP_SPSS,NP,SPSS,1964.5334,1965.735168,77.8803535,1383.53263,2104.587336,0.897372504
ssp585_bicarbonate_NP_SPSS,8,2090s,140.3132247,142.7907068,39.70609106,-115.8588824,239.7469552,0.457511462,7532,ssp585,bicarbonate,NP_SPSS,NP,SPSS,1957.364066,1958.438827,73.29030546,1357.61968,2097.894304,0.844483904
ssp585_bicarbonate_NP_SPSS,9,2090s,135.5099845,138.196707,39.13255242,-122.6295283,232.663429,0.450902891,7532,ssp585,bicarbonate,NP_SPSS,NP,SPSS,1956.360246,1957.168088,73.64990754,1351.385529,2094.089014,0.848627401
ssp585_bicarbonate_NP_STPS,1,2090s,230.2413929,230.875107,37.20505593,114.3903444,303.3990934,0.281171495,17509,ssp585,bicarbonate,NP_STPS,NP,STPS,1962.961876,1961.292323,73.14675371,1711.389142,2128.233968,0.552795355
ssp585_bicarbonate_NP_STPS,10,2090s,233.2658334,234.0379495,35.29917196,119.8785847,325.8070328,0.26676807,17509,ssp585,bicarbonate,NP_STPS,NP,STPS,1954.660864,1952.90043,70.27648677,1630.586285,2106.590442,0.531103754
ssp585_bicarbonate_NP_STPS,11,2090s,232.9518877,233.674743,36.37983651,116.2083,310.8577902,0.274935026,17509,ssp585,bicarbonate,NP_STPS,NP,STPS,1955.642646,1953.824615,72.60062573,1636.48855,2116.170505,0.548668077
ssp585_bicarbonate_NP_STPS,12,2090s,232.0922828,232.7491285,37.28985183,115.4149899,306.9552072,0.281812327,17509,ssp585,bicarbonate,NP_STPS,NP,STPS,1959.553176,1957.765652,74.0433262,1660.065907,2124.059426,0.559571064
ssp585_bicarbonate_NP_STPS,2,2090s,230.3973992,231.0716665,37.33779746,113.3061418,305.7163296,0.282174669,17509,ssp585,bicarbonate,NP_STPS,NP,STPS,1968.035534,1966.50986,72.06509,1738.664713,2130.124137,0.544620848
ssp585_bicarbonate_NP_STPS,3,2090s,231.9429554,232.6449439,37.30833831,112.3125119,311.6083407,0.281952036,17509,ssp585,bicarbonate,NP_STPS,NP,STPS,1971.947661,1970.572475,70.90326275,1743.62718,2134.895139,0.535840517
ssp585_bicarbonate_NP_STPS,4,2090s,234.6974286,235.4209992,36.94278992,113.5172493,317.7284688,0.27918946,17509,ssp585,bicarbonate,NP_STPS,NP,STPS,1975.029185,1973.777283,69.24039444,1730.46136,2136.807623,0.523273645
ssp585_bicarbonate_NP_STPS,5,2090s,237.4076553,238.1706685,36.28836072,119.9201226,320.8310763,0.274243712,17509,ssp585,bicarbonate,NP_STPS,NP,STPS,1976.71445,1975.464065,67.75969229,1714.413373,2133.544036,0.512083466
ssp585_bicarbonate_NP_STPS,6,2090s,238.0899919,238.8979162,35.98849989,120.3943232,326.2778355,0.27197756,17509,ssp585,bicarbonate,NP_STPS,NP,STPS,1974.903801,1973.541609,67.10669861,1717.402965,2128.855659,0.507148567
ssp585_bicarbonate_NP_STPS,7,2090s,237.0605985,237.8978921,35.92670043,120.7201991,319.3508513,0.27151052,17509,ssp585,bicarbonate,NP_STPS,NP,STPS,1969.890481,1968.431131,66.87763708,1719.095786,2118.584813,0.505417469
ssp585_bicarbonate_NP_STPS,8,2090s,235.5782164,236.3987434,35.90666948,123.5505975,320.544107,0.271359139,17509,ssp585,bicarbonate,NP_STPS,NP,STPS,1962.832875,1961.271934,67.3432811,1689.602338,2109.165017,0.508936502
ssp585_bicarbonate_NP_STPS,9,2090s,234.4135207,235.2167983,35.49594592,122.1998217,329.9048404,0.268255159,17509,ssp585,bicarbonate,NP_STPS,NP,STPS,1957.365858,1955.710218,68.21918065,1623.556314,2101.944809,0.515555979
ssp585_bicarbonate_NP_STSS,1,2090s,200.3624043,201.429319,35.63392225,105.9455641,290.2693628,0.613375944,3375,ssp585,bicarbonate,NP_STSS,NP,STSS,1997.589935,1997.462808,70.82869153,1840.070043,2125.633779,1.219192634
ssp585_bicarbonate_NP_STSS,10,2090s,207.376158,208.2659961,33.75403147,113.5335686,297.8910926,0.581016897,3375,ssp585,bicarbonate,NP_STSS,NP,STSS,1971.42482,1971.374769,54.59158224,1760.517742,2105.918077,0.939699062
ssp585_bicarbonate_NP_STSS,11,2090s,207.0630408,208.0438181,35.57080924,110.1443022,293.6718933,0.612289564,3375,ssp585,bicarbonate,NP_STSS,NP,STSS,1979.011864,1978.92626,60.00876726,1797.449809,2116.184456,1.032946472
ssp585_bicarbonate_NP_STSS,12,2090s,204.4986283,205.5515559,36.46831525,107.5333625,290.1147537,0.627738567,3375,ssp585,bicarbonate,NP_STSS,NP,STSS,1988.972617,1988.843495,66.2436848,1828.258361,2123.956726,1.140269725
ssp585_bicarbonate_NP_STSS,2,2090s,197.0267628,198.1137707,34.95178862,104.7472634,295.6631688,0.601634201,3375,ssp585,bicarbonate,NP_STSS,NP,STSS,2003.922111,2003.84167,73.73690754,1846.504311,2132.390757,1.269252511
ssp585_bicarbonate_NP_STSS,3,2090s,196.9872335,198.1008692,35.39633477,103.1253983,299.3894184,0.609286289,3375,ssp585,bicarbonate,NP_STSS,NP,STSS,2005.314959,2005.255282,74.13491064,1844.462212,2136.572964,1.276103441
ssp585_bicarbonate_NP_STSS,4,2090s,202.7751981,203.9259583,37.65769164,99.55036167,303.4342762,0.648211611,3375,ssp585,bicarbonate,NP_STSS,NP,STSS,2000.785669,2000.777937,72.3068355,1825.285436,2131.891359,1.24463631
ssp585_bicarbonate_NP_STSS,5,2090s,213.0624828,214.1066987,37.24292594,105.5381136,307.1751681,0.641072142,3375,ssp585,bicarbonate,NP_STSS,NP,STSS,1995.246071,1995.296063,68.91846821,1804.721794,2131.83378,1.186311465
ssp585_bicarbonate_NP_STSS,6,2090s,214.8431041,215.7070233,34.79288134,116.4376686,307.4786888,0.598898889,3375,ssp585,bicarbonate,NP_STSS,NP,STSS,1990.514625,1990.500072,64.32709165,1787.472158,2125.832942,1.10727891
ssp585_bicarbonate_NP_STSS,7,2090s,210.5758777,211.3708334,32.15929422,116.522528,309.7234893,0.553566271,3375,ssp585,bicarbonate,NP_STSS,NP,STSS,1981.090166,1981.005185,58.21090913,1764.085363,2114.886756,1.001999474
ssp585_bicarbonate_NP_STSS,8,2090s,207.1645895,207.9755785,31.49911247,116.2864379,301.0326891,0.542202391,3375,ssp585,bicarbonate,NP_STSS,NP,STSS,1972.492998,1972.407892,52.86264819,1748.159104,2106.382471,0.909938471
ssp585_bicarbonate_NP_STSS,9,2090s,206.1556798,207.0024749,32.35302503,115.163292,299.4169918,0.556901009,3375,ssp585,bicarbonate,NP_STSS,NP,STSS,1968.493714,1968.438497,51.89586208,1733.013657,2101.490732,0.893296931
ssp585_bicarbonate_Pac_EQU_E,1,2090s,209.1214428,209.0832833,30.06094075,151.2712891,338.7152912,0.387633101,6014,ssp585,bicarbonate,Pac_EQU_E,Pac,EQU,1968.004259,1968.00826,53.90397942,1754.221434,2071.375331,0.69508692
ssp585_bicarbonate_Pac_EQU_E,10,2090s,212.9187015,212.8995836,32.81133525,145.4860062,404.4970326,0.423099189,6014,ssp585,bicarbonate,Pac_EQU_E,Pac,EQU,1977.756193,1977.793592,64.25118204,1716.711468,2100.276413,0.828513158
ssp585_bicarbonate_Pac_EQU_E,11,2090s,213.2439664,213.2210316,32.2922989,153.5243001,399.8368811,0.416406262,6014,ssp585,bicarbonate,Pac_EQU_E,Pac,EQU,1971.477881,1971.507072,63.84084948,1741.948095,2079.700082,0.823221957
ssp585_bicarbonate_Pac_EQU_E,12,2090s,210.9883694,210.9562062,31.55847733,148.9822603,352.8312481,0.406943699,6014,ssp585,bicarbonate,Pac_EQU_E,Pac,EQU,1966.969751,1966.983839,62.05707476,1741.523876,2073.005334,0.800220344
ssp585_bicarbonate_Pac_EQU_E,2,2090s,210.6161717,210.5799468,28.48236805,142.6579164,334.9378933,0.36727755,6014,ssp585,bicarbonate,Pac_EQU_E,Pac,EQU,1976.742826,1976.754401,46.23612141,1785.556142,2072.973069,0.596210587
ssp585_bicarbonate_Pac_EQU_E,3,2090s,211.3414353,211.3081218,28.80432978,126.4348377,324.9615255,0.371429217,6014,ssp585,bicarbonate,Pac_EQU_E,Pac,EQU,1980.160017,1980.175599,43.67232179,1778.39711,2071.37769,0.563150624
ssp585_bicarbonate_Pac_EQU_E,4,2090s,211.7242844,211.6902571,30.59791725,124.3378251,316.7356692,0.394557364,6014,ssp585,bicarbonate,Pac_EQU_E,Pac,EQU,1978.329658,1978.338257,42.71285246,1745.384529,2066.648721,0.550778354
ssp585_bicarbonate_Pac_EQU_E,5,2090s,209.5921325,209.5504433,32.5064603,130.3362715,318.5763468,0.419167854,6014,ssp585,bicarbonate,Pac_EQU_E,Pac,EQU,1978.310628,1978.322197,41.82283569,1761.049413,2073.057718,0.539301668
ssp585_bicarbonate_Pac_EQU_E,6,2090s,208.8745827,208.8398253,32.72969427,117.3130194,325.8237581,0.422046435,6014,ssp585,bicarbonate,Pac_EQU_E,Pac,EQU,1980.923995,1980.950856,50.10800696,1693.354002,2093.557225,0.6461382
ssp585_bicarbonate_Pac_EQU_E,7,2090s,207.2676857,207.2382353,34.33111197,98.29966728,338.5609747,0.442696571,6014,ssp585,bicarbonate,Pac_EQU_E,Pac,EQU,1980.762851,1980.793408,58.47576553,1706.072261,2099.694627,0.754039687
ssp585_bicarbonate_Pac_EQU_E,8,2090s,207.8614147,207.8344635,34.60223464,101.9841006,360.3552487,0.446192674,6014,ssp585,bicarbonate,Pac_EQU_E,Pac,EQU,1982.300389,1982.335315,62.40022922,1747.810147,2105.727768,0.804645289
ssp585_bicarbonate_Pac_EQU_E,9,2090s,210.0924025,210.0709263,33.15447886,124.2266384,342.439394,0.427523994,6014,ssp585,bicarbonate,Pac_EQU_E,Pac,EQU,1982.142642,1982.183377,64.34335571,1722.148192,2105.600135,0.829701729
ssp585_bicarbonate_Pac_EQU_W,1,2090s,221.141473,221.045896,37.01050838,151.6238883,347.4686948,0.560636589,4358,ssp585,bicarbonate,Pac_EQU_W,Pac,EQU,1920.026905,1920.048545,44.75291201,1760.856971,2027.588421,0.677918814
ssp585_bicarbonate_Pac_EQU_W,10,2090s,220.9623464,220.8558306,40.78913303,120.4185648,316.5971512,0.617875339,4358,ssp585,bicarbonate,Pac_EQU_W,Pac,EQU,1918.654918,1918.640492,50.5414041,1771.961981,2027.892391,0.765603112
ssp585_bicarbonate_Pac_EQU_W,11,2090s,222.4261221,222.3350795,38.72558632,130.1663511,322.6918048,0.586616655,4358,ssp585,bicarbonate,Pac_EQU_W,Pac,EQU,1918.793407,1918.79653,49.81224908,1770.607803,2022.612152,0.754557844
ssp585_bicarbonate_Pac_EQU_W,12,2090s,222.2862694,222.1981851,37.88234753,140.1398823,334.8384696,0.573843241,4358,ssp585,bicarbonate,Pac_EQU_W,Pac,EQU,1919.658399,1919.670273,48.01044071,1765.648816,2028.157684,0.727263982
ssp585_bicarbonate_Pac_EQU_W,2,2090s,220.056828,219.9477938,38.81506405,141.086797,357.914074,0.587972067,4358,ssp585,bicarbonate,Pac_EQU_W,Pac,EQU,1920.680807,1920.713525,43.3779072,1758.2453,2023.865454,0.657090188
ssp585_bicarbonate_Pac_EQU_W,3,2090s,219.6276178,219.5056102,39.81558586,127.3553747,361.7956513,0.603128009,4358,ssp585,bicarbonate,Pac_EQU_W,Pac,EQU,1919.812858,1919.850652,43.21156185,1760.747551,2017.44034,0.654570383
ssp585_bicarbonate_Pac_EQU_W,4,2090s,219.2151763,219.0844475,39.91405008,109.0357604,358.4024146,0.604619549,4358,ssp585,bicarbonate,Pac_EQU_W,Pac,EQU,1916.45418,1916.480171,43.08156656,1761.226346,2021.289708,0.652601209
ssp585_bicarbonate_Pac_EQU_W,5,2090s,218.7350296,218.5864961,41.78613641,99.74650055,354.8635691,0.632977984,4358,ssp585,bicarbonate,Pac_EQU_W,Pac,EQU,1912.262794,1912.244022,42.50666892,1737.210084,2027.902037,0.643892638
ssp585_bicarbonate_Pac_EQU_W,6,2090s,217.3154873,217.1540677,43.29975488,64.58845387,348.2200758,0.655906334,4358,ssp585,bicarbonate,Pac_EQU_W,Pac,EQU,1909.599273,1909.536652,43.51178608,1730.706226,2031.256641,0.659118191
ssp585_bicarbonate_Pac_EQU_W,7,2090s,217.2081119,217.0464256,43.87766229,58.92957287,340.5939514,0.664660497,4358,ssp585,bicarbonate,Pac_EQU_W,Pac,EQU,1910.364641,1910.279813,46.03198997,1720.336715,2028.806577,0.697294335
ssp585_bicarbonate_Pac_EQU_W,8,2090s,217.3746314,217.2257389,42.93348619,101.920399,327.7428919,0.650358082,4358,ssp585,bicarbonate,Pac_EQU_W,Pac,EQU,1912.638158,1912.559841,48.05418987,1761.500993,2026.244688,0.727926696
ssp585_bicarbonate_Pac_EQU_W,9,2090s,218.1522166,218.0222356,42.86122304,114.9514733,321.9863903,0.649263437,4358,ssp585,bicarbonate,Pac_EQU_W,Pac,EQU,1915.742781,1915.693407,49.64845769,1776.6708,2027.518711,0.752076726
ssp585_bicarbonate_SA_STPS,1,2090s,281.0464781,282.045047,23.01431648,151.1943785,343.4731327,0.260836745,7785,ssp585,bicarbonate,SA_STPS,SA,STPS,2100.138811,2100.485708,47.54699959,1912.37723,2176.269653,0.538882162
ssp585_bicarbonate_SA_STPS,10,2090s,277.6846628,278.8745601,29.68611298,166.3335172,346.6642591,0.336452708,7785,ssp585,bicarbonate,SA_STPS,SA,STPS,2102.737844,2102.989619,56.11566154,1917.949914,2205.861822,0.635996578
ssp585_bicarbonate_SA_STPS,11,2090s,280.9069681,281.99471,27.48882936,164.9450372,346.3422868,0.311549413,7785,ssp585,bicarbonate,SA_STPS,SA,STPS,2103.705792,2104.027879,54.29077181,1909.178036,2204.169057,0.615313874
ssp585_bicarbonate_SA_STPS,12,2090s,282.3452201,283.3982676,25.00641495,160.7429044,347.4527559,0.283414539,7785,ssp585,bicarbonate,SA_STPS,SA,STPS,2104.46136,2104.840728,50.90985362,1906.981946,2192.28443,0.576995651
ssp585_bicarbonate_SA_STPS,2,2090s,281.113732,282.105454,22.85663703,148.6145401,376.9438583,0.259049658,7785,ssp585,bicarbonate,SA_STPS,SA,STPS,2097.457377,2097.76796,46.28314256,1927.471437,2167.201204,0.524558019
ssp585_bicarbonate_SA_STPS,3,2090s,281.3720476,282.3744803,23.51011071,156.3822314,440.340859,0.266455915,7785,ssp585,bicarbonate,SA_STPS,SA,STPS,2094.648599,2094.909792,47.22034305,1933.763612,2166.548687,0.535179944
ssp585_bicarbonate_SA_STPS,4,2090s,281.3380934,282.4016304,24.54751336,167.9908102,388.4409236,0.278213498,7785,ssp585,bicarbonate,SA_STPS,SA,STPS,2092.874792,2093.101654,49.30199025,1930.199346,2171.437064,0.558772653
ssp585_bicarbonate_SA_STPS,5,2090s,280.8969033,282.0180919,25.88779705,179.2519344,356.3239003,0.293403835,7785,ssp585,bicarbonate,SA_STPS,SA,STPS,2093.423615,2093.619173,51.71768298,1887.017415,2181.765461,0.586151325
ssp585_bicarbonate_SA_STPS,6,2090s,279.5925326,280.7749168,27.4767303,185.3934475,353.5274366,0.311412286,7785,ssp585,bicarbonate,SA_STPS,SA,STPS,2095.800724,2095.96942,54.12803776,1867.344541,2190.443919,0.613469499
ssp585_bicarbonate_SA_STPS,7,2090s,277.7242775,278.9621733,29.11554304,180.7744722,349.0149176,0.329986054,7785,ssp585,bicarbonate,SA_STPS,SA,STPS,2098.817223,2098.95852,55.86750677,1894.64632,2196.662508,0.633184073
ssp585_bicarbonate_SA_STPS,8,2090s,275.7445467,277.0138524,30.42599237,172.3851229,347.7343863,0.344838259,7785,ssp585,bicarbonate,SA_STPS,SA,STPS,2101.384769,2101.521167,56.9156104,1925.662681,2201.447874,0.645062937
ssp585_bicarbonate_SA_STPS,9,2090s,275.2541601,276.5250561,30.88654684,167.4112668,346.9320161,0.350058033,7785,ssp585,bicarbonate,SA_STPS,SA,STPS,2102.712548,2102.878809,56.7515505,1932.261436,2203.656857,0.643203535
ssp585_bicarbonate_SO_SPSS,1,2090s,143.9454347,144.4622922,20.28209399,89.06423547,231.2369503,0.138174997,21546,ssp585,bicarbonate,SO_SPSS,SO,SPSS,2087.065719,2086.274973,57.36852997,1618.121522,2208.83927,0.390832251
ssp585_bicarbonate_SO_SPSS,10,2090s,135.9781861,136.8068855,17.26606606,84.4009417,224.5159746,0.117627826,21546,ssp585,bicarbonate,SO_SPSS,SO,SPSS,2096.439395,2095.723915,60.97389818,1622.21453,2221.904741,0.415394396
ssp585_bicarbonate_SO_SPSS,11,2090s,138.2987218,139.0883895,18.28821031,77.39757657,225.1659637,0.124591347,21546,ssp585,bicarbonate,SO_SPSS,SO,SPSS,2094.887499,2094.094726,60.35032639,1622.710617,2222.102217,0.411146214
ssp585_bicarbonate_SO_SPSS,12,2090s,142.4755534,143.0826802,19.77802423,82.94592785,231.9974297,0.134740941,21546,ssp585,bicarbonate,SO_SPSS,SO,SPSS,2091.150964,2090.371178,58.83855652,1620.52984,2214.897541,0.400847041
ssp585_bicarbonate_SO_SPSS,2,2090s,143.8813134,144.4638815,20.62016282,90.61223064,231.1514026,0.140478145,21546,ssp585,bicarbonate,SO_SPSS,SO,SPSS,2086.20326,2085.34589,57.30349577,1617.050279,2208.720636,0.390389195
ssp585_bicarbonate_SO_SPSS,3,2090s,142.2511474,142.9588797,20.03387167,90.86037521,229.8601404,0.136483943,21546,ssp585,bicarbonate,SO_SPSS,SO,SPSS,2086.832278,2085.92994,58.08388433,1617.022363,2213.258144,0.395705716
ssp585_bicarbonate_SO_SPSS,4,2090s,140.4700467,141.2791643,19.01181557,84.97339118,226.4222279,0.129521023,21546,ssp585,bicarbonate,SO_SPSS,SO,SPSS,2088.447403,2087.54375,59.17817274,1616.353457,2217.162129,0.403160731
ssp585_bicarbonate_SO_SPSS,5,2090s,138.7366276,139.6014876,18.20042549,83.26285289,220.6735046,0.123993298,21546,ssp585,bicarbonate,SO_SPSS,SO,SPSS,2090.589636,2089.730929,60.0348672,1616.762577,2219.168021,0.408997098
ssp585_bicarbonate_SO_SPSS,6,2090s,137.228593,138.1279382,17.50650809,83.21223138,218.3480371,0.119265876,21546,ssp585,bicarbonate,SO_SPSS,SO,SPSS,2092.57455,2091.762934,60.71201002,1617.036259,2220.217516,0.413610241
ssp585_bicarbonate_SO_SPSS,7,2090s,136.007798,136.9108619,16.88877976,84.36705564,220.6243001,0.115057503,21546,ssp585,bicarbonate,SO_SPSS,SO,SPSS,2094.138588,2093.382521,61.39219206,1619.825219,2221.261841,0.41824409
ssp585_bicarbonate_SO_SPSS,8,2090s,135.1944364,136.0750223,16.57409774,85.76716882,219.6606767,0.112913682,21546,ssp585,bicarbonate,SO_SPSS,SO,SPSS,2095.629908,2094.910216,61.5781476,1623.066248,2221.96354,0.419510942
ssp585_bicarbonate_SO_SPSS,9,2090s,135.0187878,135.8720692,16.64765712,88.96808115,220.0977191,0.113414817,21546,ssp585,bicarbonate,SO_SPSS,SO,SPSS,2096.498521,2095.789452,61.34959593,1623.357694,2221.692797,0.417953897
ssp585_bicarbonate_SO_STSS,1,2090s,207.7174004,209.4172698,38.42336903,119.4016208,319.7449301,0.305207013,15849,ssp585,bicarbonate,SO_STSS,SO,STSS,2068.878968,2068.850457,56.80370881,1897.553143,2177.074341,0.451206928
ssp585_bicarbonate_SO_STSS,10,2090s,194.5326471,196.1169841,33.92617669,93.66251206,309.2741904,0.269484622,15849,ssp585,bicarbonate,SO_STSS,SO,STSS,2086.313296,2086.357185,60.90070216,1834.595575,2212.125554,0.483750434
ssp585_bicarbonate_SO_STSS,11,2090s,199.9395589,201.5439193,35.84717419,113.6001471,310.5487238,0.284743614,15849,ssp585,bicarbonate,SO_STSS,SO,STSS,2079.70934,2079.670238,58.85918285,1875.334444,2199.158349,0.467534104
ssp585_bicarbonate_SO_STSS,12,2090s,205.7495743,207.378932,38.12453312,109.6554171,315.8398157,0.302833281,15849,ssp585,bicarbonate,SO_STSS,SO,STSS,2074.149715,2074.118412,57.8364418,1910.402778,2192.231608,0.4594102
ssp585_bicarbonate_SO_STSS,2,2090s,208.6356397,210.3709517,38.11738033,111.7510945,325.3996988,0.302776464,15849,ssp585,bicarbonate,SO_STSS,SO,STSS,2067.591342,2067.521875,55.9962939,1880.735292,2170.181707,0.444793418
ssp585_bicarbonate_SO_STSS,3,2090s,208.0494497,209.8109226,37.70104051,125.5095551,327.7332355,0.299469366,15849,ssp585,bicarbonate,SO_STSS,SO,STSS,2068.552188,2068.419028,56.16744868,1768.262502,2170.987958,0.446152945
ssp585_bicarbonate_SO_STSS,4,2090s,205.4505894,207.2231061,36.92706142,121.1736558,324.3590297,0.293321445,15849,ssp585,bicarbonate,SO_STSS,SO,STSS,2072.073474,2071.897524,57.8130689,1636.709935,2176.342918,0.459224543
ssp585_bicarbonate_SO_STSS,5,2090s,201.8611971,203.6067998,35.72885827,112.1106919,333.5245623,0.2838038,15849,ssp585,bicarbonate,SO_STSS,SO,STSS,2077.400939,2077.274533,59.81017756,1676.298714,2185.968221,0.475088107
ssp585_bicarbonate_SO_STSS,6,2090s,198.2450315,199.93759,34.54627405,73.33196164,480.9573688,0.274410219,15849,ssp585,bicarbonate,SO_STSS,SO,STSS,2082.670964,2082.64534,61.53182948,1766.734801,2199.541311,0.488763645
ssp585_bicarbonate_SO_STSS,7,2090s,194.9176419,196.5355846,33.20810148,73.31849352,350.7058376,0.26378076,15849,ssp585,bicarbonate,SO_STSS,SO,STSS,2086.665887,2086.730842,62.7390466,1830.061149,2214.577364,0.498352891
ssp585_bicarbonate_SO_STSS,8,2090s,192.2389375,193.7964884,32.32555148,72.77409466,301.0378111,0.256770431,15849,ssp585,bicarbonate,SO_STSS,SO,STSS,2089.163182,2089.276778,62.91168299,1762.358454,2220.606706,0.499724188
ssp585_bicarbonate_SO_STSS,9,2090s,191.6353036,193.1673467,32.30420384,74.83377745,304.3801148,0.256600861,15849,ssp585,bicarbonate,SO_STSS,SO,STSS,2089.416069,2089.524027,62.32195875,1747.650301,2218.479208,0.495039852
ssp585_bicarbonate_SP_STPS,1,2090s,248.0364113,250.3896059,40.24378369,143.0010224,346.4354579,0.260103265,23939,ssp585,bicarbonate,SP_STPS,SP,STPS,2050.539524,2049.226368,60.33802763,1816.608732,2159.87818,0.389976204
ssp585_bicarbonate_SP_STPS,10,2090s,246.0930639,248.7553686,43.55452898,129.8563591,342.8527602,0.281501244,23939,ssp585,bicarbonate,SP_STPS,SP,STPS,2057.913403,2056.53526,62.00144082,1855.113764,2166.715856,0.400727161
ssp585_bicarbonate_SP_STPS,11,2090s,247.8108091,250.3568606,42.7004747,138.0248143,341.4285757,0.275981328,23939,ssp585,bicarbonate,SP_STPS,SP,STPS,2057.560419,2056.257033,61.27662588,1847.505927,2164.939552,0.396042544
ssp585_bicarbonate_SP_STPS,12,2090s,248.8609816,251.309364,41.4122634,141.630298,338.765325,0.267655373,23939,ssp585,bicarbonate,SP_STPS,SP,STPS,2055.8906,2054.645457,60.72733811,1835.005992,2163.369678,0.392492392
ssp585_bicarbonate_SP_STPS,2,2090s,247.9776917,250.2944297,40.13525865,142.2995331,356.1705124,0.259401847,23939,ssp585,bicarbonate,SP_STPS,SP,STPS,2046.74563,2045.289496,60.88391292,1810.546713,2158.877653,0.393504365
ssp585_bicarbonate_SP_STPS,3,2090s,247.786956,250.0947813,40.4154697,134.4143814,361.9061109,0.261212904,23939,ssp585,bicarbonate,SP_STPS,SP,STPS,2043.647765,2041.99519,62.11505138,1805.857452,2157.625768,0.401461448
ssp585_bicarbonate_SP_STPS,4,2090s,247.2522906,249.5731325,40.86361484,133.962835,359.3028276,0.264109352,23939,ssp585,bicarbonate,SP_STPS,SP,STPS,2042.393358,2040.545145,63.59895232,1784.74875,2157.580856,0.411052183
ssp585_bicarbonate_SP_STPS,5,2090s,246.6785293,249.0823552,41.57007882,132.9613782,355.1687754,0.268675364,23939,ssp585,bicarbonate,SP_STPS,SP,STPS,2043.926645,2042.001655,64.231925,1802.740181,2161.00428,0.415143206
ssp585_bicarbonate_SP_STPS,6,2090s,245.9650779,248.4911033,42.37440408,119.2654512,350.0603892,0.273873872,23939,ssp585,bicarbonate,SP_STPS,SP,STPS,2047.668697,2045.797768,64.25397126,1821.96042,2165.532813,0.415285696
ssp585_bicarbonate_SP_STPS,7,2090s,244.9596361,247.5909514,43.39178095,103.3334154,348.2295203,0.280449373,23939,ssp585,bicarbonate,SP_STPS,SP,STPS,2051.959186,2050.204339,64.09753366,1836.874398,2172.186725,0.41427461
ssp585_bicarbonate_SP_STPS,8,2090s,243.9372812,246.6387233,43.8501725,104.1064888,346.6938102,0.283412045,23939,ssp585,bicarbonate,SP_STPS,SP,STPS,2055.239599,2053.604529,63.49639682,1851.491278,2172.695393,0.410389347
ssp585_bicarbonate_SP_STPS,9,2090s,244.2108944,246.9444434,43.93176647,125.0132297,345.1556621,0.283939402,23939,ssp585,bicarbonate,SP_STPS,SP,STPS,2057.152737,2055.664373,62.67648925,1857.900651,2170.65877,0.405090128
ssp585_carbonate_Atl_EQU,1,2090s,-92.46502325,-92.46556885,6.870555847,-107.4818923,-77.18856082,0.127407406,2908,ssp585,carbonate,Atl_EQU,Atl,EQU,147.3816737,147.3754126,13.67879454,85.83402538,162.9575762,0.253659204
ssp585_carbonate_Atl_EQU,10,2090s,-91.61786687,-91.61350058,7.865621745,-107.4191171,-72.28180314,0.145859882,2908,ssp585,carbonate,Atl_EQU,Atl,EQU,143.0777307,143.0744071,12.28853237,62.13207348,164.2731043,0.227878219
ssp585_carbonate_Atl_EQU,11,2090s,-92.28971964,-92.28768073,7.662590287,-107.117535,-71.55046231,0.142094872,2908,ssp585,carbonate,Atl_EQU,Atl,EQU,144.7813293,144.7773735,13.42725621,65.00161227,163.8505629,0.248994684
ssp585_carbonate_Atl_EQU,12,2090s,-92.79548361,-92.79512836,7.324833858,-107.650252,-76.19142187,0.135831525,2908,ssp585,carbonate,Atl_EQU,Atl,EQU,145.9041443,145.8995738,13.76286637,78.14350342,162.4255084,0.25521823
ssp585_carbonate_Atl_EQU,2,2090s,-92.15614198,-92.15539355,6.668881753,-107.564811,-78.14293956,0.123667567,2908,ssp585,carbonate,Atl_EQU,Atl,EQU,148.5689193,148.5614678,12.95222239,92.22920042,164.0072234,0.240185669
ssp585_carbonate_Atl_EQU,3,2090s,-92.09300292,-92.09122433,6.536142475,-107.9307088,-76.62119026,0.121206053,2908,ssp585,carbonate,Atl_EQU,Atl,EQU,150.026019,150.018395,12.47949063,95.41258672,165.4302677,0.231419344
ssp585_carbonate_Atl_EQU,4,2090s,-92.57996613,-92.57857474,6.348255197,-107.956384,-78.173804,0.117721876,2908,ssp585,carbonate,Atl_EQU,Atl,EQU,150.5572872,150.550738,11.82320087,102.4362355,166.0877832,0.219249124
ssp585_carbonate_Atl_EQU,5,2090s,-92.8481934,-92.84770534,6.266242612,-107.2644539,-70.57356648,0.116201037,2908,ssp585,carbonate,Atl_EQU,Atl,EQU,149.1535602,149.1483256,11.88115243,93.42082618,167.2085784,0.220323776
ssp585_carbonate_Atl_EQU,6,2090s,-92.24626712,-92.2445175,6.880655001,-106.7550634,-68.25932203,0.127594684,2908,ssp585,carbonate,Atl_EQU,Atl,EQU,146.1387109,146.1346882,12.18752663,101.2933949,166.5506351,0.226005171
ssp585_carbonate_Atl_EQU,7,2090s,-91.02795874,-91.02326923,7.879574718,-106.5416159,-71.34133472,0.146118625,2908,ssp585,carbonate,Atl_EQU,Atl,EQU,142.9734465,142.9692082,11.63914989,100.0229157,165.5859157,0.215836088
ssp585_carbonate_Atl_EQU,8,2090s,-90.54760447,-90.54126636,8.318087826,-108.1869345,-68.76816927,0.154250401,2908,ssp585,carbonate,Atl_EQU,Atl,EQU,141.2864907,141.2822601,10.81057095,90.45262987,163.6795968,0.200470942
ssp585_carbonate_Atl_EQU,9,2090s,-90.98148567,-90.9752712,8.211610274,-108.1915989,-72.67640848,0.152275884,2908,ssp585,carbonate,Atl_EQU,Atl,EQU,141.3356737,141.3322618,11.08026841,72.38422278,163.1571565,0.205472204
ssp585_carbonate_IND_STPS,1,2090s,-99.83006153,-100.0589076,7.126350052,-117.4263219,-72.1050241,0.058049184,15071,ssp585,carbonate,IND_STPS,IND,STPS,126.8120286,127.5553847,15.03702306,81.4855313,165.0656956,0.122487235
ssp585_carbonate_IND_STPS,10,2090s,-100.988486,-101.2363412,7.853488854,-123.0097657,-67.44032604,0.063972246,15071,ssp585,carbonate,IND_STPS,IND,STPS,120.0292374,120.973803,17.8888471,66.21864061,164.3388507,0.145717368
ssp585_carbonate_IND_STPS,11,2090s,-101.1912802,-101.4333015,7.595932982,-119.3286794,-66.1337543,0.06187427,15071,ssp585,carbonate,IND_STPS,IND,STPS,121.7668166,122.690679,17.49090975,68.79091226,164.7325012,0.142475885
ssp585_carbonate_IND_STPS,12,2090s,-100.808915,-101.0397773,7.270998074,-119.0983057,-70.28168109,0.059227445,15071,ssp585,carbonate,IND_STPS,IND,STPS,123.951358,124.8077217,16.48476312,74.67532844,164.4793441,0.134280106
ssp585_carbonate_IND_STPS,2,2090s,-99.4395217,-99.67684539,7.135783712,-117.6756462,-71.47005173,0.058126028,15071,ssp585,carbonate,IND_STPS,IND,STPS,128.0252204,128.6708585,13.79719322,85.97726129,164.9062007,0.11238794
ssp585_carbonate_IND_STPS,3,2090s,-99.33173649,-99.56823271,7.053281333,-117.5695572,-71.05906916,0.057453987,15071,ssp585,carbonate,IND_STPS,IND,STPS,128.7995072,129.4171717,13.37049843,86.74080093,165.3904348,0.108912208
ssp585_carbonate_IND_STPS,4,2090s,-99.43205224,-99.66299155,6.972726068,-117.8316464,-70.6250667,0.056797807,15071,ssp585,carbonate,IND_STPS,IND,STPS,128.807636,129.4757947,13.77309536,83.91554581,166.3242015,0.112191646
ssp585_carbonate_IND_STPS,5,2090s,-99.45130072,-99.67429824,7.018352207,-116.7529136,-70.08015222,0.057169464,15071,ssp585,carbonate,IND_STPS,IND,STPS,127.6980907,128.4545266,14.80180425,79.61524807,167.7370818,0.120571211
ssp585_carbonate_IND_STPS,6,2090s,-99.33394405,-99.55010597,7.089523476,-115.6750571,-69.87622454,0.057749205,15071,ssp585,carbonate,IND_STPS,IND,STPS,125.5506061,126.4000439,16.07615482,75.34982399,169.618834,0.130951701
ssp585_carbonate_IND_STPS,7,2090s,-99.31122075,-99.53386589,7.432638807,-116.4588171,-69.10209391,0.060544123,15071,ssp585,carbonate,IND_STPS,IND,STPS,122.7906029,123.6950965,16.87900686,71.46844806,168.0677045,0.137491502
ssp585_carbonate_IND_STPS,8,2090s,-99.64274727,-99.88479732,7.763493706,-119.7037594,-68.46230599,0.063239171,15071,ssp585,carbonate,IND_STPS,IND,STPS,120.4725738,121.4066189,17.41991576,68.12418162,165.1060779,0.141897589
ssp585_carbonate_IND_STPS,9,2090s,-100.309605,-100.5578349,7.938366001,-121.3412151,-68.226724,0.06466363,15071,ssp585,carbonate,IND_STPS,IND,STPS,119.4627649,120.4093524,17.81338575,66.24919043,164.7232164,0.145102681
ssp585_carbonate_NA_SPSS,1,2090s,-71.8754601,-72.90088772,17.47418452,-110.0846515,-1.511756723,0.200640742,7585,ssp585,carbonate,NA_SPSS,NA,SPSS,51.95202606,52.72853045,10.69370692,1.438348861,126.8403185,0.122786462
ssp585_carbonate_NA_SPSS,10,2090s,-76.51875687,-77.75108812,22.3046924,-136.9704041,-2.283179042,0.256105229,7585,ssp585,carbonate,NA_SPSS,NA,SPSS,58.48665234,59.97080215,12.4009214,2.203182522,141.3439878,0.142388909
ssp585_carbonate_NA_SPSS,11,2090s,-74.32836438,-75.56848836,19.95806031,-128.5419387,-1.669948391,0.22916091,7585,ssp585,carbonate,NA_SPSS,NA,SPSS,55.23228081,56.47528525,11.53539442,1.800025852,132.1793381,0.132450821
ssp585_carbonate_NA_SPSS,12,2090s,-72.92688475,-74.0692153,18.40038803,-121.0514313,-1.585458804,0.211275525,7585,ssp585,carbonate,NA_SPSS,NA,SPSS,52.87712667,53.86695901,10.9136164,1.590680151,128.1288387,0.125311489
ssp585_carbonate_NA_SPSS,2,2090s,-71.6426391,-72.60489714,16.8748769,-108.1254106,-1.560175842,0.193759418,7585,ssp585,carbonate,NA_SPSS,NA,SPSS,50.99404256,51.62893138,10.53069438,1.360806996,121.3787904,0.120914732
ssp585_carbonate_NA_SPSS,3,2090s,-71.74486686,-72.73970105,16.75588378,-105.3162536,-1.898118509,0.192393124,7585,ssp585,carbonate,NA_SPSS,NA,SPSS,50.56648447,51.12600645,10.52443933,1.362048237,113.4384931,0.12084291
ssp585_carbonate_NA_SPSS,4,2090s,-73.2795241,-74.56310895,18.2823382,-118.0843017,-2.113678774,0.209920062,7585,ssp585,carbonate,NA_SPSS,NA,SPSS,51.18267052,51.68862972,10.8265894,1.408567607,109.5750304,0.124312235
ssp585_carbonate_NA_SPSS,5,2090s,-80.58379692,-82.13777268,24.92415764,-141.2741968,-1.910373532,0.286182252,7585,ssp585,carbonate,NA_SPSS,NA,SPSS,53.70586295,54.07375392,11.25786688,1.622143383,110.0110032,0.129264216
ssp585_carbonate_NA_SPSS,6,2090s,-87.65598295,-88.89666321,31.7357741,-157.212271,-1.777420955,0.364394072,7585,ssp585,carbonate,NA_SPSS,NA,SPSS,56.06855027,56.53461473,11.46873739,2.21752159,113.8660373,0.131685457
ssp585_carbonate_NA_SPSS,7,2090s,-86.34807288,-87.26126632,30.67062116,-158.38066,-2.831801227,0.352163855,7585,ssp585,carbonate,NA_SPSS,NA,SPSS,58.93295173,59.7897463,11.89170062,2.905215576,124.2145154,0.136541973
ssp585_carbonate_NA_SPSS,8,2090s,-83.45213995,-84.36292847,28.95912995,-153.9022855,-3.089415709,0.332512302,7585,ssp585,carbonate,NA_SPSS,NA,SPSS,61.45716953,62.72327526,12.5151215,3.043647047,137.0180671,0.143700169
ssp585_carbonate_NA_SPSS,9,2090s,-79.67144911,-80.76682638,25.46512097,-148.7231849,-2.840331758,0.29239366,7585,ssp585,carbonate,NA_SPSS,NA,SPSS,61.25147313,62.75448337,12.80871183,2.709024951,142.4835349,0.147071209
ssp585_carbonate_NA_STPS,1,2090s,-98.74204908,-98.81834635,10.57351467,-121.9601821,-76.58504754,0.122019241,7509,ssp585,carbonate,NA_STPS,NA,STPS,141.3021602,141.946565,17.889235,77.17061994,173.452357,0.206443264
ssp585_carbonate_NA_STPS,10,2090s,-98.8811136,-98.87290572,12.77137284,-130.7491777,-72.71034244,0.147382708,7509,ssp585,carbonate,NA_STPS,NA,STPS,149.4998635,149.9719883,16.94967968,84.95008251,180.0546632,0.195600717
ssp585_carbonate_NA_STPS,11,2090s,-99.09577193,-99.10350656,12.14058049,-130.4198193,-74.17824869,0.140103312,7509,ssp585,carbonate,NA_STPS,NA,STPS,147.2790895,147.8126646,17.21990568,82.68299836,178.7815627,0.198719148
ssp585_carbonate_NA_STPS,12,2090s,-99.34452096,-99.38757324,11.30458207,-127.6991095,-75.76083601,0.13045582,7509,ssp585,carbonate,NA_STPS,NA,STPS,143.8091733,144.4021844,17.57945799,79.25569756,176.069243,0.202868411
ssp585_carbonate_NA_STPS,2,2090s,-99.16487417,-99.24728879,10.27530117,-120.1119096,-77.53409962,0.118577833,7509,ssp585,carbonate,NA_STPS,NA,STPS,138.8916974,139.5824254,18.28071365,74.79491145,170.6948013,0.21096096
ssp585_carbonate_NA_STPS,3,2090s,-100.0005969,-100.0645124,10.31113331,-122.6382529,-78.29515162,0.118991338,7509,ssp585,carbonate,NA_STPS,NA,STPS,138.052382,138.7825999,18.72218241,73.18683762,168.8878385,0.216055547
ssp585_carbonate_NA_STPS,4,2090s,-101.2126769,-101.2299906,10.50541297,-125.4611297,-78.24048836,0.121233342,7509,ssp585,carbonate,NA_STPS,NA,STPS,138.4519455,139.1832874,19.05500732,72.13343246,168.3172207,0.219896374
ssp585_carbonate_NA_STPS,5,2090s,-102.1230744,-102.08534,10.94882834,-128.0154315,-78.16089203,0.126350392,7509,ssp585,carbonate,NA_STPS,NA,STPS,139.6230566,140.3349723,19.22240694,72.7474269,171.3195317,0.221828179
ssp585_carbonate_NA_STPS,6,2090s,-101.6898629,-101.6625443,11.37068256,-129.9700428,-76.72934116,0.131218625,7509,ssp585,carbonate,NA_STPS,NA,STPS,141.9416346,142.5805822,18.78140096,75.28528493,172.378544,0.216738934
ssp585_carbonate_NA_STPS,7,2090s,-100.5213588,-100.528273,11.77814383,-130.438597,-74.80146822,0.135920762,7509,ssp585,carbonate,NA_STPS,NA,STPS,145.08339,145.6080901,17.92079567,79.69211935,175.1845912,0.206807477
ssp585_carbonate_NA_STPS,8,2090s,-99.48224277,-99.49732891,12.36529154,-130.4102874,-72.78897848,0.142696496,7509,ssp585,carbonate,NA_STPS,NA,STPS,148.0325019,148.4742849,17.28625238,83.45167811,177.4572627,0.199484794
ssp585_carbonate_NA_STPS,9,2090s,-98.94772339,-98.95208393,12.83871385,-131.2586037,-72.03822863,0.148159829,7509,ssp585,carbonate,NA_STPS,NA,STPS,149.7567725,150.1837,17.00368535,84.91443578,179.3640531,0.196223947
ssp585_carbonate_NA_STSS,1,2090s,-91.34998348,-91.58721125,13.02061506,-122.1550644,-32.54301918,0.232808122,3128,ssp585,carbonate,NA_STSS,NA,STSS,94.67075645,95.88707417,22.27372682,51.68694988,153.402176,0.398253422
ssp585_carbonate_NA_STSS,10,2090s,-98.50133133,-98.70009249,20.49873392,-133.6072921,-18.02516715,0.366516614,3128,ssp585,carbonate,NA_STSS,NA,STSS,109.1144471,110.4396977,24.7289039,59.38518689,169.7835421,0.442151899
ssp585_carbonate_NA_STSS,11,2090s,-96.35969226,-96.59251501,17.40509893,-131.0190299,-22.48044722,0.311202534,3128,ssp585,carbonate,NA_STSS,NA,STSS,103.9385241,105.2638023,24.36998619,56.41220115,165.0643667,0.435734464
ssp585_carbonate_NA_STSS,12,2090s,-94.12086979,-94.36540794,15.05221004,-128.4337275,-26.49099544,0.269132966,3128,ssp585,carbonate,NA_STSS,NA,STSS,98.22146114,99.49880851,23.35036594,54.08816803,157.855742,0.417503691
ssp585_carbonate_NA_STSS,2,2090s,-90.17503953,-90.42606359,12.12709264,-119.9508631,-36.62163675,0.216831974,3128,ssp585,carbonate,NA_STSS,NA,STSS,92.14480618,93.31467433,21.45803283,49.71376163,150.4805849,0.383668844
ssp585_carbonate_NA_STSS,3,2090s,-91.10902996,-91.3632701,12.33531923,-122.8398567,-37.79780005,0.220555057,3128,ssp585,carbonate,NA_STSS,NA,STSS,91.20954054,92.3681962,21.29833047,48.94842184,150.6855331,0.380813371
ssp585_carbonate_NA_STSS,4,2090s,-95.63929949,-95.80784159,15.5030336,-125.6806494,-38.80547688,0.277193675,3128,ssp585,carbonate,NA_STSS,NA,STSS,92.76849737,93.97672858,22.5127197,49.59916447,153.1574899,0.402526606
ssp585_carbonate_NA_STSS,5,2090s,-104.1087343,-104.1641473,21.11166569,-143.1415325,-38.27435853,0.377475812,3128,ssp585,carbonate,NA_STSS,NA,STSS,95.24367378,96.50037166,23.77003736,49.05921765,158.5585374,0.4250074
ssp585_carbonate_NA_STSS,6,2090s,-106.6435615,-106.6643621,22.50399133,-146.8840612,-36.65345581,0.402370544,3128,ssp585,carbonate,NA_STSS,NA,STSS,98.40223846,99.68801173,24.05652498,50.49837822,165.3728192,0.430129788
ssp585_carbonate_NA_STSS,7,2090s,-103.5877787,-103.6535383,23.43229655,-145.0621893,-29.43954173,0.418968607,3128,ssp585,carbonate,NA_STSS,NA,STSS,104.129349,105.4327212,24.42332309,56.49542852,170.2267294,0.436688125
ssp585_carbonate_NA_STSS,8,2090s,-100.6043359,-100.728518,24.17118176,-145.1469696,-18.58638316,0.432179848,3128,ssp585,carbonate,NA_STSS,NA,STSS,109.684676,110.9864713,24.69042628,61.20867555,172.6484416,0.441463921
ssp585_carbonate_NA_STSS,9,2090s,-99.51281509,-99.67063006,23.25033776,-141.2038703,-15.3575016,0.415715191,3128,ssp585,carbonate,NA_STSS,NA,STSS,111.5279448,112.8359961,24.76267378,61.82873768,172.838952,0.442755703
ssp585_carbonate_NP_SPSS,1,2090s,-57.39777778,-58.22666781,10.69250753,-94.98949921,-33.46598741,0.123203887,7532,ssp585,carbonate,NP_SPSS,NP,SPSS,54.17550106,55.01087197,9.96930579,25.20868482,103.5498094,0.114870831
ssp585_carbonate_NP_SPSS,10,2090s,-62.38482087,-63.13404031,12.18326581,-102.9194121,-33.70957829,0.140381075,7532,ssp585,carbonate,NP_SPSS,NP,SPSS,67.59923178,68.6711657,11.7012001,30.74893996,115.8392241,0.134826497
ssp585_carbonate_NP_SPSS,11,2090s,-60.49208119,-61.277372,11.20976684,-99.21389829,-35.21216794,0.129163982,7532,ssp585,carbonate,NP_SPSS,NP,SPSS,61.19392469,62.211506,11.32426104,28.58764573,112.4431482,0.130483235
ssp585_carbonate_NP_SPSS,12,2090s,-58.9404269,-59.74737906,10.81143923,-97.4222824,-35.31620586,0.124574271,7532,ssp585,carbonate,NP_SPSS,NP,SPSS,56.44415975,57.35372459,10.48900908,28.03749545,107.7335497,0.120859086
ssp585_carbonate_NP_SPSS,2,2090s,-56.56267713,-57.39501249,10.69235123,-92.67627216,-32.20837392,0.123202086,7532,ssp585,carbonate,NP_SPSS,NP,SPSS,52.87339698,53.66171096,9.599201246,22.71724523,100.1176293,0.110606319
ssp585_carbonate_NP_SPSS,3,2090s,-56.28492771,-57.11851145,10.8394702,-93.14321368,-31.19953226,0.124897257,7532,ssp585,carbonate,NP_SPSS,NP,SPSS,52.75944396,53.52430305,9.411405983,22.46109658,97.07829212,0.108442458
ssp585_carbonate_NP_SPSS,4,2090s,-57.18167414,-58.02092246,11.73066093,-100.9012758,-29.19552428,0.135165958,7532,ssp585,carbonate,NP_SPSS,NP,SPSS,55.19549381,55.95597715,9.595194652,24.70745273,95.66227994,0.110560154
ssp585_carbonate_NP_SPSS,5,2090s,-60.17140614,-61.02475365,13.62304522,-106.5549215,-27.67292572,0.156970862,7532,ssp585,carbonate,NP_SPSS,NP,SPSS,60.25903975,60.94876993,9.77660445,30.21160814,96.57375733,0.112650439
ssp585_carbonate_NP_SPSS,6,2090s,-64.92165028,-65.68444795,15.57330904,-108.8154935,-26.36818035,0.17944268,7532,ssp585,carbonate,NP_SPSS,NP,SPSS,64.7501934,65.37508932,8.833179651,35.02292582,102.9706285,0.101779874
ssp585_carbonate_NP_SPSS,7,2090s,-66.96006512,-67.63094604,16.18732751,-108.6207975,-27.78762642,0.186517677,7532,ssp585,carbonate,NP_SPSS,NP,SPSS,69.0102378,69.68897026,8.721803887,34.96685912,108.3099751,0.100496552
ssp585_carbonate_NP_SPSS,8,2090s,-65.97442092,-66.60058834,15.22729815,-108.1490878,-28.80047157,0.175455786,7532,ssp585,carbonate,NP_SPSS,NP,SPSS,73.11130443,73.96541539,10.2683987,33.78998666,115.9363247,0.118317114
ssp585_carbonate_NP_SPSS,9,2090s,-64.29249173,-64.97237265,14.08764627,-106.2351603,-29.55686703,0.162324204,7532,ssp585,carbonate,NP_SPSS,NP,SPSS,73.06535476,74.07626609,11.30165503,32.82594292,118.170679,0.130222759
ssp585_carbonate_NP_STPS,1,2090s,-99.97757531,-100.2774272,10.77124396,-119.0072662,-63.56023889,0.081402022,17509,ssp585,carbonate,NP_STPS,NP,STPS,115.385253,116.0460001,14.8754445,61.30870025,139.7349626,0.112418887
ssp585_carbonate_NP_STPS,10,2090s,-99.31514725,-99.66439229,11.67008643,-122.4839962,-60.58363519,0.088194886,17509,ssp585,carbonate,NP_STPS,NP,STPS,123.1513723,123.6106776,12.09172168,71.09863595,143.8860758,0.091381329
ssp585_carbonate_NP_STPS,11,2090s,-99.89265107,-100.2182778,11.24072347,-123.1110095,-62.02386166,0.084950041,17509,ssp585,carbonate,NP_STPS,NP,STPS,120.8692438,121.3909905,12.857,68.16367382,142.0179648,0.097164803
ssp585_carbonate_NP_STPS,12,2090s,-100.3488838,-100.6559229,10.97430469,-121.8775525,-62.96376523,0.082936622,17509,ssp585,carbonate,NP_STPS,NP,STPS,117.5149104,118.1041435,13.79378085,64.4262544,140.5537864,0.10424438
ssp585_carbonate_NP_STPS,2,2090s,-100.0214628,-100.3211401,10.78967683,-118.725737,-63.77779184,0.081541325,17509,ssp585,carbonate,NP_STPS,NP,STPS,113.549992,114.2761779,15.75763073,58.87051424,138.6742414,0.119085874
ssp585_carbonate_NP_STPS,3,2090s,-100.2993099,-100.5822347,10.83479173,-119.7810146,-64.23817661,0.081882274,17509,ssp585,carbonate,NP_STPS,NP,STPS,113.128607,113.8947306,16.27195159,57.88666466,139.2050055,0.122972775
ssp585_carbonate_NP_STPS,4,2090s,-100.7255502,-100.9879586,10.80640134,-123.9486949,-64.26255187,0.081667718,17509,ssp585,carbonate,NP_STPS,NP,STPS,113.9165399,114.7000197,16.49182656,58.01618565,140.6318978,0.124634446
ssp585_carbonate_NP_STPS,5,2090s,-100.7978715,-101.0482004,10.75992174,-124.5642631,-65.71969747,0.081316456,17509,ssp585,carbonate,NP_STPS,NP,STPS,115.6928532,116.4752334,16.51727515,59.10313181,142.8711395,0.12482677
ssp585_carbonate_NP_STPS,6,2090s,-100.3447197,-100.6210893,11.00350298,-123.2760897,-64.25657932,0.083157284,17509,ssp585,carbonate,NP_STPS,NP,STPS,118.1530049,118.8801384,15.72305517,62.47242858,143.8009346,0.118824574
ssp585_carbonate_NP_STPS,7,2090s,-99.75016104,-100.0658008,11.38689464,-123.0115241,-62.32824884,0.086054707,17509,ssp585,carbonate,NP_STPS,NP,STPS,120.7253913,121.3457008,14.17670076,66.02872623,143.9254954,0.107138238
ssp585_carbonate_NP_STPS,8,2090s,-99.32137786,-99.67348345,11.92452949,-122.0315235,-58.78750602,0.0901178,17509,ssp585,carbonate,NP_STPS,NP,STPS,122.6810607,123.1939339,12.61365629,70.01964097,144.8724582,0.09532577
ssp585_carbonate_NP_STPS,9,2090s,-99.02387143,-99.3875756,12.04657956,-122.4128369,-58.72703238,0.091040175,17509,ssp585,carbonate,NP_STPS,NP,STPS,123.7696033,124.2197153,11.87851822,71.85048989,145.4808314,0.089770077
ssp585_carbonate_NP_STSS,1,2090s,-88.033099,-88.40980896,11.04373747,-111.7645034,-55.69280774,0.190098717,3375,ssp585,carbonate,NP_STSS,NP,STSS,86.80151491,87.34138074,13.62981554,55.60912489,126.021852,0.234613549
ssp585_carbonate_NP_STSS,10,2090s,-90.30357016,-90.62286699,12.79485861,-115.0881188,-55.89158248,0.220241219,3375,ssp585,carbonate,NP_STSS,NP,STSS,103.5396654,104.0649425,14.17189135,66.48972534,143.5743251,0.243944441
ssp585_carbonate_NP_STSS,11,2090s,-90.44660617,-90.79189129,12.16143375,-113.7824126,-56.10052668,0.209337913,3375,ssp585,carbonate,NP_STSS,NP,STSS,98.06006275,98.61264558,14.34354872,62.44959297,138.2685876,0.246899224
ssp585_carbonate_NP_STSS,12,2090s,-89.66277644,-90.03339405,11.59822855,-112.4294924,-55.74719958,0.199643316,3375,ssp585,carbonate,NP_STSS,NP,STSS,91.64907741,92.20783861,14.18438103,58.33526036,131.1648516,0.244159429
ssp585_carbonate_NP_STSS,2,2090s,-86.74017168,-87.12336639,10.73936774,-112.6827244,-56.19248617,0.184859522,3375,ssp585,carbonate,NP_STSS,NP,STSS,83.45740379,83.9677104,12.9466834,53.82874582,122.6927853,0.222854619
ssp585_carbonate_NP_STSS,3,2090s,-86.77645577,-87.17324427,10.72128028,-112.1468628,-56.42587648,0.184548178,3375,ssp585,carbonate,NP_STSS,NP,STSS,82.76052845,83.25778228,12.59411517,53.29567689,120.7396965,0.21678577
ssp585_carbonate_NP_STSS,4,2090s,-88.95056945,-89.36475709,11.53574117,-113.2837367,-57.30530892,0.198567704,3375,ssp585,carbonate,NP_STSS,NP,STSS,85.21417957,85.68393915,12.31523503,54.8466958,120.2756409,0.211985334
ssp585_carbonate_NP_STSS,5,2090s,-93.11019859,-93.47868373,12.07891497,-114.4891473,-59.07884536,0.207917496,3375,ssp585,carbonate,NP_STSS,NP,STSS,88.3380668,88.79186901,13.02009184,56.97545888,124.6803605,0.224118217
ssp585_carbonate_NP_STSS,6,2090s,-93.80332603,-94.10413663,12.04325338,-113.9242414,-62.18384535,0.207303643,3375,ssp585,carbonate,NP_STSS,NP,STSS,91.64634267,92.12698779,13.58551943,59.19604806,127.5072695,0.233851069
ssp585_carbonate_NP_STSS,7,2090s,-92.03948567,-92.329288,12.74606179,-114.3228115,-59.7409083,0.219401267,3375,ssp585,carbonate,NP_STSS,NP,STSS,97.08210039,97.57993829,13.7266161,62.57055717,136.4050429,0.236279803
ssp585_carbonate_NP_STSS,8,2090s,-90.0524643,-90.36486525,13.48283049,-114.5588432,-56.6071967,0.232083458,3375,ssp585,carbonate,NP_STSS,NP,STSS,103.186328,103.6652802,13.58295221,66.29691238,142.5292798,0.233806879
ssp585_carbonate_NP_STSS,9,2090s,-89.64916152,-89.96605441,13.45512831,-114.557602,-56.0663221,0.231606613,3375,ssp585,carbonate,NP_STSS,NP,STSS,105.9202906,106.4088476,13.83170294,67.82291672,145.1951805,0.238088689
ssp585_carbonate_Pac_EQU_E,1,2090s,-86.51099881,-86.50357689,9.135431461,-113.9516196,-67.22077865,0.117800559,6014,ssp585,carbonate,Pac_EQU_E,Pac,EQU,129.4022157,129.4018427,6.012630653,97.94856226,143.7301115,0.077532326
ssp585_carbonate_Pac_EQU_E,10,2090s,-86.26080712,-86.2581755,10.83284361,-114.496164,-48.99337413,0.139688535,6014,ssp585,carbonate,Pac_EQU_E,Pac,EQU,125.4988063,125.4964222,6.906829325,101.9137698,140.8891456,0.089062937
ssp585_carbonate_Pac_EQU_E,11,2090s,-87.35080665,-87.34753009,10.50204947,-115.7121199,-50.83499313,0.135422974,6014,ssp585,carbonate,Pac_EQU_E,Pac,EQU,126.4344913,126.4324598,6.574339392,102.7375851,141.0021952,0.084775509
ssp585_carbonate_Pac_EQU_E,12,2090s,-87.80375632,-87.7982456,9.955470547,-116.5976271,-60.47975906,0.128374889,6014,ssp585,carbonate,Pac_EQU_E,Pac,EQU,127.5022755,127.5015641,6.0963514,102.2283992,141.7974824,0.078611898
ssp585_carbonate_Pac_EQU_E,2,2090s,-85.29212995,-85.28390247,8.835072049,-113.0463449,-58.38805041,0.113927452,6014,ssp585,carbonate,Pac_EQU_E,Pac,EQU,129.8969498,129.8948987,5.962973922,99.53263771,144.9004615,0.076892007
ssp585_carbonate_Pac_EQU_E,3,2090s,-84.36435286,-84.35561444,9.279414815,-111.607018,-49.54601229,0.119657211,6014,ssp585,carbonate,Pac_EQU_E,Pac,EQU,131.2963961,131.2945267,5.132099638,106.3308337,145.9171328,0.066177959
ssp585_carbonate_Pac_EQU_E,4,2090s,-84.78558737,-84.77836902,8.668607624,-115.0927038,-46.15566112,0.111780908,6014,ssp585,carbonate,Pac_EQU_E,Pac,EQU,132.8841728,132.8833937,4.36590965,109.4849316,145.4516557,0.056298008
ssp585_carbonate_Pac_EQU_E,5,2090s,-84.60983654,-84.60303257,9.388946273,-116.3534086,-52.36769703,0.12106961,6014,ssp585,carbonate,Pac_EQU_E,Pac,EQU,132.9537104,132.952346,4.857411054,109.498228,144.6153625,0.062635874
ssp585_carbonate_Pac_EQU_E,6,2090s,-84.57620404,-84.57258788,10.71866355,-115.4955436,-53.82599915,0.138216193,6014,ssp585,carbonate,Pac_EQU_E,Pac,EQU,131.1934386,131.1921092,6.480696971,108.9667414,144.3789551,0.083567999
ssp585_carbonate_Pac_EQU_E,7,2090s,-84.97031009,-84.96866959,10.85682436,-114.7538793,-56.68514977,0.139997764,6014,ssp585,carbonate,Pac_EQU_E,Pac,EQU,128.8160382,128.8155993,7.417671669,106.1046405,144.6174577,0.095650203
ssp585_carbonate_Pac_EQU_E,8,2090s,-84.91097339,-84.90833767,10.95943973,-113.3538032,-55.83846603,0.14132098,6014,ssp585,carbonate,Pac_EQU_E,Pac,EQU,126.5747826,126.5734754,7.579198153,104.3843884,143.7876922,0.097733072
ssp585_carbonate_Pac_EQU_E,9,2090s,-85.16824967,-85.16476386,11.05931031,-113.4003126,-56.79996793,0.142608802,6014,ssp585,carbonate,Pac_EQU_E,Pac,EQU,125.207565,125.2052979,7.357234155,105.0568911,142.1477066,0.094870866
ssp585_carbonate_Pac_EQU_W,1,2090s,-109.1771946,-109.1647152,11.4263419,-131.1270687,-68.10459522,0.173086662,4358,ssp585,carbonate,Pac_EQU_W,Pac,EQU,132.2297325,132.2337448,5.806311799,111.5609876,146.8398254,0.087954232
ssp585_carbonate_Pac_EQU_W,10,2090s,-110.5190197,-110.5099227,10.50867361,-129.7724079,-70.8539447,0.159185788,4358,ssp585,carbonate,Pac_EQU_W,Pac,EQU,130.9074541,130.907689,5.627071236,115.8379452,144.9833082,0.085239089
ssp585_carbonate_Pac_EQU_W,11,2090s,-110.714667,-110.7050508,10.69913501,-131.0469689,-68.69098698,0.162070904,4358,ssp585,carbonate,Pac_EQU_W,Pac,EQU,131.1384377,131.1403664,5.72660109,114.9505613,145.2702716,0.086746771
ssp585_carbonate_Pac_EQU_W,12,2090s,-110.5989016,-110.5885738,11.01370557,-131.8288903,-67.44911054,0.166836031,4358,ssp585,carbonate,Pac_EQU_W,Pac,EQU,131.1807246,131.1839749,5.812806959,113.221675,145.5361207,0.088052621
ssp585_carbonate_Pac_EQU_W,2,2090s,-108.541183,-108.5263917,11.97815123,-131.5690989,-70.19901702,0.18144549,4358,ssp585,carbonate,Pac_EQU_W,Pac,EQU,131.9831564,131.9876963,5.785500885,110.4328668,146.7497416,0.087638987
ssp585_carbonate_Pac_EQU_W,3,2090s,-108.2922196,-108.2772345,12.33379966,-131.5191251,-73.77191548,0.186832866,4358,ssp585,carbonate,Pac_EQU_W,Pac,EQU,131.9679747,131.9725264,5.676250275,110.3797548,147.005375,0.085984055
ssp585_carbonate_Pac_EQU_W,4,2090s,-108.9447918,-108.9325627,12.5221661,-131.785062,-77.43634491,0.189686248,4358,ssp585,carbonate,Pac_EQU_W,Pac,EQU,132.1128052,132.116828,5.485317783,112.1226695,146.8942767,0.083091802
ssp585_carbonate_Pac_EQU_W,5,2090s,-110.0433908,-110.0370917,12.27834777,-131.6495378,-78.42148975,0.185992879,4358,ssp585,carbonate,Pac_EQU_W,Pac,EQU,132.1944383,132.1958918,5.315216336,111.0326858,146.3202938,0.080515099
ssp585_carbonate_Pac_EQU_W,6,2090s,-110.8108174,-110.8098457,11.52247542,-131.0866592,-78.8318754,0.174542896,4358,ssp585,carbonate,Pac_EQU_W,Pac,EQU,131.786344,131.7851216,5.282727071,110.9468037,145.423721,0.080022951
ssp585_carbonate_Pac_EQU_W,7,2090s,-111.0521065,-111.0522453,10.70332231,-130.041764,-78.43215816,0.162134334,4358,ssp585,carbonate,Pac_EQU_W,Pac,EQU,131.0189094,131.0162386,5.343468101,111.9905116,144.0861242,0.080943058
ssp585_carbonate_Pac_EQU_W,8,2090s,-111.0520681,-111.0501608,10.31622409,-129.1494888,-75.55685922,0.156270555,4358,ssp585,carbonate,Pac_EQU_W,Pac,EQU,130.4868671,130.4833841,5.497373386,114.6581704,145.2912078,0.083274421
ssp585_carbonate_Pac_EQU_W,9,2090s,-110.703977,-110.6983552,10.25782774,-128.9527181,-73.55539384,0.155385965,4358,ssp585,carbonate,Pac_EQU_W,Pac,EQU,130.5825062,130.5799754,5.559058241,115.8033704,145.2250697,0.084208826
ssp585_carbonate_SA_STPS,1,2090s,-95.64256646,-95.74212523,8.017995029,-108.4677014,-36.87014322,0.090873337,7785,ssp585,carbonate,SA_STPS,SA,STPS,127.0254157,127.9605789,17.47260155,89.19094623,160.826027,0.198028758
ssp585_carbonate_SA_STPS,10,2090s,-96.23948456,-96.42699774,8.492971853,-115.5853174,-47.26409653,0.096256569,7785,ssp585,carbonate,SA_STPS,SA,STPS,115.7939888,116.7683373,18.25231038,72.53523866,153.0867829,0.206865724
ssp585_carbonate_SA_STPS,11,2090s,-96.88499439,-97.01669224,8.3343259,-113.8234911,-45.57315372,0.094458527,7785,ssp585,carbonate,SA_STPS,SA,STPS,118.4220831,119.3867719,18.12589098,76.82662778,155.2678529,0.205432927
ssp585_carbonate_SA_STPS,12,2090s,-96.79203744,-96.89392765,7.977103704,-111.2820277,-42.58353871,0.090409888,7785,ssp585,carbonate,SA_STPS,SA,STPS,121.9412205,122.9044415,17.98328307,83.2398385,157.5936417,0.203816656
ssp585_carbonate_SA_STPS,2,2090s,-94.99992053,-95.10634991,8.23002614,-109.0263802,-33.49284851,0.093276428,7785,ssp585,carbonate,SA_STPS,SA,STPS,130.3050777,131.2152643,17.02502458,93.70060481,162.4975657,0.192956067
ssp585_carbonate_SA_STPS,3,2090s,-94.78940543,-94.89308164,8.196458104,-110.4189209,-37.35916085,0.092895979,7785,ssp585,carbonate,SA_STPS,SA,STPS,131.6655784,132.5891644,17.19972357,94.93503082,163.7400157,0.194936049
ssp585_carbonate_SA_STPS,4,2090s,-94.97324856,-95.08052852,7.977982412,-110.9587674,-41.82558696,0.090419847,7785,ssp585,carbonate,SA_STPS,SA,STPS,130.7896042,131.7574383,17.82896243,91.79141878,163.717107,0.202067636
ssp585_carbonate_SA_STPS,5,2090s,-95.48068098,-95.60641067,7.697395851,-111.0226872,-48.1193343,0.08723977,7785,ssp585,carbonate,SA_STPS,SA,STPS,127.7727135,128.7981367,18.55411065,86.35160714,161.4685687,0.210286229
ssp585_carbonate_SA_STPS,6,2090s,-95.66098188,-95.81455888,7.566553416,-111.6106142,-52.92214553,0.085756845,7785,ssp585,carbonate,SA_STPS,SA,STPS,123.5223883,124.5881983,19.10973647,80.65764758,158.9598039,0.216583511
ssp585_carbonate_SA_STPS,7,2090s,-95.61374705,-95.79847396,7.717264837,-113.253167,-51.80543738,0.087464959,7785,ssp585,carbonate,SA_STPS,SA,STPS,119.0981256,120.1739771,19.33640601,76.3378651,156.4499363,0.219152509
ssp585_carbonate_SA_STPS,8,2090s,-95.45827833,-95.67206093,8.15989293,-114.7723799,-49.2839888,0.092481561,7785,ssp585,carbonate,SA_STPS,SA,STPS,115.5790233,116.6337557,19.18172077,73.53282609,153.9186496,0.217399358
ssp585_carbonate_SA_STPS,9,2090s,-95.51590017,-95.73955127,8.568192116,-115.74843,-48.01632529,0.097109091,7785,ssp585,carbonate,SA_STPS,SA,STPS,114.3701188,115.3881861,18.7764677,72.15638988,152.5697017,0.212806352
ssp585_carbonate_SO_SPSS,1,2090s,-56.42013269,-56.5831104,7.231322599,-94.67351273,-35.05353953,0.049264537,21546,ssp585,carbonate,SO_SPSS,SO,SPSS,52.44915267,52.98823989,8.028410539,29.86631738,83.47148092,0.054694826
ssp585_carbonate_SO_SPSS,10,2090s,-53.53847197,-53.76822653,5.617026239,-75.6781505,-33.5048264,0.038266886,21546,ssp585,carbonate,SO_SPSS,SO,SPSS,47.45309492,47.91263081,6.432588327,27.56367706,74.08616252,0.043823033
ssp585_carbonate_SO_SPSS,11,2090s,-54.28288854,-54.50483465,6.143763109,-76.63135535,-34.5684611,0.041855365,21546,ssp585,carbonate,SO_SPSS,SO,SPSS,48.46935965,48.98607508,7.200215574,28.44213009,82.73841764,0.049052616
ssp585_carbonate_SO_SPSS,12,2090s,-55.75469833,-55.94088226,6.940304788,-91.98610538,-35.23119228,0.047281932,21546,ssp585,carbonate,SO_SPSS,SO,SPSS,50.44258839,50.97886196,7.826177858,29.20544648,80.54915598,0.053317084
ssp585_carbonate_SO_SPSS,2,2090s,-56.63414157,-56.79796175,7.419760362,-89.32054662,-34.71317162,0.0505483,21546,ssp585,carbonate,SO_SPSS,SO,SPSS,52.70914929,53.27498299,7.812997125,29.66478989,83.41734612,0.053227288
ssp585_carbonate_SO_SPSS,3,2090s,-56.17292329,-56.36753936,7.125646685,-80.1107004,-34.06372648,0.048544603,21546,ssp585,carbonate,SO_SPSS,SO,SPSS,52.04716649,52.63047066,7.411160604,28.97716145,82.05595864,0.050489712
ssp585_carbonate_SO_SPSS,4,2090s,-55.55335468,-55.78054761,6.633679918,-78.76508125,-32.68880118,0.045193001,21546,ssp585,carbonate,SO_SPSS,SO,SPSS,50.82446985,51.39412141,6.945190356,27.90121885,79.27695087,0.047315216
ssp585_carbonate_SO_SPSS,5,2090s,-54.90899672,-55.15771433,6.164433543,-75.31680561,-31.64131331,0.041996186,21546,ssp585,carbonate,SO_SPSS,SO,SPSS,49.59338408,50.12930574,6.491144102,27.11234704,75.94553006,0.044221953
ssp585_carbonate_SO_SPSS,6,2090s,-54.30738602,-54.56658122,5.787767207,-74.6757698,-31.35161607,0.039430086,21546,ssp585,carbonate,SO_SPSS,SO,SPSS,48.59895917,49.09627669,6.141726608,26.59738855,72.6415238,0.041841491
ssp585_carbonate_SO_SPSS,7,2090s,-53.75734746,-54.01712923,5.499856402,-72.96593964,-31.52306883,0.037468648,21546,ssp585,carbonate,SO_SPSS,SO,SPSS,47.84127051,48.30701362,5.936813958,26.35059171,71.22320325,0.040445491
ssp585_carbonate_SO_SPSS,8,2090s,-53.39785655,-53.64591122,5.320758872,-72.97936365,-31.81560257,0.036248518,21546,ssp585,carbonate,SO_SPSS,SO,SPSS,47.33584624,47.78175354,5.892574447,26.40889477,70.82250978,0.040144102
ssp585_carbonate_SO_SPSS,9,2090s,-53.28450956,-53.52022836,5.328913189,-73.68323051,-32.5795723,0.03630407,21546,ssp585,carbonate,SO_SPSS,SO,SPSS,47.17954674,47.61888401,6.018988803,26.72373239,72.17183546,0.04100532
ssp585_carbonate_SO_STSS,1,2090s,-76.59113483,-77.13003077,14.32764888,-117.2154347,-25.4399765,0.113808316,15849,ssp585,carbonate,SO_STSS,SO,STSS,82.76181325,83.54640491,14.91265767,50.47519875,128.5476927,0.118455196
ssp585_carbonate_SO_STSS,10,2090s,-72.06243186,-72.57063246,11.76898387,-110.3518229,-17.70192043,0.093484161,15849,ssp585,carbonate,SO_STSS,SO,STSS,71.03267422,71.66903266,12.91298523,43.23531738,117.6704637,0.102571267
ssp585_carbonate_SO_STSS,11,2090s,-74.09436561,-74.61382129,12.99656991,-113.4639685,-22.10015033,0.103235203,15849,ssp585,carbonate,SO_STSS,SO,STSS,75.08242512,75.77560449,14.28099312,45.64639412,120.9792522,0.113437717
ssp585_carbonate_SO_STSS,12,2090s,-76.14118338,-76.66684182,14.26500872,-115.5199753,-24.63057766,0.113310749,15849,ssp585,carbonate,SO_STSS,SO,STSS,79.02858169,79.75751768,14.59614636,49.00869318,124.5119203,0.115941063
ssp585_carbonate_SO_STSS,2,2090s,-76.59988867,-77.13887072,14.09097781,-117.957589,-24.34656749,0.111928375,15849,ssp585,carbonate,SO_STSS,SO,STSS,84.35195359,85.20501361,15.48200715,51.77626208,129.4022112,0.12297769
ssp585_carbonate_SO_STSS,3,2090s,-76.3372201,-76.8803417,13.68875952,-117.8492772,-24.41210364,0.108733448,15849,ssp585,carbonate,SO_STSS,SO,STSS,83.84787734,84.74326541,15.90765214,52.14142445,129.7728485,0.126358701
ssp585_carbonate_SO_STSS,4,2090s,-75.41500295,-75.9601553,13.08544328,-116.1165634,-25.1958489,0.103941147,15849,ssp585,carbonate,SO_STSS,SO,STSS,81.18820284,82.08635693,15.81493623,49.25929622,126.8277593,0.125622234
ssp585_carbonate_SO_STSS,5,2090s,-74.23186126,-74.76925924,12.38690965,-115.6185942,-25.13840497,0.098392509,15849,ssp585,carbonate,SO_STSS,SO,STSS,77.36412614,78.20823158,14.95541716,44.20366667,123.6402823,0.118794846
ssp585_carbonate_SO_STSS,6,2090s,-73.08295389,-73.60396018,11.74198814,-115.1235066,-11.24328025,0.093269727,15849,ssp585,carbonate,SO_STSS,SO,STSS,73.63533553,74.3940762,13.71430805,44.74541562,119.734108,0.108936387
ssp585_carbonate_SO_STSS,7,2090s,-72.07670575,-72.57756673,11.2232812,-111.489727,-7.996783692,0.0891495,15849,ssp585,carbonate,SO_STSS,SO,STSS,70.74052235,71.41917701,12.57444668,42.06706653,116.2145427,0.099882166
ssp585_carbonate_SO_STSS,8,2090s,-71.24534585,-71.7304491,10.9399346,-109.8404853,-8.139082012,0.086898803,15849,ssp585,carbonate,SO_STSS,SO,STSS,69.03643538,69.65829032,11.86734284,41.53994312,113.8568853,0.094265452
ssp585_carbonate_SO_STSS,9,2090s,-71.07109573,-71.55358524,11.0466847,-110.871495,-10.15229727,0.087746747,15849,ssp585,carbonate,SO_STSS,SO,STSS,68.8751081,69.481131,11.88044457,42.70432644,114.1571582,0.094369523
ssp585_carbonate_SP_STPS,1,2090s,-93.72414576,-94.7515158,16.02403491,-130.7935056,-40.99426452,0.1035664,23939,ssp585,carbonate,SP_STPS,SP,STPS,113.8692751,115.9083002,22.07482825,53.04284762,146.5597321,0.142673834
ssp585_carbonate_SP_STPS,10,2090s,-94.52740862,-95.63330846,16.46563248,-127.7752996,-31.68607573,0.106420529,23939,ssp585,carbonate,SP_STPS,SP,STPS,104.3775608,106.6131477,24.22061285,48.53686707,144.9204745,0.15654245
ssp585_carbonate_SP_STPS,11,2090s,-94.86672252,-95.9473671,16.477854,-129.9996158,-33.93137688,0.106499519,23939,ssp585,carbonate,SP_STPS,SP,STPS,106.2817264,108.4592664,23.56930708,49.43841628,144.9806831,0.152332936
ssp585_carbonate_SP_STPS,12,2090s,-94.6946541,-95.75476752,16.37070777,-131.3428761,-38.4654032,0.105807013,23939,ssp585,carbonate,SP_STPS,SP,STPS,109.442065,111.5343303,22.61538944,51.16072664,145.216141,0.146167584
ssp585_carbonate_SP_STPS,2,2090s,-93.45315069,-94.47562732,15.7177079,-130.7186603,-37.10494946,0.10158655,23939,ssp585,carbonate,SP_STPS,SP,STPS,116.320128,118.3374595,21.91386381,54.66663186,146.7056874,0.14163349
ssp585_carbonate_SP_STPS,3,2090s,-93.6162556,-94.63952988,15.42755743,-129.6902337,-34.76059683,0.099711252,23939,ssp585,carbonate,SP_STPS,SP,STPS,117.0750407,119.1361923,22.36697624,54.61942759,147.1335103,0.144562042
ssp585_carbonate_SP_STPS,4,2090s,-94.05657032,-95.09828681,15.27894625,-128.8318816,-31.39974488,0.09875075,23939,ssp585,carbonate,SP_STPS,SP,STPS,115.9235396,118.0633037,23.08745845,53.48531567,147.3995803,0.149218656
ssp585_carbonate_SP_STPS,5,2090s,-94.34677284,-95.42425294,15.27385092,-128.0285628,-30.51350244,0.098717817,23939,ssp585,carbonate,SP_STPS,SP,STPS,113.369713,115.5928893,23.82607864,52.08619011,147.0925935,0.1539925
ssp585_carbonate_SP_STPS,6,2090s,-94.32293069,-95.43112808,15.40442083,-126.1568062,-30.49051245,0.099561716,23939,ssp585,carbonate,SP_STPS,SP,STPS,110.1937604,112.4765706,24.37593197,50.87312155,146.1351348,0.157546307
ssp585_carbonate_SP_STPS,7,2090s,-94.05192496,-95.17733658,15.70381058,-125.0746278,-31.97401695,0.101496729,23939,ssp585,carbonate,SP_STPS,SP,STPS,107.1049415,109.4118333,24.67693257,49.79542702,145.6609612,0.159491731
ssp585_carbonate_SP_STPS,8,2090s,-93.8055054,-94.9385317,16.06648796,-125.7002315,-31.31334302,0.103840782,23939,ssp585,carbonate,SP_STPS,SP,STPS,104.842767,107.1485314,24.77779736,49.01177294,145.044653,0.16014364
ssp585_carbonate_SP_STPS,9,2090s,-93.90495761,-95.03688046,16.37357148,-126.5965849,-30.83712295,0.105825522,23939,ssp585,carbonate,SP_STPS,SP,STPS,103.9232663,106.1971119,24.58356438,48.53734909,144.8644444,0.158888275
ssp585_dic_Atl_EQU,1,2090s,211.2693442,211.2393907,29.64858601,17.08124714,294.0992751,0.549802594,2908,ssp585,dic,Atl_EQU,Atl,EQU,2198.301094,2198.219484,97.11686101,1697.615334,2296.640764,1.800932501
ssp585_dic_Atl_EQU,10,2090s,215.7650085,215.7495861,30.66802986,-67.19280739,308.906189,0.568707134,2908,ssp585,dic,Atl_EQU,Atl,EQU,2209.4013,2209.391835,89.87638511,1267.693607,2302.219008,1.666665307
ssp585_dic_Atl_EQU,11,2090s,215.6871277,215.6647568,32.19779336,-25.83880436,304.9343785,0.597075028,2908,ssp585,dic,Atl_EQU,Atl,EQU,2205.851846,2205.814474,101.7255324,1319.716786,2295.749645,1.886395581
ssp585_dic_Atl_EQU,12,2090s,215.6693708,215.645142,29.11561038,19.27871769,300.4498812,0.539919108,2908,ssp585,dic,Atl_EQU,Atl,EQU,2202.867174,2202.800975,102.3428762,1513.289075,2298.830865,1.897843589
ssp585_dic_Atl_EQU,2,2090s,211.5654583,211.5353334,26.53170712,48.34291709,284.1579019,0.492003275,2908,ssp585,dic,Atl_EQU,Atl,EQU,2200.970036,2200.884829,87.33953022,1793.132966,2295.687414,1.619621937
ssp585_dic_Atl_EQU,3,2090s,213.792102,213.7652704,26.04687036,81.07969299,288.3575753,0.483012475,2908,ssp585,dic,Atl_EQU,Atl,EQU,2202.699053,2202.613378,82.01326114,1818.556062,2297.359284,1.520851744
ssp585_dic_Atl_EQU,4,2090s,213.9787048,213.9567598,25.54190926,69.13070833,288.7950555,0.473648489,2908,ssp585,dic,Atl_EQU,Atl,EQU,2203.681657,2203.608909,76.61528632,1832.014799,2302.28822,1.420751842
ssp585_dic_Atl_EQU,5,2090s,212.4564622,212.4381714,25.87958142,72.73193993,326.826875,0.479910273,2908,ssp585,dic,Atl_EQU,Atl,EQU,2199.550804,2199.49946,76.92633267,1764.69352,2311.290511,1.426519877
ssp585_dic_Atl_EQU,6,2090s,210.5820393,210.5627033,26.87690031,83.90935571,358.7848228,0.498404528,2908,ssp585,dic,Atl_EQU,Atl,EQU,2193.697419,2193.674403,78.1059473,1779.740435,2320.15167,1.44839462
ssp585_dic_Atl_EQU,7,2090s,210.3767135,210.3527555,28.13832034,38.29451732,317.8296722,0.521796268,2908,ssp585,dic,Atl_EQU,Atl,EQU,2194.211965,2194.208266,75.49715097,1690.993553,2310.424508,1.40001717
ssp585_dic_Atl_EQU,8,2090s,211.9018238,211.8864193,27.50492039,20.6242091,318.3552671,0.510050516,2908,ssp585,dic,Atl_EQU,Atl,EQU,2202.876493,2202.882105,71.00014146,1573.887398,2302.402309,1.316624744
ssp585_dic_Atl_EQU,9,2090s,214.2307672,214.2218215,27.69433672,-10.65829841,307.2967457,0.513563047,2908,ssp585,dic,Atl_EQU,Atl,EQU,2208.743316,2208.749843,76.76006027,1380.34541,2300.828665,1.423436526
ssp585_dic_IND_STPS,1,2090s,181.5825234,181.3328763,21.43823531,65.53961028,230.7120513,0.174629656,15071,ssp585,dic,IND_STPS,IND,STPS,2158.725484,2156.353693,74.7739695,1806.223506,2313.560581,0.6090871
ssp585_dic_IND_STPS,10,2090s,181.8276518,181.67316,23.88051559,30.33900115,281.4660098,0.194523764,15071,ssp585,dic,IND_STPS,IND,STPS,2161.571267,2159.580154,76.82671592,1659.858021,2320.827475,0.625808178
ssp585_dic_IND_STPS,11,2090s,182.236558,182.0078756,24.29940612,42.43767292,267.8477295,0.197935925,15071,ssp585,dic,IND_STPS,IND,STPS,2161.915211,2159.806432,76.31570792,1727.337268,2322.508022,0.621645655
ssp585_dic_IND_STPS,12,2090s,182.5265862,182.2703763,23.75051731,57.08123483,255.8418304,0.193464836,15071,ssp585,dic,IND_STPS,IND,STPS,2161.861779,2159.628444,75.61712707,1773.548324,2319.180783,0.615955217
ssp585_dic_IND_STPS,2,2090s,181.5577782,181.3423665,20.00993467,71.61129833,240.0597542,0.162995133,15071,ssp585,dic,IND_STPS,IND,STPS,2156.534545,2154.069935,74.98185896,1836.254781,2310.458933,0.610780507
ssp585_dic_IND_STPS,3,2090s,181.0040073,180.7838157,20.00630846,57.4838297,249.0733123,0.162965595,15071,ssp585,dic,IND_STPS,IND,STPS,2153.955028,2151.439275,75.38464346,1837.296975,2308.777553,0.614061473
ssp585_dic_IND_STPS,4,2090s,180.0774728,179.8393646,20.29759709,78.1287154,243.7068153,0.165338347,15071,ssp585,dic,IND_STPS,IND,STPS,2152.568446,2150.097862,75.36284253,1867.485947,2310.137451,0.613883889
ssp585_dic_IND_STPS,5,2090s,179.5221764,179.283979,20.43001738,94.1451916,223.4766356,0.166417005,15071,ssp585,dic,IND_STPS,IND,STPS,2153.311868,2150.973813,74.90744428,1898.22084,2311.220165,0.610174347
ssp585_dic_IND_STPS,6,2090s,179.15579,178.945417,20.24044733,114.495429,222.7287641,0.164872822,15071,ssp585,dic,IND_STPS,IND,STPS,2155.67476,2153.517946,74.06552559,1917.740876,2314.433896,0.603316321
ssp585_dic_IND_STPS,7,2090s,179.58693,179.4445293,20.02761552,121.9620094,222.5266402,0.163139156,15071,ssp585,dic,IND_STPS,IND,STPS,2158.216058,2156.180818,74.22453261,1890.257022,2317.380841,0.604611546
ssp585_dic_IND_STPS,8,2090s,179.9814632,179.8802205,20.72476715,71.28182145,242.614383,0.168817951,15071,ssp585,dic,IND_STPS,IND,STPS,2159.971596,2157.99967,74.96512045,1753.434658,2318.92058,0.61064416
ssp585_dic_IND_STPS,9,2090s,180.7479928,180.6398576,22.34598881,67.11046904,271.295892,0.182023953,15071,ssp585,dic,IND_STPS,IND,STPS,2161.046119,2159.104171,75.90231693,1696.957187,2320.214687,0.618278291
ssp585_dic_NA_SPSS,1,2090s,72.91542746,70.27870618,54.58460856,-85.99883188,226.2488976,0.626747208,7585,ssp585,dic,NA_SPSS,NA,SPSS,2131.495562,2124.058536,153.3947947,597.2334319,2336.032118,1.761297951
ssp585_dic_NA_SPSS,10,2090s,74.19014054,70.15924748,53.43262768,-79.16916634,229.4950318,0.613520021,7585,ssp585,dic,NA_SPSS,NA,SPSS,2111.310752,2102.056951,150.7019616,594.843655,2329.916215,1.73037851
ssp585_dic_NA_SPSS,11,2090s,71.77217866,68.36448394,53.89282988,-78.26897821,226.7488098,0.618804119,7585,ssp585,dic,NA_SPSS,NA,SPSS,2118.161862,2109.422313,152.3251649,596.8109397,2343.321026,1.74901633
ssp585_dic_NA_SPSS,12,2090s,70.99679261,68.09976578,54.39800992,-85.28406018,226.6824294,0.624604659,7585,ssp585,dic,NA_SPSS,NA,SPSS,2124.951342,2116.935223,153.3622612,597.8983985,2333.163784,1.760924397
ssp585_dic_NA_SPSS,2,2090s,74.01492148,71.44593222,54.76852308,-121.4626018,220.8536963,0.628858937,7585,ssp585,dic,NA_SPSS,NA,SPSS,2135.709373,2128.597459,153.2824189,597.4460888,2338.685823,1.760007638
ssp585_dic_NA_SPSS,3,2090s,75.09355893,72.4048515,55.04674779,-103.1887736,212.1876215,0.632053547,7585,ssp585,dic,NA_SPSS,NA,SPSS,2137.583038,2130.454929,152.8734958,597.5222269,2349.210621,1.755312333
ssp585_dic_NA_SPSS,4,2090s,76.32898963,73.58674061,54.81721174,-92.68040602,219.5888377,0.629417986,7585,ssp585,dic,NA_SPSS,NA,SPSS,2135.251198,2127.913926,151.729493,598.7033101,2341.866174,1.742176752
ssp585_dic_NA_SPSS,5,2090s,83.46118289,80.43780678,54.08530285,-83.85606424,240.0686464,0.621014118,7585,ssp585,dic,NA_SPSS,NA,SPSS,2127.964094,2120.546767,150.2845801,597.4391188,2328.676462,1.725586084
ssp585_dic_NA_SPSS,6,2090s,97.19509236,91.91078947,50.74831056,-82.76466274,289.2733234,0.582698361,7585,ssp585,dic,NA_SPSS,NA,SPSS,2121.840403,2113.900596,150.1307761,598.0492812,2326.57187,1.723820087
ssp585_dic_NA_SPSS,7,2090s,95.76520152,88.85787453,53.08309318,-94.66922201,296.2595878,0.609506623,7585,ssp585,dic,NA_SPSS,NA,SPSS,2115.902805,2106.978632,149.0938875,599.2917094,2323.913083,1.711914405
ssp585_dic_NA_SPSS,8,2090s,87.95688,81.73913132,51.96143822,-105.3677013,251.3866191,0.596627642,7585,ssp585,dic,NA_SPSS,NA,SPSS,2109.355991,2100.019703,148.2012461,598.3831427,2317.926515,1.701664985
ssp585_dic_NA_SPSS,9,2090s,79.36941456,74.50828087,52.30234945,-89.99177552,223.4622529,0.600542027,7585,ssp585,dic,NA_SPSS,NA,SPSS,2107.33974,2098.10754,148.7002426,595.7071155,2319.361428,1.707394525
ssp585_dic_NA_STPS,1,2090s,232.8531339,233.6746562,42.12167143,79.29054438,326.087872,0.486087602,7509,ssp585,dic,NA_STPS,NA,STPS,2299.20426,2299.043957,71.77451368,2050.15277,2406.957924,0.828283875
ssp585_dic_NA_STPS,10,2090s,240.3751855,241.2687769,46.02421189,80.83772738,338.6110276,0.531123244,7509,ssp585,dic,NA_STPS,NA,STPS,2307.95948,2307.541057,69.22504071,2061.415486,2411.980446,0.798862744
ssp585_dic_NA_STPS,11,2090s,238.9038098,239.7883752,44.85101638,81.50097851,334.1252071,0.51758447,7509,ssp585,dic,NA_STPS,NA,STPS,2304.203592,2303.898222,70.01682122,2055.573946,2408.089214,0.807999957
ssp585_dic_NA_STPS,12,2090s,236.4704819,237.3271493,43.91727965,80.29963229,333.938684,0.50680907,7509,ssp585,dic,NA_STPS,NA,STPS,2302.260713,2302.053231,71.38968949,2050.831505,2408.399556,0.823842971
ssp585_dic_NA_STPS,2,2090s,231.6219997,232.4411925,41.60348832,74.19375091,321.27556,0.480107725,7509,ssp585,dic,NA_STPS,NA,STPS,2299.7501,2299.648459,71.73477432,2050.213668,2408.544241,0.827825279
ssp585_dic_NA_STPS,3,2090s,232.0942114,232.8909538,41.22766545,78.50147403,317.7205427,0.475770698,7509,ssp585,dic,NA_STPS,NA,STPS,2301.265345,2301.202351,71.45847346,2052.777254,2410.724052,0.824636744
ssp585_dic_NA_STPS,4,2090s,233.7118624,234.4048653,41.05275797,85.8610415,314.8781558,0.473752251,7509,ssp585,dic,NA_STPS,NA,STPS,2303.568926,2303.468827,71.30243606,2056.27057,2413.196931,0.822836059
ssp585_dic_NA_STPS,5,2090s,235.7001751,236.2710684,41.36826927,88.97457658,312.4882604,0.477393278,7509,ssp585,dic,NA_STPS,NA,STPS,2307.317356,2307.049739,70.97853109,2060.336939,2415.383621,0.819098169
ssp585_dic_NA_STPS,6,2090s,236.7055408,237.2610878,42.60870276,86.93735656,322.3117497,0.491707984,7509,ssp585,dic,NA_STPS,NA,STPS,2310.723074,2310.232838,71.10002015,2063.268451,2415.259057,0.820500163
ssp585_dic_NA_STPS,7,2090s,237.5402169,238.1704271,43.76300948,85.01773298,331.3519148,0.50502878,7509,ssp585,dic,NA_STPS,NA,STPS,2312.225534,2311.625679,71.41829651,2050.101296,2413.086594,0.824173099
ssp585_dic_NA_STPS,8,2090s,239.0738715,239.8176568,44.8886916,81.84471889,336.2640769,0.518019245,7509,ssp585,dic,NA_STPS,NA,STPS,2312.806483,2312.212511,70.50322901,2065.572252,2417.254449,0.813613143
ssp585_dic_NA_STPS,9,2090s,240.0311992,240.8813629,46.19985728,79.52800231,338.6418612,0.533150206,7509,ssp585,dic,NA_STPS,NA,STPS,2311.435062,2310.921369,69.56576577,2063.082389,2420.214039,0.802794739
ssp585_dic_NA_STSS,1,2090s,151.3568301,154.1992946,64.2104886,-4.176343221,281.7415924,1.148081192,3128,ssp585,dic,NA_STSS,NA,STSS,2221.695509,2224.94232,100.0373587,1953.007925,2384.934214,1.788664322
ssp585_dic_NA_STSS,10,2090s,159.8716164,162.8945618,66.67418866,-4.966473903,301.6433657,1.192132059,3128,ssp585,dic,NA_STSS,NA,STSS,2214.4869,2218.124213,92.19757444,1933.819796,2374.032816,1.648489266
ssp585_dic_NA_STSS,11,2090s,157.0612672,160.0976454,67.31915877,-7.06882524,295.9754251,1.203664101,3128,ssp585,dic,NA_STSS,NA,STSS,2215.041639,2218.562303,95.97168022,1939.979008,2379.875259,1.715970139
ssp585_dic_NA_STSS,12,2090s,154.6527585,157.6142589,66.65112073,-5.652475783,287.3802568,1.191719606,3128,ssp585,dic,NA_STSS,NA,STSS,2218.950273,2222.346268,99.09867003,1950.913582,2383.597467,1.771880603
ssp585_dic_NA_STSS,2,2090s,149.4498617,152.2249369,63.03346379,-2.719903181,281.1697658,1.127036032,3128,ssp585,dic,NA_STSS,NA,STSS,2224.310251,2227.477336,100.3917364,1951.887681,2385.979133,1.795000582
ssp585_dic_NA_STSS,3,2090s,149.0318259,151.7982302,62.83723973,-1.715408928,284.6376633,1.123527553,3128,ssp585,dic,NA_STSS,NA,STSS,2225.266081,2228.411456,100.0250896,1958.306989,2383.190255,1.78844495
ssp585_dic_NA_STSS,4,2090s,151.6722145,154.4479081,62.07618661,4.110439493,289.9864834,1.109919951,3128,ssp585,dic,NA_STSS,NA,STSS,2223.281997,2226.459284,97.99627907,1950.784506,2381.803795,1.752169893
ssp585_dic_NA_STSS,5,2090s,162.0845693,164.8252881,59.90776445,23.55711806,296.7978313,1.071148641,3128,ssp585,dic,NA_STSS,NA,STSS,2222.145771,2225.452601,95.96944096,1945.139885,2383.344434,1.715930101
ssp585_dic_NA_STSS,6,2090s,166.9508569,169.7234764,61.56540841,26.16167215,300.870865,1.100787255,3128,ssp585,dic,NA_STSS,NA,STSS,2224.188931,2227.674537,94.18973675,1940.406757,2382.232961,1.684109055
ssp585_dic_NA_STSS,7,2090s,164.5396562,167.387735,63.11933753,12.56333885,302.9420495,1.128571451,3128,ssp585,dic,NA_STSS,NA,STSS,2224.177411,2227.778533,90.53432331,1940.148734,2376.491143,1.618750396
ssp585_dic_NA_STSS,8,2090s,161.921266,164.8365809,64.5788371,6.589541078,307.9844264,1.15466725,3128,ssp585,dic,NA_STSS,NA,STSS,2221.044677,2224.719939,88.5625911,1947.843517,2377.842819,1.583495896
ssp585_dic_NA_STSS,9,2090s,160.9125594,163.871225,65.55607247,0.981714297,308.5314074,1.172140183,3128,ssp585,dic,NA_STSS,NA,STSS,2217.086718,2220.774475,89.29730923,1938.278951,2371.106374,1.596632629
ssp585_dic_NP_SPSS,1,2090s,83.65191467,85.49158232,27.48765171,-55.38104847,177.7919769,0.316725101,7532,ssp585,dic,NP_SPSS,NP,SPSS,2091.499276,2092.532757,91.17913562,1498.067573,2256.10389,1.05060706
ssp585_dic_NP_SPSS,10,2090s,87.66475344,89.57144146,28.63040868,-159.6824342,161.6664359,0.329892462,7532,ssp585,dic,NP_SPSS,NP,SPSS,2070.166792,2071.429504,81.67215421,1427.956531,2214.256175,0.941063339
ssp585_dic_NP_SPSS,11,2090s,85.62619979,87.50964843,28.38150332,-125.2122875,169.4223642,0.327024462,7532,ssp585,dic,NP_SPSS,NP,SPSS,2078.749503,2079.859098,86.38818175,1457.520067,2236.399937,0.995403533
ssp585_dic_NP_SPSS,12,2090s,84.69540546,86.56357381,28.24092424,-89.28021026,175.0820967,0.325404647,7532,ssp585,dic,NP_SPSS,NP,SPSS,2086.805502,2087.870109,89.50907328,1485.984722,2253.090594,1.03136385
ssp585_dic_NP_SPSS,2,2090s,83.10125968,84.91755689,27.30332964,-59.62946534,176.5336102,0.314601259,7532,ssp585,dic,NP_SPSS,NP,SPSS,2094.489542,2095.524062,92.15089635,1524.755493,2257.00838,1.061804125
ssp585_dic_NP_SPSS,3,2090s,82.44763273,84.25902245,27.27987014,-58.80877528,169.1749867,0.314330948,7532,ssp585,dic,NP_SPSS,NP,SPSS,2094.792386,2095.86016,92.65770965,1534.044493,2255.740083,1.067643856
ssp585_dic_NP_SPSS,4,2090s,83.13480054,85.01053713,28.10842112,-69.92475435,170.2298817,0.323877886,7532,ssp585,dic,NP_SPSS,NP,SPSS,2090.483942,2091.616406,92.06049242,1522.419055,2247.268164,1.06076245
ssp585_dic_NP_SPSS,5,2090s,86.05939201,88.01507699,29.87415386,-83.65860629,215.6225717,0.344223454,7532,ssp585,dic,NP_SPSS,NP,SPSS,2081.346502,2082.753003,90.06134253,1491.638611,2241.851883,1.037727345
ssp585_dic_NP_SPSS,6,2090s,92.96496729,94.8101823,30.62518516,-113.7248544,260.3055537,0.352877175,7532,ssp585,dic,NP_SPSS,NP,SPSS,2074.111444,2075.844464,87.03424886,1464.284127,2225.231215,1.002847809
ssp585_dic_NP_SPSS,7,2090s,96.64673486,98.34663309,29.07718275,-141.4903012,211.2131285,0.335040394,7532,ssp585,dic,NP_SPSS,NP,SPSS,2070.230875,2071.965256,81.8708232,1459.641204,2208.301108,0.943352493
ssp585_dic_NP_SPSS,8,2090s,95.08906627,96.87296563,28.91253765,-153.4685232,176.4359427,0.333143279,7532,ssp585,dic,NP_SPSS,NP,SPSS,2066.02179,2067.779058,77.47434214,1435.503572,2199.116207,0.892694258
ssp585_dic_NP_SPSS,9,2090s,91.55350188,93.45206478,29.06675674,-163.7645738,162.0162861,0.334920261,7532,ssp585,dic,NP_SPSS,NP,SPSS,2064.691625,2066.271154,77.67748474,1427.490092,2196.041997,0.895034959
ssp585_dic_NP_STPS,1,2090s,146.4397233,146.687615,31.41528677,68.64248688,237.8110419,0.237416204,17509,ssp585,dic,NP_STPS,NP,STPS,2104.969745,2103.82824,75.63490356,1832.741917,2270.257254,0.571599166
ssp585_dic_NP_STPS,10,2090s,149.6098721,149.9779166,28.54212518,72.21411595,258.9342782,0.215702727,17509,ssp585,dic,NP_STPS,NP,STPS,2103.965806,2102.559751,73.84479701,1748.842122,2259.581601,0.55807071
ssp585_dic_NP_STPS,11,2090s,148.8191903,149.1550857,29.90542277,69.29832615,239.3321927,0.226005639,17509,ssp585,dic,NP_STPS,NP,STPS,2102.686387,2101.280599,75.73029508,1755.416811,2265.227855,0.572320072
ssp585_dic_NP_STPS,12,2090s,147.806608,148.0824987,31.29611895,58.64048975,236.6288225,0.236515612,17509,ssp585,dic,NP_STPS,NP,STPS,2103.547494,2102.228072,76.76976993,1779.992569,2270.046735,0.580175744
ssp585_dic_NP_STPS,2,2090s,146.8645068,147.1425073,31.22117401,70.03605565,238.2181346,0.235949227,17509,ssp585,dic,NP_STPS,NP,STPS,2108.603279,2107.659995,74.49666619,1860.491158,2269.252032,0.562997111
ssp585_dic_NP_STPS,3,2090s,148.3227262,148.6405501,30.87035598,69.94861312,236.4057669,0.233297973,17509,ssp585,dic,NP_STPS,NP,STPS,2112.335982,2111.58022,73.53173657,1865.219574,2273.586459,0.555704804
ssp585_dic_NP_STPS,4,2090s,150.7639351,151.1236634,30.4902461,71.60088223,239.5725184,0.230425351,17509,ssp585,dic,NP_STPS,NP,STPS,2116.363474,2115.750751,72.03172456,1851.498228,2275.585778,0.544368694
ssp585_dic_NP_STPS,5,2090s,153.4502238,153.8593236,29.89458387,74.24512137,244.3433107,0.225923726,17509,ssp585,dic,NP_STPS,NP,STPS,2119.933312,2119.317272,70.4103357,1839.877972,2275.012166,0.532115296
ssp585_dic_NP_STPS,6,2090s,154.429738,154.8627708,29.18700806,58.93709265,250.8241187,0.22057633,17509,ssp585,dic,NP_STPS,NP,STPS,2120.485106,2119.700685,69.52524739,1844.183483,2273.160416,0.525426378
ssp585_dic_NP_STPS,7,2090s,153.6488794,154.0864542,28.87499651,46.37733949,242.8395812,0.218218351,17509,ssp585,dic,NP_STPS,NP,STPS,2117.696402,2116.718214,69.58038941,1845.067828,2267.837695,0.525843105
ssp585_dic_NP_STPS,8,2090s,152.2526956,152.6521987,29.03909469,35.38098569,251.532064,0.219458497,17509,ssp585,dic,NP_STPS,NP,STPS,2112.18456,2111.012593,70.44347386,1814.854995,2262.792407,0.532365733
ssp585_dic_NP_STPS,9,2090s,151.1553453,151.5367133,28.65192506,42.61295701,263.9602877,0.216532523,17509,ssp585,dic,NP_STPS,NP,STPS,2107.49504,2106.178376,71.70801759,1741.548103,2258.705031,0.541922328
ssp585_dic_NP_STSS,1,2090s,132.2350316,132.8443004,25.42981139,67.7600274,206.9509279,0.437729938,3375,ssp585,dic,NP_STSS,NP,STSS,2116.452704,2116.729299,73.33626161,1939.453271,2266.993324,1.262356088
ssp585_dic_NP_STSS,10,2090s,134.6048291,135.1286065,22.13380286,73.23444563,220.3292902,0.380994888,3375,ssp585,dic,NP_STSS,NP,STSS,2104.029396,2104.422437,58.3513363,1880.627564,2259.179781,1.004416683
ssp585_dic_NP_STSS,11,2090s,134.7767346,135.3536001,24.35380417,69.68142627,215.2061245,0.419208347,3375,ssp585,dic,NP_STSS,NP,STSS,2106.802191,2107.16824,63.33910975,1915.619304,2265.638172,1.090272521
ssp585_dic_NP_STSS,12,2090s,134.0073647,134.6162535,25.6525132,68.1848484,209.5092075,0.441563362,3375,ssp585,dic,NP_STSS,NP,STSS,2111.624563,2111.930251,69.02826049,1936.734115,2269.672059,1.188201348
ssp585_dic_NP_STSS,2,2090s,130.8308239,131.45416,25.24986881,67.72230649,210.5911908,0.434632539,3375,ssp585,dic,NP_STSS,NP,STSS,2120.384744,2120.677087,76.2678144,1941.709808,2266.912737,1.312817667
ssp585_dic_NP_STSS,3,2090s,130.8821956,131.5231571,25.73980711,66.89733456,213.5956452,0.443065974,3375,ssp585,dic,NP_STSS,NP,STSS,2121.231034,2121.535085,77.06569592,1942.009293,2270.70221,1.326551808
ssp585_dic_NP_STSS,4,2090s,134.0188997,134.6980015,27.30217728,64.11043123,217.6832202,0.469959457,3375,ssp585,dic,NP_STSS,NP,STSS,2118.296408,2118.647575,76.20340509,1929.673253,2272.122829,1.311708973
ssp585_dic_NP_STSS,5,2090s,140.1113934,140.7390231,26.20175187,68.41518597,222.5490609,0.451017549,3375,ssp585,dic,NP_STSS,NP,STSS,2115.40347,2115.817325,73.40091375,1908.275669,2271.07682,1.263468962
ssp585_dic_NP_STSS,6,2090s,141.1361337,141.6423563,23.58289324,76.26533,225.2723974,0.405938457,3375,ssp585,dic,NP_STSS,NP,STSS,2113.953206,2114.327958,68.56233149,1896.208103,2266.983414,1.180181191
ssp585_dic_NP_STSS,7,2090s,137.8291799,138.2757353,20.53944846,75.79068146,232.0636945,0.353550853,3375,ssp585,dic,NP_STSS,NP,STSS,2109.352957,2109.673586,61.93270796,1879.382478,2260.510701,1.066063762
ssp585_dic_NP_STSS,8,2090s,135.3152532,135.7645074,19.42643161,76.7138264,223.4841803,0.334392205,3375,ssp585,dic,NP_STSS,NP,STSS,2105.795246,2106.104777,56.37649939,1869.16572,2257.451252,0.970423303
ssp585_dic_NP_STSS,9,2090s,134.0267735,134.5139963,20.25275262,75.37719701,222.2491185,0.348615883,3375,ssp585,dic,NP_STSS,NP,STSS,2103.660297,2104.017097,55.53833215,1854.082916,2255.38449,0.955995713
ssp585_dic_Pac_EQU_E,1,2090s,136.6271359,136.5957267,29.5697541,68.2710267,279.6160329,0.381299294,6014,ssp585,dic,Pac_EQU_E,Pac,EQU,2122.646555,2122.650356,58.40149719,1886.549526,2235.480056,0.753082003
ssp585_dic_Pac_EQU_E,10,2090s,141.1595431,141.1432404,31.71136395,60.27544333,362.4080273,0.408915159,6014,ssp585,dic,Pac_EQU_E,Pac,EQU,2129.17857,2129.214708,65.84867873,1851.58578,2244.235817,0.849112733
ssp585_dic_Pac_EQU_E,11,2090s,140.2984252,140.278814,31.86533669,68.8117762,354.3874208,0.410900623,6014,ssp585,dic,Pac_EQU_E,Pac,EQU,2123.582638,2123.610746,66.87896664,1878.301135,2233.612703,0.862398202
ssp585_dic_Pac_EQU_E,12,2090s,137.4810992,137.4540654,31.39152074,56.3612541,297.4544826,0.404790809,6014,ssp585,dic,Pac_EQU_E,Pac,EQU,2119.96173,2119.975582,66.17606534,1873.100954,2231.9219,0.853334353
ssp585_dic_Pac_EQU_E,2,2090s,139.4126566,139.3842678,27.72918992,66.61239712,274.6601332,0.357565386,6014,ssp585,dic,Pac_EQU_E,Pac,EQU,2132.120248,2132.130387,49.86080655,1922.347717,2239.913244,0.642950573
ssp585_dic_Pac_EQU_E,3,2090s,140.995117,140.9702453,28.15569807,54.25359615,263.9953155,0.36306517,6014,ssp585,dic,Pac_EQU_E,Pac,EQU,2136.93952,2136.95398,46.59202605,1915.67263,2239.025415,0.600799945
ssp585_dic_Pac_EQU_E,4,2090s,140.8766265,140.8494347,30.12595984,54.76846233,254.5838147,0.388471517,6014,ssp585,dic,Pac_EQU_E,Pac,EQU,2136.567975,2136.57629,45.77069581,1879.872301,2233.479052,0.590208966
ssp585_dic_Pac_EQU_E,5,2090s,138.9039826,138.8687328,31.3572606,40.74470507,255.1766358,0.404349028,6014,ssp585,dic,Pac_EQU_E,Pac,EQU,2136.634874,2136.645735,44.79655484,1897.571237,2230.751813,0.577647507
ssp585_dic_Pac_EQU_E,6,2090s,138.3745552,138.3434418,32.61956837,22.68650482,262.6915288,0.420626372,6014,ssp585,dic,Pac_EQU_E,Pac,EQU,2137.694729,2137.721344,51.48955608,1824.285595,2235.652223,0.66395315
ssp585_dic_Pac_EQU_E,7,2090s,136.5468473,136.5191961,35.38860441,0.573864797,287.9243493,0.45633284,6014,ssp585,dic,Pac_EQU_E,Pac,EQU,2135.36203,2135.393232,58.90376899,1839.026923,2240.096769,0.759558752
ssp585_dic_Pac_EQU_E,8,2090s,137.3811111,137.3569473,35.2497446,5.086890067,310.4468361,0.454542256,6014,ssp585,dic,Pac_EQU_E,Pac,EQU,2134.892565,2134.927313,62.40145694,1885.44594,2242.973536,0.804661121
ssp585_dic_Pac_EQU_E,9,2090s,139.4613659,139.4435764,32.33288671,31.46054229,291.056775,0.416929638,6014,ssp585,dic,Pac_EQU_E,Pac,EQU,2133.464326,2133.504032,64.73335457,1857.55609,2245.968834,0.834730729
ssp585_dic_Pac_EQU_W,1,2090s,126.2422843,126.1577034,40.90669439,44.14804432,265.9177023,0.619656163,4358,ssp585,dic,Pac_EQU_W,Pac,EQU,2076.400661,2076.426736,49.88133468,1900.502484,2198.668069,0.755604355
ssp585_dic_Pac_EQU_W,10,2090s,124.9279543,124.8290138,44.4752364,16.8826441,251.2851258,0.673712573,4358,ssp585,dic,Pac_EQU_W,Pac,EQU,2073.929163,2073.915311,55.81001487,1911.882046,2192.399748,0.845412228
ssp585_dic_Pac_EQU_W,11,2090s,126.2305962,126.1478615,42.5038372,24.25839205,243.9091457,0.643849743,4358,ssp585,dic,Pac_EQU_W,Pac,EQU,2074.320756,2074.326286,55.18083133,1910.262569,2192.085178,0.835881332
ssp585_dic_Pac_EQU_W,12,2090s,126.2110778,126.1320206,41.64377668,31.70399491,251.7649148,0.630821513,4358,ssp585,dic,Pac_EQU_W,Pac,EQU,2075.233414,2075.248973,53.3521377,1902.808787,2198.355744,0.808180211
ssp585_dic_Pac_EQU_W,2,2090s,125.816525,125.7205282,43.0306774,34.37221796,277.8918642,0.651830338,4358,ssp585,dic,Pac_EQU_W,Pac,EQU,2076.863888,2076.901627,48.25925104,1897.262712,2194.885013,0.731032971
ssp585_dic_Pac_EQU_W,3,2090s,125.6459762,125.5369754,44.31598989,23.78206892,283.0409175,0.671300301,4358,ssp585,dic,Pac_EQU_W,Pac,EQU,2076.003672,2076.046489,47.82165239,1901.575782,2189.147154,0.72440421
ssp585_dic_Pac_EQU_W,4,2090s,124.570816,124.4502775,44.50513366,14.33218546,280.1160221,0.674165458,4358,ssp585,dic,Pac_EQU_W,Pac,EQU,2072.751023,2072.781392,47.53433437,1902.326397,2186.637861,0.720051905
ssp585_dic_Pac_EQU_W,5,2090s,122.9636402,122.8192021,46.01963396,8.334430275,276.7341151,0.697107166,4358,ssp585,dic,Pac_EQU_W,Pac,EQU,2068.55306,2068.535608,46.94911936,1870.015254,2195.06095,0.711187046
ssp585_dic_Pac_EQU_W,6,2090s,120.7524904,120.5896781,46.86521708,-32.93415373,270.0328138,0.709916091,4358,ssp585,dic,Pac_EQU_W,Pac,EQU,2065.411957,2065.347488,48.04846471,1866.59256,2200.143452,0.727839971
ssp585_dic_Pac_EQU_W,7,2090s,120.423952,120.2597003,46.82567833,-40.10136254,260.7256579,0.709317157,4358,ssp585,dic,Pac_EQU_W,Pac,EQU,2065.423322,2065.334956,50.67339481,1854.018132,2197.186466,0.767602512
ssp585_dic_Pac_EQU_W,8,2090s,120.6543687,120.5051458,45.67183792,1.977978832,246.0815789,0.691838738,4358,ssp585,dic,Pac_EQU_W,Pac,EQU,2067.264453,2067.181996,52.94099782,1898.714414,2196.989063,0.801952249
ssp585_dic_Pac_EQU_W,9,2090s,121.8555651,121.7293436,46.06797441,12.06107732,255.6726652,0.697839429,4358,ssp585,dic,Pac_EQU_W,Pac,EQU,2070.594722,2070.542726,54.76041417,1917.077974,2193.769043,0.829512837
ssp585_dic_SA_STPS,1,2090s,202.7422665,203.5583141,20.21343208,127.1126354,267.2669682,0.229092436,7785,ssp585,dic,SA_STPS,SA,STPS,2255.872824,2257.041349,55.95573541,2070.334981,2342.207621,0.634184027
ssp585_dic_SA_STPS,10,2090s,199.6201803,200.5287405,23.72571848,111.5679965,265.212726,0.268899543,7785,ssp585,dic,SA_STPS,SA,STPS,2248.012151,2249.107457,63.76062189,2067.3848,2359.556048,0.722642061
ssp585_dic_SA_STPS,11,2090s,202.1434214,203.0100724,22.66068374,123.3521639,263.5859159,0.256828787,7785,ssp585,dic,SA_STPS,SA,STPS,2251.528761,2252.694901,62.08754881,2061.880253,2359.046799,0.703679997
ssp585_dic_SA_STPS,12,2090s,203.5305919,204.3932397,21.29074017,131.721564,264.3741123,0.241302294,7785,ssp585,dic,SA_STPS,SA,STPS,2255.730283,2256.954201,59.16808762,2061.57339,2352.141821,0.670591778
ssp585_dic_SA_STPS,2,2090s,203.0609614,203.8710234,20.71168448,127.2710621,310.5269848,0.234739466,7785,ssp585,dic,SA_STPS,SA,STPS,2256.066239,2257.181889,54.51997168,2089.459527,2340.74876,0.61791155
ssp585_dic_SA_STPS,3,2090s,203.2537316,204.079599,21.69944652,131.7210924,385.8306855,0.245934439,7785,ssp585,dic,SA_STPS,SA,STPS,2254.258213,2255.341632,55.27752521,2086.100366,2338.956829,0.626497414
ssp585_dic_SA_STPS,4,2090s,202.9588088,203.8398626,22.39731033,138.583482,324.4398267,0.253843799,7785,ssp585,dic,SA_STPS,SA,STPS,2251.420812,2252.511582,57.23335449,2081.580167,2337.069756,0.648664144
ssp585_dic_SA_STPS,5,2090s,202.1888682,203.1007919,22.98610328,144.6850874,282.2329378,0.260516986,7785,ssp585,dic,SA_STPS,SA,STPS,2249.071772,2250.177609,59.38911444,2031.462767,2345.020101,0.673096824
ssp585_dic_SA_STPS,6,2090s,201.0916428,202.0246083,23.48958766,149.5593384,274.1307802,0.266223314,7785,ssp585,dic,SA_STPS,SA,STPS,2247.609284,2248.711318,61.56724028,2017.163078,2350.897916,0.69778299
ssp585_dic_SA_STPS,7,2090s,199.77106,200.7179197,24.00730292,146.6517393,269.1009725,0.272090929,7785,ssp585,dic,SA_STPS,SA,STPS,2246.798031,2247.866954,63.14063256,2042.939022,2354.551936,0.715615304
ssp585_dic_SA_STPS,8,2090s,198.3902768,199.3352197,24.2435776,136.6264867,268.6289064,0.274768789,7785,ssp585,dic,SA_STPS,SA,STPS,2246.412725,2247.448092,64.15250862,2074.918741,2357.165986,0.727083577
ssp585_dic_SA_STPS,9,2090s,198.0027149,198.9440236,24.19118357,125.1010011,266.8616277,0.274174973,7785,ssp585,dic,SA_STPS,SA,STPS,2246.735471,2247.76958,64.19053399,2075.932753,2358.947033,0.727514544
ssp585_dic_SO_SPSS,1,2090s,116.5129529,116.6023034,12.49065253,76.92437918,181.9437149,0.08509456,21546,ssp585,dic,SO_SPSS,SO,SPSS,2187.981439,2187.3658,60.22810156,1692.545069,2313.124778,0.410313538
ssp585_dic_SO_SPSS,10,2090s,114.0011269,114.3558925,11.00003072,75.61926283,174.6340971,0.074939462,21546,ssp585,dic,SO_SPSS,SO,SPSS,2196.183638,2195.563385,63.42515421,1696.807043,2324.96984,0.432093968
ssp585_dic_SO_SPSS,11,2090s,115.1577916,115.446577,11.39868469,68.64174825,174.8960453,0.077655356,21546,ssp585,dic,SO_SPSS,SO,SPSS,2194.943991,2194.265941,62.85139796,1697.152651,2325.424099,0.428185163
ssp585_dic_SO_SPSS,12,2090s,116.9008624,117.0416072,12.18480024,74.10267468,178.5528893,0.083010893,21546,ssp585,dic,SO_SPSS,SO,SPSS,2191.644315,2191.012451,61.49641755,1694.916787,2318.526276,0.418954143
ssp585_dic_SO_SPSS,2,2090s,116.1643546,116.3098376,12.65078361,77.56394797,181.0703078,0.086185479,21546,ssp585,dic,SO_SPSS,SO,SPSS,2187.284428,2186.613932,60.10094633,1691.783111,2313.250931,0.409447273
ssp585_dic_SO_SPSS,3,2090s,115.2710665,115.5032913,12.42874986,78.60385645,177.1938272,0.084672839,21546,ssp585,dic,SO_SPSS,SO,SPSS,2187.70665,2186.989661,60.76028052,1692.069836,2317.44689,0.413939092
ssp585_dic_SO_SPSS,4,2090s,114.6743512,114.9781155,11.93482153,73.59856247,173.6241574,0.081307873,21546,ssp585,dic,SO_SPSS,SO,SPSS,2188.920601,2188.182501,61.74421405,1691.712149,2320.999119,0.420642296
ssp585_dic_SO_SPSS,5,2090s,114.1780083,114.5285435,11.61258202,73.6974239,170.2223408,0.079112565,21546,ssp585,dic,SO_SPSS,SO,SPSS,2190.691803,2189.973392,62.52949035,1692.308168,2322.713329,0.425992116
ssp585_dic_SO_SPSS,6,2090s,113.7546244,114.1460843,11.30582222,74.88896993,170.6925121,0.077022715,21546,ssp585,dic,SO_SPSS,SO,SPSS,2192.404865,2191.711398,63.18526042,1692.500122,2323.601614,0.430459654
ssp585_dic_SO_SPSS,7,2090s,113.4625421,113.8711892,10.98422808,76.78261128,173.9119833,0.074831804,21546,ssp585,dic,SO_SPSS,SO,SPSS,2193.800526,2193.146863,63.87048202,1695.241548,2324.539116,0.435127835
ssp585_dic_SO_SPSS,8,2090s,113.2975246,113.7009453,10.81200684,78.53283427,173.2562848,0.073658519,21546,ssp585,dic,SO_SPSS,SO,SPSS,2195.226384,2194.598691,64.0480969,1698.357304,2325.105026,0.436337865
ssp585_dic_SO_SPSS,9,2090s,113.3501412,113.738208,10.80017369,80.94377718,172.2051779,0.073577904,21546,ssp585,dic,SO_SPSS,SO,SPSS,2196.105395,2195.485157,63.79880963,1698.32863,2324.673386,0.434639556
ssp585_dic_SO_STSS,1,2090s,152.4164438,153.4606099,24.99029903,84.82376805,245.0496947,0.198504575,15849,ssp585,dic,SO_STSS,SO,STSS,2187.037319,2187.578156,61.82224681,2015.099705,2318.420459,0.491070507
ssp585_dic_SO_STSS,10,2090s,146.6549642,147.5980389,22.38293594,88.64192359,226.2557226,0.177793598,15849,ssp585,dic,SO_STSS,SO,STSS,2196.944416,2197.386661,65.14892429,1925.595435,2338.808978,0.517495189
ssp585_dic_SO_STSS,11,2090s,148.9084712,149.8570494,23.21841763,100.2839587,235.1442539,0.184430051,15849,ssp585,dic,SO_STSS,SO,STSS,2192.685003,2193.098834,63.65793415,1974.303494,2328.621474,0.505651859
ssp585_dic_SO_STSS,12,2090s,151.7770216,152.7559444,24.53738954,87.44499236,234.5499369,0.194906995,15849,ssp585,dic,SO_STSS,SO,STSS,2189.707838,2190.181411,62.90167675,2016.624551,2324.870161,0.499644706
ssp585_dic_SO_STSS,2,2090s,153.1228779,154.1902021,24.93520055,60.32553676,255.2990359,0.198066913,15849,ssp585,dic,SO_STSS,SO,STSS,2187.083296,2187.636643,60.7197583,1996.607746,2312.960756,0.482313148
ssp585_dic_SO_STSS,3,2090s,152.9574324,154.0296031,24.76923991,84.54502046,255.450921,0.196748644,15849,ssp585,dic,SO_STSS,SO,STSS,2187.754495,2188.263596,60.56243171,1869.644491,2311.643311,0.481063462
ssp585_dic_SO_STSS,4,2090s,151.8598805,152.9240734,24.39972976,72.51873773,258.2190623,0.193813526,15849,ssp585,dic,SO_STSS,SO,STSS,2189.429732,2189.875218,61.79200839,1720.678912,2314.095252,0.490830315
ssp585_dic_SO_STSS,5,2090s,150.3476381,151.3870827,23.78838921,85.35504105,336.7205734,0.188957486,15849,ssp585,dic,SO_STSS,SO,STSS,2192.190148,2192.623488,63.46295968,1757.765411,2319.036997,0.504103125
ssp585_dic_SO_STSS,6,2090s,148.8262408,149.8360061,23.26182491,71.14555162,493.2069877,0.184774846,15849,ssp585,dic,SO_STSS,SO,STSS,2195.068751,2195.527142,65.05688976,1850.597825,2326.999466,0.516764134
ssp585_dic_SO_STSS,7,2090s,147.2786849,148.2456059,22.37314129,74.83865787,356.4544588,0.177715797,15849,ssp585,dic,SO_STSS,SO,STSS,2197.292733,2197.778066,66.24559481,1916.45099,2337.856065,0.526206334
ssp585_dic_SO_STSS,8,2090s,145.8735408,146.807359,21.77504155,74.95966402,301.9069485,0.172964932,15849,ssp585,dic,SO_STSS,SO,STSS,2198.783868,2199.276768,66.52289193,1844.137511,2344.474647,0.528408978
ssp585_dic_SO_STSS,9,2090s,145.4397479,146.3556417,21.58888855,75.77270205,222.4571178,0.171486269,15849,ssp585,dic,SO_STSS,SO,STSS,2198.906602,2199.384481,66.16074811,1829.710953,2343.274243,0.525532374
ssp585_dic_SP_STPS,1,2090s,172.3506784,173.4267256,29.72978557,78.26694286,263.9660658,0.192149286,23939,ssp585,dic,SP_STPS,SP,STPS,2194.303603,2194.630976,62.6580325,1963.074707,2320.993442,0.404970838
ssp585_dic_SP_STPS,10,2090s,170.8893683,172.1161001,30.50197331,72.90419433,260.0997998,0.197140083,23939,ssp585,dic,SP_STPS,SP,STPS,2193.549246,2193.906575,63.87555748,2001.641356,2315.143532,0.412839935
ssp585_dic_SP_STPS,11,2090s,172.1215605,173.2805492,30.33798549,82.79277354,260.0800552,0.196080198,23939,ssp585,dic,SP_STPS,SP,STPS,2194.941127,2195.34716,63.40107889,1994.649223,2314.996779,0.409773289
ssp585_dic_SP_STPS,12,2090s,172.975035,174.0870597,30.0137806,85.37131854,259.3351774,0.1939848,23939,ssp585,dic,SP_STPS,SP,STPS,2196.058624,2196.475662,63.02516012,1981.764317,2318.54242,0.407343654
ssp585_dic_SP_STPS,2,2090s,172.1895334,173.2471207,30.2154779,65.19548012,274.7418305,0.195288408,23939,ssp585,dic,SP_STPS,SP,STPS,2192.523832,2192.701294,63.10949408,1956.681338,2322.882734,0.407888721
ssp585_dic_SP_STPS,3,2090s,171.6379897,172.6837279,30.68708248,55.77606188,282.1328818,0.198336479,23939,ssp585,dic,SP_STPS,SP,STPS,2189.888984,2189.910989,64.03384882,1951.803496,2322.24472,0.413863002
ssp585_dic_SP_STPS,4,2090s,170.6934904,171.7160813,30.93743233,49.69925726,280.2318253,0.199954538,23939,ssp585,dic,SP_STPS,SP,STPS,2187.431518,2187.314292,64.97007033,1925.367513,2318.965654,0.419913981
ssp585_dic_SP_STPS,5,2090s,170.0908996,171.1341196,31.17435242,39.34182881,276.7702,0.201485797,23939,ssp585,dic,SP_STPS,SP,STPS,2186.654899,2186.509421,65.14937,1942.59655,2314.689277,0.421072829
ssp585_dic_SP_STPS,6,2090s,169.8236465,170.9312391,31.32937703,21.47977942,270.8430159,0.202487751,23939,ssp585,dic,SP_STPS,SP,STPS,2187.702604,2187.634472,64.977837,1966.626622,2310.531003,0.419964178
ssp585_dic_SP_STPS,7,2090s,169.5655755,170.7391297,31.61401309,3.754640463,268.6568215,0.204327408,23939,ssp585,dic,SP_STPS,SP,STPS,2189.498477,2189.541086,64.90420224,1981.45503,2312.35299,0.419488263
ssp585_dic_SP_STPS,8,2090s,169.1823677,170.406626,31.34528769,5.514020721,266.491233,0.202590585,23939,ssp585,dic,SP_STPS,SP,STPS,2191.030338,2191.17594,64.53592652,1996.483386,2312.80001,0.417108026
ssp585_dic_SP_STPS,9,2090s,169.5671112,170.8277768,30.83321636,40.5825175,264.1272328,0.19928097,23939,ssp585,dic,SP_STPS,SP,STPS,2192.289766,2192.555724,64.15910658,2003.738494,2314.237623,0.414672567
ssp585_pCO2_Atl_EQU,1,2090s,662.5464379,662.5518377,22.89282116,536.5830882,715.3411865,0.42452387,2908,ssp585,pCO2,Atl_EQU,Atl,EQU,1056.30532,1056.310139,40.25769861,847.1671346,1156.903259,0.746537698
ssp585_pCO2_Atl_EQU,10,2090s,660.2509992,660.2408848,31.85105776,358.6858727,735.3556073,0.590645172,2908,ssp585,pCO2,Atl_EQU,Atl,EQU,1046.683289,1046.673916,44.76021428,547.8564728,1160.309385,0.830032229
ssp585_pCO2_Atl_EQU,11,2090s,668.9348062,668.9319478,32.29690204,380.4154266,723.7713704,0.598912897,2908,ssp585,pCO2,Atl_EQU,Atl,EQU,1058.493507,1058.486911,47.4667919,605.6828003,1140.816187,0.880222933
ssp585_pCO2_Atl_EQU,12,2090s,672.220269,672.2222587,28.0607615,507.5054433,735.8099406,0.520358019,2908,ssp585,pCO2,Atl_EQU,Atl,EQU,1063.52448,1063.523584,44.80067356,770.4678752,1156.602112,0.830782505
ssp585_pCO2_Atl_EQU,2,2090s,667.0830339,667.0982463,20.74882719,583.5283396,718.1755865,0.384765702,2908,ssp585,pCO2,Atl_EQU,Atl,EQU,1069.959031,1069.981298,38.05916781,932.8728902,1155.868281,0.705768201
ssp585_pCO2_Atl_EQU,3,2090s,666.7536763,666.7724532,17.58463418,583.2272257,706.8322308,0.326088991,2908,ssp585,pCO2,Atl_EQU,Atl,EQU,1075.304697,1075.339065,33.04388452,962.570931,1141.688733,0.61276492
ssp585_pCO2_Atl_EQU,4,2090s,661.0453055,661.0618087,15.63733993,558.6847015,701.6281067,0.289978418,2908,ssp585,pCO2,Atl_EQU,Atl,EQU,1067.98062,1068.014068,26.68505785,923.492041,1130.021758,0.494847007
ssp585_pCO2_Atl_EQU,5,2090s,653.8640644,653.8775309,17.84433659,536.5983124,713.6328542,0.330904905,2908,ssp585,pCO2,Atl_EQU,Atl,EQU,1054.15549,1054.18125,26.60801297,870.5183289,1130.235674,0.493418289
ssp585_pCO2_Atl_EQU,6,2090s,646.8740084,646.8762177,20.91988073,522.1910614,722.4963786,0.387937715,2908,ssp585,pCO2,Atl_EQU,Atl,EQU,1036.222073,1036.231887,28.93285239,844.4519287,1115.983538,0.536530049
ssp585_pCO2_Atl_EQU,7,2090s,643.9909753,643.9832712,23.81428614,482.6729055,723.6333639,0.441611492,2908,ssp585,pCO2,Atl_EQU,Atl,EQU,1026.512294,1026.515605,32.7854546,789.950826,1119.809744,0.607972603
ssp585_pCO2_Atl_EQU,8,2090s,645.1471022,645.1386588,26.18600856,468.2995646,735.8356934,0.48559265,2908,ssp585,pCO2,Atl_EQU,Atl,EQU,1026.481801,1026.484931,36.96526328,742.3607585,1128.2097,0.685482864
ssp585_pCO2_Atl_EQU,9,2090s,649.3145627,649.3068266,28.40649161,431.8265793,739.4721271,0.526769229,2908,ssp585,pCO2,Atl_EQU,Atl,EQU,1032.426409,1032.426606,40.04420197,672.3539917,1153.464395,0.742578622
ssp585_pCO2_IND_STPS,1,2090s,680.3804358,678.7572712,37.64279441,543.7967153,777.728327,0.306627301,15071,ssp585,pCO2,IND_STPS,IND,STPS,1058.021138,1056.437928,44.09416763,851.3628276,1178.570642,0.359178319
ssp585_pCO2_IND_STPS,10,2090s,664.7660162,664.5278768,20.21705327,559.451503,1085.129807,0.164682261,15071,ssp585,pCO2,IND_STPS,IND,STPS,1020.607572,1021.391031,28.00829921,840.2552612,1463.812939,0.228147494
ssp585_pCO2_IND_STPS,11,2090s,676.9006661,676.0962501,28.27518718,572.9104492,755.1250916,0.230321486,15071,ssp585,pCO2,IND_STPS,IND,STPS,1040.406021,1040.480106,29.43157938,875.3691162,1169.065327,0.239741122
ssp585_pCO2_IND_STPS,12,2090s,687.6712439,686.2851042,37.12965447,554.794042,784.0989185,0.302447412,15071,ssp585,pCO2,IND_STPS,IND,STPS,1060.519505,1059.620987,40.2200486,868.7120219,1185.289919,0.327620868
ssp585_pCO2_IND_STPS,2,2090s,679.591092,678.2051895,33.30857199,547.4480977,759.2416097,0.271321981,15071,ssp585,pCO2,IND_STPS,IND,STPS,1059.993711,1058.495305,40.21022995,855.86474,1171.751672,0.327540888
ssp585_pCO2_IND_STPS,3,2090s,677.4042432,676.5264582,26.28704565,567.8439463,754.9222388,0.214126661,15071,ssp585,pCO2,IND_STPS,IND,STPS,1058.954453,1058.218235,29.8423939,903.5595398,1146.755054,0.243087498
ssp585_pCO2_IND_STPS,4,2090s,671.3055328,671.0322972,22.31027376,583.7167603,789.7116656,0.181733029,15071,ssp585,pCO2,IND_STPS,IND,STPS,1049.938245,1050.248184,27.17902689,955.7686279,1193.68532,0.221392482
ssp585_pCO2_IND_STPS,5,2090s,662.4087531,662.4585935,20.07374248,591.2968567,775.5520752,0.163514893,15071,ssp585,pCO2,IND_STPS,IND,STPS,1032.970888,1033.895065,31.13477035,946.2129944,1175.459795,0.253614822
ssp585_pCO2_IND_STPS,6,2090s,653.4528746,653.5723995,17.47877585,581.529303,714.9105536,0.142377046,15071,ssp585,pCO2,IND_STPS,IND,STPS,1014.649201,1015.754525,32.13749522,923.4242615,1133.931018,0.261782729
ssp585_pCO2_IND_STPS,7,2090s,649.0879204,649.1481074,16.35657168,567.961495,701.4891907,0.133235896,15071,ssp585,pCO2,IND_STPS,IND,STPS,1003.127104,1004.192429,32.17566497,911.1979675,1101.451976,0.262093648
ssp585_pCO2_IND_STPS,8,2090s,650.5114852,650.5403902,16.94928719,565.4590576,779.0204081,0.138063985,15071,ssp585,pCO2,IND_STPS,IND,STPS,1001.425989,1002.475847,33.12972916,895.4863098,1148.315629,0.269865179
ssp585_pCO2_IND_STPS,9,2090s,655.9762597,655.9728391,18.7040627,539.233493,1053.196412,0.152357878,15071,ssp585,pCO2,IND_STPS,IND,STPS,1007.362902,1008.404845,32.46387701,855.5941528,1430.204871,0.26444134
ssp585_pCO2_NA_SPSS,1,2090s,657.0869649,655.0080463,26.41376637,559.1358929,727.2486389,0.303286123,7585,ssp585,pCO2,NA_SPSS,NA,SPSS,983.8023571,985.7116587,29.25491302,843.5674817,1123.798193,0.335908519
ssp585_pCO2_NA_SPSS,10,2090s,693.3965394,691.9680376,30.26941119,607.3930115,794.1055832,0.347557112,7585,ssp585,pCO2,NA_SPSS,NA,SPSS,1025.706939,1030.726922,37.80710678,910.0985229,1140.469548,0.434105863
ssp585_pCO2_NA_SPSS,11,2090s,681.2644513,678.4586428,26.08410719,601.0312378,766.3578647,0.299500936,7585,ssp585,pCO2,NA_SPSS,NA,SPSS,1012.297997,1014.694759,29.58459898,902.0031494,1132.634603,0.339694014
ssp585_pCO2_NA_SPSS,12,2090s,674.0170888,671.5862432,25.69252531,596.817392,744.9022802,0.295004744,7585,ssp585,pCO2,NA_SPSS,NA,SPSS,1003.753282,1005.8233,29.26684055,885.9166077,1140.801961,0.336045473
ssp585_pCO2_NA_SPSS,2,2090s,655.0295979,653.3219342,28.07346168,545.5628754,735.2781687,0.322342949,7585,ssp585,pCO2,NA_SPSS,NA,SPSS,980.433986,982.4195948,29.46320812,830.8312964,1096.436033,0.338300189
ssp585_pCO2_NA_SPSS,3,2090s,654.683665,653.8291453,32.19578365,551.0958337,748.4311304,0.369675959,7585,ssp585,pCO2,NA_SPSS,NA,SPSS,978.6879819,981.5939503,32.20643909,845.4741431,1087.532874,0.369798306
ssp585_pCO2_NA_SPSS,4,2090s,655.4970777,657.279925,41.49563448,497.5191895,793.1763068,0.476457993,7585,ssp585,pCO2,NA_SPSS,NA,SPSS,974.1863757,979.9096803,42.68743024,794.4032227,1090.960017,0.490142339
ssp585_pCO2_NA_SPSS,5,2090s,671.7061884,677.9249566,53.60892028,508.0673264,851.5214743,0.615544234,7585,ssp585,pCO2,NA_SPSS,NA,SPSS,973.726713,985.3023203,62.124841,742.7171326,1178.612493,0.713325086
ssp585_pCO2_NA_SPSS,6,2090s,730.7833002,735.9394516,57.72347534,568.8756073,909.4846344,0.662788063,7585,ssp585,pCO2,NA_SPSS,NA,SPSS,1030.331484,1043.605715,71.476553,861.1507507,1328.186326,0.820702597
ssp585_pCO2_NA_SPSS,7,2090s,766.9286031,768.5035118,55.21737416,570.9825714,961.9709711,0.6340127,7585,ssp585,pCO2,NA_SPSS,NA,SPSS,1086.73608,1097.706228,69.01760354,883.1084534,1391.65343,0.792468636
ssp585_pCO2_NA_SPSS,8,2090s,757.9073353,758.9002092,49.63330007,579.9290649,970.0722015,0.569895673,7585,ssp585,pCO2,NA_SPSS,NA,SPSS,1090.670181,1101.164258,64.79911892,889.1632385,1408.995908,0.744031475
ssp585_pCO2_NA_SPSS,9,2090s,720.338907,721.0031916,39.55317622,609.5425507,844.5141962,0.454154448,7585,ssp585,pCO2,NA_SPSS,NA,SPSS,1054.468709,1063.328297,52.81273525,906.842572,1266.702893,0.60640234
ssp585_pCO2_NA_STPS,1,2090s,642.7082679,642.9718937,19.84896036,553.6111884,690.9737671,0.229058658,7509,ssp585,pCO2,NA_STPS,NA,STPS,1001.215478,1002.126055,31.51548717,876.9350879,1095.957922,0.363691351
ssp585_pCO2_NA_STPS,10,2090s,695.1081924,694.7427047,26.50420599,565.1077972,751.7766376,0.305860748,7509,ssp585,pCO2,NA_STPS,NA,STPS,1090.245339,1089.95063,32.10161025,945.8140686,1196.098589,0.37045526
ssp585_pCO2_NA_STPS,11,2090s,677.608329,677.6391521,23.16120976,581.8974274,723.7099567,0.267282292,7509,ssp585,pCO2,NA_STPS,NA,STPS,1058.705062,1059.182083,31.21880649,933.9241699,1141.999902,0.360267631
ssp585_pCO2_NA_STPS,12,2090s,662.5323553,662.7644517,20.99700526,586.82005,703.5055145,0.242307192,7509,ssp585,pCO2,NA_STPS,NA,STPS,1031.098576,1031.945587,31.8316511,921.0158997,1113.718613,0.367339909
ssp585_pCO2_NA_STPS,2,2090s,641.6626858,641.9491238,18.98303195,548.2374298,707.5672251,0.219065772,7509,ssp585,pCO2,NA_STPS,NA,STPS,996.5515907,997.4975109,30.86188336,868.7854041,1116.705134,0.356148708
ssp585_pCO2_NA_STPS,3,2090s,646.1466839,646.4461443,19.27971488,550.9600439,709.747276,0.222489518,7509,ssp585,pCO2,NA_STPS,NA,STPS,1000.568177,1001.607616,31.78319002,872.2854907,1137.409224,0.366780664
ssp585_pCO2_NA_STPS,4,2090s,656.5107525,656.5691867,19.63408886,568.3310516,711.7653798,0.226579023,7509,ssp585,pCO2,NA_STPS,NA,STPS,1014.262382,1015.165203,31.25154489,892.6244568,1115.284226,0.360645435
ssp585_pCO2_NA_STPS,5,2090s,677.0541094,676.3371369,23.66439127,589.1394897,752.3007701,0.273089049,7509,ssp585,pCO2,NA_STPS,NA,STPS,1045.632611,1045.604658,28.75692595,929.2699158,1157.382698,0.331857324
ssp585_pCO2_NA_STPS,6,2090s,699.8337895,698.3457233,33.42755593,570.7220856,824.1702159,0.385756784,7509,ssp585,pCO2,NA_STPS,NA,STPS,1084.319398,1082.979321,38.42070384,964.2058533,1247.143259,0.443378127
ssp585_pCO2_NA_STPS,7,2090s,711.6950073,710.0415996,37.28554716,572.3595032,845.9819421,0.430278324,7509,ssp585,pCO2,NA_STPS,NA,STPS,1109.953929,1107.91844,47.82296823,975.7908752,1314.083542,0.551881042
ssp585_pCO2_NA_STPS,8,2090s,711.9103998,710.5713886,36.21522872,552.9015686,830.9186487,0.41792676,7509,ssp585,pCO2,NA_STPS,NA,STPS,1117.149138,1115.251165,48.09060036,959.932843,1308.503245,0.554969539
ssp585_pCO2_NA_STPS,9,2090s,707.3353304,706.397027,31.6631041,544.8353088,793.1338104,0.365394862,7509,ssp585,pCO2,NA_STPS,NA,STPS,1112.041747,1110.743115,40.15380797,946.551062,1272.312715,0.463378293
ssp585_pCO2_NA_STSS,1,2090s,637.9736141,637.2544177,25.93063618,556.693363,681.0174109,0.463638828,3128,ssp585,pCO2,NA_STSS,NA,STSS,981.6819326,980.8803093,31.23041879,860.8161658,1032.677167,0.558398748
ssp585_pCO2_NA_STSS,10,2090s,696.2705658,696.0324227,36.37237298,600.655191,768.2657703,0.650336701,3128,ssp585,pCO2,NA_STSS,NA,STSS,1060.427083,1060.481302,43.73754936,943.2055725,1230.733289,0.782025786
ssp585_pCO2_NA_STSS,11,2090s,666.3815619,666.0385821,28.21574325,579.3095398,715.4664722,0.504496459,3128,ssp585,pCO2,NA_STSS,NA,STSS,1016.742361,1016.492982,35.28157345,918.8432678,1120.309976,0.630833245
ssp585_pCO2_NA_STSS,12,2090s,654.7794697,654.1941809,24.49198305,582.4708099,698.4878015,0.437915763,3128,ssp585,pCO2,NA_STSS,NA,STSS,999.9077541,999.2732219,29.96289106,908.8575012,1072.724813,0.535735398
ssp585_pCO2_NA_STSS,2,2090s,635.232099,634.5045534,27.67077926,538.3440869,686.7291364,0.494752523,3128,ssp585,pCO2,NA_STSS,NA,STSS,980.3300155,979.5311071,33.08790901,846.068562,1031.945968,0.591610605
ssp585_pCO2_NA_STSS,3,2090s,636.8500261,636.1060922,31.00204891,533.178504,700.6116577,0.554315503,3128,ssp585,pCO2,NA_STSS,NA,STSS,980.7827007,979.9653373,34.80423554,842.468866,1047.591637,0.622298461
ssp585_pCO2_NA_STSS,4,2090s,642.4303081,641.5012011,45.1702287,487.0418355,723.5235748,0.80764204,3128,ssp585,pCO2,NA_STSS,NA,STSS,977.1035725,976.2271597,44.28001539,846.2603345,1070.555359,0.791725059
ssp585_pCO2_NA_STSS,5,2090s,682.2481446,681.1921819,52.73056014,488.8068176,777.4322552,0.94282049,3128,ssp585,pCO2,NA_STSS,NA,STSS,1008.515893,1007.819674,58.07462031,837.7453837,1172.397566,1.038372091
ssp585_pCO2_NA_STSS,6,2090s,739.5739304,738.4688295,46.97144673,608.1245728,857.2405786,0.839847753,3128,ssp585,pCO2,NA_STSS,NA,STSS,1083.253637,1082.740018,55.74209598,942.7840698,1293.694331,0.996666641
ssp585_pCO2_NA_STSS,7,2090s,773.5336266,772.42777,45.74909086,615.7329193,897.7761119,0.817992075,3128,ssp585,pCO2,NA_STSS,NA,STSS,1148.420362,1147.901827,54.41027138,1007.82467,1402.038396,0.972853666
ssp585_pCO2_NA_STSS,8,2090s,767.9761981,767.1214105,46.26855038,621.8783813,876.2818207,0.827279992,3128,ssp585,pCO2,NA_STSS,NA,STSS,1160.525054,1160.161061,54.13311844,1019.442389,1403.533276,0.967898182
ssp585_pCO2_NA_STSS,9,2090s,738.8259231,738.3624844,42.62911236,602.2681244,835.6982111,0.762206973,3128,ssp585,pCO2,NA_STSS,NA,STSS,1122.600684,1122.567145,48.02425547,982.4499512,1352.266855,0.858671935
ssp585_pCO2_NP_SPSS,1,2090s,657.5319384,657.184111,26.59632757,471.3658356,737.0666667,0.306454863,7532,ssp585,pCO2,NP_SPSS,NP,SPSS,1013.988928,1012.238244,44.45729119,781.4819812,1114.481242,0.512256929
ssp585_pCO2_NP_SPSS,10,2090s,665.1765109,665.7081446,29.83488579,542.6211761,751.3380646,0.343770989,7532,ssp585,pCO2,NP_SPSS,NP,SPSS,1025.458376,1025.7041,35.06494791,845.9922241,1158.694153,0.40403412
ssp585_pCO2_NP_SPSS,11,2090s,665.3353558,665.0873603,26.55481984,523.146452,721.0502035,0.305976592,7532,ssp585,pCO2,NP_SPSS,NP,SPSS,1023.420538,1022.335128,39.57345297,855.2533289,1130.142664,0.455983146
ssp585_pCO2_NP_SPSS,12,2090s,669.1921397,668.8263448,26.42005246,489.0650092,771.0906199,0.304423742,7532,ssp585,pCO2,NP_SPSS,NP,SPSS,1026.932777,1025.389784,43.39477086,805.9515369,1134.092342,0.500014091
ssp585_pCO2_NP_SPSS,2,2090s,654.9780256,654.7527867,26.42295555,488.7368768,730.2823664,0.304457193,7532,ssp585,pCO2,NP_SPSS,NP,SPSS,1011.485493,1009.823477,43.68050936,775.4631506,1110.200545,0.503306499
ssp585_pCO2_NP_SPSS,3,2090s,649.3053094,649.2268564,26.97094584,499.1376831,776.0631729,0.310771384,7532,ssp585,pCO2,NP_SPSS,NP,SPSS,1004.695273,1003.30013,40.17385304,780.8065356,1101.928849,0.462901226
ssp585_pCO2_NP_SPSS,4,2090s,629.075256,629.5030021,39.27901547,470.7116455,816.7667038,0.452590504,7532,ssp585,pCO2,NP_SPSS,NP,SPSS,977.0918441,976.4890236,42.58249297,751.5003479,1094.381006,0.49065466
ssp585_pCO2_NP_SPSS,5,2090s,615.3594443,617.0780904,73.90680474,366.5035889,874.9464157,0.851587486,7532,ssp585,pCO2,NP_SPSS,NP,SPSS,952.1810056,953.3758512,82.04109135,637.7754883,1175.550071,0.945314399
ssp585_pCO2_NP_SPSS,6,2090s,652.9787458,655.3884331,69.05289669,482.484549,938.5032277,0.795658572,7532,ssp585,pCO2,NP_SPSS,NP,SPSS,991.2890396,993.6383397,88.86423221,739.9474141,1271.680542,1.023933701
ssp585_pCO2_NP_SPSS,7,2090s,700.0261655,702.5688062,61.86478877,497.5504822,940.9007222,0.712833955,7532,ssp585,pCO2,NP_SPSS,NP,SPSS,1055.716934,1058.616697,77.85558356,818.3960876,1283.258083,0.897087094
ssp585_pCO2_NP_SPSS,8,2090s,710.7150672,713.534676,60.33227789,496.5960175,913.048302,0.695175675,7532,ssp585,pCO2,NP_SPSS,NP,SPSS,1081.426889,1085.106633,71.78023159,821.5787598,1283.935613,0.827084152
ssp585_pCO2_NP_SPSS,9,2090s,684.3133836,686.3876706,46.62556794,510.5534119,794.2541528,0.53724079,7532,ssp585,pCO2,NP_SPSS,NP,SPSS,1051.160466,1053.741973,53.46092485,808.4684692,1206.862822,0.616000851
ssp585_pCO2_NP_STPS,1,2090s,640.3205585,640.1180637,14.13920735,584.8571198,679.2242157,0.106854888,17509,ssp585,pCO2,NP_STPS,NP,STPS,996.6482937,996.9233125,22.57416408,894.3798218,1081.277863,0.170600778
ssp585_pCO2_NP_STPS,10,2090s,678.4509029,677.6126574,26.70083882,593.9298024,772.6746515,0.201787488,17509,ssp585,pCO2,NP_STPS,NP,STPS,1065.003368,1063.86408,35.46779662,946.0706421,1204.394446,0.268042425
ssp585_pCO2_NP_STPS,11,2090s,664.0535575,663.6707297,19.04732904,601.0229919,741.768739,0.143947263,17509,ssp585,pCO2,NP_STPS,NP,STPS,1038.491631,1038.127102,25.44202343,953.8143555,1145.37262,0.192274184
ssp585_pCO2_NP_STPS,12,2090s,654.7574089,654.5239875,15.14149821,580.0400543,709.5143604,0.114429547,17509,ssp585,pCO2,NP_STPS,NP,STPS,1018.774379,1018.803363,20.90897707,930.1186157,1090.959383,0.158016382
ssp585_pCO2_NP_STPS,2,2090s,642.6413494,642.4394271,14.47932924,579.1662018,691.6290446,0.109425307,17509,ssp585,pCO2,NP_STPS,NP,STPS,997.5134323,997.9438761,25.08618055,892.9872498,1083.20704,0.189584956
ssp585_pCO2_NP_STPS,3,2090s,648.3564949,648.163808,16.55487699,569.9069478,710.9727924,0.12511094,17509,ssp585,pCO2,NP_STPS,NP,STPS,1005.476692,1006.0608,26.32876547,913.5434998,1105.106428,0.198975601
ssp585_pCO2_NP_STPS,4,2090s,659.9564476,659.6701611,21.44925358,578.8960185,763.3762115,0.162099439,17509,ssp585,pCO2,NP_STPS,NP,STPS,1023.99758,1024.581017,28.98545878,925.3725057,1184.862192,0.219053152
ssp585_pCO2_NP_STPS,5,2090s,678.1169612,677.31476,28.41175476,593.4367869,767.8878394,0.214717472,17509,ssp585,pCO2,NP_STPS,NP,STPS,1052.754746,1052.623862,31.04824626,943.9352519,1190.686499,0.234642352
ssp585_pCO2_NP_STPS,6,2090s,693.1886203,691.7275335,35.81816644,601.6707896,799.7094055,0.270690291,17509,ssp585,pCO2,NP_STPS,NP,STPS,1079.610246,1078.246263,39.29966013,992.1107483,1198.582253,0.297001145
ssp585_pCO2_NP_STPS,7,2090s,697.3024069,695.4786972,41.0515901,595.5077118,836.7084497,0.310241086,17509,ssp585,pCO2,NP_STPS,NP,STPS,1091.694737,1089.428559,50.44823782,975.9676636,1270.03314,0.381254808
ssp585_pCO2_NP_STPS,8,2090s,695.4851746,693.6531112,41.89873265,592.8943451,844.9857062,0.316643236,17509,ssp585,pCO2,NP_STPS,NP,STPS,1092.169675,1089.695917,54.43665644,977.4164246,1293.256526,0.411396669
ssp585_pCO2_NP_STPS,9,2090s,691.4896896,689.9998888,37.02860265,572.5294637,816.928493,0.279837977,17509,ssp585,pCO2,NP_STPS,NP,STPS,1086.368997,1084.295655,48.6416171,932.7094828,1267.69959,0.36760155
ssp585_pCO2_NP_STSS,1,2090s,644.882357,644.3040754,25.07770132,562.4123615,684.0313639,0.431668976,3375,ssp585,pCO2,NP_STSS,NP,STSS,973.7266648,972.8484266,39.78143432,832.3212268,1064.297148,0.684768145
ssp585_pCO2_NP_STSS,10,2090s,686.0897541,686.1193594,32.60192751,588.3247833,762.4742017,0.561185432,3375,ssp585,pCO2,NP_STSS,NP,STSS,1053.734444,1054.085458,45.45021773,902.3834717,1193.759553,0.782346384
ssp585_pCO2_NP_STSS,11,2090s,664.5633739,664.4815645,24.83718156,584.2734619,719.8125818,0.427528847,3375,ssp585,pCO2,NP_STSS,NP,STSS,1012.16279,1012.218927,36.42499053,899.9820801,1109.702158,0.626992808
ssp585_pCO2_NP_STSS,12,2090s,656.7017067,656.312694,22.34980447,578.0800836,695.4000775,0.38471298,3375,ssp585,pCO2,NP_STSS,NP,STSS,992.0547493,991.5472715,34.58624598,859.6362451,1074.314117,0.595342021
ssp585_pCO2_NP_STSS,2,2090s,645.540588,645.0144821,25.45856396,567.7117798,684.2910034,0.438224863,3375,ssp585,pCO2,NP_STSS,NP,STSS,974.0990733,973.2062151,41.63295168,833.2117297,1049.196322,0.716638793
ssp585_pCO2_NP_STSS,3,2090s,644.4323915,644.0806442,23.54113753,571.4249023,692.715329,0.405219705,3375,ssp585,pCO2,NP_STSS,NP,STSS,971.5230771,970.7996377,37.41636511,838.4107458,1034.518363,0.644057595
ssp585_pCO2_NP_STSS,4,2090s,641.5152708,641.7314308,31.68719402,567.6856506,719.6762823,0.545439888,3375,ssp585,pCO2,NP_STSS,NP,STSS,963.7938105,963.7625736,36.65755935,873.3333191,1065.699012,0.630996075
ssp585_pCO2_NP_STSS,5,2090s,671.1681412,671.7829899,46.23840956,552.4955363,763.467157,0.795913734,3375,ssp585,pCO2,NP_STSS,NP,STSS,995.4287652,996.1738042,58.83283295,851.5408447,1118.552124,1.01270481
ssp585_pCO2_NP_STSS,6,2090s,717.5685305,717.7341413,41.861278,618.7639435,840.4707104,0.720569034,3375,ssp585,pCO2,NP_STSS,NP,STSS,1063.810742,1064.380785,56.38532049,924.1352071,1201.760779,0.970575143
ssp585_pCO2_NP_STSS,7,2090s,745.1364664,744.7335767,44.78390639,621.3114136,848.995321,0.770876994,3375,ssp585,pCO2,NP_STSS,NP,STSS,1123.699108,1123.700601,54.82769958,960.5460815,1273.867861,0.943763411
ssp585_pCO2_NP_STSS,8,2090s,744.4358106,743.8097099,46.06932917,599.1423859,843.3588281,0.79300331,3375,ssp585,pCO2,NP_STSS,NP,STSS,1142.106286,1141.692181,54.06302595,959.317041,1278.847944,0.930600885
ssp585_pCO2_NP_STSS,9,2090s,719.8400033,719.5929832,40.49758225,595.0128235,788.1920349,0.697095385,3375,ssp585,pCO2,NP_STSS,NP,STSS,1110.752325,1110.794997,50.80059204,928.8739746,1247.520442,0.874443764
ssp585_pCO2_Pac_EQU_E,1,2090s,620.1302041,620.1115033,19.85610977,531.5715332,726.9881755,0.256042732,6014,ssp585,pCO2,Pac_EQU_E,Pac,EQU,1034.630484,1034.634861,27.0305875,887.6875224,1154.55167,0.348556971
ssp585_pCO2_Pac_EQU_E,10,2090s,625.9207419,625.9115829,22.7954607,534.114031,696.0016705,0.293945396,6014,ssp585,pCO2,Pac_EQU_E,Pac,EQU,1039.401603,1039.418693,32.87977783,921.8459229,1143.89762,0.423981749
ssp585_pCO2_Pac_EQU_E,11,2090s,626.2321262,626.2233889,23.82936125,547.3548615,723.3020374,0.307277449,6014,ssp585,pCO2,Pac_EQU_E,Pac,EQU,1037.292972,1037.309675,32.25639704,906.3169881,1176.987131,0.415943311
ssp585_pCO2_Pac_EQU_E,12,2090s,628.7296334,628.7169906,22.04008294,516.2974731,724.4518549,0.284204868,6014,ssp585,pCO2,Pac_EQU_E,Pac,EQU,1040.154542,1040.166381,32.47225842,884.7314124,1184.125859,0.418726824
ssp585_pCO2_Pac_EQU_E,2,2090s,625.5369455,625.527182,20.38109306,527.2655945,693.2259479,0.262812344,6014,ssp585,pCO2,Pac_EQU_E,Pac,EQU,1047.484126,1047.500214,22.1462217,918.9879191,1164.837697,0.285573518
ssp585_pCO2_Pac_EQU_E,3,2090s,628.9586995,628.9564054,23.75277461,500.1380829,692.3625476,0.306289872,6014,ssp585,pCO2,Pac_EQU_E,Pac,EQU,1056.524477,1056.548868,23.37039478,922.0599609,1113.585662,0.301359118
ssp585_pCO2_Pac_EQU_E,4,2090s,632.4660759,632.4647846,26.9559535,494.8379456,709.187356,0.347594573,6014,ssp585,pCO2,Pac_EQU_E,Pac,EQU,1063.191456,1063.214656,28.54199889,900.2109802,1140.127986,0.368046484
ssp585_pCO2_Pac_EQU_E,5,2090s,634.0752473,634.0750138,27.74180315,519.2340118,710.3916571,0.357728032,6014,ssp585,pCO2,Pac_EQU_E,Pac,EQU,1065.067711,1065.094851,31.92303587,933.9378784,1130.269507,0.411644649
ssp585_pCO2_Pac_EQU_E,6,2090s,634.1845451,634.193348,26.75528729,517.8104675,696.4664771,0.345007,6014,ssp585,pCO2,Pac_EQU_E,Pac,EQU,1060.752498,1060.793864,35.30132422,935.8342468,1161.279626,0.45520737
ssp585_pCO2_Pac_EQU_E,7,2090s,632.0482033,632.0613126,26.49657436,528.8012512,707.4383443,0.34167092,6014,ssp585,pCO2,Pac_EQU_E,Pac,EQU,1054.258013,1054.302574,39.52674921,928.6495056,1186.84729,0.509693842
ssp585_pCO2_Pac_EQU_E,8,2090s,630.4673673,630.4719587,24.54116557,557.9583496,724.9118439,0.316456101,6014,ssp585,pCO2,Pac_EQU_E,Pac,EQU,1049.736175,1049.770451,39.78082479,941.7979797,1202.507764,0.512970123
ssp585_pCO2_Pac_EQU_E,9,2090s,628.1213355,628.1175148,22.81401711,552.2777761,709.8219838,0.294184679,6014,ssp585,pCO2,Pac_EQU_E,Pac,EQU,1045.086711,1045.111717,37.64521845,944.5184448,1186.85203,0.485431673
ssp585_pCO2_Pac_EQU_W,1,2090s,638.502564,638.4699839,15.66095819,591.2803149,704.7441152,0.23723279,4358,ssp585,pCO2,Pac_EQU_W,Pac,EQU,1029.748443,1029.790385,24.73776549,947.5639954,1097.81082,0.374728613
ssp585_pCO2_Pac_EQU_W,10,2090s,647.457302,647.4227222,16.73192557,605.1923045,691.3310883,0.253455845,4358,ssp585,pCO2,Pac_EQU_W,Pac,EQU,1041.179471,1041.231943,23.53682913,966.7688171,1115.787568,0.356536783
ssp585_pCO2_Pac_EQU_W,11,2090s,650.8254003,650.7992197,15.16671271,610.2121613,699.1724477,0.229745941,4358,ssp585,pCO2,Pac_EQU_W,Pac,EQU,1045.197272,1045.252717,23.92178789,967.5363159,1122.427126,0.362368153
ssp585_pCO2_Pac_EQU_W,12,2090s,651.19342,651.1701318,14.38630369,603.2893951,708.8169963,0.217924276,4358,ssp585,pCO2,Pac_EQU_W,Pac,EQU,1044.78348,1044.834116,23.78656064,957.8038391,1118.969302,0.360319725
ssp585_pCO2_Pac_EQU_W,2,2090s,640.3876248,640.3403536,18.09524657,599.7948322,705.5197947,0.274107483,4358,ssp585,pCO2,Pac_EQU_W,Pac,EQU,1031.505847,1031.541756,24.80978476,953.1595764,1102.673877,0.375819563
ssp585_pCO2_Pac_EQU_W,3,2090s,642.7191529,642.6568412,20.76915206,583.4730603,704.1858419,0.314611905,4358,ssp585,pCO2,Pac_EQU_W,Pac,EQU,1034.70393,1034.731545,25.08686062,935.5893433,1106.421226,0.380016719
ssp585_pCO2_Pac_EQU_W,4,2090s,644.4716331,644.4089868,21.96921909,572.5571771,719.9329639,0.332790566,4358,ssp585,pCO2,Pac_EQU_W,Pac,EQU,1037.459212,1037.488414,25.87790109,913.1857361,1121.825269,0.39199943
ssp585_pCO2_Pac_EQU_W,5,2090s,644.0182004,643.9574435,21.94547192,543.919386,740.0140521,0.332430843,4358,ssp585,pCO2,Pac_EQU_W,Pac,EQU,1036.581103,1036.608302,27.13139869,888.5145996,1156.764237,0.410987459
ssp585_pCO2_Pac_EQU_W,6,2090s,640.696849,640.6353676,21.13542213,513.024589,719.4914246,0.320160178,4358,ssp585,pCO2,Pac_EQU_W,Pac,EQU,1030.930336,1030.952604,25.2576297,917.04729,1134.302026,0.382603535
ssp585_pCO2_Pac_EQU_W,7,2090s,636.3013114,636.2394112,21.24718768,505.8194865,701.5484955,0.321853207,4358,ssp585,pCO2,Pac_EQU_W,Pac,EQU,1024.447229,1024.466646,21.58855996,903.7547913,1141.797575,0.327024327
ssp585_pCO2_Pac_EQU_W,8,2090s,636.599534,636.5393409,20.14764116,549.170754,710.3713831,0.305197235,4358,ssp585,pCO2,Pac_EQU_W,Pac,EQU,1025.488581,1025.510333,20.00290031,944.2243347,1144.391606,0.303004695
ssp585_pCO2_Pac_EQU_W,9,2090s,641.9130984,641.8649497,18.92207448,583.5640411,706.504035,0.286632304,4358,ssp585,pCO2,Pac_EQU_W,Pac,EQU,1033.601569,1033.640707,21.23745758,963.3561401,1133.949581,0.321705815
ssp585_pCO2_SA_STPS,1,2090s,696.2101934,695.4907951,33.61807598,520.5641833,792.8137915,0.381016292,7785,ssp585,pCO2,SA_STPS,SA,STPS,1090.75739,1090.437078,43.26207483,958.3746114,1208.759568,0.490318224
ssp585_pCO2_SA_STPS,10,2090s,655.384572,655.4767391,25.77559254,535.9332876,728.748476,0.292132146,7785,ssp585,pCO2,SA_STPS,SA,STPS,1009.905219,1010.716007,34.82328385,847.7456807,1151.763204,0.394675724
ssp585_pCO2_SA_STPS,11,2090s,673.977596,674.0670783,30.91708877,560.213689,754.2887579,0.350404185,7785,ssp585,pCO2,SA_STPS,SA,STPS,1037.685023,1038.569009,40.60677789,870.2186462,1147.651838,0.460223956
ssp585_pCO2_SA_STPS,12,2090s,696.0513246,695.778215,33.48835387,545.7499308,774.3752112,0.379546064,7785,ssp585,pCO2,SA_STPS,SA,STPS,1076.059197,1076.418764,43.16405865,942.4377787,1185.006563,0.489207341
ssp585_pCO2_SA_STPS,2,2090s,694.7061896,694.0352717,31.67212491,504.238811,791.0304022,0.358961518,7785,ssp585,pCO2,SA_STPS,SA,STPS,1096.955964,1096.656344,40.39307136,957.8452454,1213.517063,0.457801876
ssp585_pCO2_SA_STPS,3,2090s,683.1848327,682.6937223,28.91264976,503.1958813,758.8861572,0.327686528,7785,ssp585,pCO2,SA_STPS,SA,STPS,1083.099391,1083.1395,36.49093282,950.9631104,1173.49509,0.413576313
ssp585_pCO2_SA_STPS,4,2090s,667.9595162,667.7013163,24.02321742,507.9814709,736.10828,0.272271299,7785,ssp585,pCO2,SA_STPS,SA,STPS,1057.315342,1057.757685,31.94113281,950.2294434,1149.595095,0.362010366
ssp585_pCO2_SA_STPS,5,2090s,654.2076854,654.0744631,21.10216795,511.1037573,708.786413,0.239165079,7785,ssp585,pCO2,SA_STPS,SA,STPS,1030.714438,1031.34881,28.95588345,942.5775317,1147.155098,0.328176525
ssp585_pCO2_SA_STPS,6,2090s,646.3888189,646.1488891,19.96100925,509.3511267,703.5142767,0.226231559,7785,ssp585,pCO2,SA_STPS,SA,STPS,1011.073175,1011.537799,27.51998053,923.983186,1163.233903,0.31190247
ssp585_pCO2_SA_STPS,7,2090s,645.157414,644.7900231,19.20028264,509.1073236,736.5329508,0.217609732,7785,ssp585,pCO2,SA_STPS,SA,STPS,1001.982294,1002.201487,27.05783667,913.8749841,1192.046187,0.306664682
ssp585_pCO2_SA_STPS,8,2090s,647.5651499,647.1409652,19.39112697,518.538067,746.92547,0.219772699,7785,ssp585,pCO2,SA_STPS,SA,STPS,1000.992164,1001.07012,27.35416538,920.4360474,1208.654289,0.310023175
ssp585_pCO2_SA_STPS,9,2090s,649.6458556,649.3523636,19.4778762,533.7528156,729.363207,0.220755886,7785,ssp585,pCO2,SA_STPS,SA,STPS,1002.385827,1002.622678,26.39849787,925.4780396,1199.020129,0.299191952
ssp585_pCO2_SO_SPSS,1,2090s,644.7060583,644.6947643,27.68087013,451.1335254,705.914624,0.188580338,21546,ssp585,pCO2,SO_SPSS,SO,SPSS,1014.513248,1015.225023,40.71040494,790.2083903,1098.586038,0.27734612
ssp585_pCO2_SO_SPSS,10,2090s,648.18639,649.3745994,26.73051615,484.7400553,702.752135,0.1821059,21546,ssp585,pCO2,SO_SPSS,SO,SPSS,1010.432703,1012.274826,34.24260842,802.7987651,1072.899,0.233283226
ssp585_pCO2_SO_SPSS,11,2090s,650.6827164,651.0825376,28.77569518,434.2790888,696.9746252,0.196039008,21546,ssp585,pCO2,SO_SPSS,SO,SPSS,1014.240484,1015.304175,38.41005693,709.6483053,1089.6796,0.261674633
ssp585_pCO2_SO_SPSS,12,2090s,650.7465446,650.7615153,29.71350266,487.2768229,707.7113098,0.202427971,21546,ssp585,pCO2,SO_SPSS,SO,SPSS,1015.916034,1016.717096,42.72247249,760.9620483,1110.972002,0.291053651
ssp585_pCO2_SO_SPSS,2,2090s,652.7229467,652.7463853,22.44223349,481.9085565,706.3598486,0.152891291,21546,ssp585,pCO2,SO_SPSS,SO,SPSS,1027.283994,1027.916704,34.72627916,792.6665332,1097.470272,0.23657831
ssp585_pCO2_SO_SPSS,3,2090s,655.4177336,655.6635885,18.47623111,566.3977905,696.59505,0.125872268,21546,ssp585,pCO2,SO_SPSS,SO,SPSS,1031.121345,1031.928607,28.31085395,922.4576086,1080.96558,0.192872203
ssp585_pCO2_SO_SPSS,4,2090s,655.0262232,655.5785346,17.72029834,555.443858,691.3675598,0.120722356,21546,ssp585,pCO2,SO_SPSS,SO,SPSS,1028.494493,1029.589576,25.19919394,926.4064612,1068.89236,0.171673524
ssp585_pCO2_SO_SPSS,5,2090s,653.1802276,654.0373441,18.86466921,546.6947034,701.4572154,0.128518565,21546,ssp585,pCO2,SO_SPSS,SO,SPSS,1023.164338,1024.542125,24.57318444,908.6321692,1063.830349,0.167408734
ssp585_pCO2_SO_SPSS,6,2090s,650.5763462,651.6989771,20.37302053,546.9527863,704.6235128,0.138794448,21546,ssp585,pCO2,SO_SPSS,SO,SPSS,1017.375675,1018.996977,24.97087345,902.738501,1069.980029,0.170118054
ssp585_pCO2_SO_SPSS,7,2090s,648.4816511,649.8240485,21.75734623,552.8243561,705.4288859,0.148225388,21546,ssp585,pCO2,SO_SPSS,SO,SPSS,1013.166571,1014.998404,25.98974638,904.7809961,1071.213546,0.177059288
ssp585_pCO2_SO_SPSS,8,2090s,647.2099792,648.6561886,23.06130331,535.8451398,695.0290314,0.157108803,21546,ssp585,pCO2,SO_SPSS,SO,SPSS,1010.395465,1012.365277,27.79577275,879.6199512,1067.317621,0.18936313
ssp585_pCO2_SO_SPSS,9,2090s,646.4031355,647.8609801,25.21964012,502.9653271,706.3284045,0.171812817,21546,ssp585,pCO2,SO_SPSS,SO,SPSS,1008.618454,1010.663594,30.86350736,846.331886,1076.680089,0.210262561
ssp585_pCO2_SO_STSS,1,2090s,648.6546117,649.4945292,34.18348197,483.400886,804.9471216,0.271528466,15849,ssp585,pCO2,SO_STSS,SO,STSS,1009.643579,1010.333642,43.63464783,809.680955,1235.621814,0.346601583
ssp585_pCO2_SO_STSS,10,2090s,654.5929814,654.6789934,34.61792612,388.051476,901.0836243,0.274979371,15849,ssp585,pCO2,SO_STSS,SO,STSS,1010.141533,1009.808319,47.48598917,668.9955465,1384.639128,0.377193809
ssp585_pCO2_SO_STSS,11,2090s,642.7411532,642.8506421,38.5795946,435.6427439,789.3492847,0.306447955,15849,ssp585,pCO2,SO_STSS,SO,STSS,994.1005963,993.8214537,53.48132353,699.0557068,1268.008616,0.424816341
ssp585_pCO2_SO_STSS,12,2090s,646.1122519,646.6803443,37.99491649,494.3830835,799.521084,0.301803701,15849,ssp585,pCO2,SO_STSS,SO,STSS,1000.204306,1000.516265,50.89536383,797.2434428,1223.935437,0.404275377
ssp585_pCO2_SO_STSS,2,2090s,658.2448088,658.8507835,27.77221136,481.4603076,789.7649237,0.220602042,15849,ssp585,pCO2,SO_STSS,SO,STSS,1024.506271,1024.991686,36.31823306,845.3660095,1223.08418,0.28848536
ssp585_pCO2_SO_STSS,3,2090s,658.8849967,659.0578286,22.60711394,467.343374,748.0933789,0.179574303,15849,ssp585,pCO2,SO_STSS,SO,STSS,1024.634627,1024.58158,30.89144516,859.0259277,1213.621509,0.245378944
ssp585_pCO2_SO_STSS,4,2090s,657.6485271,657.4303364,21.03701567,458.6039911,778.2873505,0.167102596,15849,ssp585,pCO2,SO_STSS,SO,STSS,1019.899631,1019.289516,30.37455239,881.4325867,1342.393408,0.241273128
ssp585_pCO2_SO_STSS,5,2090s,659.5033504,659.1399177,21.08720683,452.8748584,1017.595639,0.167501278,15849,ssp585,pCO2,SO_STSS,SO,STSS,1018.731883,1017.893644,31.98592083,869.3508606,1530.67384,0.254072655
ssp585_pCO2_SO_STSS,6,2090s,663.2651414,663.0084945,22.18585518,401.6615186,960.6015371,0.176228133,15849,ssp585,pCO2,SO_STSS,SO,STSS,1020.997572,1020.267751,33.96784542,828.2468445,1533.559566,0.269815607
ssp585_pCO2_SO_STSS,7,2090s,666.7704042,666.6916279,23.15087873,423.8411682,998.3414653,0.183893571,15849,ssp585,pCO2,SO_STSS,SO,STSS,1024.731759,1024.225208,34.81521237,826.766582,1585.474967,0.276546468
ssp585_pCO2_SO_STSS,8,2090s,668.1037053,668.1746996,24.66152186,448.5655078,1030.048801,0.195893011,15849,ssp585,pCO2,SO_STSS,SO,STSS,1027.269376,1026.960797,35.36398881,861.0080054,1558.895064,0.280905545
ssp585_pCO2_SO_STSS,9,2090s,665.6193295,665.7222509,26.93802885,464.6818604,1004.728865,0.21397591,15849,ssp585,pCO2,SO_STSS,SO,STSS,1024.699635,1024.436096,37.34914788,866.6753235,1512.970422,0.29667419
ssp585_pCO2_SP_STPS,1,2090s,691.449901,690.118528,47.19684765,484.3139618,800.4166504,0.305042246,23939,ssp585,pCO2,SP_STPS,SP,STPS,1083.498894,1082.689643,48.34562835,957.9667297,1219.268787,0.312467035
ssp585_pCO2_SP_STPS,10,2090s,665.3680129,664.7315726,22.08467193,551.3804443,897.6696704,0.142737455,23939,ssp585,pCO2,SP_STPS,SP,STPS,1024.195274,1024.668175,25.42986727,935.8705566,1316.656482,0.164358092
ssp585_pCO2_SP_STPS,11,2090s,681.2147734,680.4523332,32.90807024,540.6483398,790.863468,0.212691147,23939,ssp585,pCO2,SP_STPS,SP,STPS,1049.554974,1049.85205,26.86727064,944.296049,1194.823877,0.173648305
ssp585_pCO2_SP_STPS,12,2090s,696.6513072,695.5490964,44.32794299,528.4197083,798.1403925,0.286499967,23939,ssp585,pCO2,SP_STPS,SP,STPS,1078.315541,1078.016837,40.13008816,957.6170451,1200.286189,0.259368429
ssp585_pCO2_SP_STPS,2,2090s,689.3093057,688.2649878,42.5789854,462.8838776,776.3303833,0.27519612,23939,ssp585,pCO2,SP_STPS,SP,STPS,1085.821307,1085.218078,45.34704255,939.0566101,1211.251272,0.293086602
ssp585_pCO2_SP_STPS,3,2090s,679.197896,678.6238875,34.86734979,466.2214966,753.7845801,0.225354345,23939,ssp585,pCO2,SP_STPS,SP,STPS,1071.935151,1071.970319,36.63463994,922.4163818,1190.025005,0.236776679
ssp585_pCO2_SP_STPS,4,2090s,665.5595241,665.1717067,28.06095651,453.3888428,734.3224768,0.181363325,23939,ssp585,pCO2,SP_STPS,SP,STPS,1048.385213,1048.812769,29.65381497,903.892749,1157.305623,0.191658273
ssp585_pCO2_SP_STPS,5,2090s,654.2494845,653.75369,23.27538946,466.4802759,711.570697,0.15043329,23939,ssp585,pCO2,SP_STPS,SP,STPS,1025.670297,1026.0823,27.71667063,906.9539404,1185.766207,0.179138139
ssp585_pCO2_SP_STPS,6,2090s,648.0491141,647.3127867,20.83861862,476.7728455,787.2101939,0.134683975,23939,ssp585,pCO2,SP_STPS,SP,STPS,1010.018443,1010.161569,29.78280104,900.8120081,1245.083879,0.192491935
ssp585_pCO2_SP_STPS,7,2090s,646.9044685,645.9890878,20.28325593,508.1296472,896.1406238,0.131094559,23939,ssp585,pCO2,SP_STPS,SP,STPS,1003.205724,1003.11667,31.91241627,903.7956628,1350.757456,0.206256045
ssp585_pCO2_SP_STPS,8,2090s,649.5698209,648.6579175,20.55840859,521.3314624,974.054292,0.132872924,23939,ssp585,pCO2,SP_STPS,SP,STPS,1003.86054,1003.780568,33.00163824,913.196167,1457.466157,0.213295895
ssp585_pCO2_SP_STPS,9,2090s,654.8873667,654.1648229,20.23339965,524.7893188,980.8785358,0.130772329,23939,ssp585,pCO2,SP_STPS,SP,STPS,1009.805356,1010.033556,31.55270872,921.739679,1440.301497,0.203931186
ssp585_pH_Atl_EQU,1,2090s,-0.352531156,-0.352536638,0.010171182,-0.407121801,-0.325371485,0.000188614,2908,ssp585,pH,Atl_EQU,Atl,EQU,7.69726,7.697248665,0.01409654,7.659002034,7.736885452,0.000261406
ssp585_pH_Atl_EQU,10,2090s,-0.356346497,-0.356344839,0.010077619,-0.430434815,-0.317246962,0.000186879,2908,ssp585,pH,Atl_EQU,Atl,EQU,7.700862533,7.700864813,0.015063695,7.654404068,7.857329321,0.000279341
ssp585_pH_Atl_EQU,11,2090s,-0.35724288,-0.357247043,0.010844007,-0.447769403,-0.305251217,0.000201091,2908,ssp585,pH,Atl_EQU,Atl,EQU,7.69669918,7.696697426,0.014885177,7.655888812,7.822439384,0.00027603
ssp585_pH_Atl_EQU,12,2090s,-0.357187817,-0.357193035,0.010856539,-0.433887339,-0.321759033,0.000201323,2908,ssp585,pH,Atl_EQU,Atl,EQU,7.694872402,7.694865278,0.014122545,7.654605214,7.732416201,0.000261888
ssp585_pH_Atl_EQU,2,2090s,-0.348627251,-0.348631692,0.009545152,-0.408584261,-0.321407642,0.000177005,2908,ssp585,pH,Atl_EQU,Atl,EQU,7.692951285,7.692932959,0.015596535,7.658089447,7.732966614,0.000289222
ssp585_pH_Atl_EQU,3,2090s,-0.34477098,-0.344771567,0.008805545,-0.403038025,-0.312927008,0.00016329,2908,ssp585,pH,Atl_EQU,Atl,EQU,7.691449883,7.691427112,0.014911062,7.659441423,7.728092798,0.00027651
ssp585_pH_Atl_EQU,4,2090s,-0.343521226,-0.343519734,0.00727619,-0.384418869,-0.304227161,0.000134929,2908,ssp585,pH,Atl_EQU,Atl,EQU,7.694072149,7.694051076,0.012404372,7.66817956,7.730595446,0.000230026
ssp585_pH_Atl_EQU,5,2090s,-0.34504946,-0.345049203,0.007209718,-0.386877298,-0.298890495,0.000133697,2908,ssp585,pH,Atl_EQU,Atl,EQU,7.69815998,7.698143998,0.010394552,7.668833605,7.726927996,0.000192756
ssp585_pH_Atl_EQU,6,2090s,-0.349575241,-0.349573795,0.008295886,-0.413430468,-0.312952375,0.000153839,2908,ssp585,pH,Atl_EQU,Atl,EQU,7.70335202,7.703344915,0.009910803,7.671117751,7.736510785,0.000183786
ssp585_pH_Atl_EQU,7,2090s,-0.353233602,-0.35322701,0.009073296,-0.396920776,-0.316089916,0.000168255,2908,ssp585,pH,Atl_EQU,Atl,EQU,7.70629452,7.706291971,0.01112985,7.669474427,7.744051282,0.000206392
ssp585_pH_Atl_EQU,8,2090s,-0.354648154,-0.354640264,0.008932935,-0.403495407,-0.321768173,0.000165652,2908,ssp585,pH,Atl_EQU,Atl,EQU,7.706894648,7.706893532,0.013071337,7.666064994,7.763481236,0.000242395
ssp585_pH_Atl_EQU,9,2090s,-0.354902932,-0.354897005,0.009470962,-0.41985968,-0.320898771,0.000175629,2908,ssp585,pH,Atl_EQU,Atl,EQU,7.705436086,7.705436536,0.014336763,7.660460075,7.799353695,0.000265861
ssp585_pH_IND_STPS,1,2090s,-0.376140622,-0.375340429,0.016830676,-0.433350722,-0.334968166,0.000137098,15071,ssp585,pH,IND_STPS,IND,STPS,7.686392707,7.686921444,0.018954188,7.627909899,7.752760696,0.000154395
ssp585_pH_IND_STPS,10,2090s,-0.387374542,-0.386333658,0.021056449,-0.497483667,-0.328697443,0.00017152,15071,ssp585,pH,IND_STPS,IND,STPS,7.69744617,7.697286143,0.017538778,7.541011667,7.742103291,0.000142866
ssp585_pH_IND_STPS,11,2090s,-0.385938498,-0.384818265,0.021897825,-0.434786205,-0.333515491,0.000178373,15071,ssp585,pH,IND_STPS,IND,STPS,7.690980207,7.691044628,0.017040413,7.639500634,7.739648485,0.000138806
ssp585_pH_IND_STPS,12,2090s,-0.382708007,-0.381672249,0.020178842,-0.435100587,-0.332149067,0.000164371,15071,ssp585,pH,IND_STPS,IND,STPS,7.684773586,7.685129727,0.018330386,7.629402749,7.738489008,0.000149314
ssp585_pH_IND_STPS,2,2090s,-0.37374195,-0.373146355,0.014388818,-0.429875851,-0.340382719,0.000117207,15071,ssp585,pH,IND_STPS,IND,STPS,7.685844235,7.686291012,0.017556977,7.631798697,7.761458874,0.000143014
ssp585_pH_IND_STPS,3,2090s,-0.372114901,-0.371547476,0.013773494,-0.426768716,-0.342077417,0.000112195,15071,ssp585,pH,IND_STPS,IND,STPS,7.686067487,7.686230104,0.015275599,7.638928906,7.741839266,0.000124431
ssp585_pH_IND_STPS,4,2090s,-0.37196974,-0.371328319,0.014183741,-0.424732939,-0.335982084,0.000115537,15071,ssp585,pH,IND_STPS,IND,STPS,7.689076062,7.688893412,0.015346122,7.626684348,7.736840534,0.000125005
ssp585_pH_IND_STPS,5,2090s,-0.37440446,-0.373662858,0.014749948,-0.424623887,-0.335455608,0.000120149,15071,ssp585,pH,IND_STPS,IND,STPS,7.694897176,7.6945416,0.016121705,7.631776158,7.740125704,0.000131323
ssp585_pH_IND_STPS,6,2090s,-0.378019806,-0.377189364,0.015612665,-0.42537872,-0.34008894,0.000127176,15071,ssp585,pH,IND_STPS,IND,STPS,7.701087204,7.700722486,0.016398078,7.643047158,7.745406199,0.000133574
ssp585_pH_IND_STPS,7,2090s,-0.382006966,-0.38110283,0.016814464,-0.427889554,-0.34256196,0.000136966,15071,ssp585,pH,IND_STPS,IND,STPS,7.704646407,7.704340855,0.017029957,7.652360408,7.74952631,0.000138721
ssp585_pH_IND_STPS,8,2090s,-0.38538292,-0.384432934,0.018001709,-0.428466177,-0.340253077,0.000146637,15071,ssp585,pH,IND_STPS,IND,STPS,7.704627292,7.704360358,0.017946739,7.635454226,7.747714996,0.000146189
ssp585_pH_IND_STPS,9,2090s,-0.387410893,-0.386426081,0.019495826,-0.489888811,-0.334240446,0.000158807,15071,ssp585,pH,IND_STPS,IND,STPS,7.702123888,7.701877479,0.01841327,7.550333834,7.744112492,0.000149989
ssp585_pH_NA_SPSS,1,2090s,-0.443139494,-0.439312032,0.027576327,-0.544026537,-0.370716222,0.000316635,7585,ssp585,pH,NA_SPSS,NA,SPSS,7.663277153,7.662632565,0.040029741,7.213746166,7.774993792,0.000459626
ssp585_pH_NA_SPSS,10,2090s,-0.447792353,-0.442145283,0.030013859,-0.565826206,-0.345612764,0.000344623,7585,ssp585,pH,NA_SPSS,NA,SPSS,7.653824613,7.652485453,0.040375718,7.264778471,7.744437218,0.000463599
ssp585_pH_NA_SPSS,11,2090s,-0.44647211,-0.441290504,0.027378095,-0.557288446,-0.348327255,0.000314359,7585,ssp585,pH,NA_SPSS,NA,SPSS,7.655616332,7.655097879,0.039915526,7.221202612,7.755054045,0.000458315
ssp585_pH_NA_SPSS,12,2090s,-0.446592594,-0.442154252,0.026910979,-0.547511215,-0.36274662,0.000308995,7585,ssp585,pH,NA_SPSS,NA,SPSS,7.65654885,7.65600965,0.03999686,7.211183453,7.755545635,0.000459249
ssp585_pH_NA_SPSS,2,2090s,-0.444257914,-0.440868471,0.029020512,-0.547075729,-0.366387892,0.000333217,7585,ssp585,pH,NA_SPSS,NA,SPSS,7.663645422,7.662872201,0.040222435,7.228775454,7.779515095,0.000461839
ssp585_pH_NA_SPSS,3,2090s,-0.445600706,-0.44252853,0.03075817,-0.554131556,-0.361750317,0.000353169,7585,ssp585,pH,NA_SPSS,NA,SPSS,7.663913336,7.662731003,0.041389912,7.232034111,7.773719578,0.000475244
ssp585_pH_NA_SPSS,4,2090s,-0.449524061,-0.447341392,0.032785598,-0.566728573,-0.329507494,0.000376448,7585,ssp585,pH,NA_SPSS,NA,SPSS,7.66637186,7.664042573,0.045160476,7.225228008,7.769950851,0.000518538
ssp585_pH_NA_SPSS,5,2090s,-0.467987524,-0.466130062,0.037402095,-0.596524343,-0.370068836,0.000429455,7585,ssp585,pH,NA_SPSS,NA,SPSS,7.669572835,7.664839436,0.050300779,7.21987772,7.783334208,0.00057756
ssp585_pH_NA_SPSS,6,2090s,-0.491202689,-0.486378227,0.052122798,-0.79032526,-0.369559145,0.00059848,7585,ssp585,pH,NA_SPSS,NA,SPSS,7.651447583,7.646384414,0.049098644,7.193705826,7.760664749,0.000563757
ssp585_pH_NA_SPSS,7,2090s,-0.484713826,-0.477809547,0.05152508,-0.718436193,-0.35414319,0.000591617,7585,ssp585,pH,NA_SPSS,NA,SPSS,7.634413577,7.630645737,0.045068169,7.208560181,7.747758579,0.000517478
ssp585_pH_NA_SPSS,8,2090s,-0.469362244,-0.462397768,0.046243176,-0.595050144,-0.35039053,0.00053097,7585,ssp585,pH,NA_SPSS,NA,SPSS,7.634811274,7.631519757,0.04294993,7.240648635,7.740936661,0.000493156
ssp585_pH_NA_SPSS,9,2090s,-0.454729112,-0.448600995,0.036796415,-0.574692869,-0.343579912,0.000422501,7585,ssp585,pH,NA_SPSS,NA,SPSS,7.646434168,7.64379648,0.041285709,7.26762228,7.734860945,0.000474048
ssp585_pH_NA_STPS,1,2090s,-0.367933368,-0.367355995,0.012898151,-0.412664191,-0.340902058,0.000148846,7509,ssp585,pH,NA_STPS,NA,STPS,7.726411824,7.726242496,0.019063551,7.663403066,7.777563238,0.000219995
ssp585_pH_NA_STPS,10,2090s,-0.361045458,-0.360653652,0.012568829,-0.41477313,-0.327906942,0.000145045,7509,ssp585,pH,NA_STPS,NA,STPS,7.697592029,7.697765636,0.017896935,7.63155152,7.747429657,0.000206532
ssp585_pH_NA_STPS,11,2090s,-0.364135007,-0.363630967,0.012890892,-0.412379122,-0.336396408,0.000148762,7509,ssp585,pH,NA_STPS,NA,STPS,7.707609659,7.707545857,0.018358987,7.643699153,7.763142824,0.000211864
ssp585_pH_NA_STPS,12,2090s,-0.367735469,-0.36717743,0.012891369,-0.411483113,-0.342195336,0.000148767,7509,ssp585,pH,NA_STPS,NA,STPS,7.716410735,7.716245494,0.018753285,7.653626029,7.768934488,0.000216414
ssp585_pH_NA_STPS,2,2090s,-0.370700104,-0.37010964,0.013251952,-0.417618545,-0.337216997,0.000152929,7509,ssp585,pH,NA_STPS,NA,STPS,7.727547261,7.727390417,0.019267206,7.662640333,7.778890181,0.000222345
ssp585_pH_NA_STPS,3,2090s,-0.372960836,-0.372312842,0.01441649,-0.423244413,-0.340141058,0.000166367,7509,ssp585,pH,NA_STPS,NA,STPS,7.7259811,7.725808491,0.02003275,7.656458076,7.777260447,0.00023118
ssp585_pH_NA_STPS,4,2090s,-0.374489763,-0.373690399,0.016963456,-0.432156754,-0.335244331,0.00019576,7509,ssp585,pH,NA_STPS,NA,STPS,7.721273569,7.721147243,0.020416442,7.645045932,7.776758432,0.000235607
ssp585_pH_NA_STPS,5,2090s,-0.374418499,-0.373461886,0.019582201,-0.438712184,-0.332202845,0.00022598,7509,ssp585,pH,NA_STPS,NA,STPS,7.710599904,7.710785855,0.020177411,7.629408709,7.764503622,0.000232849
ssp585_pH_NA_STPS,6,2090s,-0.371459807,-0.370618155,0.018231559,-0.437714624,-0.31972146,0.000210394,7509,ssp585,pH,NA_STPS,NA,STPS,7.698127431,7.698712622,0.021025665,7.60901227,7.741359949,0.000242638
ssp585_pH_NA_STPS,7,2090s,-0.366228822,-0.365682506,0.014963014,-0.428191074,-0.318573713,0.000172674,7509,ssp585,pH,NA_STPS,NA,STPS,7.690465303,7.691228117,0.02162524,7.596909269,7.736372852,0.000249557
ssp585_pH_NA_STPS,8,2090s,-0.361358761,-0.361032684,0.013318569,-0.419575437,-0.30530653,0.000153697,7509,ssp585,pH,NA_STPS,NA,STPS,7.688850716,7.689536941,0.020954166,7.603584719,7.740171909,0.000241813
ssp585_pH_NA_STPS,9,2090s,-0.359622022,-0.359307036,0.01239929,-0.415293058,-0.307300615,0.000143089,7509,ssp585,pH,NA_STPS,NA,STPS,7.690705992,7.691197052,0.018808724,7.613655663,7.746180725,0.000217054
ssp585_pH_NA_STSS,1,2090s,-0.397756277,-0.396833005,0.021495511,-0.454127293,-0.33287619,0.000384339,3128,ssp585,pH,NA_STSS,NA,STSS,7.707103981,7.708396574,0.030081395,7.63815786,7.784691553,0.000537854
ssp585_pH_NA_STSS,10,2090s,-0.399441045,-0.398483544,0.02429874,-0.453748385,-0.328219318,0.000434461,3128,ssp585,pH,NA_STSS,NA,STSS,7.68484888,7.685760169,0.030040315,7.614768855,7.758589888,0.00053712
ssp585_pH_NA_STSS,11,2090s,-0.399947325,-0.399047492,0.020429383,-0.44617389,-0.334342337,0.000365277,3128,ssp585,pH,NA_STSS,NA,STSS,7.698021008,7.699087814,0.029815293,7.627026701,7.765782261,0.000533096
ssp585_pH_NA_STSS,12,2090s,-0.401537771,-0.400635605,0.019814468,-0.447758236,-0.347309732,0.000354282,3128,ssp585,pH,NA_STSS,NA,STSS,7.701782962,7.703016212,0.029773726,7.6297424,7.767908716,0.000532353
ssp585_pH_NA_STSS,2,2090s,-0.396927699,-0.396000646,0.023320382,-0.458238764,-0.324207846,0.000416968,3128,ssp585,pH,NA_STSS,NA,STSS,7.706584599,7.707870826,0.0304626,7.641328478,7.785099659,0.00054467
ssp585_pH_NA_STSS,3,2090s,-0.398893308,-0.397958352,0.024540459,-0.461944666,-0.336664867,0.000438783,3128,ssp585,pH,NA_STSS,NA,STSS,7.706032088,7.707327181,0.03175646,7.636457125,7.784547405,0.000567804
ssp585_pH_NA_STSS,4,2090s,-0.407078133,-0.405956755,0.030424329,-0.46697876,-0.309188493,0.000543986,3128,ssp585,pH,NA_STSS,NA,STSS,7.708184952,7.709520564,0.036289992,7.626018937,7.782637434,0.000648864
ssp585_pH_NA_STSS,5,2090s,-0.427107959,-0.425689016,0.036945449,-0.520906591,-0.315936995,0.000660583,3128,ssp585,pH,NA_STSS,NA,STSS,7.697927803,7.699194494,0.039445156,7.613641278,7.792418591,0.000705278
ssp585_pH_NA_STSS,6,2090s,-0.43323298,-0.4316755,0.035385973,-0.52583607,-0.338084984,0.0006327,3128,ssp585,pH,NA_STSS,NA,STSS,7.6732391,7.674408042,0.035822345,7.588719972,7.750926208,0.000640502
ssp585_pH_NA_STSS,7,2090s,-0.420708996,-0.419245306,0.033082507,-0.502132543,-0.334473658,0.000591514,3128,ssp585,pH,NA_STSS,NA,STSS,7.654199509,7.655312903,0.032337599,7.572210725,7.728229713,0.000578195
ssp585_pH_NA_STSS,8,2090s,-0.405509062,-0.404245701,0.031351697,-0.480975008,-0.336597109,0.000560567,3128,ssp585,pH,NA_STSS,NA,STSS,7.652387126,7.653407604,0.0303456,7.57313776,7.726727962,0.000542578
ssp585_pH_NA_STSS,9,2090s,-0.400687713,-0.399596207,0.029049393,-0.467787822,-0.324551153,0.000519402,3128,ssp585,pH,NA_STSS,NA,STSS,7.665022254,7.665930827,0.02917174,7.592930508,7.742373419,0.00052159
ssp585_pH_NP_SPSS,1,2090s,-0.413327902,-0.413725513,0.021363947,-0.593438244,-0.30939683,0.000246165,7532,ssp585,pH,NP_SPSS,NP,SPSS,7.653311192,7.654931689,0.02471823,7.543313773,7.769934835,0.000284815
ssp585_pH_NP_SPSS,10,2090s,-0.405905087,-0.405784238,0.016192008,-0.507243919,-0.311442852,0.000186572,7532,ssp585,pH,NP_SPSS,NP,SPSS,7.660372881,7.661235276,0.022387306,7.562501987,7.73513236,0.000257957
ssp585_pH_NP_SPSS,11,2090s,-0.410901488,-0.410870069,0.015726172,-0.512078969,-0.317871904,0.000181204,7532,ssp585,pH,NP_SPSS,NP,SPSS,7.656077496,7.657483164,0.023800857,7.553937578,7.737487173,0.000274244
ssp585_pH_NP_SPSS,12,2090s,-0.415377406,-0.415573894,0.018306874,-0.556712039,-0.310972233,0.00021094,7532,ssp585,pH,NP_SPSS,NP,SPSS,7.650761691,7.652326754,0.024422929,7.52474486,7.758538141,0.000281412
ssp585_pH_NP_SPSS,2,2090s,-0.413103601,-0.413592653,0.023090352,-0.618936507,-0.323938608,0.000266057,7532,ssp585,pH,NP_SPSS,NP,SPSS,7.652960099,7.654527521,0.024677382,7.543394232,7.771480236,0.000284344
ssp585_pH_NP_SPSS,3,2090s,-0.411734732,-0.412214493,0.024102663,-0.635021003,-0.324424458,0.000277722,7532,ssp585,pH,NP_SPSS,NP,SPSS,7.655278253,7.656732124,0.024782579,7.527518018,7.766774492,0.000285556
ssp585_pH_NP_SPSS,4,2090s,-0.407215811,-0.407722881,0.027097074,-0.620281251,-0.320783806,0.000312225,7532,ssp585,pH,NP_SPSS,NP,SPSS,7.668109447,7.669220066,0.029978892,7.516618109,7.756694269,0.00034543
ssp585_pH_NP_SPSS,5,2090s,-0.405858431,-0.406651624,0.033092983,-0.599913756,-0.260662937,0.000381312,7532,ssp585,pH,NP_SPSS,NP,SPSS,7.683354999,7.683591346,0.046560128,7.51577282,7.855047178,0.000536487
ssp585_pH_NP_SPSS,6,2090s,-0.417961827,-0.418593983,0.029012866,-0.575637674,-0.305706024,0.000334299,7532,ssp585,pH,NP_SPSS,NP,SPSS,7.672464547,7.672208912,0.044500813,7.500135984,7.788500738,0.000512758
ssp585_pH_NP_SPSS,7,2090s,-0.421265905,-0.421539633,0.031931506,-0.536134815,-0.301490927,0.000367929,7532,ssp585,pH,NP_SPSS,NP,SPSS,7.652119216,7.65174629,0.035777544,7.514468708,7.757780695,0.000412245
ssp585_pH_NP_SPSS,8,2090s,-0.412578638,-0.412560498,0.028079569,-0.495115042,-0.281829739,0.000323545,7532,ssp585,pH,NP_SPSS,NP,SPSS,7.645642933,7.645125687,0.03145972,7.524535608,7.754628038,0.000362493
ssp585_pH_NP_SPSS,9,2090s,-0.405665282,-0.405597053,0.021269502,-0.49171416,-0.288197708,0.000245077,7532,ssp585,pH,NP_SPSS,NP,SPSS,7.655486095,7.655426919,0.026169609,7.551755587,7.742159319,0.000301538
ssp585_pH_NP_STPS,1,2090s,-0.382002419,-0.381376785,0.016575963,-0.432565298,-0.318768199,0.00012527,17509,ssp585,pH,NP_STPS,NP,STPS,7.699152783,7.699200029,0.01760382,7.642109251,7.748840094,0.000133038
ssp585_pH_NP_STPS,10,2090s,-0.373470832,-0.373180762,0.012231003,-0.411525901,-0.333056609,9.24339250111606e-05,17509,ssp585,pH,NP_STPS,NP,STPS,7.67721284,7.677614606,0.017707206,7.614510886,7.709525108,0.000133819
ssp585_pH_NP_STPS,11,2090s,-0.376671379,-0.376323205,0.01211623,-0.414206107,-0.32753369,9.15665506818308e-05,17509,ssp585,pH,NP_STPS,NP,STPS,7.685648211,7.685815407,0.016429545,7.629123608,7.722434473,0.000124164
ssp585_pH_NP_STPS,12,2090s,-0.381234572,-0.380761249,0.013852151,-0.422109143,-0.324702024,0.000104686,17509,ssp585,pH,NP_STPS,NP,STPS,7.691677116,7.69175538,0.016490599,7.636993678,7.733940887,0.000124625
ssp585_pH_NP_STPS,2,2090s,-0.384626318,-0.383874674,0.019110119,-0.44156167,-0.308110046,0.000144422,17509,ssp585,pH,NP_STPS,NP,STPS,7.698445622,7.698493641,0.018710647,7.638882812,7.749541807,0.000141403
ssp585_pH_NP_STPS,3,2090s,-0.385453114,-0.384596416,0.021346454,-0.445706768,-0.298495166,0.000161323,17509,ssp585,pH,NP_STPS,NP,STPS,7.695640712,7.695672543,0.019434096,7.630046813,7.740916109,0.00014687
ssp585_pH_NP_STPS,4,2090s,-0.384738327,-0.383788356,0.0228938,-0.452966356,-0.302105506,0.000173016,17509,ssp585,pH,NP_STPS,NP,STPS,7.689547349,7.689597389,0.020331846,7.608112113,7.728406572,0.000153655
ssp585_pH_NP_STPS,5,2090s,-0.383444497,-0.382451994,0.023079217,-0.457080015,-0.307021602,0.000174418,17509,ssp585,pH,NP_STPS,NP,STPS,7.680266292,7.680560377,0.021288846,7.604578495,7.716098261,0.000160887
ssp585_pH_NP_STPS,6,2090s,-0.380082639,-0.379257263,0.020069347,-0.449471505,-0.316976086,0.000151671,17509,ssp585,pH,NP_STPS,NP,STPS,7.671964729,7.67262462,0.022624752,7.588476928,7.70997448,0.000170983
ssp585_pH_NP_STPS,7,2090s,-0.375703403,-0.375118222,0.017290865,-0.43007253,-0.322840261,0.000130673,17509,ssp585,pH,NP_STPS,NP,STPS,7.66867996,7.669563834,0.023682928,7.581083202,7.716563416,0.00017898
ssp585_pH_NP_STPS,8,2090s,-0.373132009,-0.372698258,0.015173031,-0.41474274,-0.33001283,0.000114668,17509,ssp585,pH,NP_STPS,NP,STPS,7.668706141,7.669588344,0.023325603,7.57981391,7.715324688,0.00017628
ssp585_pH_NP_STPS,9,2090s,-0.372575695,-0.372239737,0.01363424,-0.407892307,-0.330367899,0.000103039,17509,ssp585,pH,NP_STPS,NP,STPS,7.670502418,7.671216043,0.020854311,7.596137985,7.710015106,0.000157603
ssp585_pH_NP_STSS,1,2090s,-0.41324606,-0.413011072,0.012441754,-0.463876613,-0.356785949,0.000214163,3375,ssp585,pH,NP_STSS,NP,STSS,7.696257598,7.696919392,0.02431984,7.63325909,7.756373262,0.000418624
ssp585_pH_NP_STSS,10,2090s,-0.395040784,-0.394659479,0.014470276,-0.430129766,-0.33491478,0.000249081,3375,ssp585,pH,NP_STSS,NP,STSS,7.674190031,7.674319706,0.024308945,7.615222692,7.737048006,0.000418436
ssp585_pH_NP_STSS,11,2090s,-0.402674866,-0.402338426,0.012876512,-0.434628448,-0.345176713,0.000221647,3375,ssp585,pH,NP_STSS,NP,STSS,7.686818945,7.687087842,0.022812831,7.630616458,7.742263699,0.000392683
ssp585_pH_NP_STSS,12,2090s,-0.41090056,-0.410607947,0.012090049,-0.449854946,-0.353384829,0.000208109,3375,ssp585,pH,NP_STSS,NP,STSS,7.691472231,7.691978094,0.022829662,7.631848224,7.745564175,0.000392973
ssp585_pH_NP_STSS,2,2090s,-0.415216927,-0.415058944,0.012909351,-0.474944496,-0.360864766,0.000222212,3375,ssp585,pH,NP_STSS,NP,STSS,7.694560057,7.69522866,0.024708272,7.630592696,7.758249235,0.00042531
ssp585_pH_NP_STSS,3,2090s,-0.416187355,-0.416106858,0.013276996,-0.481714869,-0.362138462,0.00022854,3375,ssp585,pH,NP_STSS,NP,STSS,7.695153837,7.695754392,0.024217799,7.630161031,7.756988096,0.000416867
ssp585_pH_NP_STSS,4,2090s,-0.417318849,-0.417383557,0.016528486,-0.495521736,-0.362250757,0.000284509,3375,ssp585,pH,NP_STSS,NP,STSS,7.699397265,7.699706681,0.025491254,7.627655617,7.754014301,0.000438788
ssp585_pH_NP_STSS,5,2090s,-0.425419522,-0.42535631,0.017162833,-0.491856813,-0.36409804,0.000295428,3375,ssp585,pH,NP_STSS,NP,STSS,7.689270498,7.689267941,0.032369271,7.609782187,7.75456988,0.000557181
ssp585_pH_NP_STSS,6,2090s,-0.424899329,-0.424474701,0.019210176,-0.477302535,-0.353936529,0.00033067,3375,ssp585,pH,NP_STSS,NP,STSS,7.666141514,7.666208086,0.030092181,7.590004873,7.730340481,0.000517985
ssp585_pH_NP_STSS,7,2090s,-0.410374015,-0.40979712,0.021693527,-0.462857914,-0.336577177,0.000373416,3375,ssp585,pH,NP_STSS,NP,STSS,7.647940654,7.648182545,0.027414648,7.580363274,7.714667606,0.000471895
ssp585_pH_NP_STSS,8,2090s,-0.395946947,-0.3954525,0.019980853,-0.443257984,-0.328876495,0.000343936,3375,ssp585,pH,NP_STSS,NP,STSS,7.644229025,7.644576627,0.025841646,7.580216233,7.713087368,0.000444819
ssp585_pH_NP_STSS,9,2090s,-0.391103787,-0.390680364,0.016599051,-0.430432653,-0.322265244,0.000285724,3375,ssp585,pH,NP_STSS,NP,STSS,7.655558125,7.655762433,0.025080544,7.596773672,7.725372505,0.000431718
ssp585_pH_Pac_EQU_E,1,2090s,-0.337231376,-0.337215612,0.013612595,-0.373898163,-0.27392211,0.000175533,6014,ssp585,pH,Pac_EQU_E,Pac,EQU,7.692410737,7.692409177,0.010484371,7.629238828,7.733658953,0.000135195
ssp585_pH_Pac_EQU_E,10,2090s,-0.340241538,-0.34022714,0.014413066,-0.408479862,-0.286785698,0.000185855,6014,ssp585,pH,Pac_EQU_E,Pac,EQU,7.690285673,7.690282716,0.013929621,7.652544689,7.727822208,0.000179621
ssp585_pH_Pac_EQU_E,11,2090s,-0.341588815,-0.341575075,0.015355704,-0.401534719,-0.276764393,0.00019801,6014,ssp585,pH,Pac_EQU_E,Pac,EQU,7.69072205,7.69071838,0.013764737,7.643500452,7.727475214,0.000177495
ssp585_pH_Pac_EQU_E,12,2090s,-0.342390408,-0.342375994,0.014638646,-0.384527191,-0.276058149,0.000188764,6014,ssp585,pH,Pac_EQU_E,Pac,EQU,7.689632846,7.689629648,0.012295989,7.64454196,7.734517612,0.000158556
ssp585_pH_Pac_EQU_E,2,2090s,-0.334850624,-0.334836909,0.013483344,-0.371009626,-0.268682098,0.000173866,6014,ssp585,pH,Pac_EQU_E,Pac,EQU,7.688855673,7.688850124,0.009874946,7.628654655,7.721880426,0.000127337
ssp585_pH_Pac_EQU_E,3,2090s,-0.332636057,-0.332624408,0.013459934,-0.366742277,-0.246505356,0.000173565,6014,ssp585,pH,Pac_EQU_E,Pac,EQU,7.6865641,7.686556216,0.010557206,7.656648906,7.725335264,0.000136134
ssp585_pH_Pac_EQU_E,4,2090s,-0.331934184,-0.331924338,0.013185268,-0.361178605,-0.234909773,0.000170023,6014,ssp585,pH,Pac_EQU_E,Pac,EQU,7.684669282,7.684661467,0.011540677,7.652288882,7.726679659,0.000148816
ssp585_pH_Pac_EQU_E,5,2090s,-0.332474721,-0.332464826,0.011567999,-0.368115044,-0.255851269,0.000149168,6014,ssp585,pH,Pac_EQU_E,Pac,EQU,7.684052865,7.684043695,0.01294952,7.648951896,7.724348879,0.000166983
ssp585_pH_Pac_EQU_E,6,2090s,-0.33520451,-0.335194599,0.011044959,-0.38954277,-0.274548912,0.000142424,6014,ssp585,pH,Pac_EQU_E,Pac,EQU,7.685206219,7.685193585,0.013884394,7.653491386,7.731141567,0.000179038
ssp585_pH_Pac_EQU_E,7,2090s,-0.337487204,-0.337478915,0.010565732,-0.408042717,-0.287094784,0.000136244,6014,ssp585,pH,Pac_EQU_E,Pac,EQU,7.686590607,7.686577579,0.014615729,7.648830223,7.730459785,0.000188469
ssp585_pH_Pac_EQU_E,8,2090s,-0.338892239,-0.338881671,0.010688342,-0.399771385,-0.300965468,0.000137825,6014,ssp585,pH,Pac_EQU_E,Pac,EQU,7.687510202,7.687501186,0.014869685,7.643010887,7.725135899,0.000191743
ssp585_pH_Pac_EQU_E,9,2090s,-0.339365673,-0.339352039,0.01235647,-0.388229609,-0.291381566,0.000159336,6014,ssp585,pH,Pac_EQU_E,Pac,EQU,7.688623422,7.688618086,0.014490949,7.648383824,7.726008224,0.000186859
ssp585_pH_Pac_EQU_W,1,2090s,-0.357527876,-0.357483811,0.014865471,-0.40207297,-0.326238642,0.000225183,4358,ssp585,pH,Pac_EQU_W,Pac,EQU,7.689197222,7.689185799,0.010853749,7.662271961,7.716729088,0.000164413
ssp585_pH_Pac_EQU_W,10,2090s,-0.359808422,-0.35975877,0.015578392,-0.405633974,-0.328221798,0.000235982,4358,ssp585,pH,Pac_EQU_W,Pac,EQU,7.684443829,7.684423113,0.011474505,7.655729691,7.705695391,0.000173816
ssp585_pH_Pac_EQU_W,11,2090s,-0.360374035,-0.360328314,0.015347597,-0.404239194,-0.327823248,0.000232486,4358,ssp585,pH,Pac_EQU_W,Pac,EQU,7.683143111,7.683124245,0.010868438,7.655700239,7.7037817,0.000164636
ssp585_pH_Pac_EQU_W,12,2090s,-0.360963774,-0.360922775,0.015258971,-0.404448366,-0.327628756,0.000231143,4358,ssp585,pH,Pac_EQU_W,Pac,EQU,7.683411022,7.683395353,0.010555567,7.655304464,7.709016256,0.000159896
ssp585_pH_Pac_EQU_W,2,2090s,-0.358428692,-0.35837565,0.015071319,-0.40000213,-0.328428698,0.000228301,4358,ssp585,pH,Pac_EQU_W,Pac,EQU,7.688507591,7.688499789,0.010806719,7.663055436,7.711443243,0.000163701
ssp585_pH_Pac_EQU_W,3,2090s,-0.358757612,-0.35869718,0.016005808,-0.39979833,-0.32424201,0.000242457,4358,ssp585,pH,Pac_EQU_W,Pac,EQU,7.687242757,7.687238537,0.010928443,7.661145798,7.711119509,0.000165544
ssp585_pH_Pac_EQU_W,4,2090s,-0.358832786,-0.358772469,0.01646902,-0.398705673,-0.320939865,0.000249473,4358,ssp585,pH,Pac_EQU_W,Pac,EQU,7.685939495,7.685933282,0.01116252,7.650047509,7.712421179,0.00016909
ssp585_pH_Pac_EQU_W,5,2090s,-0.358992237,-0.358937283,0.016063439,-0.40129803,-0.315513897,0.00024333,4358,ssp585,pH,Pac_EQU_W,Pac,EQU,7.685886256,7.685874798,0.011796978,7.641069142,7.715498447,0.000178701
ssp585_pH_Pac_EQU_W,6,2090s,-0.359500978,-0.359449917,0.016109333,-0.403425026,-0.312207623,0.000244025,4358,ssp585,pH,Pac_EQU_W,Pac,EQU,7.687536062,7.687520226,0.01191175,7.651462936,7.714058676,0.00018044
ssp585_pH_Pac_EQU_W,7,2090s,-0.35937992,-0.359330162,0.016298291,-0.404698642,-0.316655197,0.000246887,4358,ssp585,pH,Pac_EQU_W,Pac,EQU,7.689677019,7.689658935,0.011506832,7.656038968,7.716109371,0.000174306
ssp585_pH_Pac_EQU_W,8,2090s,-0.359197396,-0.359146543,0.015796841,-0.406486591,-0.321673746,0.000239291,4358,ssp585,pH,Pac_EQU_W,Pac,EQU,7.689308966,7.689290425,0.011247546,7.657720518,7.716951656,0.000170378
ssp585_pH_Pac_EQU_W,9,2090s,-0.359402627,-0.359351017,0.015696408,-0.40724376,-0.327311831,0.00023777,4358,ssp585,pH,Pac_EQU_W,Pac,EQU,7.686713897,7.686692713,0.011422973,7.657002417,7.7086236,0.000173036
ssp585_pH_SA_STPS,1,2090s,-0.370809651,-0.370021536,0.018365651,-0.42001668,-0.243215307,0.00020815,7785,ssp585,pH,SA_STPS,SA,STPS,7.685793301,7.686304819,0.019874976,7.62873807,7.736693764,0.000225256
ssp585_pH_SA_STPS,10,2090s,-0.3849815,-0.384192952,0.017951702,-0.428466082,-0.29458499,0.000203459,7785,ssp585,pH,SA_STPS,SA,STPS,7.709621182,7.709789982,0.018951571,7.633538723,7.770234744,0.000214791
ssp585_pH_SA_STPS,11,2090s,-0.384732485,-0.383908506,0.018928116,-0.432641115,-0.277667777,0.000214525,7785,ssp585,pH,SA_STPS,SA,STPS,7.700968592,7.701104596,0.018751541,7.64821763,7.760863209,0.000212524
ssp585_pH_SA_STPS,12,2090s,-0.3809397,-0.380117383,0.018579525,-0.429914494,-0.262235975,0.000210574,7785,ssp585,pH,SA_STPS,SA,STPS,7.689165513,7.689484056,0.019390338,7.641676617,7.732483387,0.000219764
ssp585_pH_SA_STPS,2,2090s,-0.3649022,-0.364170724,0.018135604,-0.415679388,-0.235279083,0.000205543,7785,ssp585,pH,SA_STPS,SA,STPS,7.684651744,7.685124422,0.018694509,7.630522887,7.73567667,0.000211877
ssp585_pH_SA_STPS,3,2090s,-0.361945616,-0.36117586,0.01847392,-0.414901571,-0.242452497,0.000209377,7785,ssp585,pH,SA_STPS,SA,STPS,7.689526947,7.68988047,0.017185277,7.642415969,7.739514542,0.000194772
ssp585_pH_SA_STPS,4,2090s,-0.363105455,-0.362280798,0.017961118,-0.413929815,-0.252905111,0.000203565,7785,ssp585,pH,SA_STPS,SA,STPS,7.697835845,7.698069654,0.015644824,7.643181769,7.740330029,0.000177313
ssp585_pH_SA_STPS,5,2090s,-0.366847523,-0.365983119,0.017722525,-0.416967122,-0.270202684,0.000200861,7785,ssp585,pH,SA_STPS,SA,STPS,7.70607499,7.70627437,0.015298212,7.636235332,7.743897343,0.000173385
ssp585_pH_SA_STPS,6,2090s,-0.37265704,-0.371753852,0.017640054,-0.422147544,-0.289221106,0.000199927,7785,ssp585,pH,SA_STPS,SA,STPS,7.711659238,7.711957351,0.016213741,7.628112284,7.748286915,0.000183761
ssp585_pH_SA_STPS,7,2090s,-0.378672147,-0.377774422,0.017562294,-0.427140872,-0.296165056,0.000199045,7785,ssp585,pH,SA_STPS,SA,STPS,7.713368078,7.713783517,0.017595325,7.615898975,7.749982309,0.00019942
ssp585_pH_SA_STPS,8,2090s,-0.38295991,-0.382093222,0.017630724,-0.426732461,-0.298846407,0.000199821,7785,ssp585,pH,SA_STPS,SA,STPS,7.71241191,7.71288913,0.018975705,7.608815654,7.749779367,0.000215064
ssp585_pH_SA_STPS,9,2090s,-0.38459521,-0.383768614,0.017732123,-0.426820691,-0.300462074,0.00020097,7785,ssp585,pH,SA_STPS,SA,STPS,7.711524052,7.711932522,0.018875994,7.612823168,7.745599461,0.000213934
ssp585_pH_SO_SPSS,1,2090s,-0.397594634,-0.396786645,0.011446989,-0.465223535,-0.332011108,7.79844384142207e-05,21546,ssp585,pH,SO_SPSS,SO,SPSS,7.660779219,7.66109412,0.02801945,7.614279127,7.777996349,0.000190887
ssp585_pH_SO_SPSS,10,2090s,-0.406294344,-0.405994424,0.008922305,-0.443935604,-0.346225786,6.07846219453563e-05,21546,ssp585,pH,SO_SPSS,SO,SPSS,7.656445725,7.656334211,0.023013944,7.613835939,7.768197314,0.000156786
ssp585_pH_SO_SPSS,11,2090s,-0.405831924,-0.405196493,0.010614164,-0.446201954,-0.342108488,7.23106824699042e-05,21546,ssp585,pH,SO_SPSS,SO,SPSS,7.656322917,7.656547391,0.02637321,7.6081985,7.818983332,0.000179672
ssp585_pH_SO_SPSS,12,2090s,-0.403873142,-0.403011796,0.011983828,-0.455441888,-0.350462373,8.16417379436942e-05,21546,ssp585,pH,SO_SPSS,SO,SPSS,7.658081251,7.658392478,0.028996742,7.609799163,7.785651747,0.000197545
ssp585_pH_SO_SPSS,2,2090s,-0.39742169,-0.396694109,0.00925821,-0.444018126,-0.354098721,6.30730299838471e-05,21546,ssp585,pH,SO_SPSS,SO,SPSS,7.656444909,7.656807858,0.024694239,7.60367074,7.746328656,0.000168233
ssp585_pH_SO_SPSS,3,2090s,-0.398017209,-0.397387185,0.008199113,-0.468455944,-0.370978483,5.58577644582706e-05,21546,ssp585,pH,SO_SPSS,SO,SPSS,7.654299675,7.654629523,0.02100593,7.595217466,7.712792873,0.000143106
ssp585_pH_SO_SPSS,4,2090s,-0.399902352,-0.399398846,0.007184828,-0.46924922,-0.370962553,4.8947783235183e-05,21546,ssp585,pH,SO_SPSS,SO,SPSS,7.653822226,7.654054686,0.018966465,7.587880373,7.705298662,0.000129212
ssp585_pH_SO_SPSS,5,2090s,-0.402072188,-0.401711167,0.006657412,-0.450179892,-0.372315836,4.53546779922655e-05,21546,ssp585,pH,SO_SPSS,SO,SPSS,7.654321649,7.654436324,0.018048302,7.586428595,7.700374508,0.000122957
ssp585_pH_SO_SPSS,6,2090s,-0.403666032,-0.403436688,0.006795226,-0.444775238,-0.370186806,4.62935613834476e-05,21546,ssp585,pH,SO_SPSS,SO,SPSS,7.655240115,7.655236234,0.017610172,7.591581488,7.698306942,0.000119972
ssp585_pH_SO_SPSS,7,2090s,-0.404619837,-0.404494065,0.00721888,-0.446582095,-0.368731165,4.91797676355685e-05,21546,ssp585,pH,SO_SPSS,SO,SPSS,7.655836176,7.655730701,0.017652482,7.598506308,7.697965431,0.00012026
ssp585_pH_SO_SPSS,8,2090s,-0.405394785,-0.405290333,0.007709243,-0.450903018,-0.363836193,5.25204484770419e-05,21546,ssp585,pH,SO_SPSS,SO,SPSS,7.656251199,7.656080019,0.018417543,7.606512356,7.699079895,0.000125472
ssp585_pH_SO_SPSS,9,2090s,-0.405807024,-0.405664223,0.008494742,-0.441699696,-0.354571438,5.78717821781675e-05,21546,ssp585,pH,SO_SPSS,SO,SPSS,7.656746725,7.656540832,0.020272063,7.613775682,7.705205641,0.000138107
ssp585_pH_SO_STSS,1,2090s,-0.390752167,-0.390835118,0.01701053,-0.456208118,-0.207837639,0.000135119,15849,ssp585,pH,SO_STSS,SO,STSS,7.687873449,7.688168156,0.024989675,7.614761162,7.77592171,0.0001985
ssp585_pH_SO_STSS,10,2090s,-0.401422209,-0.40145556,0.012564532,-0.445400047,-0.187649822,9.98034101205809e-05,15849,ssp585,pH,SO_STSS,SO,STSS,7.680391473,7.68105034,0.030424662,7.551172256,7.842957513,0.000241671
ssp585_pH_SO_STSS,11,2090s,-0.398220859,-0.398226285,0.015421373,-0.456223424,-0.198942051,0.000122496,15849,ssp585,pH,SO_STSS,SO,STSS,7.68902838,7.689668369,0.033812232,7.603495169,7.827406327,0.00026858
ssp585_pH_SO_STSS,12,2090s,-0.396062506,-0.396133809,0.017925641,-0.461509434,-0.210870333,0.000142388,15849,ssp585,pH,SO_STSS,SO,STSS,7.689245216,7.689663903,0.03060824,7.619276381,7.773442793,0.000243129
ssp585_pH_SO_STSS,2,2090s,-0.390139336,-0.390085247,0.015179886,-0.451012119,-0.210259972,0.000120578,15849,ssp585,pH,SO_STSS,SO,STSS,7.68329572,7.683704265,0.021733353,7.618761301,7.743061876,0.000172634
ssp585_pH_SO_STSS,3,2090s,-0.390896997,-0.390734215,0.013669178,-0.453217252,-0.213052073,0.000108578,15849,ssp585,pH,SO_STSS,SO,STSS,7.682859025,7.683489596,0.021415514,7.622645521,7.74444952,0.000170109
ssp585_pH_SO_STSS,4,2090s,-0.393749888,-0.393544586,0.011992771,-0.449442116,-0.217811165,9.52617635615083e-05,15849,ssp585,pH,SO_STSS,SO,STSS,7.682981448,7.683836458,0.022819968,7.563610029,7.749442625,0.000181265
ssp585_pH_SO_STSS,5,2090s,-0.397966986,-0.397776399,0.010200883,-0.440841436,-0.210792809,8.10283230393312e-05,15849,ssp585,pH,SO_STSS,SO,STSS,7.681148455,7.682089648,0.023750187,7.509053135,7.755038271,0.000188654
ssp585_pH_SO_STSS,6,2090s,-0.401951778,-0.401829234,0.009347875,-0.439879545,-0.155963936,7.42526479282714e-05,15849,ssp585,pH,SO_STSS,SO,STSS,7.678020273,7.678903819,0.023696013,7.511141364,7.763071671,0.000188224
ssp585_pH_SO_STSS,7,2090s,-0.40442667,-0.404372381,0.009914353,-0.466983538,-0.144394636,7.87523385295203e-05,15849,ssp585,pH,SO_STSS,SO,STSS,7.67474556,7.675519631,0.023027508,7.49496487,7.764106951,0.000182914
ssp585_pH_SO_STSS,8,2090s,-0.404918996,-0.404912415,0.010856066,-0.479148226,-0.146986542,8.62326111706888e-05,15849,ssp585,pH,SO_STSS,SO,STSS,7.672660076,7.673332847,0.023079153,7.501272758,7.757293863,0.000183324
ssp585_pH_SO_STSS,9,2090s,-0.404126162,-0.404132253,0.011267791,-0.474192085,-0.156617775,8.95030534036554e-05,15849,ssp585,pH,SO_STSS,SO,STSS,7.673478286,7.674118701,0.02479857,7.514205201,7.747596359,0.000196982
ssp585_pH_SP_STPS,1,2090s,-0.376170884,-0.374776233,0.023508038,-0.437963676,-0.241488409,0.000151937,23939,ssp585,pH,SP_STPS,SP,STPS,7.676682195,7.67785726,0.021988472,7.61450661,7.727877426,0.000142116
ssp585_pH_SP_STPS,10,2090s,-0.392179013,-0.390483834,0.025885271,-0.466115074,-0.250033541,0.000167301,23939,ssp585,pH,SP_STPS,SP,STPS,7.692806842,7.69379222,0.020655809,7.582519732,7.740358591,0.000133502
ssp585_pH_SP_STPS,11,2090s,-0.390541307,-0.38888907,0.026715986,-0.444160064,-0.245040855,0.000172671,23939,ssp585,pH,SP_STPS,SP,STPS,7.684907919,7.685888374,0.02005216,7.622626276,7.727661562,0.000129601
ssp585_pH_SP_STPS,12,2090s,-0.385898535,-0.384360239,0.025757406,-0.444919872,-0.247236519,0.000166475,23939,ssp585,pH,SP_STPS,SP,STPS,7.676659579,7.67775086,0.0212076,7.615786187,7.722917128,0.000137069
ssp585_pH_SP_STPS,2,2090s,-0.372072192,-0.370839362,0.021338096,-0.42773641,-0.238069735,0.000137912,23939,ssp585,pH,SP_STPS,SP,STPS,7.676595078,7.677651164,0.020420903,7.619677035,7.738989687,0.000131984
ssp585_pH_SP_STPS,3,2090s,-0.370764634,-0.369574253,0.020041873,-0.422495852,-0.234369764,0.000129534,23939,ssp585,pH,SP_STPS,SP,STPS,7.68121387,7.682052346,0.018008026,7.632700268,7.745635462,0.000116389
ssp585_pH_SP_STPS,4,2090s,-0.372561142,-0.371272816,0.019905741,-0.420336218,-0.228130264,0.000128655,23939,ssp585,pH,SP_STPS,SP,STPS,7.688618454,7.689360119,0.017191765,7.637425137,7.752124882,0.000111114
ssp585_pH_SP_STPS,5,2090s,-0.376630368,-0.3751939,0.020632084,-0.422360411,-0.227643127,0.000133349,23939,ssp585,pH,SP_STPS,SP,STPS,7.695564327,7.696384754,0.018448126,7.62028861,7.749952555,0.000119234
ssp585_pH_SP_STPS,6,2090s,-0.381631621,-0.380076076,0.021439131,-0.422881327,-0.230297756,0.000138565,23939,ssp585,pH,SP_STPS,SP,STPS,7.700016637,7.701018232,0.020577832,7.597265673,7.74949317,0.000132998
ssp585_pH_SP_STPS,7,2090s,-0.386105096,-0.384482781,0.02242007,-0.443242188,-0.23783143,0.000144905,23939,ssp585,pH,SP_STPS,SP,STPS,7.701337013,7.702496086,0.022190959,7.566053057,7.75149107,0.000143424
ssp585_pH_SP_STPS,8,2090s,-0.389344057,-0.38770329,0.023499665,-0.478745632,-0.24264123,0.000151883,23939,ssp585,pH,SP_STPS,SP,STPS,7.700199677,7.70140111,0.02293716,7.540460567,7.750113153,0.000148247
ssp585_pH_SP_STPS,9,2090s,-0.391235557,-0.38959142,0.024468674,-0.485513268,-0.247538481,0.000158146,23939,ssp585,pH,SP_STPS,SP,STPS,7.697707799,7.698805418,0.022412666,7.545465698,7.745740509,0.000144857
ssp585_tos_Atl_EQU,1,2090s,4.331445045,4.331905362,0.838425518,2.184650421,5.854631424,0.015547741,2908,ssp585,tos,Atl_EQU,Atl,EQU,32.97982343,32.98155056,1.398793926,28.32701492,35.41957855,0.025939198
ssp585_tos_Atl_EQU,10,2090s,4.24899194,4.249615582,0.979348704,1.925357819,5.631248474,0.018161016,2908,ssp585,tos,Atl_EQU,Atl,EQU,31.55556652,31.55512802,1.888534661,26.19715881,34.63428497,0.035020937
ssp585_tos_Atl_EQU,11,2090s,4.35519325,4.35595726,0.87118589,2.094551086,6.186044693,0.016155248,2908,ssp585,tos,Atl_EQU,Atl,EQU,32.27195576,32.27232926,1.626062814,27.14770508,35.04151154,0.030153666
ssp585_tos_Atl_EQU,12,2090s,4.374383701,4.374933072,0.838846686,2.272378922,6.305072784,0.015555551,2908,ssp585,tos,Atl_EQU,Atl,EQU,32.71543161,32.7167842,1.447225123,28.69187546,35.0555687,0.026837304
ssp585_tos_Atl_EQU,2,2090s,4.213516965,4.213997844,0.847677515,2.056118011,6.177404404,0.015719309,2908,ssp585,tos,Atl_EQU,Atl,EQU,33.45845107,33.46051621,1.473038771,28.18302917,36.01834106,0.027315992
ssp585_tos_Atl_EQU,3,2090s,4.011011324,4.011240541,0.756967863,1.856164932,5.367357254,0.014037192,2908,ssp585,tos,Atl_EQU,Atl,EQU,33.80257637,33.8049063,1.474780901,28.29379272,36.28732681,0.027348298
ssp585_tos_Atl_EQU,4,2090s,3.896537432,3.896579307,0.695258716,2.077545166,5.342309952,0.012892859,2908,ssp585,tos,Atl_EQU,Atl,EQU,33.68285412,33.68492894,1.469471631,27.98025894,36.21369934,0.027249843
ssp585_tos_Atl_EQU,5,2090s,3.891130864,3.891214151,0.718829212,2.048858643,5.180118561,0.01332995,2908,ssp585,tos,Atl_EQU,Atl,EQU,33.20856508,33.20997154,1.455236531,28.09177208,35.51573181,0.026985868
ssp585_tos_Atl_EQU,6,2090s,4.066292385,4.066667201,0.796820107,2.122306824,5.399168015,0.014776211,2908,ssp585,tos,Atl_EQU,Atl,EQU,32.39514999,32.39543707,1.615081308,28.32024574,35.01899719,0.029950025
ssp585_tos_Atl_EQU,7,2090s,4.218170053,4.21878694,0.933994039,2.177145004,5.971643448,0.017319961,2908,ssp585,tos,Atl_EQU,Atl,EQU,31.54680842,31.54625936,1.715634712,27.10510254,34.47473526,0.031814685
ssp585_tos_Atl_EQU,8,2090s,4.222294803,4.22280416,0.971255755,2.133337021,5.964859009,0.018010941,2908,ssp585,tos,Atl_EQU,Atl,EQU,30.93928606,30.93847904,1.856323765,26.21254921,34.10438156,0.034423619
ssp585_tos_Atl_EQU,9,2090s,4.136797689,4.137261683,1.041289649,1.854536057,5.781972885,0.019309648,2908,ssp585,tos,Atl_EQU,Atl,EQU,30.90194639,30.90121958,1.972501108,25.67404556,34.28653717,0.036578008
ssp585_tos_IND_STPS,1,2090s,3.896921102,3.894772632,0.845254099,1.29637146,6.462335587,0.006885195,15071,ssp585,tos,IND_STPS,IND,STPS,30.17879883,30.37773613,3.46209559,20.30376053,35.52320862,0.028201228
ssp585_tos_IND_STPS,10,2090s,3.679097589,3.687135178,0.960145693,0.688186646,5.699165344,0.007821069,15071,ssp585,tos,IND_STPS,IND,STPS,27.68122235,27.97442829,4.884202111,15.03254509,34.89447784,0.039785296
ssp585_tos_IND_STPS,11,2090s,3.760542784,3.761578472,0.89421355,1.065250397,5.326854706,0.007284005,15071,ssp585,tos,IND_STPS,IND,STPS,28.53708796,28.81089284,4.567753666,16.54047012,35.37314606,0.037207598
ssp585_tos_IND_STPS,12,2090s,3.859508348,3.857917307,0.845822023,1.457874298,6.276279449,0.006889821,15071,ssp585,tos,IND_STPS,IND,STPS,29.50580325,29.74412272,4.011238985,18.31969643,35.81072998,0.032674391
ssp585_tos_IND_STPS,2,2090s,3.929730614,3.927124492,0.837663366,1.193529129,6.063983917,0.006823363,15071,ssp585,tos,IND_STPS,IND,STPS,30.58245976,30.76433432,3.244946679,20.94286346,35.48901367,0.026432396
ssp585_tos_IND_STPS,3,2090s,3.928091522,3.924571397,0.805297871,0.978620529,5.693883896,0.006559723,15071,ssp585,tos,IND_STPS,IND,STPS,30.82650957,31.02174135,3.380939036,20.93833542,35.6893158,0.02754015
ssp585_tos_IND_STPS,4,2090s,3.920573886,3.919942686,0.801108868,0.856040955,5.590875626,0.006525601,15071,ssp585,tos,IND_STPS,IND,STPS,30.66648604,30.89628678,3.840468233,19.8392067,36.0578537,0.031283342
ssp585_tos_IND_STPS,5,2090s,3.96294327,3.968132633,0.84997287,0.743385315,5.607212067,0.006923633,15071,ssp585,tos,IND_STPS,IND,STPS,29.98483575,30.24467875,4.304862826,18.30458641,36.27487564,0.035066166
ssp585_tos_IND_STPS,6,2090s,3.974136566,3.985956981,0.888142314,0.39717865,5.674154282,0.00723455,15071,ssp585,tos,IND_STPS,IND,STPS,28.97506663,29.25507782,4.636613613,16.85703468,36.05640793,0.037768512
ssp585_tos_IND_STPS,7,2090s,3.912795054,3.925872466,0.91534716,0.695289612,5.699232101,0.007456153,15071,ssp585,tos,IND_STPS,IND,STPS,27.9914852,28.28115132,4.789374748,15.3556881,35.08863449,0.03901286
ssp585_tos_IND_STPS,8,2090s,3.817610933,3.8299064,0.918138256,0.510528564,6.156841278,0.007478888,15071,ssp585,tos,IND_STPS,IND,STPS,27.37078355,27.66721597,4.898826593,14.47350597,34.76544952,0.039904423
ssp585_tos_IND_STPS,9,2090s,3.72787453,3.739708185,0.948887783,0.339915276,6.247701645,0.007729365,15071,ssp585,tos,IND_STPS,IND,STPS,27.24880567,27.54797408,4.958470563,14.32040405,34.65132141,0.040390265
ssp585_tos_NA_SPSS,1,2090s,3.017350509,2.855746284,3.134620012,-4.520952702,10.74566412,0.035992094,7585,ssp585,tos,NA_SPSS,NA,SPSS,8.068190282,8.585963206,3.223343972,-0.610906303,22.24729538,0.037010833
ssp585_tos_NA_SPSS,10,2090s,4.18946894,4.097005442,2.881343717,-1.881433487,13.33200693,0.033083944,7585,ssp585,tos,NA_SPSS,NA,SPSS,12.13511747,13.0238138,3.959853941,2.377285719,28.03653336,0.045467531
ssp585_tos_NA_SPSS,11,2090s,3.712333849,3.571187552,2.919604878,-3.013066292,12.31571817,0.033523263,7585,ssp585,tos,NA_SPSS,NA,SPSS,10.40180469,11.1386157,3.617273131,0.623304367,25.67222977,0.041533976
ssp585_tos_NA_SPSS,12,2090s,3.346745044,3.191605244,3.028402159,-3.79661417,11.6242125,0.034772487,7585,ssp585,tos,NA_SPSS,NA,SPSS,9.083820855,9.703603631,3.382470023,-0.632454574,23.95220375,0.038837938
ssp585_tos_NA_SPSS,2,2090s,2.809183223,2.651150205,3.169292695,-4.964954376,10.99709225,0.03639021,7585,ssp585,tos,NA_SPSS,NA,SPSS,7.468639361,7.927783267,3.158602667,-0.898465037,20.80799484,0.036267465
ssp585_tos_NA_SPSS,3,2090s,2.703256741,2.546806286,3.191723776,-5.287924528,11.70761776,0.036647766,7585,ssp585,tos,NA_SPSS,NA,SPSS,7.185270842,7.639718754,3.165779131,-1.330021739,19.64417076,0.036349866
ssp585_tos_NA_SPSS,4,2090s,2.790796846,2.630277233,3.217221932,-5.174951077,12.15968037,0.036940539,7585,ssp585,tos,NA_SPSS,NA,SPSS,7.383577208,7.890115039,3.227743997,-1.065949082,19.01867104,0.037061355
ssp585_tos_NA_SPSS,5,2090s,3.190521833,3.01205067,3.207261723,-4.082895279,12.32950354,0.036826175,7585,ssp585,tos,NA_SPSS,NA,SPSS,8.581075452,9.175010563,3.342978967,-0.301970601,20.73611832,0.038384497
ssp585_tos_NA_SPSS,6,2090s,3.833588206,3.642267743,3.261398808,-3.006093979,13.2224226,0.037447783,7585,ssp585,tos,NA_SPSS,NA,SPSS,10.96166152,11.6419366,3.604849725,1.502205968,24.86541367,0.041391329
ssp585_tos_NA_SPSS,7,2090s,4.469093464,4.342755102,3.305618091,-1.850152969,14.4564414,0.037955515,7585,ssp585,tos,NA_SPSS,NA,SPSS,13.4729554,14.26908651,3.928659014,3.27082634,30.22995377,0.045109347
ssp585_tos_NA_SPSS,8,2090s,4.820447929,4.747226454,3.270514674,-1.020979881,15.39371395,0.037552453,7585,ssp585,tos,NA_SPSS,NA,SPSS,14.70089822,15.63622337,4.208808045,4.16029644,32.37923431,0.048326053
ssp585_tos_NA_SPSS,9,2090s,4.659281876,4.600199006,3.005033318,-1.073016167,14.73502445,0.034504163,7585,ssp585,tos,NA_SPSS,NA,SPSS,13.90739545,14.88286123,4.218001701,3.856482744,30.85065842,0.048431616
ssp585_tos_NA_STPS,1,2090s,3.665395537,3.655636982,0.989426631,1.099077225,6.296638489,0.011418066,7509,ssp585,tos,NA_STPS,NA,STPS,27.08635401,27.24111093,3.094413341,16.97323418,33.98586655,0.035709788
ssp585_tos_NA_STPS,10,2090s,3.782450195,3.771706504,1.268542695,0.979333878,6.636459351,0.014639089,7509,ssp585,tos,NA_STPS,NA,STPS,30.52800228,30.62633134,2.380878475,22.79453659,35.02390289,0.027475536
ssp585_tos_NA_STPS,11,2090s,3.783112594,3.770651876,1.149669289,0.799621582,6.648721695,0.013267279,7509,ssp585,tos,NA_STPS,NA,STPS,29.47432784,29.59962756,2.6796896,20.13438797,34.72327423,0.030923841
ssp585_tos_NA_STPS,12,2090s,3.734440417,3.722971734,1.046224609,1.03371048,6.583459854,0.012073519,7509,ssp585,tos,NA_STPS,NA,STPS,28.21070549,28.35451294,2.941840211,18.16703796,34.22850037,0.033949081
ssp585_tos_NA_STPS,2,2090s,3.610308498,3.604922951,0.960504473,1.255876541,6.108371735,0.011084302,7509,ssp585,tos,NA_STPS,NA,STPS,26.49443485,26.65846256,3.218603315,16.38645554,33.79001236,0.037142951
ssp585_tos_NA_STPS,3,2090s,3.570955332,3.569164985,0.957887005,0.99477005,6.037126541,0.011054096,7509,ssp585,tos,NA_STPS,NA,STPS,26.38710743,26.56049902,3.343206964,16.15113258,34.28533936,0.038580887
ssp585_tos_NA_STPS,4,2090s,3.526499927,3.523686065,0.945444795,0.90789032,5.931940079,0.010910512,7509,ssp585,tos,NA_STPS,NA,STPS,26.73065835,26.90252472,3.337902196,16.66086578,34.54708862,0.03851967
ssp585_tos_NA_STPS,5,2090s,3.490473039,3.483807545,0.989818023,0.614042282,6.233337402,0.011422583,7509,ssp585,tos,NA_STPS,NA,STPS,27.60394441,27.75437468,3.10891987,18.22350883,34.54180145,0.035877195
ssp585_tos_NA_STPS,6,2090s,3.571674363,3.561610032,1.035909472,0.784362793,6.590667725,0.011954482,7509,ssp585,tos,NA_STPS,NA,STPS,28.86273612,28.97407026,2.725891044,20.67398643,34.72020721,0.03145701
ssp585_tos_NA_STPS,7,2090s,3.657104166,3.647352046,1.148909598,1.056121826,6.901197433,0.013258513,7509,ssp585,tos,NA_STPS,NA,STPS,30.01638036,30.09234471,2.389763581,23.09520912,35.7955513,0.027578071
ssp585_tos_NA_STPS,8,2090s,3.678492829,3.670293217,1.302578045,0.724845886,6.91614151,0.015031859,7509,ssp585,tos,NA_STPS,NA,STPS,30.72210824,30.78443153,2.255305768,23.7204895,35.96979523,0.026026417
ssp585_tos_NA_STPS,9,2090s,3.732532897,3.721980155,1.336770381,0.854948044,7.056249619,0.015426442,7509,ssp585,tos,NA_STPS,NA,STPS,30.97239013,31.04223398,2.22832653,23.94786644,35.64361572,0.025715074
ssp585_tos_NA_STSS,1,2090s,3.151877547,3.168097322,1.719918338,-0.217113495,10.27913046,0.030752077,3128,ssp585,tos,NA_STSS,NA,STSS,18.66830424,18.86293523,3.617134447,8.507279396,27.19016647,0.064674232
ssp585_tos_NA_STSS,10,2090s,4.117576639,4.117796407,1.991796665,0.656572342,12.3941412,0.035613252,3128,ssp585,tos,NA_STSS,NA,STSS,24.24198297,24.43889229,3.678365342,15.02187347,32.80156708,0.065769038
ssp585_tos_NA_STSS,11,2090s,3.76171777,3.771848387,1.793773313,0.363164902,11.51401138,0.032072601,3128,ssp585,tos,NA_STSS,NA,STSS,21.95811877,22.16261755,3.752452789,12.36688614,30.67695236,0.067093719
ssp585_tos_NA_STSS,12,2090s,3.428194717,3.443900661,1.775320604,0.023740768,11.02594328,0.031742668,3128,ssp585,tos,NA_STSS,NA,STSS,20.05802653,20.2592223,3.730888005,10.10425377,28.7306881,0.066708141
ssp585_tos_NA_STSS,2,2090s,2.960262208,2.974357117,1.657922205,-0.345146179,9.90442276,0.029643589,3128,ssp585,tos,NA_STSS,NA,STSS,17.92495473,18.11682152,3.511088813,7.750117302,26.52576065,0.06277814
ssp585_tos_NA_STSS,3,2090s,2.815794298,2.830397224,1.640214721,-0.430267334,9.59043026,0.029326979,3128,ssp585,tos,NA_STSS,NA,STSS,17.66189397,17.85378218,3.465559303,7.588991642,26.45985031,0.061964074
ssp585_tos_NA_STSS,4,2090s,2.789352963,2.809733951,1.698242641,-0.76243782,9.464987755,0.030364516,3128,ssp585,tos,NA_STSS,NA,STSS,17.97334171,18.17064292,3.512463937,8.003065109,28.14052963,0.062802727
ssp585_tos_NA_STSS,5,2090s,3.007459708,3.02916249,1.783141164,-0.638158798,10.29498672,0.031882499,3128,ssp585,tos,NA_STSS,NA,STSS,19.33066409,19.53430034,3.603325684,9.444618225,30.70419884,0.064427332
ssp585_tos_NA_STSS,6,2090s,3.497221315,3.511547934,2.015640319,-0.087120056,10.44669914,0.036039575,3128,ssp585,tos,NA_STSS,NA,STSS,21.81587384,22.02041085,3.735991019,12.31283188,33.3210907,0.066799383
ssp585_tos_NA_STSS,7,2090s,4.077644576,4.076354059,2.33147662,0.180706024,11.90900421,0.041686717,3128,ssp585,tos,NA_STSS,NA,STSS,24.70276737,24.89614977,3.800482534,15.81645775,34.76882935,0.067952489
ssp585_tos_NA_STSS,8,2090s,4.350510594,4.338292598,2.484932575,0.176269531,13.82134438,0.044430504,3128,ssp585,tos,NA_STSS,NA,STSS,26.42105446,26.60286301,3.772750247,17.77955627,35.13249969,0.067456637
ssp585_tos_NA_STSS,9,2090s,4.416591544,4.407313993,2.251812487,0.160964966,13.49991798,0.040262325,3128,ssp585,tos,NA_STSS,NA,STSS,26.15476657,26.3402184,3.659926311,17.5739975,34.5918808,0.065439349
ssp585_tos_NP_SPSS,1,2090s,4.634058683,4.625845587,1.688533673,0.963140339,9.855786324,0.019456045,7532,ssp585,tos,NP_SPSS,NP,SPSS,11.02179487,11.27146487,3.674232145,0.46842742,22.64430809,0.042336157
ssp585_tos_NP_SPSS,10,2090s,5.920198232,5.92405866,1.747655527,2.814114571,11.29291344,0.020137274,7532,ssp585,tos,NP_SPSS,NP,SPSS,16.86945722,17.18924366,3.739265247,8.349111557,29.40639877,0.043085498
ssp585_tos_NP_SPSS,11,2090s,5.340983072,5.345474416,1.636233965,2.389112473,10.44750786,0.018853425,7532,ssp585,tos,NP_SPSS,NP,SPSS,14.27906666,14.57988629,3.723760842,5.147154331,27.10794067,0.042906849
ssp585_tos_NP_SPSS,12,2090s,4.917340682,4.917455273,1.665013833,1.49942112,10.0713377,0.019185039,7532,ssp585,tos,NP_SPSS,NP,SPSS,12.33408193,12.607061,3.706940254,2.353794336,24.79244041,0.042713035
ssp585_tos_NP_SPSS,2,2090s,4.518290632,4.50505213,1.700626927,0.566876411,9.890441418,0.019595389,7532,ssp585,tos,NP_SPSS,NP,SPSS,10.35991507,10.59893868,3.639744176,-0.692846477,21.28820992,0.041938771
ssp585_tos_NP_SPSS,3,2090s,4.499560462,4.48083981,1.687585385,0.871498585,10.16606712,0.019445119,7532,ssp585,tos,NP_SPSS,NP,SPSS,10.162819,10.39855125,3.613378751,-0.004387868,20.52031898,0.041634977
ssp585_tos_NP_SPSS,4,2090s,4.6114742,4.589146095,1.716639043,0.978421211,10.87448025,0.019779888,7532,ssp585,tos,NP_SPSS,NP,SPSS,10.62587409,10.86707287,3.575036328,2.01070118,20.97082329,0.041193178
ssp585_tos_NP_SPSS,5,2090s,4.978818913,4.954035182,1.822210814,1.43801403,12.20070362,0.020996334,7532,ssp585,tos,NP_SPSS,NP,SPSS,12.17758093,12.41340801,3.45904488,3.675233126,23.11126137,0.039856673
ssp585_tos_NP_SPSS,6,2090s,5.628734188,5.600509447,2.09322306,2.071047783,13.05998898,0.024119059,7532,ssp585,tos,NP_SPSS,NP,SPSS,14.97862756,15.19483655,3.333445551,6.488188267,27.13217735,0.038409461
ssp585_tos_NP_SPSS,7,2090s,6.213728216,6.190560824,2.228423521,2.477672577,13.05518818,0.025676899,7532,ssp585,tos,NP_SPSS,NP,SPSS,18.07353225,18.30386349,3.45299185,8.192271233,32.95009613,0.039786927
ssp585_tos_NP_SPSS,8,2090s,6.612740713,6.604041893,2.299794089,2.143303871,13.49416351,0.026499263,7532,ssp585,tos,NP_SPSS,NP,SPSS,20.10415471,20.39670531,3.749737879,9.540385246,35.83805847,0.043206168
ssp585_tos_NP_SPSS,9,2090s,6.519904595,6.520227159,2.181111399,2.757501602,12.92854691,0.025131748,7532,ssp585,tos,NP_SPSS,NP,SPSS,19.45250952,19.77702653,3.831076006,10.22938728,33.43753815,0.044143383
ssp585_tos_NP_STPS,1,2090s,3.916026297,3.910604135,0.967981666,0.908049583,6.115262985,0.007315373,17509,ssp585,tos,NP_STPS,NP,STPS,27.98824871,28.19223697,4.03111965,13.95007324,33.99797821,0.030464568
ssp585_tos_NP_STPS,10,2090s,4.340498568,4.313561678,1.199771174,1.826396942,7.388893127,0.009067086,17509,ssp585,tos,NP_STPS,NP,STPS,31.47431314,31.60024973,2.725732103,21.2057991,35.4909935,0.020599302
ssp585_tos_NP_STPS,11,2090s,4.213689468,4.197027639,1.09870018,1.844764709,6.76326561,0.008303258,17509,ssp585,tos,NP_STPS,NP,STPS,30.3759845,30.53582178,3.277609533,18.47659683,34.89691162,0.024770031
ssp585_tos_NP_STPS,12,2090s,4.0721451,4.063337387,1.019814464,1.530101776,6.357686996,0.007707091,17509,ssp585,tos,NP_STPS,NP,STPS,29.10207844,29.28703496,3.719629551,15.79792786,34.65684891,0.028110529
ssp585_tos_NP_STPS,2,2090s,3.8343143,3.830560177,0.962119808,0.758102417,5.891586304,0.007271073,17509,ssp585,tos,NP_STPS,NP,STPS,27.44074729,27.6597033,4.265918067,13.03094196,33.84027481,0.032239021
ssp585_tos_NP_STPS,3,2090s,3.755079402,3.751397663,0.956532729,0.919247627,5.705863953,0.007228849,17509,ssp585,tos,NP_STPS,NP,STPS,27.39920843,27.62583697,4.390003732,13.13047218,34.1029892,0.033176779
ssp585_tos_NP_STPS,4,2090s,3.688622502,3.681484522,0.959135282,1.281896591,5.815237045,0.007248518,17509,ssp585,tos,NP_STPS,NP,STPS,27.89208328,28.11703176,4.385466605,13.80848503,35.34873581,0.03314249
ssp585_tos_NP_STPS,5,2090s,3.753992213,3.741508165,0.972706386,1.338657379,6.156752586,0.007351079,17509,ssp585,tos,NP_STPS,NP,STPS,28.86932033,29.0756757,4.13610561,15.30280304,36.12106705,0.031257983
ssp585_tos_NP_STPS,6,2090s,3.902342918,3.885152606,1.039987423,1.545850754,6.837991714,0.007859545,17509,ssp585,tos,NP_STPS,NP,STPS,30.05882943,30.22684053,3.558479708,18.23137283,35.52745819,0.026892664
ssp585_tos_NP_STPS,7,2090s,4.053283372,4.029310838,1.149674104,1.513906479,7.842515945,0.008688485,17509,ssp585,tos,NP_STPS,NP,STPS,31.03768487,31.16390312,2.881730373,21.11914635,35.59954071,0.021778235
ssp585_tos_NP_STPS,8,2090s,4.216413699,4.18343766,1.331832185,1.769512177,8.777324677,0.010065117,17509,ssp585,tos,NP_STPS,NP,STPS,31.69298357,31.79397613,2.425233413,22.89180374,35.96520615,0.018328329
ssp585_tos_NP_STPS,9,2090s,4.370786501,4.335702815,1.370230398,1.545219421,8.599246979,0.010355306,17509,ssp585,tos,NP_STPS,NP,STPS,31.98033824,32.07974376,2.372140888,23.27446556,36.15467072,0.01792709
ssp585_tos_NP_STSS,1,2090s,4.110119625,4.107767055,1.122230569,1.005391121,7.049442291,0.019317246,3375,ssp585,tos,NP_STSS,NP,STSS,19.90623261,20.0236188,3.221232252,11.278615,26.97275734,0.055447906
ssp585_tos_NP_STSS,10,2090s,5.043194114,5.027128005,1.442619823,2.299062729,7.816921234,0.024832189,3375,ssp585,tos,NP_STSS,NP,STSS,26.59363956,26.71820434,3.35845594,19.07173729,34.48278046,0.057809973
ssp585_tos_NP_STSS,11,2090s,4.723342053,4.713324182,1.25123434,1.907072067,7.053645134,0.021537821,3375,ssp585,tos,NP_STSS,NP,STSS,24.13446712,24.26426176,3.446631719,16.07486343,32.26478195,0.059327766
ssp585_tos_NP_STSS,12,2090s,4.43110271,4.425501269,1.155148685,1.479150772,7.189263344,0.019883874,3375,ssp585,tos,NP_STSS,NP,STSS,21.81712587,21.94310831,3.384036286,13.42027283,29.47247696,0.058250294
ssp585_tos_NP_STSS,2,2090s,3.938457713,3.937590257,1.071973209,0.773851395,7.040872574,0.018452153,3375,ssp585,tos,NP_STSS,NP,STSS,18.87176717,18.98408493,3.118405323,9.551606178,26.12222672,0.053677919
ssp585_tos_NP_STSS,3,2090s,3.882947305,3.88282434,1.046052415,1.137895584,6.859191895,0.018005971,3375,ssp585,tos,NP_STSS,NP,STSS,18.59541593,18.70847165,3.075401568,9.166062355,26.8745327,0.052937685
ssp585_tos_NP_STSS,4,2090s,3.957058426,3.956908262,1.099998408,1.369602203,6.715510368,0.018934558,3375,ssp585,tos,NP_STSS,NP,STSS,19.18876039,19.30696361,3.11261677,10.51282501,28.72720337,0.05357828
ssp585_tos_NP_STSS,5,2090s,4.199506616,4.196970322,1.241060745,1.364246368,7.463329315,0.0213627,3375,ssp585,tos,NP_STSS,NP,STSS,20.8600175,20.98864053,3.346478387,12.90391827,31.26046181,0.0576038
ssp585_tos_NP_STSS,6,2090s,4.586679329,4.575326299,1.272751827,1.590759277,7.493730545,0.021908207,3375,ssp585,tos,NP_STSS,NP,STSS,23.40594578,23.53548482,3.466626581,16.17082787,33.73345566,0.059671942
ssp585_tos_NP_STSS,7,2090s,4.864499222,4.842955075,1.565627862,1.853197098,8.458311081,0.026949558,3375,ssp585,tos,NP_STSS,NP,STSS,26.34320126,26.4616428,3.291565953,19.3201561,34.50569534,0.056658578
ssp585_tos_NP_STSS,8,2090s,5.162752026,5.134705178,1.753932469,2.376274109,9.11857605,0.030190894,3375,ssp585,tos,NP_STSS,NP,STSS,28.43841955,28.53824606,3.028409272,21.78356361,35.40304184,0.052128794
ssp585_tos_NP_STSS,9,2090s,5.268060422,5.24330894,1.695151059,1.560207367,9.034389496,0.029179075,3375,ssp585,tos,NP_STSS,NP,STSS,28.50294462,28.61133376,3.150586643,21.68795395,35.51592255,0.054231865
ssp585_tos_Pac_EQU_E,1,2090s,4.523410493,4.524206463,0.995125184,1.970525742,6.690792084,0.012832049,6014,ssp585,tos,Pac_EQU_E,Pac,EQU,31.53985965,31.53973119,1.294220887,27.09126663,34.04850388,0.016688861
ssp585_tos_Pac_EQU_E,10,2090s,4.295772161,4.295423132,0.973506286,1.816259384,6.232261658,0.012553275,6014,ssp585,tos,Pac_EQU_E,Pac,EQU,30.6133353,30.61194108,2.275873287,24.07820702,35.41525269,0.029347179
ssp585_tos_Pac_EQU_E,11,2090s,4.333012861,4.332912335,0.892852929,1.920902252,6.28222084,0.011513257,6014,ssp585,tos,Pac_EQU_E,Pac,EQU,30.94939645,30.94834835,1.96269706,25.06181335,34.75833511,0.0253088
ssp585_tos_Pac_EQU_E,12,2090s,4.500760146,4.501234856,0.909165519,2.055496216,6.461055756,0.011723607,6014,ssp585,tos,Pac_EQU_E,Pac,EQU,31.37154107,31.3711629,1.553048631,26.76815414,34.15356445,0.020026421
ssp585_tos_Pac_EQU_E,2,2090s,4.515975276,4.516795372,1.014651968,2.042251587,6.637517929,0.013083845,6014,ssp585,tos,Pac_EQU_E,Pac,EQU,31.63376209,31.63334625,1.343271716,26.34532166,34.18164444,0.017321367
ssp585_tos_Pac_EQU_E,3,2090s,4.5988983,4.599864587,1.076750092,1.994129181,7.132011414,0.013884595,6014,ssp585,tos,Pac_EQU_E,Pac,EQU,31.99114654,31.9908233,1.283089622,26.52605057,34.40515518,0.016545324
ssp585_tos_Pac_EQU_E,4,2090s,4.644428662,4.645466593,1.131947205,2.045507431,7.196224213,0.014596356,6014,ssp585,tos,Pac_EQU_E,Pac,EQU,32.49834499,32.49842179,1.193220255,27.01116562,34.59095001,0.015386467
ssp585_tos_Pac_EQU_E,5,2090s,4.77645145,4.777621997,1.234688931,1.944112778,7.497320175,0.015921202,6014,ssp585,tos,Pac_EQU_E,Pac,EQU,32.55245467,32.55240061,1.415673914,26.85170555,35.25226593,0.018254987
ssp585_tos_Pac_EQU_E,6,2090s,4.836536604,4.837184812,1.178458638,2.054016113,7.545448303,0.015196117,6014,ssp585,tos,Pac_EQU_E,Pac,EQU,32.03911696,32.0388734,1.975790051,24.03673744,35.38687897,0.025477633
ssp585_tos_Pac_EQU_E,7,2090s,4.754360723,4.754809538,1.103851023,2.067470551,6.953380585,0.014234059,6014,ssp585,tos,Pac_EQU_E,Pac,EQU,31.45581499,31.45567451,2.299440846,23.56286621,35.62773132,0.029651081
ssp585_tos_Pac_EQU_E,8,2090s,4.614592342,4.614837282,1.053388767,2.056196213,6.455276489,0.013583352,6014,ssp585,tos,Pac_EQU_E,Pac,EQU,30.89208413,30.89139421,2.465127187,23.17602921,35.49287033,0.031787591
ssp585_tos_Pac_EQU_E,9,2090s,4.420433831,4.420321599,1.02807482,1.800973892,6.646284103,0.013256931,6014,ssp585,tos,Pac_EQU_E,Pac,EQU,30.54048387,30.5391942,2.457110219,23.48124313,35.19554901,0.031684213
ssp585_tos_Pac_EQU_W,1,2090s,3.527657031,3.529006528,0.842686079,1.743989944,5.801023483,0.012765041,4358,ssp585,tos,Pac_EQU_W,Pac,EQU,33.46246548,33.46338165,1.090320087,29.65808487,35.00078583,0.01651621
ssp585_tos_Pac_EQU_W,10,2090s,3.433560566,3.434000555,0.752241697,1.833948135,5.807559967,0.011394986,4358,ssp585,tos,Pac_EQU_W,Pac,EQU,33.56807257,33.56979036,1.104865318,30.24162674,35.45199585,0.016736542
ssp585_tos_Pac_EQU_W,11,2090s,3.440858592,3.441423574,0.759013753,1.806728363,5.897525787,0.011497569,4358,ssp585,tos,Pac_EQU_W,Pac,EQU,33.706658,33.70816824,1.059340568,30.61174011,35.31671143,0.016046931
ssp585_tos_Pac_EQU_W,12,2090s,3.499541494,3.500586282,0.791284823,1.770557404,5.877246857,0.011986413,4358,ssp585,tos,Pac_EQU_W,Pac,EQU,33.67436234,33.67569744,1.063711887,30.31563377,35.00208282,0.016113148
ssp585_tos_Pac_EQU_W,2,2090s,3.647878312,3.649307893,0.870222313,1.686386108,5.665874481,0.013182161,4358,ssp585,tos,Pac_EQU_W,Pac,EQU,33.43014439,33.43062167,1.109169659,29.3399601,35.05323029,0.016801744
ssp585_tos_Pac_EQU_W,3,2090s,3.706595291,3.707913166,0.900379445,1.639680862,5.440307617,0.013638982,4358,ssp585,tos,Pac_EQU_W,Pac,EQU,33.53531199,33.53540329,1.133297592,29.71538925,35.12097931,0.017167235
ssp585_tos_Pac_EQU_W,4,2090s,3.677812251,3.67908174,0.912390545,1.811037064,5.686634064,0.013820927,4358,ssp585,tos,Pac_EQU_W,Pac,EQU,33.74821233,33.74864957,1.078506794,30.72540855,35.28018951,0.016337262
ssp585_tos_Pac_EQU_W,5,2090s,3.615809962,3.617106104,0.94369707,1.779594421,6.01197052,0.014295159,4358,ssp585,tos,Pac_EQU_W,Pac,EQU,33.90004849,33.90156388,1.052601991,30.98791504,36.15877533,0.015944855
ssp585_tos_Pac_EQU_W,6,2090s,3.575844179,3.576929268,0.860473654,1.775558472,5.704860687,0.013034488,4358,ssp585,tos,Pac_EQU_W,Pac,EQU,33.79460201,33.79706063,1.102934583,30.07476807,35.60850143,0.016707295
ssp585_tos_Pac_EQU_W,7,2090s,3.463869497,3.464702093,0.790473741,1.655719757,5.428081512,0.011974126,4358,ssp585,tos,Pac_EQU_W,Pac,EQU,33.47499147,33.47786302,1.182560663,29.21787071,35.25675201,0.017913474
ssp585_tos_Pac_EQU_W,8,2090s,3.389204773,3.389663346,0.777185711,1.76227951,5.798442841,0.011772839,4358,ssp585,tos,Pac_EQU_W,Pac,EQU,33.32184668,33.32437388,1.173875478,29.13844299,35.77815628,0.01778191
ssp585_tos_Pac_EQU_W,9,2090s,3.42680294,3.427117265,0.762403275,1.858947754,5.629268646,0.011548914,4358,ssp585,tos,Pac_EQU_W,Pac,EQU,33.42533759,33.4274357,1.134604059,29.69377136,35.8731308,0.017187025
ssp585_tos_SA_STPS,1,2090s,3.635705074,3.642696176,0.764097919,1.881399155,5.693128586,0.008660036,7785,ssp585,tos,SA_STPS,SA,STPS,27.82845194,27.97599289,2.784558366,21.18091202,34.63040924,0.031559275
ssp585_tos_SA_STPS,10,2090s,3.312397034,3.32245855,0.761445222,1.09324646,5.537145615,0.008629971,7785,ssp585,tos,SA_STPS,SA,STPS,23.76214938,23.9599067,3.54799567,15.28883934,32.43300629,0.040211824
ssp585_tos_SA_STPS,11,2090s,3.458465176,3.470648948,0.740445909,1.369020462,6.543933868,0.008391972,7785,ssp585,tos,SA_STPS,SA,STPS,24.89910736,25.09048749,3.431775866,16.68668747,33.89903259,0.038894627
ssp585_tos_SA_STPS,12,2090s,3.593762997,3.606443021,0.722190762,1.767824173,6.238254547,0.008185074,7785,ssp585,tos,SA_STPS,SA,STPS,26.4236828,26.59671081,3.139799904,18.94817734,34.43710709,0.035585466
ssp585_tos_SA_STPS,2,2090s,3.653420572,3.656981616,0.804700476,1.712753296,5.910711288,0.009120212,7785,ssp585,tos,SA_STPS,SA,STPS,28.64880001,28.78983302,2.712934849,22.3263092,35.0459938,0.030747517
ssp585_tos_SA_STPS,3,2090s,3.594444484,3.595337119,0.840102225,1.282157898,5.827892303,0.009521444,7785,ssp585,tos,SA_STPS,SA,STPS,28.65834158,28.80925788,2.870648431,21.99914742,35.27596283,0.032534992
ssp585_tos_SA_STPS,4,2090s,3.536710979,3.537596771,0.772433134,1.390331268,5.687227249,0.008754505,7785,ssp585,tos,SA_STPS,SA,STPS,27.94985583,28.1195362,3.126126189,20.55317307,35.62543106,0.035430493
ssp585_tos_SA_STPS,5,2090s,3.411768963,3.41606246,0.740745155,1.257736206,5.339797974,0.008395364,7785,ssp585,tos,SA_STPS,SA,STPS,26.75311946,26.94188467,3.376773286,18.28766632,34.91873169,0.038271245
ssp585_tos_SA_STPS,6,2090s,3.345922488,3.352818688,0.772816965,0.980821609,5.20839119,0.008758855,7785,ssp585,tos,SA_STPS,SA,STPS,25.42454149,25.6229765,3.520235397,16.27522087,33.32697296,0.039897198
ssp585_tos_SA_STPS,7,2090s,3.303166332,3.312629761,0.76937,1.015014648,5.004478455,0.008719788,7785,ssp585,tos,SA_STPS,SA,STPS,24.28084424,24.48247594,3.575768203,15.03258991,31.77554703,0.040526589
ssp585_tos_SA_STPS,8,2090s,3.258316059,3.267986132,0.777836405,1.052645683,5.315313339,0.008815744,7785,ssp585,tos,SA_STPS,SA,STPS,23.50777023,23.70744075,3.563748666,14.5412693,31.19219017,0.040390363
ssp585_tos_SA_STPS,9,2090s,3.247352693,3.255636931,0.776361604,1.24955368,5.42987442,0.008799029,7785,ssp585,tos,SA_STPS,SA,STPS,23.28568924,23.48287454,3.545136539,14.72453499,31.1234436,0.04017942
ssp585_tos_SO_SPSS,1,2090s,2.819348667,2.861734063,0.830781093,-0.438010216,5.737890244,0.005659829,21546,ssp585,tos,SO_SPSS,SO,SPSS,7.786034347,8.028164779,2.680054618,0.374802977,16.37939835,0.018258299
ssp585_tos_SO_SPSS,10,2090s,2.787363108,2.828880958,0.849447561,-0.941974491,5.648162365,0.005786997,21546,ssp585,tos,SO_SPSS,SO,SPSS,5.45996929,5.70837398,2.798814257,-1.755506754,12.86421776,0.019067368
ssp585_tos_SO_SPSS,11,2090s,2.815644289,2.852870826,0.839426235,-0.917860746,5.513501167,0.005718725,21546,ssp585,tos,SO_SPSS,SO,SPSS,5.97283219,6.22565368,2.800100114,-1.513015985,13.64969444,0.019076128
ssp585_tos_SO_SPSS,12,2090s,2.829497354,2.865951807,0.831106548,-0.861931562,5.53676796,0.005662046,21546,ssp585,tos,SO_SPSS,SO,SPSS,6.893821687,7.142228411,2.730047595,-0.538551271,14.84932518,0.018598884
ssp585_tos_SO_SPSS,2,2090s,2.850341787,2.901639502,0.88675153,-0.70407033,6.000813484,0.006041136,21546,ssp585,tos,SO_SPSS,SO,SPSS,8.210189985,8.462214807,2.737548165,0.779210389,17.33526802,0.018649983
ssp585_tos_SO_SPSS,3,2090s,2.85735643,2.911302073,0.891953793,-0.712097645,6.253684044,0.006076577,21546,ssp585,tos,SO_SPSS,SO,SPSS,8.042096503,8.308026388,2.806817869,0.871904731,17.32139206,0.019121894
ssp585_tos_SO_SPSS,4,2090s,2.821809324,2.873776255,0.885791591,-0.630663991,6.373981476,0.006034596,21546,ssp585,tos,SO_SPSS,SO,SPSS,7.473355987,7.744513967,2.825453448,0.54803592,16.73045731,0.019248852
ssp585_tos_SO_SPSS,5,2090s,2.796456061,2.845004276,0.870869281,-0.48141247,6.389235497,0.005932936,21546,ssp585,tos,SO_SPSS,SO,SPSS,6.815668917,7.082732476,2.800396425,-0.064898632,15.69606972,0.019078147
ssp585_tos_SO_SPSS,6,2090s,2.781154516,2.826290061,0.857974616,-0.447490826,6.359786034,0.005845089,21546,ssp585,tos,SO_SPSS,SO,SPSS,6.235845994,6.494516584,2.767612335,-0.991165996,14.68170929,0.0188548
ssp585_tos_SO_SPSS,7,2090s,2.772153188,2.816001441,0.856031519,-0.443616062,6.202305794,0.005831851,21546,ssp585,tos,SO_SPSS,SO,SPSS,5.785863137,6.03702806,2.755492076,-1.638118029,13.80168724,0.018772229
ssp585_tos_SO_SPSS,8,2090s,2.766033758,2.809868208,0.858504374,-0.613564014,6.088472843,0.005848698,21546,ssp585,tos,SO_SPSS,SO,SPSS,5.466654717,5.713050285,2.765092539,-1.779762626,13.13200951,0.018837633
ssp585_tos_SO_SPSS,9,2090s,2.76726884,2.810891514,0.856434471,-0.808897465,5.881960869,0.005834596,21546,ssp585,tos,SO_SPSS,SO,SPSS,5.327277213,5.572563271,2.782671582,-1.772465706,12.85275745,0.018957394
ssp585_tos_SO_STSS,1,2090s,3.518284293,3.534316932,1.045788518,0.36211586,11.80817223,0.008306976,15849,ssp585,tos,SO_STSS,SO,STSS,17.5297239,17.75274244,3.775034558,8.593626022,29.36365128,0.029986101
ssp585_tos_SO_STSS,10,2090s,3.091889636,3.099331768,1.038388599,0.298867226,12.63601875,0.008248196,15849,ssp585,tos,SO_STSS,SO,STSS,13.77110658,13.94965128,3.200900685,6.109566689,25.79797935,0.025425603
ssp585_tos_SO_STSS,11,2090s,3.18041507,3.191281531,1.021942986,0.561892509,12.62849569,0.008117564,15849,ssp585,tos,SO_STSS,SO,STSS,14.7150953,14.90681463,3.355823678,6.854442596,26.88077354,0.026656198
ssp585_tos_SO_STSS,12,2090s,3.328077802,3.343684568,1.050515621,0.497680664,12.81005669,0.008344524,15849,ssp585,tos,SO_STSS,SO,STSS,16.13350323,16.34120635,3.566862023,7.822131157,28.00008202,0.028332531
ssp585_tos_SO_STSS,2,2090s,3.697392442,3.712755185,1.072952443,0.088708878,12.83442211,0.008522746,15849,ssp585,tos,SO_STSS,SO,STSS,18.32036908,18.55452931,3.921023454,9.131064415,30.18568802,0.031145729
ssp585_tos_SO_STSS,3,2090s,3.688458012,3.703406103,1.090268051,-0.018856049,13.17673588,0.008660288,15849,ssp585,tos,SO_STSS,SO,STSS,18.14891364,18.3851307,3.929737792,9.013472557,29.74478149,0.03121495
ssp585_tos_SO_STSS,4,2090s,3.608172969,3.624394653,1.097937817,0.161968231,13.02688026,0.008721211,15849,ssp585,tos,SO_STSS,SO,STSS,17.22615007,17.45766515,3.860094247,8.429260254,28.64072227,0.030661753
ssp585_tos_SO_STSS,5,2090s,3.482938924,3.498529756,1.098980031,0.288633347,12.24513245,0.00872949,15849,ssp585,tos,SO_STSS,SO,STSS,16.01775713,16.2366689,3.698577566,7.503961086,27.13906479,0.029378783
ssp585_tos_SO_STSS,6,2090s,3.339871053,3.353659257,1.087599143,-0.053035736,12.90912867,0.008639089,15849,ssp585,tos,SO_STSS,SO,STSS,14.88898062,15.09164071,3.497076033,6.647879601,25.82631874,0.027778203
ssp585_tos_SO_STSS,7,2090s,3.205847518,3.217570658,1.06826224,-0.109840393,12.61423588,0.00848549,15849,ssp585,tos,SO_STSS,SO,STSS,14.03470981,14.22262755,3.318349397,6.081990242,24.98098946,0.02635853
ssp585_tos_SO_STSS,8,2090s,3.115419149,3.124680776,1.053636181,-0.030293465,11.87307644,0.008369312,15849,ssp585,tos,SO_STSS,SO,STSS,13.52120661,13.6984244,3.184679255,5.745010853,24.66163826,0.025296752
ssp585_tos_SO_STSS,9,2090s,3.079474569,3.087154379,1.047767586,-0.080873489,12.0713644,0.008322696,15849,ssp585,tos,SO_STSS,SO,STSS,13.40182781,13.57536234,3.136529981,5.843977451,24.99250603,0.02491429
ssp585_tos_SP_STPS,1,2090s,3.594700933,3.580496587,1.278705342,0.589349747,7.155464172,0.008264517,23939,ssp585,tos,SP_STPS,SP,STPS,26.64186558,27.10404354,5.166127779,11.18244171,35.01753998,0.033389671
ssp585_tos_SP_STPS,10,2090s,3.271427033,3.279205906,0.991675564,0.662896633,6.95076561,0.006409389,23939,ssp585,tos,SP_STPS,SP,STPS,22.95373389,23.52348977,6.058690152,7.747849464,33.61819458,0.039158472
ssp585_tos_SP_STPS,11,2090s,3.379119046,3.379838512,1.094445855,0.595769882,6.282533646,0.007073613,23939,ssp585,tos,SP_STPS,SP,STPS,23.99835678,24.54070878,5.807602428,8.748738289,34.25138092,0.037535644
ssp585_tos_SP_STPS,12,2090s,3.533421284,3.524003534,1.22260521,0.512973785,6.673650742,0.007901931,23939,ssp585,tos,SP_STPS,SP,STPS,25.4191255,25.91609163,5.431914685,10.1462574,34.75210571,0.035107503
ssp585_tos_SP_STPS,2,2090s,3.648270622,3.638699781,1.272661939,0.940254211,7.214651108,0.008225457,23939,ssp585,tos,SP_STPS,SP,STPS,27.32487385,27.78620974,5.148213634,11.63997459,35.09732819,0.033273889
ssp585_tos_SP_STPS,3,2090s,3.611304741,3.610391474,1.186070339,0.798173904,6.654951096,0.007665799,23939,ssp585,tos,SP_STPS,SP,STPS,27.255761,27.74645214,5.36080131,11.49979973,34.93851471,0.034647883
ssp585_tos_SP_STPS,4,2090s,3.521257423,3.526139225,1.095023126,0.563337326,6.273435593,0.007077344,23939,ssp585,tos,SP_STPS,SP,STPS,26.50240065,27.02924987,5.644407741,10.74447346,35.17628098,0.036480886
ssp585_tos_SP_STPS,5,2090s,3.427898496,3.435472502,1.022503712,0.60723877,6.099233627,0.006608637,23939,ssp585,tos,SP_STPS,SP,STPS,25.37218227,25.92699969,5.880753724,9.743219376,34.99445343,0.038008435
ssp585_tos_SP_STPS,6,2090s,3.354307441,3.364080493,0.972345672,0.68107605,6.033721924,0.006284456,23939,ssp585,tos,SP_STPS,SP,STPS,24.19481581,24.76409894,6.015579786,8.71321106,34.72292709,0.038879842
ssp585_tos_SP_STPS,7,2090s,3.290755822,3.303632463,0.957908914,0.610343933,6.149965286,0.006191148,23939,ssp585,tos,SP_STPS,SP,STPS,23.22073067,23.79622459,6.08689541,7.844697475,34.57481766,0.039340768
ssp585_tos_SP_STPS,8,2090s,3.254452674,3.269747994,0.942376425,0.454805374,6.431694031,0.006090759,23939,ssp585,tos,SP_STPS,SP,STPS,22.63260304,23.21202725,6.134389492,7.393740177,34.19490814,0.039647732
ssp585_tos_SP_STPS,9,2090s,3.24734347,3.260312504,0.938024735,0.471632004,6.826574326,0.006062633,23939,ssp585,tos,SP_STPS,SP,STPS,22.51848526,23.09684454,6.134121739,7.333890438,33.77549362,0.039646001
ssp245_aqueous_Atl_EQU,1,2000s,NA,NA,NA,NA,NA,NA,2910,ssp245,aqueous,Atl_EQU,Atl,EQU,10.20496051,10.20470808,0.527808528,8.055460341,11.53745842,0.009784303
ssp245_aqueous_Atl_EQU,2,2000s,NA,NA,NA,NA,NA,NA,2910,ssp245,aqueous,Atl_EQU,Atl,EQU,10.29439661,10.2942775,0.467479781,8.314076239,11.59907497,0.008665953
ssp245_aqueous_Atl_EQU,3,2000s,NA,NA,NA,NA,NA,NA,2910,ssp245,aqueous,Atl_EQU,Atl,EQU,10.30929132,10.30926979,0.400514033,8.632798448,11.46680403,0.007424569
ssp245_aqueous_Atl_EQU,4,2000s,NA,NA,NA,NA,NA,NA,2910,ssp245,aqueous,Atl_EQU,Atl,EQU,10.26893692,10.26895239,0.328933842,8.611498898,11.97858194,0.006097644
ssp245_aqueous_Atl_EQU,5,2000s,NA,NA,NA,NA,NA,NA,2910,ssp245,aqueous,Atl_EQU,Atl,EQU,10.2136823,10.21372693,0.353840492,8.562032873,12.17850347,0.006559353
ssp245_aqueous_Atl_EQU,6,2000s,NA,NA,NA,NA,NA,NA,2910,ssp245,aqueous,Atl_EQU,Atl,EQU,10.17479301,10.17503098,0.435132972,8.165351001,11.52718084,0.008066321
ssp245_aqueous_Atl_EQU,7,2000s,NA,NA,NA,NA,NA,NA,2910,ssp245,aqueous,Atl_EQU,Atl,EQU,10.24329581,10.24386876,0.54742753,7.965926357,11.82580367,0.010147993
ssp245_aqueous_Atl_EQU,8,2000s,NA,NA,NA,NA,NA,NA,2910,ssp245,aqueous,Atl_EQU,Atl,EQU,10.35903447,10.35966663,0.612435725,7.344602044,12.28238381,0.011353088
ssp245_aqueous_Atl_EQU,9,2000s,NA,NA,NA,NA,NA,NA,2910,ssp245,aqueous,Atl_EQU,Atl,EQU,10.39070394,10.39120868,0.614337505,6.352904776,11.72418835,0.011388343
ssp245_aqueous_Atl_EQU,10,2000s,NA,NA,NA,NA,NA,NA,2910,ssp245,aqueous,Atl_EQU,Atl,EQU,10.34324571,10.34352512,0.607535841,5.472128667,11.66254871,0.011262256
ssp245_aqueous_Atl_EQU,11,2000s,NA,NA,NA,NA,NA,NA,2910,ssp245,aqueous,Atl_EQU,Atl,EQU,10.27626794,10.27627723,0.629626751,6.191467799,12.42304303,0.011671769
ssp245_aqueous_Atl_EQU,12,2000s,NA,NA,NA,NA,NA,NA,2910,ssp245,aqueous,Atl_EQU,Atl,EQU,10.21875071,10.21852451,0.608906565,7.053993824,11.47800353,0.011287666
ssp245_aqueous_IND_STPS,1,2000s,NA,NA,NA,NA,NA,NA,15087,ssp245,aqueous,IND_STPS,IND,STPS,10.42719233,10.37504184,0.942263458,8.541295837,13.90600149,0.007671334
ssp245_aqueous_IND_STPS,2,2000s,NA,NA,NA,NA,NA,NA,15087,ssp245,aqueous,IND_STPS,IND,STPS,10.40620349,10.35496719,0.91613856,8.66455893,13.87950376,0.007458641
ssp245_aqueous_IND_STPS,3,2000s,NA,NA,NA,NA,NA,NA,15087,ssp245,aqueous,IND_STPS,IND,STPS,10.37722331,10.32973997,0.857180304,8.847715684,13.81166239,0.006978639
ssp245_aqueous_IND_STPS,4,2000s,NA,NA,NA,NA,NA,NA,15087,ssp245,aqueous,IND_STPS,IND,STPS,10.3384446,10.29480672,0.808341389,8.873527955,13.7690275,0.006581022
ssp245_aqueous_IND_STPS,5,2000s,NA,NA,NA,NA,NA,NA,15087,ssp245,aqueous,IND_STPS,IND,STPS,10.30011406,10.25748498,0.808476343,9.080348501,13.82827234,0.006582121
ssp245_aqueous_IND_STPS,6,2000s,NA,NA,NA,NA,NA,NA,15087,ssp245,aqueous,IND_STPS,IND,STPS,10.30090422,10.25652012,0.854122476,9.030768986,14.00433058,0.006953744
ssp245_aqueous_IND_STPS,7,2000s,NA,NA,NA,NA,NA,NA,15087,ssp245,aqueous,IND_STPS,IND,STPS,10.34161167,10.29401526,0.929934038,8.838537636,14.31252381,0.007570956
ssp245_aqueous_IND_STPS,8,2000s,NA,NA,NA,NA,NA,NA,15087,ssp245,aqueous,IND_STPS,IND,STPS,10.39554533,10.34506668,0.998028361,8.504733706,14.61238431,0.008125338
ssp245_aqueous_IND_STPS,9,2000s,NA,NA,NA,NA,NA,NA,15087,ssp245,aqueous,IND_STPS,IND,STPS,10.4192989,10.36826852,1.012975869,8.090827209,14.70656244,0.008247032
ssp245_aqueous_IND_STPS,10,2000s,NA,NA,NA,NA,NA,NA,15087,ssp245,aqueous,IND_STPS,IND,STPS,10.41987126,10.36932412,0.985282014,7.445896705,14.7494985,0.008021565
ssp245_aqueous_IND_STPS,11,2000s,NA,NA,NA,NA,NA,NA,15087,ssp245,aqueous,IND_STPS,IND,STPS,10.43279755,10.38258383,0.951630944,7.918823487,14.54001774,0.007747599
ssp245_aqueous_IND_STPS,12,2000s,NA,NA,NA,NA,NA,NA,15087,ssp245,aqueous,IND_STPS,IND,STPS,10.46404257,10.41279979,0.945889337,8.5087635,13.96081352,0.007700854
ssp245_aqueous_NA_SPSS,1,2000s,NA,NA,NA,NA,NA,NA,7616,ssp245,aqueous,NA_SPSS,NA,SPSS,17.11462735,16.92603306,1.788107662,10.77881478,30.46558803,0.020489445
ssp245_aqueous_NA_SPSS,2,2000s,NA,NA,NA,NA,NA,NA,7616,ssp245,aqueous,NA_SPSS,NA,SPSS,17.27350268,17.10239372,1.776807836,11.05839972,30.86978169,0.020359963
ssp245_aqueous_NA_SPSS,3,2000s,NA,NA,NA,NA,NA,NA,7616,ssp245,aqueous,NA_SPSS,NA,SPSS,17.30533737,17.14063588,1.770502462,11.26536516,30.5288082,0.020287712
ssp245_aqueous_NA_SPSS,4,2000s,NA,NA,NA,NA,NA,NA,7616,ssp245,aqueous,NA_SPSS,NA,SPSS,16.9728679,16.79200655,1.84432004,9.709564925,31.04284337,0.021133568
ssp245_aqueous_NA_SPSS,5,2000s,NA,NA,NA,NA,NA,NA,7616,ssp245,aqueous,NA_SPSS,NA,SPSS,15.70761239,15.57904781,2.263808243,8.653842366,27.97767971,0.02594037
ssp245_aqueous_NA_SPSS,6,2000s,NA,NA,NA,NA,NA,NA,7616,ssp245,aqueous,NA_SPSS,NA,SPSS,14.68666038,14.66760461,2.605259873,7.322583519,26.1810859,0.029852973
ssp245_aqueous_NA_SPSS,7,2000s,NA,NA,NA,NA,NA,NA,7616,ssp245,aqueous,NA_SPSS,NA,SPSS,14.67630474,14.67932188,2.403314612,7.943947933,26.07959668,0.027538936
ssp245_aqueous_NA_SPSS,8,2000s,NA,NA,NA,NA,NA,NA,7616,ssp245,aqueous,NA_SPSS,NA,SPSS,14.82253415,14.7717142,2.199920936,9.326000057,24.9544679,0.025208303
ssp245_aqueous_NA_SPSS,9,2000s,NA,NA,NA,NA,NA,NA,7616,ssp245,aqueous,NA_SPSS,NA,SPSS,15.19983132,15.06701813,1.95746861,9.287019364,23.53542787,0.022430107
ssp245_aqueous_NA_SPSS,10,2000s,NA,NA,NA,NA,NA,NA,7616,ssp245,aqueous,NA_SPSS,NA,SPSS,15.79252303,15.59238292,1.842842327,9.528683929,23.65591756,0.021116635
ssp245_aqueous_NA_SPSS,11,2000s,NA,NA,NA,NA,NA,NA,7616,ssp245,aqueous,NA_SPSS,NA,SPSS,16.40794188,16.18666918,1.812276771,10.22661294,27.94885593,0.020766392
ssp245_aqueous_NA_SPSS,12,2000s,NA,NA,NA,NA,NA,NA,7616,ssp245,aqueous,NA_SPSS,NA,SPSS,16.87620751,16.66474634,1.805298241,10.49888222,29.12229574,0.020686427
ssp245_aqueous_NA_STPS,1,2000s,NA,NA,NA,NA,NA,NA,7527,ssp245,aqueous,NA_STPS,NA,STPS,10.50215696,10.47547076,0.704274,9.45219925,13.51798158,0.008117657
ssp245_aqueous_NA_STPS,2,2000s,NA,NA,NA,NA,NA,NA,7527,ssp245,aqueous,NA_STPS,NA,STPS,10.54421824,10.51588978,0.728576434,9.410972811,13.8245505,0.008397774
ssp245_aqueous_NA_STPS,3,2000s,NA,NA,NA,NA,NA,NA,7527,ssp245,aqueous,NA_STPS,NA,STPS,10.54808138,10.52041438,0.719897841,9.430353157,13.61728176,0.008297742
ssp245_aqueous_NA_STPS,4,2000s,NA,NA,NA,NA,NA,NA,7527,ssp245,aqueous,NA_STPS,NA,STPS,10.53566373,10.51165283,0.694304225,9.435344727,13.77503058,0.008002743
ssp245_aqueous_NA_STPS,5,2000s,NA,NA,NA,NA,NA,NA,7527,ssp245,aqueous,NA_STPS,NA,STPS,10.60237098,10.57898156,0.724498268,9.493852044,14.00297076,0.008350768
ssp245_aqueous_NA_STPS,6,2000s,NA,NA,NA,NA,NA,NA,7527,ssp245,aqueous,NA_STPS,NA,STPS,10.73797595,10.70906919,0.792552243,9.600051162,14.23448793,0.009135176
ssp245_aqueous_NA_STPS,7,2000s,NA,NA,NA,NA,NA,NA,7527,ssp245,aqueous,NA_STPS,NA,STPS,10.83000447,10.79660155,0.832112062,9.262379441,14.32408213,0.009591154
ssp245_aqueous_NA_STPS,8,2000s,NA,NA,NA,NA,NA,NA,7527,ssp245,aqueous,NA_STPS,NA,STPS,10.83551552,10.80199702,0.821442029,9.093853497,14.27846254,0.009468168
ssp245_aqueous_NA_STPS,9,2000s,NA,NA,NA,NA,NA,NA,7527,ssp245,aqueous,NA_STPS,NA,STPS,10.77242086,10.74191614,0.782254579,9.233302682,14.09548194,0.009016483
ssp245_aqueous_NA_STPS,10,2000s,NA,NA,NA,NA,NA,NA,7527,ssp245,aqueous,NA_STPS,NA,STPS,10.6478039,10.62147282,0.739343857,9.287301327,13.89031465,0.008521882
ssp245_aqueous_NA_STPS,11,2000s,NA,NA,NA,NA,NA,NA,7527,ssp245,aqueous,NA_STPS,NA,STPS,10.53870345,10.51489918,0.701002447,9.26888894,13.71607017,0.008079948
ssp245_aqueous_NA_STPS,12,2000s,NA,NA,NA,NA,NA,NA,7527,ssp245,aqueous,NA_STPS,NA,STPS,10.50658164,10.48221451,0.685161951,9.495206547,13.62270574,0.007897366
ssp245_aqueous_NA_STSS,1,2000s,NA,NA,NA,NA,NA,NA,3133,ssp245,aqueous,NA_STSS,NA,STSS,12.68082781,12.60596451,1.458392874,9.440942056,17.64050839,0.026055196
ssp245_aqueous_NA_STSS,2,2000s,NA,NA,NA,NA,NA,NA,3133,ssp245,aqueous,NA_STSS,NA,STSS,12.94104517,12.86495702,1.510209763,9.483545448,17.75919485,0.02698094
ssp245_aqueous_NA_STSS,3,2000s,NA,NA,NA,NA,NA,NA,3133,ssp245,aqueous,NA_STSS,NA,STSS,12.94064594,12.86442312,1.491473331,9.559520314,17.76785553,0.026646201
ssp245_aqueous_NA_STSS,4,2000s,NA,NA,NA,NA,NA,NA,3133,ssp245,aqueous,NA_STSS,NA,STSS,12.46580056,12.39654107,1.369235194,9.443214864,17.8908824,0.024462332
ssp245_aqueous_NA_STSS,5,2000s,NA,NA,NA,NA,NA,NA,3133,ssp245,aqueous,NA_STSS,NA,STSS,11.75363037,11.6974384,1.50107627,9.478940798,18.07861916,0.026817764
ssp245_aqueous_NA_STSS,6,2000s,NA,NA,NA,NA,NA,NA,3133,ssp245,aqueous,NA_STSS,NA,STSS,11.68208898,11.63293773,1.524685871,9.570263878,18.54726711,0.027239566
ssp245_aqueous_NA_STSS,7,2000s,NA,NA,NA,NA,NA,NA,3133,ssp245,aqueous,NA_STSS,NA,STSS,11.95066406,11.90043509,1.520090173,9.692353951,18.81685904,0.02715746
ssp245_aqueous_NA_STSS,8,2000s,NA,NA,NA,NA,NA,NA,3133,ssp245,aqueous,NA_STSS,NA,STSS,12.03805865,11.9859044,1.50138677,9.733036234,18.73438931,0.026823311
ssp245_aqueous_NA_STSS,9,2000s,NA,NA,NA,NA,NA,NA,3133,ssp245,aqueous,NA_STSS,NA,STSS,11.87740731,11.82371669,1.452666129,9.686026797,18.29269502,0.025952883
ssp245_aqueous_NA_STSS,10,2000s,NA,NA,NA,NA,NA,NA,3133,ssp245,aqueous,NA_STSS,NA,STSS,11.77820898,11.71868883,1.399072561,9.628900042,17.73641835,0.024995397
ssp245_aqueous_NA_STSS,11,2000s,NA,NA,NA,NA,NA,NA,3133,ssp245,aqueous,NA_STSS,NA,STSS,11.96264444,11.89453711,1.379114233,9.615581984,17.31604691,0.024638828
ssp245_aqueous_NA_STSS,12,2000s,NA,NA,NA,NA,NA,NA,3133,ssp245,aqueous,NA_STSS,NA,STSS,12.32664538,12.25315308,1.408367516,9.521431186,17.43943497,0.025161458
ssp245_aqueous_NP_SPSS,1,2000s,NA,NA,NA,NA,NA,NA,7558,ssp245,aqueous,NP_SPSS,NP,SPSS,18.09630518,17.8631156,3.056976919,10.09262283,29.46336094,0.035163226
ssp245_aqueous_NP_SPSS,2,2000s,NA,NA,NA,NA,NA,NA,7558,ssp245,aqueous,NP_SPSS,NP,SPSS,18.45567969,18.21814445,3.210429638,10.20444232,30.56010544,0.036928334
ssp245_aqueous_NP_SPSS,3,2000s,NA,NA,NA,NA,NA,NA,7558,ssp245,aqueous,NP_SPSS,NP,SPSS,18.5228641,18.28889081,3.254149986,10.27087318,31.30974387,0.037431232
ssp245_aqueous_NP_SPSS,4,2000s,NA,NA,NA,NA,NA,NA,7558,ssp245,aqueous,NP_SPSS,NP,SPSS,17.92272693,17.70412617,3.097532261,10.2874857,31.07082151,0.035629719
ssp245_aqueous_NP_SPSS,5,2000s,NA,NA,NA,NA,NA,NA,7558,ssp245,aqueous,NP_SPSS,NP,SPSS,16.61752279,16.44349972,2.60562603,9.487864599,24.57111394,0.029971511
ssp245_aqueous_NP_SPSS,6,2000s,NA,NA,NA,NA,NA,NA,7558,ssp245,aqueous,NP_SPSS,NP,SPSS,15.45228842,15.3253063,2.389339307,9.549645941,22.03429556,0.027483648
ssp245_aqueous_NP_SPSS,7,2000s,NA,NA,NA,NA,NA,NA,7558,ssp245,aqueous,NP_SPSS,NP,SPSS,14.93334175,14.82817442,2.033808476,9.857198753,20.8156109,0.023394114
ssp245_aqueous_NP_SPSS,8,2000s,NA,NA,NA,NA,NA,NA,7558,ssp245,aqueous,NP_SPSS,NP,SPSS,14.79297489,14.68881173,1.745689579,9.423117722,20.30581409,0.020079994
ssp245_aqueous_NP_SPSS,9,2000s,NA,NA,NA,NA,NA,NA,7558,ssp245,aqueous,NP_SPSS,NP,SPSS,14.92669331,14.7957165,1.743991503,8.787250084,20.76481377,0.020060462
ssp245_aqueous_NP_SPSS,10,2000s,NA,NA,NA,NA,NA,NA,7558,ssp245,aqueous,NP_SPSS,NP,SPSS,15.64806468,15.47692006,2.01524124,8.6048056,22.85999008,0.023180543
ssp245_aqueous_NP_SPSS,11,2000s,NA,NA,NA,NA,NA,NA,7558,ssp245,aqueous,NP_SPSS,NP,SPSS,16.64097149,16.43871026,2.433228981,8.731706787,24.37680101,0.027988494
ssp245_aqueous_NP_SPSS,12,2000s,NA,NA,NA,NA,NA,NA,7558,ssp245,aqueous,NP_SPSS,NP,SPSS,17.5161772,17.29572875,2.782749405,9.402186488,27.28484879,0.032008893
ssp245_aqueous_NP_STPS,1,2000s,NA,NA,NA,NA,NA,NA,17525,ssp245,aqueous,NP_STPS,NP,STPS,10.44623905,10.39954203,1.104984252,8.653164025,14.67843931,0.008346936
ssp245_aqueous_NP_STPS,2,2000s,NA,NA,NA,NA,NA,NA,17525,ssp245,aqueous,NP_STPS,NP,STPS,10.52865961,10.48148317,1.136397252,8.746086513,14.73944957,0.008584226
ssp245_aqueous_NP_STPS,3,2000s,NA,NA,NA,NA,NA,NA,17525,ssp245,aqueous,NP_STPS,NP,STPS,10.57997928,10.53454294,1.122901754,8.75370948,14.84715343,0.008482283
ssp245_aqueous_NP_STPS,4,2000s,NA,NA,NA,NA,NA,NA,17525,ssp245,aqueous,NP_STPS,NP,STPS,10.6249767,10.58212836,1.081438112,8.801051389,15.01924965,0.008169071
ssp245_aqueous_NP_STPS,5,2000s,NA,NA,NA,NA,NA,NA,17525,ssp245,aqueous,NP_STPS,NP,STPS,10.68486929,10.64043976,1.087853122,8.878971445,15.26324878,0.008217529
ssp245_aqueous_NP_STPS,6,2000s,NA,NA,NA,NA,NA,NA,17525,ssp245,aqueous,NP_STPS,NP,STPS,10.74310824,10.69229556,1.155855364,8.8461805,15.45617468,0.008731211
ssp245_aqueous_NP_STPS,7,2000s,NA,NA,NA,NA,NA,NA,17525,ssp245,aqueous,NP_STPS,NP,STPS,10.74133268,10.68629272,1.202345827,8.80019307,15.57934939,0.009082395
ssp245_aqueous_NP_STPS,8,2000s,NA,NA,NA,NA,NA,NA,17525,ssp245,aqueous,NP_STPS,NP,STPS,10.67399514,10.61904111,1.197768304,8.753579184,15.49453624,0.009047817
ssp245_aqueous_NP_STPS,9,2000s,NA,NA,NA,NA,NA,NA,17525,ssp245,aqueous,NP_STPS,NP,STPS,10.59311644,10.54021061,1.165640957,8.63642809,15.28090923,0.00880513
ssp245_aqueous_NP_STPS,10,2000s,NA,NA,NA,NA,NA,NA,17525,ssp245,aqueous,NP_STPS,NP,STPS,10.49366812,10.44359259,1.12524398,8.495590957,15.0374807,0.008499976
ssp245_aqueous_NP_STPS,11,2000s,NA,NA,NA,NA,NA,NA,17525,ssp245,aqueous,NP_STPS,NP,STPS,10.4139181,10.3657729,1.090942963,8.464028951,14.83003149,0.008240869
ssp245_aqueous_NP_STPS,12,2000s,NA,NA,NA,NA,NA,NA,17525,ssp245,aqueous,NP_STPS,NP,STPS,10.41567915,10.36849237,1.085056882,8.519061406,14.72109246,0.008196407
ssp245_aqueous_NP_STSS,1,2000s,NA,NA,NA,NA,NA,NA,3381,ssp245,aqueous,NP_STSS,NP,STSS,12.15294615,12.09772613,1.576047335,9.44258716,15.6298449,0.027104829
ssp245_aqueous_NP_STSS,2,2000s,NA,NA,NA,NA,NA,NA,3381,ssp245,aqueous,NP_STSS,NP,STSS,12.45805592,12.40098613,1.641817667,9.505974257,17.1530726,0.028235946
ssp245_aqueous_NP_STSS,3,2000s,NA,NA,NA,NA,NA,NA,3381,ssp245,aqueous,NP_STSS,NP,STSS,12.48079892,12.42312032,1.605426156,9.537185631,17.35524332,0.027610085
ssp245_aqueous_NP_STSS,4,2000s,NA,NA,NA,NA,NA,NA,3381,ssp245,aqueous,NP_STSS,NP,STSS,12.09909622,12.04566489,1.459532659,9.423808821,15.79245372,0.025101012
ssp245_aqueous_NP_STSS,5,2000s,NA,NA,NA,NA,NA,NA,3381,ssp245,aqueous,NP_STSS,NP,STSS,11.65757421,11.61569742,1.37545565,9.47815359,15.49373278,0.023655057
ssp245_aqueous_NP_STSS,6,2000s,NA,NA,NA,NA,NA,NA,3381,ssp245,aqueous,NP_STSS,NP,STSS,11.69322509,11.65872395,1.33737345,9.543422731,15.723813,0.023000121
ssp245_aqueous_NP_STSS,7,2000s,NA,NA,NA,NA,NA,NA,3381,ssp245,aqueous,NP_STSS,NP,STSS,11.88514601,11.85146414,1.330307654,9.634798791,15.86985884,0.022878603
ssp245_aqueous_NP_STSS,8,2000s,NA,NA,NA,NA,NA,NA,3381,ssp245,aqueous,NP_STSS,NP,STSS,11.91008493,11.87505554,1.323580682,9.599861544,15.79864856,0.022762913
ssp245_aqueous_NP_STSS,9,2000s,NA,NA,NA,NA,NA,NA,3381,ssp245,aqueous,NP_STSS,NP,STSS,11.72347868,11.68957322,1.302512756,9.528185923,15.57567096,0.022400587
ssp245_aqueous_NP_STSS,10,2000s,NA,NA,NA,NA,NA,NA,3381,ssp245,aqueous,NP_STSS,NP,STSS,11.53023025,11.49477003,1.297712336,9.436916783,15.34298327,0.02231803
ssp245_aqueous_NP_STSS,11,2000s,NA,NA,NA,NA,NA,NA,3381,ssp245,aqueous,NP_STSS,NP,STSS,11.56757575,11.52524682,1.35303837,9.447590815,15.19171728,0.023269525
ssp245_aqueous_NP_STSS,12,2000s,NA,NA,NA,NA,NA,NA,3381,ssp245,aqueous,NP_STSS,NP,STSS,11.82896547,11.77842525,1.470495467,9.478133615,15.21712266,0.02528955
ssp245_aqueous_Pac_EQU_E,1,2000s,NA,NA,NA,NA,NA,NA,6022,ssp245,aqueous,Pac_EQU_E,Pac,EQU,11.22324907,11.22409468,0.793904596,9.066893494,13.32959167,0.010230525
ssp245_aqueous_Pac_EQU_E,2,2000s,NA,NA,NA,NA,NA,NA,6022,ssp245,aqueous,Pac_EQU_E,Pac,EQU,11.39142247,11.39243078,0.752280955,9.412671921,15.05312395,0.009694149
ssp245_aqueous_Pac_EQU_E,3,2000s,NA,NA,NA,NA,NA,NA,6022,ssp245,aqueous,Pac_EQU_E,Pac,EQU,11.46489732,11.46594122,0.741787205,9.629802227,16.16159452,0.009558923
ssp245_aqueous_Pac_EQU_E,4,2000s,NA,NA,NA,NA,NA,NA,6022,ssp245,aqueous,Pac_EQU_E,Pac,EQU,11.41626678,11.41714575,0.671651215,9.666400623,16.99754502,0.008655127
ssp245_aqueous_Pac_EQU_E,5,2000s,NA,NA,NA,NA,NA,NA,6022,ssp245,aqueous,Pac_EQU_E,Pac,EQU,11.44937987,11.45040313,0.702963307,9.686148861,14.70033357,0.009058625
ssp245_aqueous_Pac_EQU_E,6,2000s,NA,NA,NA,NA,NA,NA,6022,ssp245,aqueous,Pac_EQU_E,Pac,EQU,11.50208405,11.50314462,0.920779518,8.661080426,15.37436414,0.011865479
ssp245_aqueous_Pac_EQU_E,7,2000s,NA,NA,NA,NA,NA,NA,6022,ssp245,aqueous,Pac_EQU_E,Pac,EQU,11.53471242,11.53564451,1.055145941,8.308469245,15.27561058,0.013596971
ssp245_aqueous_Pac_EQU_E,8,2000s,NA,NA,NA,NA,NA,NA,6022,ssp245,aqueous,Pac_EQU_E,Pac,EQU,11.58759922,11.58858373,1.167548455,8.618458974,15.11493788,0.015045428
ssp245_aqueous_Pac_EQU_E,9,2000s,NA,NA,NA,NA,NA,NA,6022,ssp245,aqueous,Pac_EQU_E,Pac,EQU,11.57781703,11.5788604,1.232008153,8.679303908,14.92824376,0.015876077
ssp245_aqueous_Pac_EQU_E,10,2000s,NA,NA,NA,NA,NA,NA,6022,ssp245,aqueous,Pac_EQU_E,Pac,EQU,11.4226399,11.42358411,1.158001818,7.948701644,14.94053117,0.014922406
ssp245_aqueous_Pac_EQU_E,11,2000s,NA,NA,NA,NA,NA,NA,6022,ssp245,aqueous,Pac_EQU_E,Pac,EQU,11.2651602,11.26606396,1.057655712,8.059629777,14.93948641,0.013629312
ssp245_aqueous_Pac_EQU_E,12,2000s,NA,NA,NA,NA,NA,NA,6022,ssp245,aqueous,Pac_EQU_E,Pac,EQU,11.1934153,11.19427442,0.956405293,8.909625056,15.0314013,0.012324565
ssp245_aqueous_Pac_EQU_W,1,2000s,NA,NA,NA,NA,NA,NA,4363,ssp245,aqueous,Pac_EQU_W,Pac,EQU,9.865354929,9.867254788,0.546568045,8.738743051,11.0611539,0.008274688
ssp245_aqueous_Pac_EQU_W,2,2000s,NA,NA,NA,NA,NA,NA,4363,ssp245,aqueous,Pac_EQU_W,Pac,EQU,9.898349082,9.900575579,0.578969798,8.873168131,11.18258368,0.00876523
ssp245_aqueous_Pac_EQU_W,3,2000s,NA,NA,NA,NA,NA,NA,4363,ssp245,aqueous,Pac_EQU_W,Pac,EQU,9.911549297,9.913990452,0.611894737,8.70287903,11.34703059,0.009263692
ssp245_aqueous_Pac_EQU_W,4,2000s,NA,NA,NA,NA,NA,NA,4363,ssp245,aqueous,Pac_EQU_W,Pac,EQU,9.882929715,9.885315658,0.621454678,8.55049788,11.36926866,0.009408423
ssp245_aqueous_Pac_EQU_W,5,2000s,NA,NA,NA,NA,NA,NA,4363,ssp245,aqueous,Pac_EQU_W,Pac,EQU,9.823215802,9.825279132,0.593805683,8.345377645,11.16058396,0.008989835
ssp245_aqueous_Pac_EQU_W,6,2000s,NA,NA,NA,NA,NA,NA,4363,ssp245,aqueous,Pac_EQU_W,Pac,EQU,9.777958196,9.779691477,0.553032154,8.510907356,11.10843544,0.008372551
ssp245_aqueous_Pac_EQU_W,7,2000s,NA,NA,NA,NA,NA,NA,4363,ssp245,aqueous,Pac_EQU_W,Pac,EQU,9.771222854,9.772776686,0.520332554,8.67634625,10.99434592,0.0078775
ssp245_aqueous_Pac_EQU_W,8,2000s,NA,NA,NA,NA,NA,NA,4363,ssp245,aqueous,Pac_EQU_W,Pac,EQU,9.807003903,9.80857888,0.517983808,8.701680225,10.9946646,0.007841941
ssp245_aqueous_Pac_EQU_W,9,2000s,NA,NA,NA,NA,NA,NA,4363,ssp245,aqueous,Pac_EQU_W,Pac,EQU,9.86149919,9.863263504,0.54650343,8.83076367,11.15646002,0.00827371
ssp245_aqueous_Pac_EQU_W,10,2000s,NA,NA,NA,NA,NA,NA,4363,ssp245,aqueous,Pac_EQU_W,Pac,EQU,9.881610761,9.883465074,0.562664262,8.974905079,11.16498653,0.008518374
ssp245_aqueous_Pac_EQU_W,11,2000s,NA,NA,NA,NA,NA,NA,4363,ssp245,aqueous,Pac_EQU_W,Pac,EQU,9.869299594,9.871080348,0.55014736,8.906700647,11.03261049,0.008328877
ssp245_aqueous_Pac_EQU_W,12,2000s,NA,NA,NA,NA,NA,NA,4363,ssp245,aqueous,Pac_EQU_W,Pac,EQU,9.870053242,9.871782811,0.538067855,8.914977214,10.99607584,0.008146001
ssp245_aqueous_SA_STPS,1,2000s,NA,NA,NA,NA,NA,NA,7787,ssp245,aqueous,SA_STPS,SA,STPS,11.37018544,11.3396221,0.696930111,10.15562714,17.7257763,0.007897764
ssp245_aqueous_SA_STPS,2,2000s,NA,NA,NA,NA,NA,NA,7787,ssp245,aqueous,SA_STPS,SA,STPS,11.35657665,11.32669725,0.678993603,9.832864231,17.91958463,0.007694503
ssp245_aqueous_SA_STPS,3,2000s,NA,NA,NA,NA,NA,NA,7787,ssp245,aqueous,SA_STPS,SA,STPS,11.27289157,11.24442895,0.647262313,9.079421639,17.35811156,0.007334918
ssp245_aqueous_SA_STPS,4,2000s,NA,NA,NA,NA,NA,NA,7787,ssp245,aqueous,SA_STPS,SA,STPS,11.16239943,11.13368477,0.631467914,9.640310354,17.03892924,0.007155932
ssp245_aqueous_SA_STPS,5,2000s,NA,NA,NA,NA,NA,NA,7787,ssp245,aqueous,SA_STPS,SA,STPS,11.10275158,11.07115119,0.659569316,9.542274248,16.53467961,0.007474383
ssp245_aqueous_SA_STPS,6,2000s,NA,NA,NA,NA,NA,NA,7787,ssp245,aqueous,SA_STPS,SA,STPS,11.12604576,11.08942526,0.745915406,9.221626457,16.32948305,0.008452876
ssp245_aqueous_SA_STPS,7,2000s,NA,NA,NA,NA,NA,NA,7787,ssp245,aqueous,SA_STPS,SA,STPS,11.22213004,11.1802239,0.856821766,9.412927904,17.08927866,0.009709691
ssp245_aqueous_SA_STPS,8,2000s,NA,NA,NA,NA,NA,NA,7787,ssp245,aqueous,SA_STPS,SA,STPS,11.34489294,11.29972175,0.936890874,9.473540912,18.08127036,0.010617051
ssp245_aqueous_SA_STPS,9,2000s,NA,NA,NA,NA,NA,NA,7787,ssp245,aqueous,SA_STPS,SA,STPS,11.38830742,11.34403581,0.924490307,9.651869587,18.45885136,0.010476526
ssp245_aqueous_SA_STPS,10,2000s,NA,NA,NA,NA,NA,NA,7787,ssp245,aqueous,SA_STPS,SA,STPS,11.30528457,11.26829922,0.809291886,9.861347741,17.88850665,0.009171072
ssp245_aqueous_SA_STPS,11,2000s,NA,NA,NA,NA,NA,NA,7787,ssp245,aqueous,SA_STPS,SA,STPS,11.2793752,11.24814127,0.735681219,10.0666722,17.36994013,0.0083369
ssp245_aqueous_SA_STPS,12,2000s,NA,NA,NA,NA,NA,NA,7787,ssp245,aqueous,SA_STPS,SA,STPS,11.35023184,11.32007869,0.698266674,10.15417641,17.27210749,0.00791291
ssp245_aqueous_SO_SPSS,1,2000s,NA,NA,NA,NA,NA,NA,21560,ssp245,aqueous,SO_SPSS,SO,SPSS,19.47611008,19.37658681,1.88142316,11.3700753,23.66722067,0.012813333
ssp245_aqueous_SO_SPSS,2,2000s,NA,NA,NA,NA,NA,NA,21560,ssp245,aqueous,SO_SPSS,SO,SPSS,19.45247511,19.34673002,1.841468781,12.10403573,23.50779192,0.012541226
ssp245_aqueous_SO_SPSS,3,2000s,NA,NA,NA,NA,NA,NA,21560,ssp245,aqueous,SO_SPSS,SO,SPSS,19.63250275,19.51541699,1.770172045,13.89690571,23.35549312,0.012055663
ssp245_aqueous_SO_SPSS,4,2000s,NA,NA,NA,NA,NA,NA,21560,ssp245,aqueous,SO_SPSS,SO,SPSS,19.88958771,19.76365015,1.706306044,14.64301084,23.57286921,0.011620707
ssp245_aqueous_SO_SPSS,5,2000s,NA,NA,NA,NA,NA,NA,21560,ssp245,aqueous,SO_SPSS,SO,SPSS,20.1571429,20.02713881,1.667409315,15.35544393,23.87042849,0.011355803
ssp245_aqueous_SO_SPSS,6,2000s,NA,NA,NA,NA,NA,NA,21560,ssp245,aqueous,SO_SPSS,SO,SPSS,20.39678692,20.26632916,1.640835239,15.80504146,24.04705719,0.011174822
ssp245_aqueous_SO_SPSS,7,2000s,NA,NA,NA,NA,NA,NA,21560,ssp245,aqueous,SO_SPSS,SO,SPSS,20.60749266,20.47881418,1.618528919,16.03968897,24.66725874,0.011022906
ssp245_aqueous_SO_SPSS,8,2000s,NA,NA,NA,NA,NA,NA,21560,ssp245,aqueous,SO_SPSS,SO,SPSS,20.7586246,20.63385389,1.599061891,16.07512387,24.93468384,0.010890326
ssp245_aqueous_SO_SPSS,9,2000s,NA,NA,NA,NA,NA,NA,21560,ssp245,aqueous,SO_SPSS,SO,SPSS,20.81025593,20.68926265,1.600313546,15.92488909,24.9679171,0.010898851
ssp245_aqueous_SO_SPSS,10,2000s,NA,NA,NA,NA,NA,NA,21560,ssp245,aqueous,SO_SPSS,SO,SPSS,20.72808453,20.60795074,1.65634658,15.43253809,24.37992129,0.011280461
ssp245_aqueous_SO_SPSS,11,2000s,NA,NA,NA,NA,NA,NA,21560,ssp245,aqueous,SO_SPSS,SO,SPSS,20.44284584,20.31974222,1.776203967,12.09992064,24.17854539,0.012096743
ssp245_aqueous_SO_SPSS,12,2000s,NA,NA,NA,NA,NA,NA,21560,ssp245,aqueous,SO_SPSS,SO,SPSS,19.86797814,19.7597309,1.885138032,11.1713081,24.01480673,0.012838633
ssp245_aqueous_SO_STSS,1,2000s,NA,NA,NA,NA,NA,NA,15878,ssp245,aqueous,SO_STSS,SO,STSS,14.10295306,14.0046315,2.035388438,9.804971977,23.03359121,0.016152859
ssp245_aqueous_SO_STSS,2,2000s,NA,NA,NA,NA,NA,NA,15878,ssp245,aqueous,SO_STSS,SO,STSS,14.04982403,13.94868537,2.005924979,9.790181548,23.00178315,0.015919037
ssp245_aqueous_SO_STSS,3,2000s,NA,NA,NA,NA,NA,NA,15878,ssp245,aqueous,SO_STSS,SO,STSS,14.10666719,13.99977784,2.020941363,9.765805208,22.53797862,0.016038207
ssp245_aqueous_SO_STSS,4,2000s,NA,NA,NA,NA,NA,NA,15878,ssp245,aqueous,SO_STSS,SO,STSS,14.34173035,14.22818793,2.057552188,9.706887773,23.06943696,0.016328751
ssp245_aqueous_SO_STSS,5,2000s,NA,NA,NA,NA,NA,NA,15878,ssp245,aqueous,SO_STSS,SO,STSS,14.70494842,14.58931412,2.064288175,9.865166168,22.71677983,0.016382208
ssp245_aqueous_SO_STSS,6,2000s,NA,NA,NA,NA,NA,NA,15878,ssp245,aqueous,SO_STSS,SO,STSS,15.09652358,14.98352168,2.050916283,9.952504998,29.03138865,0.016276088
ssp245_aqueous_SO_STSS,7,2000s,NA,NA,NA,NA,NA,NA,15878,ssp245,aqueous,SO_STSS,SO,STSS,15.44682323,15.33863254,2.030115771,9.943955385,33.60067165,0.016111015
ssp245_aqueous_SO_STSS,8,2000s,NA,NA,NA,NA,NA,NA,15878,ssp245,aqueous,SO_STSS,SO,STSS,15.70254415,15.59855217,1.997016685,9.979003392,35.0896198,0.015848341
ssp245_aqueous_SO_STSS,9,2000s,NA,NA,NA,NA,NA,NA,15878,ssp245,aqueous,SO_STSS,SO,STSS,15.73796973,15.63546981,1.975508006,10.02163102,34.01289288,0.015677647
ssp245_aqueous_SO_STSS,10,2000s,NA,NA,NA,NA,NA,NA,15878,ssp245,aqueous,SO_STSS,SO,STSS,15.41090641,15.30592586,2.036136526,9.955984944,28.72256915,0.016158796
ssp245_aqueous_SO_STSS,11,2000s,NA,NA,NA,NA,NA,NA,15878,ssp245,aqueous,SO_STSS,SO,STSS,14.82611719,14.72223042,2.118377274,10.02764669,25.21363573,0.016811459
ssp245_aqueous_SO_STSS,12,2000s,NA,NA,NA,NA,NA,NA,15878,ssp245,aqueous,SO_STSS,SO,STSS,14.35708597,14.2579011,2.12094651,9.931303988,23.81368032,0.016831849
ssp245_aqueous_SP_STPS,1,2000s,NA,NA,NA,NA,NA,NA,23951,ssp245,aqueous,SP_STPS,SP,STPS,11.85524771,11.70650977,1.800194968,9.031286799,17.98156898,0.011632089
ssp245_aqueous_SP_STPS,2,2000s,NA,NA,NA,NA,NA,NA,23951,ssp245,aqueous,SP_STPS,SP,STPS,11.79197696,11.64489829,1.764970377,9.017425862,17.84031432,0.011404483
ssp245_aqueous_SP_STPS,3,2000s,NA,NA,NA,NA,NA,NA,23951,ssp245,aqueous,SP_STPS,SP,STPS,11.69780698,11.55003233,1.768430499,8.98806687,17.9604523,0.011426841
ssp245_aqueous_SP_STPS,4,2000s,NA,NA,NA,NA,NA,NA,23951,ssp245,aqueous,SP_STPS,SP,STPS,11.61576634,11.46351136,1.819616476,8.973376542,18.10112512,0.011757583
ssp245_aqueous_SP_STPS,5,2000s,NA,NA,NA,NA,NA,NA,23951,ssp245,aqueous,SP_STPS,SP,STPS,11.59828011,11.43773125,1.90918773,8.96832423,18.66829949,0.012336354
ssp245_aqueous_SP_STPS,6,2000s,NA,NA,NA,NA,NA,NA,23951,ssp245,aqueous,SP_STPS,SP,STPS,11.6574891,11.48770291,2.011893069,9.012228951,20.39574801,0.012999992
ssp245_aqueous_SP_STPS,7,2000s,NA,NA,NA,NA,NA,NA,23951,ssp245,aqueous,SP_STPS,SP,STPS,11.77527399,11.59817909,2.108765521,9.038050562,23.32452118,0.01362594
ssp245_aqueous_SP_STPS,8,2000s,NA,NA,NA,NA,NA,NA,23951,ssp245,aqueous,SP_STPS,SP,STPS,11.8961047,11.71515788,2.180014962,9.024881133,26.58236451,0.014086323
ssp245_aqueous_SP_STPS,9,2000s,NA,NA,NA,NA,NA,NA,23951,ssp245,aqueous,SP_STPS,SP,STPS,11.95127858,11.77270072,2.186403465,9.030438447,26.7948858,0.014127603
ssp245_aqueous_SP_STPS,10,2000s,NA,NA,NA,NA,NA,NA,23951,ssp245,aqueous,SP_STPS,SP,STPS,11.93328568,11.76282487,2.108350237,9.06709141,24.32665484,0.013623256
ssp245_aqueous_SP_STPS,11,2000s,NA,NA,NA,NA,NA,NA,23951,ssp245,aqueous,SP_STPS,SP,STPS,11.92027442,11.75855121,1.994350626,9.094893348,21.31986353,0.01288664
ssp245_aqueous_SP_STPS,12,2000s,NA,NA,NA,NA,NA,NA,23951,ssp245,aqueous,SP_STPS,SP,STPS,11.9160726,11.76221276,1.879289254,9.110119145,19.13137527,0.012143162
ssp245_bicarbonate_Atl_EQU,1,2000s,NA,NA,NA,NA,NA,NA,2910,ssp245,bicarbonate,Atl_EQU,Atl,EQU,1736.966547,1736.920902,65.87056319,1429.081654,1816.495099,1.221082149
ssp245_bicarbonate_Atl_EQU,2,2000s,NA,NA,NA,NA,NA,NA,2910,ssp245,bicarbonate,Atl_EQU,Atl,EQU,1738.377726,1738.331003,60.22133873,1420.245964,1817.605883,1.116359086
ssp245_bicarbonate_Atl_EQU,3,2000s,NA,NA,NA,NA,NA,NA,2910,ssp245,bicarbonate,Atl_EQU,Atl,EQU,1736.479748,1736.430367,56.86466998,1445.369933,1817.003671,1.054134503
ssp245_bicarbonate_Atl_EQU,4,2000s,NA,NA,NA,NA,NA,NA,2910,ssp245,bicarbonate,Atl_EQU,Atl,EQU,1736.305533,1736.262689,53.03794359,1484.860929,1838.301499,0.98319618
ssp245_bicarbonate_Atl_EQU,5,2000s,NA,NA,NA,NA,NA,NA,2910,ssp245,bicarbonate,Atl_EQU,Atl,EQU,1734.893587,1734.866236,54.23321198,1457.124697,1842.608319,1.005353587
ssp245_bicarbonate_Atl_EQU,6,2000s,NA,NA,NA,NA,NA,NA,2910,ssp245,bicarbonate,Atl_EQU,Atl,EQU,1734.562676,1734.564529,58.79440851,1483.179891,1824.529829,1.089907224
ssp245_bicarbonate_Atl_EQU,7,2000s,NA,NA,NA,NA,NA,NA,2910,ssp245,bicarbonate,Atl_EQU,Atl,EQU,1739.588125,1739.616705,60.8265071,1449.653355,1829.244615,1.127577455
ssp245_bicarbonate_Atl_EQU,8,2000s,NA,NA,NA,NA,NA,NA,2910,ssp245,bicarbonate,Atl_EQU,Atl,EQU,1748.772592,1748.803505,60.76850595,1351.708719,1852.342886,1.126502253
ssp245_bicarbonate_Atl_EQU,9,2000s,NA,NA,NA,NA,NA,NA,2910,ssp245,bicarbonate,Atl_EQU,Atl,EQU,1751.783116,1751.807675,64.6180654,1224.743579,1841.866402,1.197863846
ssp245_bicarbonate_Atl_EQU,10,2000s,NA,NA,NA,NA,NA,NA,2910,ssp245,bicarbonate,Atl_EQU,Atl,EQU,1748.564305,1748.577651,70.03449137,1176.281598,1830.065154,1.298271383
ssp245_bicarbonate_Atl_EQU,11,2000s,NA,NA,NA,NA,NA,NA,2910,ssp245,bicarbonate,Atl_EQU,Atl,EQU,1742.785147,1742.776136,75.75056056,1185.665228,1820.280793,1.404233587
ssp245_bicarbonate_Atl_EQU,12,2000s,NA,NA,NA,NA,NA,NA,2910,ssp245,bicarbonate,Atl_EQU,Atl,EQU,1738.255283,1738.218501,74.1189358,1313.723658,1816.012946,1.37398718
ssp245_bicarbonate_IND_STPS,1,2000s,NA,NA,NA,NA,NA,NA,15087,ssp245,bicarbonate,IND_STPS,IND,STPS,1740.052093,1737.011875,63.38185943,1511.991379,1893.078942,0.516016431
ssp245_bicarbonate_IND_STPS,2,2000s,NA,NA,NA,NA,NA,NA,15087,ssp245,bicarbonate,IND_STPS,IND,STPS,1737.08807,1734.009374,63.68375059,1529.165907,1890.251317,0.518474245
ssp245_bicarbonate_IND_STPS,3,2000s,NA,NA,NA,NA,NA,NA,15087,ssp245,bicarbonate,IND_STPS,IND,STPS,1734.425192,1731.325236,63.82372496,1529.301337,1889.68253,0.519613831
ssp245_bicarbonate_IND_STPS,4,2000s,NA,NA,NA,NA,NA,NA,15087,ssp245,bicarbonate,IND_STPS,IND,STPS,1733.894073,1730.808318,63.55755443,1533.506392,1890.040574,0.517446833
ssp245_bicarbonate_IND_STPS,5,2000s,NA,NA,NA,NA,NA,NA,15087,ssp245,bicarbonate,IND_STPS,IND,STPS,1736.318736,1733.28406,63.27951944,1541.654988,1901.12299,0.515183241
ssp245_bicarbonate_IND_STPS,6,2000s,NA,NA,NA,NA,NA,NA,15087,ssp245,bicarbonate,IND_STPS,IND,STPS,1741.309779,1738.343943,63.21550736,1547.463484,1918.168176,0.514662094
ssp245_bicarbonate_IND_STPS,7,2000s,NA,NA,NA,NA,NA,NA,15087,ssp245,bicarbonate,IND_STPS,IND,STPS,1746.161781,1743.191251,64.76265814,1529.411969,1936.604469,0.527258052
ssp245_bicarbonate_IND_STPS,8,2000s,NA,NA,NA,NA,NA,NA,15087,ssp245,bicarbonate,IND_STPS,IND,STPS,1749.454866,1746.460478,66.09891943,1476.363237,1949.479658,0.538137076
ssp245_bicarbonate_IND_STPS,9,2000s,NA,NA,NA,NA,NA,NA,15087,ssp245,bicarbonate,IND_STPS,IND,STPS,1750.078848,1747.103061,66.33375825,1422.402418,1950.465811,0.54004899
ssp245_bicarbonate_IND_STPS,10,2000s,NA,NA,NA,NA,NA,NA,15087,ssp245,bicarbonate,IND_STPS,IND,STPS,1748.273531,1745.296624,65.93898498,1425.347187,1940.322416,0.536834987
ssp245_bicarbonate_IND_STPS,11,2000s,NA,NA,NA,NA,NA,NA,15087,ssp245,bicarbonate,IND_STPS,IND,STPS,1746.252452,1743.258065,64.80604253,1479.77697,1917.876704,0.527611261
ssp245_bicarbonate_IND_STPS,12,2000s,NA,NA,NA,NA,NA,NA,15087,ssp245,bicarbonate,IND_STPS,IND,STPS,1744.080795,1741.069269,63.84353931,1494.944203,1899.63931,0.519775147
ssp245_bicarbonate_NA_SPSS,1,2000s,NA,NA,NA,NA,NA,NA,7616,ssp245,bicarbonate,NA_SPSS,NA,SPSS,1917.343018,1910.926578,132.5344671,501.4728565,2047.897169,1.518676834
ssp245_bicarbonate_NA_SPSS,2,2000s,NA,NA,NA,NA,NA,NA,7616,ssp245,bicarbonate,NA_SPSS,NA,SPSS,1921.503654,1915.53569,133.1809706,501.9128762,2053.996826,1.526084945
ssp245_bicarbonate_NA_SPSS,3,2000s,NA,NA,NA,NA,NA,NA,7616,ssp245,bicarbonate,NA_SPSS,NA,SPSS,1922.594371,1916.765839,133.1205974,503.3496565,2056.073143,1.525393145
ssp245_bicarbonate_NA_SPSS,4,2000s,NA,NA,NA,NA,NA,NA,7616,ssp245,bicarbonate,NA_SPSS,NA,SPSS,1917.157577,1910.934369,130.9780303,502.4291073,2055.623318,1.500842044
ssp245_bicarbonate_NA_SPSS,5,2000s,NA,NA,NA,NA,NA,NA,7616,ssp245,bicarbonate,NA_SPSS,NA,SPSS,1894.110295,1887.883554,122.6453997,502.9596086,2039.195422,1.40536067
ssp245_bicarbonate_NA_SPSS,6,2000s,NA,NA,NA,NA,NA,NA,7616,ssp245,bicarbonate,NA_SPSS,NA,SPSS,1865.863143,1861.492818,114.4071369,505.5364724,2018.099056,1.310960631
ssp245_bicarbonate_NA_SPSS,7,2000s,NA,NA,NA,NA,NA,NA,7616,ssp245,bicarbonate,NA_SPSS,NA,SPSS,1859.802885,1855.991049,114.6057724,514.2711354,2009.842822,1.313236741
ssp245_bicarbonate_NA_SPSS,8,2000s,NA,NA,NA,NA,NA,NA,7616,ssp245,bicarbonate,NA_SPSS,NA,SPSS,1861.280858,1856.017728,115.6436238,513.9525532,2002.125682,1.325129201
ssp245_bicarbonate_NA_SPSS,9,2000s,NA,NA,NA,NA,NA,NA,7616,ssp245,bicarbonate,NA_SPSS,NA,SPSS,1871.460957,1864.601521,118.877939,509.9741003,1999.971104,1.36219035
ssp245_bicarbonate_NA_SPSS,10,2000s,NA,NA,NA,NA,NA,NA,7616,ssp245,bicarbonate,NA_SPSS,NA,SPSS,1885.950517,1878.189156,123.894901,507.1843446,2015.653975,1.419678369
ssp245_bicarbonate_NA_SPSS,11,2000s,NA,NA,NA,NA,NA,NA,7616,ssp245,bicarbonate,NA_SPSS,NA,SPSS,1900.075637,1892.46608,128.3314784,504.8908334,2033.261942,1.470515917
ssp245_bicarbonate_NA_SPSS,12,2000s,NA,NA,NA,NA,NA,NA,7616,ssp245,bicarbonate,NA_SPSS,NA,SPSS,1910.957411,1903.909053,131.0539141,503.0715131,2041.292265,1.501711576
ssp245_bicarbonate_NA_STPS,1,2000s,NA,NA,NA,NA,NA,NA,7527,ssp245,bicarbonate,NA_STPS,NA,STPS,1815.731345,1814.056444,52.02025562,1670.709238,1939.698327,0.599599862
ssp245_bicarbonate_NA_STPS,2,2000s,NA,NA,NA,NA,NA,NA,7527,ssp245,bicarbonate,NA_STPS,NA,STPS,1819.451882,1817.787168,51.80118049,1682.080608,1945.95959,0.597074741
ssp245_bicarbonate_NA_STPS,3,2000s,NA,NA,NA,NA,NA,NA,7527,ssp245,bicarbonate,NA_STPS,NA,STPS,1820.498546,1818.873439,49.73308868,1694.209604,1943.910583,0.573237342
ssp245_bicarbonate_NA_STPS,4,2000s,NA,NA,NA,NA,NA,NA,7527,ssp245,bicarbonate,NA_STPS,NA,STPS,1819.595116,1818.078612,47.0019829,1698.02703,1932.955584,0.541757861
ssp245_bicarbonate_NA_STPS,5,2000s,NA,NA,NA,NA,NA,NA,7527,ssp245,bicarbonate,NA_STPS,NA,STPS,1819.215232,1817.727499,46.12239552,1683.930917,1927.222799,0.531619494
ssp245_bicarbonate_NA_STPS,6,2000s,NA,NA,NA,NA,NA,NA,7527,ssp245,bicarbonate,NA_STPS,NA,STPS,1819.592492,1817.965775,47.47762291,1649.342814,1927.946197,0.54724022
ssp245_bicarbonate_NA_STPS,7,2000s,NA,NA,NA,NA,NA,NA,7527,ssp245,bicarbonate,NA_STPS,NA,STPS,1818.195293,1816.468962,48.43405239,1603.659838,1922.044698,0.558264291
ssp245_bicarbonate_NA_STPS,8,2000s,NA,NA,NA,NA,NA,NA,7527,ssp245,bicarbonate,NA_STPS,NA,STPS,1815.328828,1813.569717,49.01670349,1588.568434,1912.344175,0.564980089
ssp245_bicarbonate_NA_STPS,9,2000s,NA,NA,NA,NA,NA,NA,7527,ssp245,bicarbonate,NA_STPS,NA,STPS,1811.870342,1810.107436,49.56531037,1609.938644,1908.957059,0.571303483
ssp245_bicarbonate_NA_STPS,10,2000s,NA,NA,NA,NA,NA,NA,7527,ssp245,bicarbonate,NA_STPS,NA,STPS,1808.491936,1806.743612,50.11540148,1612.180337,1911.341935,0.577643986
ssp245_bicarbonate_NA_STPS,11,2000s,NA,NA,NA,NA,NA,NA,7527,ssp245,bicarbonate,NA_STPS,NA,STPS,1808.318749,1806.612244,50.30790606,1628.664315,1916.943221,0.579862847
ssp245_bicarbonate_NA_STPS,12,2000s,NA,NA,NA,NA,NA,NA,7527,ssp245,bicarbonate,NA_STPS,NA,STPS,1812.061795,1810.386923,50.85707555,1656.887294,1923.510553,0.586192726
ssp245_bicarbonate_NA_STSS,1,2000s,NA,NA,NA,NA,NA,NA,3133,ssp245,bicarbonate,NA_STSS,NA,STSS,1871.704785,1870.733078,71.68982606,1717.59613,1985.66824,1.280788234
ssp245_bicarbonate_NA_STSS,2,2000s,NA,NA,NA,NA,NA,NA,3133,ssp245,bicarbonate,NA_STSS,NA,STSS,1879.664432,1878.71408,74.24196156,1721.775542,1993.724782,1.326383896
ssp245_bicarbonate_NA_STSS,3,2000s,NA,NA,NA,NA,NA,NA,3133,ssp245,bicarbonate,NA_STSS,NA,STSS,1881.025664,1880.069655,72.46004854,1723.104314,1994.0303,1.29454879
ssp245_bicarbonate_NA_STSS,4,2000s,NA,NA,NA,NA,NA,NA,3133,ssp245,bicarbonate,NA_STSS,NA,STSS,1870.767988,1869.864112,63.72073387,1724.854139,1983.251486,1.1384149
ssp245_bicarbonate_NA_STSS,5,2000s,NA,NA,NA,NA,NA,NA,3133,ssp245,bicarbonate,NA_STSS,NA,STSS,1848.984991,1848.298414,51.95700109,1729.060612,1972.47813,0.928247693
ssp245_bicarbonate_NA_STSS,6,2000s,NA,NA,NA,NA,NA,NA,3133,ssp245,bicarbonate,NA_STSS,NA,STSS,1840.553454,1840.012309,47.80834054,1732.739297,1954.595206,0.854129008
ssp245_bicarbonate_NA_STSS,7,2000s,NA,NA,NA,NA,NA,NA,3133,ssp245,bicarbonate,NA_STSS,NA,STSS,1840.018306,1839.455793,45.48460472,1731.187271,1936.525547,0.812613864
ssp245_bicarbonate_NA_STSS,8,2000s,NA,NA,NA,NA,NA,NA,3133,ssp245,bicarbonate,NA_STSS,NA,STSS,1836.852836,1836.242478,44.28250897,1716.26123,1927.585717,0.791137593
ssp245_bicarbonate_NA_STSS,9,2000s,NA,NA,NA,NA,NA,NA,3133,ssp245,bicarbonate,NA_STSS,NA,STSS,1833.324674,1832.645248,45.77981554,1715.95253,1930.561571,0.817888009
ssp245_bicarbonate_NA_STSS,10,2000s,NA,NA,NA,NA,NA,NA,3133,ssp245,bicarbonate,NA_STSS,NA,STSS,1835.299263,1834.452795,50.63126498,1716.910007,1945.183908,0.904562502
ssp245_bicarbonate_NA_STSS,11,2000s,NA,NA,NA,NA,NA,NA,3133,ssp245,bicarbonate,NA_STSS,NA,STSS,1845.797267,1844.794848,58.21094675,1714.769316,1963.791721,1.03997875
ssp245_bicarbonate_NA_STSS,12,2000s,NA,NA,NA,NA,NA,NA,3133,ssp245,bicarbonate,NA_STSS,NA,STSS,1859.702489,1858.691425,65.41113219,1715.482891,1975.209168,1.168615033
ssp245_bicarbonate_NP_SPSS,1,2000s,NA,NA,NA,NA,NA,NA,7558,ssp245,bicarbonate,NP_SPSS,NP,SPSS,1878.141566,1875.89027,81.64133175,1466.557762,2050.564037,0.939088747
ssp245_bicarbonate_NP_SPSS,2,2000s,NA,NA,NA,NA,NA,NA,7558,ssp245,bicarbonate,NP_SPSS,NP,SPSS,1883.463678,1881.282787,83.11367544,1501.801241,2054.892713,0.956024549
ssp245_bicarbonate_NP_SPSS,3,2000s,NA,NA,NA,NA,NA,NA,7558,ssp245,bicarbonate,NP_SPSS,NP,SPSS,1884.724251,1882.595792,83.42565074,1511.485387,2056.849622,0.95961308
ssp245_bicarbonate_NP_SPSS,4,2000s,NA,NA,NA,NA,NA,NA,7558,ssp245,bicarbonate,NP_SPSS,NP,SPSS,1876.946901,1874.800248,80.89647805,1511.151257,2044.50061,0.930520983
ssp245_bicarbonate_NP_SPSS,5,2000s,NA,NA,NA,NA,NA,NA,7558,ssp245,bicarbonate,NP_SPSS,NP,SPSS,1858.118678,1856.184719,73.66660138,1490.794852,2028.67736,0.8473585
ssp245_bicarbonate_NP_SPSS,6,2000s,NA,NA,NA,NA,NA,NA,7558,ssp245,bicarbonate,NP_SPSS,NP,SPSS,1835.876707,1834.500491,63.03249085,1455.99729,2007.737189,0.725038428
ssp245_bicarbonate_NP_SPSS,7,2000s,NA,NA,NA,NA,NA,NA,7558,ssp245,bicarbonate,NP_SPSS,NP,SPSS,1822.559339,1821.347327,58.10130724,1445.929801,1990.303896,0.668316926
ssp245_bicarbonate_NP_SPSS,8,2000s,NA,NA,NA,NA,NA,NA,7558,ssp245,bicarbonate,NP_SPSS,NP,SPSS,1816.957352,1815.550232,54.92839858,1429.103578,1977.483056,0.631820181
ssp245_bicarbonate_NP_SPSS,9,2000s,NA,NA,NA,NA,NA,NA,7558,ssp245,bicarbonate,NP_SPSS,NP,SPSS,1820.763237,1818.877807,57.27813172,1406.718155,1985.810524,0.658848255
ssp245_bicarbonate_NP_SPSS,10,2000s,NA,NA,NA,NA,NA,NA,7558,ssp245,bicarbonate,NP_SPSS,NP,SPSS,1836.785327,1834.482964,65.8290758,1420.908391,2009.47898,0.757206466
ssp245_bicarbonate_NP_SPSS,11,2000s,NA,NA,NA,NA,NA,NA,7558,ssp245,bicarbonate,NP_SPSS,NP,SPSS,1854.721429,1852.33627,73.43614194,1448.125334,2031.481219,0.844707614
ssp245_bicarbonate_NP_SPSS,12,2000s,NA,NA,NA,NA,NA,NA,7558,ssp245,bicarbonate,NP_SPSS,NP,SPSS,1869.154445,1866.842476,78.08119235,1466.225829,2044.452624,0.898137837
ssp245_bicarbonate_NP_STPS,1,2000s,NA,NA,NA,NA,NA,NA,17525,ssp245,bicarbonate,NP_STPS,NP,STPS,1732.700175,1730.397768,61.63378987,1488.130745,1887.882685,0.465575223
ssp245_bicarbonate_NP_STPS,2,2000s,NA,NA,NA,NA,NA,NA,17525,ssp245,bicarbonate,NP_STPS,NP,STPS,1737.61575,1735.416554,60.8423577,1514.441724,1902.646224,0.459596827
ssp245_bicarbonate_NP_STPS,3,2000s,NA,NA,NA,NA,NA,NA,17525,ssp245,bicarbonate,NP_STPS,NP,STPS,1739.975589,1737.898801,59.45618428,1503.262436,1896.399275,0.449125818
ssp245_bicarbonate_NP_STPS,4,2000s,NA,NA,NA,NA,NA,NA,17525,ssp245,bicarbonate,NP_STPS,NP,STPS,1740.297624,1738.322245,57.56107559,1491.222973,1881.23815,0.434810364
ssp245_bicarbonate_NP_STPS,5,2000s,NA,NA,NA,NA,NA,NA,17525,ssp245,bicarbonate,NP_STPS,NP,STPS,1739.27238,1737.259122,56.91500271,1481.936305,1874.124502,0.429929997
ssp245_bicarbonate_NP_STPS,6,2000s,NA,NA,NA,NA,NA,NA,17525,ssp245,bicarbonate,NP_STPS,NP,STPS,1736.778584,1734.608718,58.07101906,1480.325628,1868.538795,0.438662424
ssp245_bicarbonate_NP_STPS,7,2000s,NA,NA,NA,NA,NA,NA,17525,ssp245,bicarbonate,NP_STPS,NP,STPS,1732.794196,1730.497836,59.32860293,1470.193971,1856.343699,0.448162081
ssp245_bicarbonate_NP_STPS,8,2000s,NA,NA,NA,NA,NA,NA,17525,ssp245,bicarbonate,NP_STPS,NP,STPS,1727.218655,1724.837511,60.69136821,1463.041042,1850.894218,0.458456268
ssp245_bicarbonate_NP_STPS,9,2000s,NA,NA,NA,NA,NA,NA,17525,ssp245,bicarbonate,NP_STPS,NP,STPS,1722.916137,1720.457571,62.26812734,1465.325866,1848.36519,0.470366942
ssp245_bicarbonate_NP_STPS,10,2000s,NA,NA,NA,NA,NA,NA,17525,ssp245,bicarbonate,NP_STPS,NP,STPS,1721.360628,1718.828518,63.67413827,1459.02056,1849.850079,0.480987802
ssp245_bicarbonate_NP_STPS,11,2000s,NA,NA,NA,NA,NA,NA,17525,ssp245,bicarbonate,NP_STPS,NP,STPS,1722.660549,1720.120225,63.86418713,1445.510918,1852.590375,0.482423412
ssp245_bicarbonate_NP_STPS,12,2000s,NA,NA,NA,NA,NA,NA,17525,ssp245,bicarbonate,NP_STPS,NP,STPS,1727.437134,1724.993514,62.85024213,1447.237935,1865.070472,0.474764177
ssp245_bicarbonate_NP_STSS,1,2000s,NA,NA,NA,NA,NA,NA,3381,ssp245,bicarbonate,NP_STSS,NP,STSS,1797.182425,1795.98858,63.21705787,1637.130945,1919.31027,1.087205634
ssp245_bicarbonate_NP_STSS,2,2000s,NA,NA,NA,NA,NA,NA,3381,ssp245,bicarbonate,NP_STSS,NP,STSS,1806.847111,1805.679646,66.70338476,1641.702156,1960.855365,1.147163411
ssp245_bicarbonate_NP_STSS,3,2000s,NA,NA,NA,NA,NA,NA,3381,ssp245,bicarbonate,NP_STSS,NP,STSS,1808.267142,1807.093311,65.77946128,1641.315214,1965.324619,1.131273794
ssp245_bicarbonate_NP_STSS,4,2000s,NA,NA,NA,NA,NA,NA,3381,ssp245,bicarbonate,NP_STSS,NP,STSS,1797.942148,1796.782771,60.50094443,1636.603811,1926.519659,1.040493972
ssp245_bicarbonate_NP_STSS,5,2000s,NA,NA,NA,NA,NA,NA,3381,ssp245,bicarbonate,NP_STSS,NP,STSS,1782.116998,1781.121661,54.66944299,1633.212682,1898.171216,0.940203933
ssp245_bicarbonate_NP_STSS,6,2000s,NA,NA,NA,NA,NA,NA,3381,ssp245,bicarbonate,NP_STSS,NP,STSS,1775.593685,1774.713534,52.57124665,1631.17264,1874.21395,0.904119197
ssp245_bicarbonate_NP_STSS,7,2000s,NA,NA,NA,NA,NA,NA,3381,ssp245,bicarbonate,NP_STSS,NP,STSS,1770.437296,1769.555803,51.08971898,1611.121149,1859.235371,0.878639915
ssp245_bicarbonate_NP_STSS,8,2000s,NA,NA,NA,NA,NA,NA,3381,ssp245,bicarbonate,NP_STSS,NP,STSS,1765.261781,1764.364593,49.11324834,1592.307641,1844.93512,0.844648614
ssp245_bicarbonate_NP_STSS,9,2000s,NA,NA,NA,NA,NA,NA,3381,ssp245,bicarbonate,NP_STSS,NP,STSS,1762.271511,1761.368357,48.25642826,1591.693047,1842.226157,0.82991304
ssp245_bicarbonate_NP_STSS,10,2000s,NA,NA,NA,NA,NA,NA,3381,ssp245,bicarbonate,NP_STSS,NP,STSS,1763.981333,1763.040277,49.12428661,1601.227964,1851.448958,0.84483845
ssp245_bicarbonate_NP_STSS,11,2000s,NA,NA,NA,NA,NA,NA,3381,ssp245,bicarbonate,NP_STSS,NP,STSS,1771.89139,1770.824483,52.70664105,1614.530017,1876.303092,0.906447707
ssp245_bicarbonate_NP_STSS,12,2000s,NA,NA,NA,NA,NA,NA,3381,ssp245,bicarbonate,NP_STSS,NP,STSS,1784.427262,1783.245335,58.08445755,1627.196284,1902.769693,0.998935282
ssp245_bicarbonate_Pac_EQU_E,1,2000s,NA,NA,NA,NA,NA,NA,6022,ssp245,bicarbonate,Pac_EQU_E,Pac,EQU,1758.889981,1758.932354,60.97147397,1545.105533,1867.271252,0.785699214
ssp245_bicarbonate_Pac_EQU_E,2,2000s,NA,NA,NA,NA,NA,NA,6022,ssp245,bicarbonate,Pac_EQU_E,Pac,EQU,1766.123474,1766.17138,54.52980481,1572.244752,1871.722198,0.702689667
ssp245_bicarbonate_Pac_EQU_E,3,2000s,NA,NA,NA,NA,NA,NA,6022,ssp245,bicarbonate,Pac_EQU_E,Pac,EQU,1768.830237,1768.879203,52.07922585,1585.099088,1910.96513,0.671110671
ssp245_bicarbonate_Pac_EQU_E,4,2000s,NA,NA,NA,NA,NA,NA,6022,ssp245,bicarbonate,Pac_EQU_E,Pac,EQU,1766.635148,1766.677846,51.37527073,1583.772564,1925.41444,0.662039265
ssp245_bicarbonate_Pac_EQU_E,5,2000s,NA,NA,NA,NA,NA,NA,6022,ssp245,bicarbonate,Pac_EQU_E,Pac,EQU,1768.766399,1768.819827,52.5439738,1554.979081,1893.341485,0.677099572
ssp245_bicarbonate_Pac_EQU_E,6,2000s,NA,NA,NA,NA,NA,NA,6022,ssp245,bicarbonate,Pac_EQU_E,Pac,EQU,1772.100138,1772.162061,60.65012488,1463.973526,1910.344647,0.7815582
ssp245_bicarbonate_Pac_EQU_E,7,2000s,NA,NA,NA,NA,NA,NA,6022,ssp245,bicarbonate,Pac_EQU_E,Pac,EQU,1773.536752,1773.597165,67.8087815,1416.403878,1918.477035,0.873807091
ssp245_bicarbonate_Pac_EQU_E,8,2000s,NA,NA,NA,NA,NA,NA,6022,ssp245,bicarbonate,Pac_EQU_E,Pac,EQU,1774.468869,1774.531178,74.13832422,1429.26255,1921.323727,0.955371738
ssp245_bicarbonate_Pac_EQU_E,9,2000s,NA,NA,NA,NA,NA,NA,6022,ssp245,bicarbonate,Pac_EQU_E,Pac,EQU,1772.07779,1772.140453,77.98222484,1439.648866,1924.021862,1.004905553
ssp245_bicarbonate_Pac_EQU_E,10,2000s,NA,NA,NA,NA,NA,NA,6022,ssp245,bicarbonate,Pac_EQU_E,Pac,EQU,1764.862449,1764.91937,77.74418523,1364.013925,1910.006432,1.001838093
ssp245_bicarbonate_Pac_EQU_E,11,2000s,NA,NA,NA,NA,NA,NA,6022,ssp245,bicarbonate,Pac_EQU_E,Pac,EQU,1758.24772,1758.300184,75.69234427,1375.432259,1902.817751,0.97539737
ssp245_bicarbonate_Pac_EQU_E,12,2000s,NA,NA,NA,NA,NA,NA,6022,ssp245,bicarbonate,Pac_EQU_E,Pac,EQU,1755.996757,1756.043312,70.50566933,1479.079976,1896.371303,0.908560108
ssp245_bicarbonate_Pac_EQU_W,1,2000s,NA,NA,NA,NA,NA,NA,4363,ssp245,bicarbonate,Pac_EQU_W,Pac,EQU,1698.833788,1698.950491,38.38992758,1592.354489,1792.51396,0.58119877
ssp245_bicarbonate_Pac_EQU_W,2,2000s,NA,NA,NA,NA,NA,NA,4363,ssp245,bicarbonate,Pac_EQU_W,Pac,EQU,1700.569971,1700.711167,40.68239276,1582.816507,1795.162499,0.615905216
ssp245_bicarbonate_Pac_EQU_W,3,2000s,NA,NA,NA,NA,NA,NA,4363,ssp245,bicarbonate,Pac_EQU_W,Pac,EQU,1700.138778,1700.298051,43.22585154,1576.137214,1802.882035,0.654411543
ssp245_bicarbonate_Pac_EQU_W,4,2000s,NA,NA,NA,NA,NA,NA,4363,ssp245,bicarbonate,Pac_EQU_W,Pac,EQU,1697.203415,1697.359679,42.89952858,1574.863801,1802.475967,0.649471223
ssp245_bicarbonate_Pac_EQU_W,5,2000s,NA,NA,NA,NA,NA,NA,4363,ssp245,bicarbonate,Pac_EQU_W,Pac,EQU,1693.497907,1693.627288,39.4285026,1549.903276,1793.440918,0.596922126
ssp245_bicarbonate_Pac_EQU_W,6,2000s,NA,NA,NA,NA,NA,NA,4363,ssp245,bicarbonate,Pac_EQU_W,Pac,EQU,1692.254748,1692.353213,36.35023841,1558.443082,1783.746333,0.55031919
ssp245_bicarbonate_Pac_EQU_W,7,2000s,NA,NA,NA,NA,NA,NA,4363,ssp245,bicarbonate,Pac_EQU_W,Pac,EQU,1693.127415,1693.203967,35.88628489,1582.4116,1782.569656,0.543295233
ssp245_bicarbonate_Pac_EQU_W,8,2000s,NA,NA,NA,NA,NA,NA,4363,ssp245,bicarbonate,Pac_EQU_W,Pac,EQU,1695.237951,1695.308245,37.49021778,1596.002565,1788.666543,0.567577743
ssp245_bicarbonate_Pac_EQU_W,9,2000s,NA,NA,NA,NA,NA,NA,4363,ssp245,bicarbonate,Pac_EQU_W,Pac,EQU,1697.56702,1697.647341,40.2577726,1584.763896,1796.067588,0.60947674
ssp245_bicarbonate_Pac_EQU_W,10,2000s,NA,NA,NA,NA,NA,NA,4363,ssp245,bicarbonate,Pac_EQU_W,Pac,EQU,1697.668781,1697.760561,41.66811222,1576.83944,1797.425712,0.630828373
ssp245_bicarbonate_Pac_EQU_W,11,2000s,NA,NA,NA,NA,NA,NA,4363,ssp245,bicarbonate,Pac_EQU_W,Pac,EQU,1696.343005,1696.436849,40.26593959,1587.770096,1794.789693,0.609600383
ssp245_bicarbonate_Pac_EQU_W,12,2000s,NA,NA,NA,NA,NA,NA,4363,ssp245,bicarbonate,Pac_EQU_W,Pac,EQU,1697.336203,1697.435764,37.82738906,1593.567884,1793.378219,0.572682299
ssp245_bicarbonate_SA_STPS,1,2000s,NA,NA,NA,NA,NA,NA,7787,ssp245,bicarbonate,SA_STPS,SA,STPS,1819.097581,1818.445897,42.47930228,1643.856887,1916.441442,0.481384705
ssp245_bicarbonate_SA_STPS,2,2000s,NA,NA,NA,NA,NA,NA,7787,ssp245,bicarbonate,SA_STPS,SA,STPS,1816.348588,1815.667447,42.5424573,1643.894884,1907.555286,0.482100392
ssp245_bicarbonate_SA_STPS,3,2000s,NA,NA,NA,NA,NA,NA,7787,ssp245,bicarbonate,SA_STPS,SA,STPS,1813.281852,1812.54061,44.35036377,1559.884274,1900.932154,0.502587981
ssp245_bicarbonate_SA_STPS,4,2000s,NA,NA,NA,NA,NA,NA,7787,ssp245,bicarbonate,SA_STPS,SA,STPS,1811.542679,1810.706017,46.69437326,1636.242165,1912.065242,0.529150808
ssp245_bicarbonate_SA_STPS,5,2000s,NA,NA,NA,NA,NA,NA,7787,ssp245,bicarbonate,SA_STPS,SA,STPS,1812.533314,1811.6077,49.11671384,1610.406745,1918.976795,0.556601299
ssp245_bicarbonate_SA_STPS,6,2000s,NA,NA,NA,NA,NA,NA,7787,ssp245,bicarbonate,SA_STPS,SA,STPS,1816.215407,1815.201745,51.9533137,1571.260838,1918.843837,0.588746266
ssp245_bicarbonate_SA_STPS,7,2000s,NA,NA,NA,NA,NA,NA,7787,ssp245,bicarbonate,SA_STPS,SA,STPS,1821.100896,1820.004346,54.23418498,1614.840778,1941.397023,0.614593596
ssp245_bicarbonate_SA_STPS,8,2000s,NA,NA,NA,NA,NA,NA,7787,ssp245,bicarbonate,SA_STPS,SA,STPS,1825.648082,1824.515237,54.9676128,1644.199357,1954.904739,0.62290496
ssp245_bicarbonate_SA_STPS,9,2000s,NA,NA,NA,NA,NA,NA,7787,ssp245,bicarbonate,SA_STPS,SA,STPS,1827.465852,1826.361274,53.57606021,1653.665179,1954.255607,0.607135583
ssp245_bicarbonate_SA_STPS,10,2000s,NA,NA,NA,NA,NA,NA,7787,ssp245,bicarbonate,SA_STPS,SA,STPS,1825.060664,1824.122516,50.36794742,1669.851543,1940.254031,0.57078055
ssp245_bicarbonate_SA_STPS,11,2000s,NA,NA,NA,NA,NA,NA,7787,ssp245,bicarbonate,SA_STPS,SA,STPS,1822.805059,1822.039381,47.4422971,1664.996965,1954.202957,0.537626443
ssp245_bicarbonate_SA_STPS,12,2000s,NA,NA,NA,NA,NA,NA,7787,ssp245,bicarbonate,SA_STPS,SA,STPS,1822.121954,1821.448253,44.50978196,1649.302138,1937.103236,0.504394543
ssp245_bicarbonate_SO_SPSS,1,2000s,NA,NA,NA,NA,NA,NA,21560,ssp245,bicarbonate,SO_SPSS,SO,SPSS,1943.092581,1941.784804,47.61560697,1490.029448,2057.340546,0.324283571
ssp245_bicarbonate_SO_SPSS,2,2000s,NA,NA,NA,NA,NA,NA,21560,ssp245,bicarbonate,SO_SPSS,SO,SPSS,1942.300441,1940.860817,47.19889867,1490.130922,2052.089662,0.321445601
ssp245_bicarbonate_SO_SPSS,3,2000s,NA,NA,NA,NA,NA,NA,21560,ssp245,bicarbonate,SO_SPSS,SO,SPSS,1944.567671,1942.958426,48.96260545,1491.773193,2056.05603,0.333457233
ssp245_bicarbonate_SO_SPSS,4,2000s,NA,NA,NA,NA,NA,NA,21560,ssp245,bicarbonate,SO_SPSS,SO,SPSS,1947.969627,1946.258008,51.27855708,1494.855496,2064.99087,0.349229899
ssp245_bicarbonate_SO_SPSS,5,2000s,NA,NA,NA,NA,NA,NA,21560,ssp245,bicarbonate,SO_SPSS,SO,SPSS,1951.848787,1950.126567,53.176191,1496.230341,2075.594735,0.362153634
ssp245_bicarbonate_SO_SPSS,6,2000s,NA,NA,NA,NA,NA,NA,21560,ssp245,bicarbonate,SO_SPSS,SO,SPSS,1955.343859,1953.634347,54.70379847,1500.940353,2083.653519,0.372557324
ssp245_bicarbonate_SO_SPSS,7,2000s,NA,NA,NA,NA,NA,NA,21560,ssp245,bicarbonate,SO_SPSS,SO,SPSS,1958.130379,1956.472773,56.04048123,1506.169944,2091.08119,0.381660731
ssp245_bicarbonate_SO_SPSS,8,2000s,NA,NA,NA,NA,NA,NA,21560,ssp245,bicarbonate,SO_SPSS,SO,SPSS,1960.43587,1958.83715,56.34478626,1506.405406,2095.897544,0.383733184
ssp245_bicarbonate_SO_SPSS,9,2000s,NA,NA,NA,NA,NA,NA,21560,ssp245,bicarbonate,SO_SPSS,SO,SPSS,1961.478765,1959.917912,55.93488686,1504.962743,2095.305276,0.380941586
ssp245_bicarbonate_SO_SPSS,10,2000s,NA,NA,NA,NA,NA,NA,21560,ssp245,bicarbonate,SO_SPSS,SO,SPSS,1960.455672,1958.912783,54.72236048,1500.134893,2092.106377,0.372683739
ssp245_bicarbonate_SO_SPSS,11,2000s,NA,NA,NA,NA,NA,NA,21560,ssp245,bicarbonate,SO_SPSS,SO,SPSS,1956.573374,1954.991583,52.54820916,1496.563954,2078.127086,0.357876797
ssp245_bicarbonate_SO_SPSS,12,2000s,NA,NA,NA,NA,NA,NA,21560,ssp245,bicarbonate,SO_SPSS,SO,SPSS,1948.65105,1947.263838,49.15924288,1492.610051,2066.665617,0.334796421
ssp245_bicarbonate_SO_STSS,1,2000s,NA,NA,NA,NA,NA,NA,15878,ssp245,bicarbonate,SO_STSS,SO,STSS,1861.118385,1859.391566,53.16556918,1674.991936,2028.180968,0.421922386
ssp245_bicarbonate_SO_STSS,2,2000s,NA,NA,NA,NA,NA,NA,15878,ssp245,bicarbonate,SO_STSS,SO,STSS,1858.918715,1857.115237,53.88983534,1617.609547,2029.693464,0.427670169
ssp245_bicarbonate_SO_STSS,3,2000s,NA,NA,NA,NA,NA,NA,15878,ssp245,bicarbonate,SO_STSS,SO,STSS,1860.476739,1858.582582,54.94234618,1564.787298,2019.470473,0.436022903
ssp245_bicarbonate_SO_STSS,4,2000s,NA,NA,NA,NA,NA,NA,15878,ssp245,bicarbonate,SO_STSS,SO,STSS,1866.608661,1864.659819,56.93667618,1415.263508,2016.494177,0.451849922
ssp245_bicarbonate_SO_STSS,5,2000s,NA,NA,NA,NA,NA,NA,15878,ssp245,bicarbonate,SO_STSS,SO,STSS,1875.531038,1873.658115,58.51527654,1458.570555,1998.537665,0.464377707
ssp245_bicarbonate_SO_STSS,6,2000s,NA,NA,NA,NA,NA,NA,15878,ssp245,bicarbonate,SO_STSS,SO,STSS,1884.420605,1882.701234,59.83023851,1545.657902,2032.669323,0.474813256
ssp245_bicarbonate_SO_STSS,7,2000s,NA,NA,NA,NA,NA,NA,15878,ssp245,bicarbonate,SO_STSS,SO,STSS,1891.745146,1890.190917,60.73141255,1484.508182,2046.687518,0.481964981
ssp245_bicarbonate_SO_STSS,8,2000s,NA,NA,NA,NA,NA,NA,15878,ssp245,bicarbonate,SO_STSS,SO,STSS,1896.922238,1895.477221,60.43140977,1462.334111,2053.276628,0.479584156
ssp245_bicarbonate_SO_STSS,9,2000s,NA,NA,NA,NA,NA,NA,15878,ssp245,bicarbonate,SO_STSS,SO,STSS,1897.77644,1896.351419,59.20336679,1545.240951,2058.320698,0.469838397
ssp245_bicarbonate_SO_STSS,10,2000s,NA,NA,NA,NA,NA,NA,15878,ssp245,bicarbonate,SO_STSS,SO,STSS,1891.758815,1890.217082,57.40321441,1618.277268,2038.008024,0.455552373
ssp245_bicarbonate_SO_STSS,11,2000s,NA,NA,NA,NA,NA,NA,15878,ssp245,bicarbonate,SO_STSS,SO,STSS,1879.72441,1878.080634,55.02061525,1632.181942,2013.709486,0.436644047
ssp245_bicarbonate_SO_STSS,12,2000s,NA,NA,NA,NA,NA,NA,15878,ssp245,bicarbonate,SO_STSS,SO,STSS,1868.34984,1866.690205,53.30959564,1669.304335,2040.135635,0.423065382
ssp245_bicarbonate_SP_STPS,1,2000s,NA,NA,NA,NA,NA,NA,23951,ssp245,bicarbonate,SP_STPS,SP,STPS,1802.463232,1798.795159,65.83910966,1594.649181,1950.664549,0.425424134
ssp245_bicarbonate_SP_STPS,2,2000s,NA,NA,NA,NA,NA,NA,23951,ssp245,bicarbonate,SP_STPS,SP,STPS,1798.727984,1794.953471,66.4822212,1590.107184,1944.963062,0.429579646
ssp245_bicarbonate_SP_STPS,3,2000s,NA,NA,NA,NA,NA,NA,23951,ssp245,bicarbonate,SP_STPS,SP,STPS,1795.820153,1791.858148,67.89129222,1573.968946,1948.034769,0.438684459
ssp245_bicarbonate_SP_STPS,4,2000s,NA,NA,NA,NA,NA,NA,23951,ssp245,bicarbonate,SP_STPS,SP,STPS,1795.100371,1790.929827,69.24800868,1567.416769,1955.971794,0.44745098
ssp245_bicarbonate_SP_STPS,5,2000s,NA,NA,NA,NA,NA,NA,23951,ssp245,bicarbonate,SP_STPS,SP,STPS,1797.207341,1792.877138,70.30291161,1586.324572,1965.164736,0.454267311
ssp245_bicarbonate_SP_STPS,6,2000s,NA,NA,NA,NA,NA,NA,23951,ssp245,bicarbonate,SP_STPS,SP,STPS,1801.663261,1797.265025,71.1105844,1592.110018,1975.494321,0.459486147
ssp245_bicarbonate_SP_STPS,7,2000s,NA,NA,NA,NA,NA,NA,23951,ssp245,bicarbonate,SP_STPS,SP,STPS,1806.959232,1802.571816,71.80959274,1598.301312,1983.969263,0.46400284
ssp245_bicarbonate_SP_STPS,8,2000s,NA,NA,NA,NA,NA,NA,23951,ssp245,bicarbonate,SP_STPS,SP,STPS,1811.261088,1806.923237,72.04415067,1603.426184,2007.441395,0.465518452
ssp245_bicarbonate_SP_STPS,9,2000s,NA,NA,NA,NA,NA,NA,23951,ssp245,bicarbonate,SP_STPS,SP,STPS,1812.899464,1808.676037,71.35019332,1609.967094,2011.475877,0.461034397
ssp245_bicarbonate_SP_STPS,10,2000s,NA,NA,NA,NA,NA,NA,23951,ssp245,bicarbonate,SP_STPS,SP,STPS,1811.778175,1807.736094,69.68151726,1613.721959,1997.134742,0.450252127
ssp245_bicarbonate_SP_STPS,11,2000s,NA,NA,NA,NA,NA,NA,23951,ssp245,bicarbonate,SP_STPS,SP,STPS,1809.70841,1805.857304,67.5728129,1613.222147,1972.772337,0.436626582
ssp245_bicarbonate_SP_STPS,12,2000s,NA,NA,NA,NA,NA,NA,23951,ssp245,bicarbonate,SP_STPS,SP,STPS,1806.989406,1803.294168,66.03937163,1607.598396,1961.217265,0.426718142
ssp245_carbonate_Atl_EQU,1,2000s,NA,NA,NA,NA,NA,NA,2910,ssp245,carbonate,Atl_EQU,Atl,EQU,239.8519537,239.8462445,15.22126843,177.7142399,264.1018463,0.282165785
ssp245_carbonate_Atl_EQU,2,2000s,NA,NA,NA,NA,NA,NA,2910,ssp245,carbonate,Atl_EQU,Atl,EQU,240.730226,240.7220348,14.82019815,178.3795112,264.6118115,0.274730904
ssp245_carbonate_Atl_EQU,3,2000s,NA,NA,NA,NA,NA,NA,2910,ssp245,carbonate,Atl_EQU,Atl,EQU,242.1242445,242.1148517,14.59744883,179.7366995,266.3776733,0.270601667
ssp245_carbonate_Atl_EQU,4,2000s,NA,NA,NA,NA,NA,NA,2910,ssp245,carbonate,Atl_EQU,Atl,EQU,243.1425971,243.1346649,14.03013412,192.0208098,267.1668859,0.260085014
ssp245_carbonate_Atl_EQU,5,2000s,NA,NA,NA,NA,NA,NA,2910,ssp245,carbonate,Atl_EQU,Atl,EQU,242.0081765,242.0024606,14.09827662,189.5002482,266.6195541,0.261348212
ssp245_carbonate_Atl_EQU,6,2000s,NA,NA,NA,NA,NA,NA,2910,ssp245,carbonate,Atl_EQU,Atl,EQU,238.3928956,238.387129,14.64586507,194.9344348,265.6316409,0.271499187
ssp245_carbonate_Atl_EQU,7,2000s,NA,NA,NA,NA,NA,NA,2910,ssp245,carbonate,Atl_EQU,Atl,EQU,234.0091003,234.0001805,14.73241889,192.203524,266.9441539,0.273103688
ssp245_carbonate_Atl_EQU,8,2000s,NA,NA,NA,NA,NA,NA,2910,ssp245,carbonate,Atl_EQU,Atl,EQU,231.8388065,231.8282481,14.48930947,179.0317406,268.1413883,0.268597022
ssp245_carbonate_Atl_EQU,9,2000s,NA,NA,NA,NA,NA,NA,2910,ssp245,carbonate,Atl_EQU,Atl,EQU,232.3197379,232.3101229,14.32128253,159.7575202,267.9256324,0.265482206
ssp245_carbonate_Atl_EQU,10,2000s,NA,NA,NA,NA,NA,NA,2910,ssp245,carbonate,Atl_EQU,Atl,EQU,234.6984322,234.6907505,14.66996347,152.4223736,266.3532222,0.271945914
ssp245_carbonate_Atl_EQU,11,2000s,NA,NA,NA,NA,NA,NA,2910,ssp245,carbonate,Atl_EQU,Atl,EQU,237.0754122,237.0694248,15.70119514,153.6988947,265.6746169,0.291062474
ssp245_carbonate_Atl_EQU,12,2000s,NA,NA,NA,NA,NA,NA,2910,ssp245,carbonate,Atl_EQU,Atl,EQU,238.7051981,238.7002784,15.91577026,164.2958897,264.9602388,0.295040182
ssp245_carbonate_IND_STPS,1,2000s,NA,NA,NA,NA,NA,NA,15087,ssp245,carbonate,IND_STPS,IND,STPS,226.6552965,227.626597,20.48969178,157.133762,276.1565697,0.16681457
ssp245_carbonate_IND_STPS,2,2000s,NA,NA,NA,NA,NA,NA,15087,ssp245,carbonate,IND_STPS,IND,STPS,227.4776619,228.3597932,19.38738274,161.6641643,276.165891,0.157840242
ssp245_carbonate_IND_STPS,3,2000s,NA,NA,NA,NA,NA,NA,15087,ssp245,carbonate,IND_STPS,IND,STPS,228.145156,228.9985902,18.98835528,163.4650354,276.9278485,0.154591604
ssp245_carbonate_IND_STPS,4,2000s,NA,NA,NA,NA,NA,NA,15087,ssp245,carbonate,IND_STPS,IND,STPS,228.2545295,229.152945,19.39761523,160.9706098,278.5697905,0.157923549
ssp245_carbonate_IND_STPS,5,2000s,NA,NA,NA,NA,NA,NA,15087,ssp245,carbonate,IND_STPS,IND,STPS,227.1660464,228.1448491,20.37177186,155.5741009,280.8934563,0.165854538
ssp245_carbonate_IND_STPS,6,2000s,NA,NA,NA,NA,NA,NA,15087,ssp245,carbonate,IND_STPS,IND,STPS,224.9011864,225.9661007,21.45778547,148.7978304,282.2314579,0.174696198
ssp245_carbonate_IND_STPS,7,2000s,NA,NA,NA,NA,NA,NA,15087,ssp245,carbonate,IND_STPS,IND,STPS,222.116657,223.2429509,22.36332736,143.3500288,278.4991266,0.182068568
ssp245_carbonate_IND_STPS,8,2000s,NA,NA,NA,NA,NA,NA,15087,ssp245,carbonate,IND_STPS,IND,STPS,220.1293403,221.3044804,23.21848493,139.0567711,274.8635915,0.189030739
ssp245_carbonate_IND_STPS,9,2000s,NA,NA,NA,NA,NA,NA,15087,ssp245,carbonate,IND_STPS,IND,STPS,219.7864174,220.9802227,23.71863544,136.851039,274.4784748,0.193102659
ssp245_carbonate_IND_STPS,10,2000s,NA,NA,NA,NA,NA,NA,15087,ssp245,carbonate,IND_STPS,IND,STPS,221.0319148,222.2233155,23.71914353,136.5074401,276.7996464,0.193106796
ssp245_carbonate_IND_STPS,11,2000s,NA,NA,NA,NA,NA,NA,15087,ssp245,carbonate,IND_STPS,IND,STPS,222.9721827,224.1370682,23.19593232,139.5146467,278.1562141,0.188847129
ssp245_carbonate_IND_STPS,12,2000s,NA,NA,NA,NA,NA,NA,15087,ssp245,carbonate,IND_STPS,IND,STPS,224.7738215,225.8600688,21.96274749,149.4476546,276.8054175,0.178807291
ssp245_carbonate_NA_SPSS,1,2000s,NA,NA,NA,NA,NA,NA,7616,ssp245,carbonate,NA_SPSS,NA,SPSS,123.8531137,125.6861665,23.80026297,3.000813605,206.1432235,0.272720816
ssp245_carbonate_NA_SPSS,2,2000s,NA,NA,NA,NA,NA,NA,7616,ssp245,carbonate,NA_SPSS,NA,SPSS,122.6540394,124.2794712,23.14244729,3.013436225,201.9558665,0.265183083
ssp245_carbonate_NA_SPSS,3,2000s,NA,NA,NA,NA,NA,NA,7616,ssp245,carbonate,NA_SPSS,NA,SPSS,122.3270294,123.9093241,23.10926887,3.386492306,199.356402,0.264802901
ssp245_carbonate_NA_SPSS,4,2000s,NA,NA,NA,NA,NA,NA,7616,ssp245,carbonate,NA_SPSS,NA,SPSS,124.5030751,126.3295679,24.79757696,3.576512226,212.2326569,0.284148769
ssp245_carbonate_NA_SPSS,5,2000s,NA,NA,NA,NA,NA,NA,7616,ssp245,carbonate,NA_SPSS,NA,SPSS,134.3552327,136.3203152,31.68245149,3.559761851,237.3820244,0.363040696
ssp245_carbonate_NA_SPSS,6,2000s,NA,NA,NA,NA,NA,NA,7616,ssp245,carbonate,NA_SPSS,NA,SPSS,143.7799469,145.5272032,37.38661418,3.995444318,252.1773263,0.428403163
ssp245_carbonate_NA_SPSS,7,2000s,NA,NA,NA,NA,NA,NA,7616,ssp245,carbonate,NA_SPSS,NA,SPSS,145.3397026,147.1523179,36.25307634,5.751305952,259.3770368,0.415414257
ssp245_carbonate_NA_SPSS,8,2000s,NA,NA,NA,NA,NA,NA,7616,ssp245,carbonate,NA_SPSS,NA,SPSS,144.9741777,147.1958732,34.8083286,6.181264432,261.4493654,0.398859281
ssp245_carbonate_NA_SPSS,9,2000s,NA,NA,NA,NA,NA,NA,7616,ssp245,carbonate,NA_SPSS,NA,SPSS,140.9932037,143.6387702,32.32243793,5.610758144,258.6027853,0.370374128
ssp245_carbonate_NA_SPSS,10,2000s,NA,NA,NA,NA,NA,NA,7616,ssp245,carbonate,NA_SPSS,NA,SPSS,135.0702057,137.8324865,29.58720902,4.491659426,248.599956,0.339031876
ssp245_carbonate_NA_SPSS,11,2000s,NA,NA,NA,NA,NA,NA,7616,ssp245,carbonate,NA_SPSS,NA,SPSS,129.612267,132.1364173,26.8955672,3.469974243,233.4348774,0.308189075
ssp245_carbonate_NA_SPSS,12,2000s,NA,NA,NA,NA,NA,NA,7616,ssp245,carbonate,NA_SPSS,NA,SPSS,125.84124,128.0091281,24.92197497,3.189577006,221.7213948,0.285574212
ssp245_carbonate_NA_STPS,1,2000s,NA,NA,NA,NA,NA,NA,7527,ssp245,carbonate,NA_STPS,NA,STPS,240.1163955,240.8381626,21.48909908,156.5458218,277.983895,0.247689303
ssp245_carbonate_NA_STPS,2,2000s,NA,NA,NA,NA,NA,NA,7527,ssp245,carbonate,NA_STPS,NA,STPS,238.1313733,238.9055778,21.92848152,154.7403923,276.7641753,0.252753746
ssp245_carbonate_NA_STPS,3,2000s,NA,NA,NA,NA,NA,NA,7527,ssp245,carbonate,NA_STPS,NA,STPS,238.1282058,238.9233664,22.21978554,154.2082371,276.6263019,0.256111397
ssp245_carbonate_NA_STPS,4,2000s,NA,NA,NA,NA,NA,NA,7527,ssp245,carbonate,NA_STPS,NA,STPS,239.738791,240.4885274,22.14879254,154.6020928,277.566207,0.255293112
ssp245_carbonate_NA_STPS,5,2000s,NA,NA,NA,NA,NA,NA,7527,ssp245,carbonate,NA_STPS,NA,STPS,241.8198948,242.4952868,21.9982483,155.610288,279.0089373,0.253557897
ssp245_carbonate_NA_STPS,6,2000s,NA,NA,NA,NA,NA,NA,7527,ssp245,carbonate,NA_STPS,NA,STPS,243.7037634,244.3166882,21.7289459,157.1888356,280.2622268,0.250453843
ssp245_carbonate_NA_STPS,7,2000s,NA,NA,NA,NA,NA,NA,7527,ssp245,carbonate,NA_STPS,NA,STPS,245.6735386,246.2064812,21.27362776,160.1445567,281.2781515,0.24520572
ssp245_carbonate_NA_STPS,8,2000s,NA,NA,NA,NA,NA,NA,7527,ssp245,carbonate,NA_STPS,NA,STPS,247.5802215,248.038456,20.96557432,163.3041841,282.4583306,0.241655011
ssp245_carbonate_NA_STPS,9,2000s,NA,NA,NA,NA,NA,NA,7527,ssp245,carbonate,NA_STPS,NA,STPS,248.7676528,249.2002658,20.88926717,164.4442675,283.3150327,0.240775474
ssp245_carbonate_NA_STPS,10,2000s,NA,NA,NA,NA,NA,NA,7527,ssp245,carbonate,NA_STPS,NA,STPS,248.4436436,248.9087952,20.98828201,163.4867911,283.1681453,0.241916746
ssp245_carbonate_NA_STPS,11,2000s,NA,NA,NA,NA,NA,NA,7527,ssp245,carbonate,NA_STPS,NA,STPS,246.4400545,246.9825414,21.09331721,161.0012568,282.2552652,0.243127411
ssp245_carbonate_NA_STPS,12,2000s,NA,NA,NA,NA,NA,NA,7527,ssp245,carbonate,NA_STPS,NA,STPS,243.2222297,243.8594007,21.16220047,158.2717995,280.062356,0.243921379
ssp245_carbonate_NA_STSS,1,2000s,NA,NA,NA,NA,NA,NA,3133,ssp245,carbonate,NA_STSS,NA,STSS,186.0484364,187.5027427,28.04553152,95.21645465,255.2670446,0.501052782
ssp245_carbonate_NA_STSS,2,2000s,NA,NA,NA,NA,NA,NA,3133,ssp245,carbonate,NA_STSS,NA,STSS,182.3467402,183.7684173,27.08132746,94.59912996,252.6649435,0.483826611
ssp245_carbonate_NA_STSS,3,2000s,NA,NA,NA,NA,NA,NA,3133,ssp245,carbonate,NA_STSS,NA,STSS,182.3493274,183.7632298,26.99654985,95.54858901,254.1978198,0.482312
ssp245_carbonate_NA_STSS,4,2000s,NA,NA,NA,NA,NA,NA,3133,ssp245,carbonate,NA_STSS,NA,STSS,188.4443656,189.821903,28.34825619,96.37834158,257.3306627,0.506461167
ssp245_carbonate_NA_STSS,5,2000s,NA,NA,NA,NA,NA,NA,3133,ssp245,carbonate,NA_STSS,NA,STSS,199.389997,200.7023772,32.19505207,96.58915388,262.4539056,0.575186831
ssp245_carbonate_NA_STSS,6,2000s,NA,NA,NA,NA,NA,NA,3133,ssp245,carbonate,NA_STSS,NA,STSS,205.0800725,206.3867945,33.61263805,99.0823416,266.6192791,0.600512983
ssp245_carbonate_NA_STSS,7,2000s,NA,NA,NA,NA,NA,NA,3133,ssp245,carbonate,NA_STSS,NA,STSS,207.7503043,209.1194273,34.3572946,101.8656569,270.0938191,0.613816787
ssp245_carbonate_NA_STSS,8,2000s,NA,NA,NA,NA,NA,NA,3133,ssp245,carbonate,NA_STSS,NA,STSS,210.3205076,211.7463532,34.89811098,104.4625844,273.2420289,0.623478845
ssp245_carbonate_NA_STSS,9,2000s,NA,NA,NA,NA,NA,NA,3133,ssp245,carbonate,NA_STSS,NA,STSS,211.0698645,212.5356788,34.98981894,104.8492488,274.264803,0.625117271
ssp245_carbonate_NA_STSS,10,2000s,NA,NA,NA,NA,NA,NA,3133,ssp245,carbonate,NA_STSS,NA,STSS,207.6426462,209.1668308,34.20973386,102.6179817,271.6448467,0.611180512
ssp245_carbonate_NA_STSS,11,2000s,NA,NA,NA,NA,NA,NA,3133,ssp245,carbonate,NA_STSS,NA,STSS,200.3251866,201.8837555,32.41614311,100.2783695,264.8982945,0.579136775
ssp245_carbonate_NA_STSS,12,2000s,NA,NA,NA,NA,NA,NA,3133,ssp245,carbonate,NA_STSS,NA,STSS,192.3694761,193.8920507,30.16918726,97.18635363,258.8419553,0.538993358
ssp245_carbonate_NP_SPSS,1,2000s,NA,NA,NA,NA,NA,NA,7558,ssp245,carbonate,NP_SPSS,NP,SPSS,111.5817164,113.2494379,19.4587669,70.31634205,193.8405765,0.22382669
ssp245_carbonate_NP_SPSS,2,2000s,NA,NA,NA,NA,NA,NA,7558,ssp245,carbonate,NP_SPSS,NP,SPSS,109.4440037,111.0684398,19.18121883,66.03777328,187.6468626,0.220634161
ssp245_carbonate_NP_SPSS,3,2000s,NA,NA,NA,NA,NA,NA,7558,ssp245,carbonate,NP_SPSS,NP,SPSS,109.0604657,110.6637892,19.27499524,63.03082346,182.6182315,0.221712835
ssp245_carbonate_NP_SPSS,4,2000s,NA,NA,NA,NA,NA,NA,7558,ssp245,carbonate,NP_SPSS,NP,SPSS,112.4111992,114.0159851,20.3601248,63.09438378,183.2761922,0.234194662
ssp245_carbonate_NP_SPSS,5,2000s,NA,NA,NA,NA,NA,NA,7558,ssp245,carbonate,NP_SPSS,NP,SPSS,120.4681698,122.0138186,21.94571748,66.88880533,202.5112087,0.252433123
ssp245_carbonate_NP_SPSS,6,2000s,NA,NA,NA,NA,NA,NA,7558,ssp245,carbonate,NP_SPSS,NP,SPSS,129.7056176,131.0936435,23.05257023,72.10148973,211.3914645,0.265164823
ssp245_carbonate_NP_SPSS,7,2000s,NA,NA,NA,NA,NA,NA,7558,ssp245,carbonate,NP_SPSS,NP,SPSS,135.9897132,137.3401883,22.26202402,78.25802511,216.7040554,0.256071475
ssp245_carbonate_NP_SPSS,8,2000s,NA,NA,NA,NA,NA,NA,7558,ssp245,carbonate,NP_SPSS,NP,SPSS,139.0986532,140.5803408,21.95731737,79.87279627,222.3897753,0.252566552
ssp245_carbonate_NP_SPSS,9,2000s,NA,NA,NA,NA,NA,NA,7558,ssp245,carbonate,NP_SPSS,NP,SPSS,137.3745028,139.0671079,22.24004079,78.88087488,220.4795024,0.255818611
ssp245_carbonate_NP_SPSS,10,2000s,NA,NA,NA,NA,NA,NA,7558,ssp245,carbonate,NP_SPSS,NP,SPSS,130.0037407,131.8278707,21.76042932,76.10668063,211.6662094,0.250301825
ssp245_carbonate_NP_SPSS,11,2000s,NA,NA,NA,NA,NA,NA,7558,ssp245,carbonate,NP_SPSS,NP,SPSS,121.7037205,123.5100536,20.95351462,75.56181629,201.68579,0.241020196
ssp245_carbonate_NP_SPSS,12,2000s,NA,NA,NA,NA,NA,NA,7558,ssp245,carbonate,NP_SPSS,NP,SPSS,115.3975223,117.1175198,19.98173925,73.93652046,197.3480413,0.229842239
ssp245_carbonate_NP_STPS,1,2000s,NA,NA,NA,NA,NA,NA,17525,ssp245,carbonate,NP_STPS,NP,STPS,215.3686438,216.3283569,23.78269588,125.4659068,248.8839168,0.179652005
ssp245_carbonate_NP_STPS,2,2000s,NA,NA,NA,NA,NA,NA,17525,ssp245,carbonate,NP_STPS,NP,STPS,213.5779866,214.6029165,24.48584847,123.6735062,246.8791911,0.184963547
ssp245_carbonate_NP_STPS,3,2000s,NA,NA,NA,NA,NA,NA,17525,ssp245,carbonate,NP_STPS,NP,STPS,213.436196,214.4843585,24.75323572,122.5999399,248.430106,0.186983362
ssp245_carbonate_NP_STPS,4,2000s,NA,NA,NA,NA,NA,NA,17525,ssp245,carbonate,NP_STPS,NP,STPS,214.6513577,215.6964071,24.70694874,122.726654,252.6160956,0.186633715
ssp245_carbonate_NP_STPS,5,2000s,NA,NA,NA,NA,NA,NA,17525,ssp245,carbonate,NP_STPS,NP,STPS,216.5000233,217.5319093,24.64944168,125.3006342,253.5123658,0.186199313
ssp245_carbonate_NP_STPS,6,2000s,NA,NA,NA,NA,NA,NA,17525,ssp245,carbonate,NP_STPS,NP,STPS,218.5064167,219.5091051,24.45369277,126.7290079,252.4655602,0.184720646
ssp245_carbonate_NP_STPS,7,2000s,NA,NA,NA,NA,NA,NA,17525,ssp245,carbonate,NP_STPS,NP,STPS,220.4833221,221.418477,23.73652348,128.6908842,251.7962503,0.179303224
ssp245_carbonate_NP_STPS,8,2000s,NA,NA,NA,NA,NA,NA,17525,ssp245,carbonate,NP_STPS,NP,STPS,222.0090555,222.873256,22.9623918,130.8857178,253.2231765,0.173455514
ssp245_carbonate_NP_STPS,9,2000s,NA,NA,NA,NA,NA,NA,17525,ssp245,carbonate,NP_STPS,NP,STPS,222.7998276,223.6128924,22.47128373,132.4116622,254.1787014,0.169745735
ssp245_carbonate_NP_STPS,10,2000s,NA,NA,NA,NA,NA,NA,17525,ssp245,carbonate,NP_STPS,NP,STPS,222.4732133,223.2810321,22.39586293,132.2518363,253.6863646,0.169176014
ssp245_carbonate_NP_STPS,11,2000s,NA,NA,NA,NA,NA,NA,17525,ssp245,carbonate,NP_STPS,NP,STPS,220.7683733,221.6149888,22.6794377,130.1875355,252.4442983,0.171318108
ssp245_carbonate_NP_STPS,12,2000s,NA,NA,NA,NA,NA,NA,17525,ssp245,carbonate,NP_STPS,NP,STPS,217.8695149,218.7649689,23.13382651,127.3900196,251.1340941,0.174750514
ssp245_carbonate_NP_STSS,1,2000s,NA,NA,NA,NA,NA,NA,3381,ssp245,carbonate,NP_STSS,NP,STSS,174.8870149,175.804213,24.1974905,116.6462041,225.3452758,0.416147934
ssp245_carbonate_NP_STSS,2,2000s,NA,NA,NA,NA,NA,NA,3381,ssp245,carbonate,NP_STSS,NP,STSS,170.2519565,171.146219,23.2980944,114.4162484,223.8783388,0.400680139
ssp245_carbonate_NP_STSS,3,2000s,NA,NA,NA,NA,NA,NA,3381,ssp245,carbonate,NP_STSS,NP,STSS,169.5963763,170.4913868,22.98504521,113.1928194,227.7702328,0.395296325
ssp245_carbonate_NP_STSS,4,2000s,NA,NA,NA,NA,NA,NA,3381,ssp245,carbonate,NP_STSS,NP,STSS,174.2265596,175.1115972,23.38208698,112.9451096,233.4922144,0.402124641
ssp245_carbonate_NP_STSS,5,2000s,NA,NA,NA,NA,NA,NA,3381,ssp245,carbonate,NP_STSS,NP,STSS,181.5089546,182.3324045,24.64566851,116.7029921,238.2090054,0.42385569
ssp245_carbonate_NP_STSS,6,2000s,NA,NA,NA,NA,NA,NA,3381,ssp245,carbonate,NP_STSS,NP,STSS,185.5113535,186.2940425,24.92803415,122.2680772,239.949553,0.428711808
ssp245_carbonate_NP_STSS,7,2000s,NA,NA,NA,NA,NA,NA,3381,ssp245,carbonate,NP_STSS,NP,STSS,189.1848274,189.9737504,25.34091498,124.5907886,242.464481,0.435812524
ssp245_carbonate_NP_STSS,8,2000s,NA,NA,NA,NA,NA,NA,3381,ssp245,carbonate,NP_STSS,NP,STSS,193.3025655,194.095219,25.74034608,126.2210886,243.9593782,0.442681932
ssp245_carbonate_NP_STSS,9,2000s,NA,NA,NA,NA,NA,NA,3381,ssp245,carbonate,NP_STSS,NP,STSS,195.6307724,196.4374083,26.06722225,127.3102876,244.1758684,0.448303541
ssp245_carbonate_NP_STSS,10,2000s,NA,NA,NA,NA,NA,NA,3381,ssp245,carbonate,NP_STSS,NP,STSS,193.9013203,194.7468988,25.97158001,126.5355851,241.1208752,0.446658688
ssp245_carbonate_NP_STSS,11,2000s,NA,NA,NA,NA,NA,NA,3381,ssp245,carbonate,NP_STSS,NP,STSS,188.5617112,189.4603528,25.70116067,123.5388054,235.8920693,0.442008022
ssp245_carbonate_NP_STSS,12,2000s,NA,NA,NA,NA,NA,NA,3381,ssp245,carbonate,NP_STSS,NP,STSS,181.3642196,182.2941958,25.16288778,119.6621131,230.3339332,0.432750816
ssp245_carbonate_Pac_EQU_E,1,2000s,NA,NA,NA,NA,NA,NA,6022,ssp245,carbonate,Pac_EQU_E,Pac,EQU,215.9116435,215.9038846,11.69813984,170.0131035,257.6614228,0.150746221
ssp245_carbonate_Pac_EQU_E,2,2000s,NA,NA,NA,NA,NA,NA,6022,ssp245,carbonate,Pac_EQU_E,Pac,EQU,215.1941099,215.1838694,11.9683144,159.1668269,257.9274884,0.154227782
ssp245_carbonate_Pac_EQU_E,3,2000s,NA,NA,NA,NA,NA,NA,6022,ssp245,carbonate,Pac_EQU_E,Pac,EQU,215.664905,215.6543218,11.98628345,156.8966093,257.4260574,0.154459338
ssp245_carbonate_Pac_EQU_E,4,2000s,NA,NA,NA,NA,NA,NA,6022,ssp245,carbonate,Pac_EQU_E,Pac,EQU,217.6713282,217.6633406,10.5681993,161.3354429,256.9580968,0.136185421
ssp245_carbonate_Pac_EQU_E,5,2000s,NA,NA,NA,NA,NA,NA,6022,ssp245,carbonate,Pac_EQU_E,Pac,EQU,217.5573828,217.5491948,12.46150743,168.0374349,255.5882223,0.160583236
ssp245_carbonate_Pac_EQU_E,6,2000s,NA,NA,NA,NA,NA,NA,6022,ssp245,carbonate,Pac_EQU_E,Pac,EQU,215.7559316,215.750946,15.47496771,169.3698778,255.1154115,0.199415713
ssp245_carbonate_Pac_EQU_E,7,2000s,NA,NA,NA,NA,NA,NA,6022,ssp245,carbonate,Pac_EQU_E,Pac,EQU,213.7688194,213.7666958,16.56563975,167.5423627,252.5400434,0.213470485
ssp245_carbonate_Pac_EQU_E,8,2000s,NA,NA,NA,NA,NA,NA,6022,ssp245,carbonate,Pac_EQU_E,Pac,EQU,211.4683671,211.4643889,16.95085815,168.8564802,250.5627795,0.218434541
ssp245_carbonate_Pac_EQU_E,9,2000s,NA,NA,NA,NA,NA,NA,6022,ssp245,carbonate,Pac_EQU_E,Pac,EQU,210.3562866,210.3505075,16.89344393,171.680515,250.5135874,0.217694682
ssp245_carbonate_Pac_EQU_E,10,2000s,NA,NA,NA,NA,NA,NA,6022,ssp245,carbonate,Pac_EQU_E,Pac,EQU,211.7418862,211.7368619,15.93181954,164.0702141,251.5718875,0.205302862
ssp245_carbonate_Pac_EQU_E,11,2000s,NA,NA,NA,NA,NA,NA,6022,ssp245,carbonate,Pac_EQU_E,Pac,EQU,213.7747468,213.7694573,14.73540057,166.8518405,254.0358164,0.189885399
ssp245_carbonate_Pac_EQU_E,12,2000s,NA,NA,NA,NA,NA,NA,6022,ssp245,carbonate,Pac_EQU_E,Pac,EQU,215.2969054,215.2907048,13.1797214,177.5740849,255.8351243,0.169838386
ssp245_carbonate_Pac_EQU_W,1,2000s,NA,NA,NA,NA,NA,NA,4363,ssp245,carbonate,Pac_EQU_W,Pac,EQU,241.4028379,241.3943577,11.85271579,190.5756376,262.3956253,0.179442481
ssp245_carbonate_Pac_EQU_W,2,2000s,NA,NA,NA,NA,NA,NA,4363,ssp245,carbonate,Pac_EQU_W,Pac,EQU,240.5195034,240.5092365,12.07041342,193.1939293,261.915703,0.182738282
ssp245_carbonate_Pac_EQU_W,3,2000s,NA,NA,NA,NA,NA,NA,4363,ssp245,carbonate,Pac_EQU_W,Pac,EQU,240.2592313,240.248806,12.08620346,198.6812327,261.4678094,0.182977333
ssp245_carbonate_Pac_EQU_W,4,2000s,NA,NA,NA,NA,NA,NA,4363,ssp245,carbonate,Pac_EQU_W,Pac,EQU,241.0610898,241.0529157,12.06244897,204.8813166,261.4310291,0.182617706
ssp245_carbonate_Pac_EQU_W,5,2000s,NA,NA,NA,NA,NA,NA,4363,ssp245,carbonate,Pac_EQU_W,Pac,EQU,242.242804,242.2379966,11.88139484,208.6505165,261.7364786,0.179876663
ssp245_carbonate_Pac_EQU_W,6,2000s,NA,NA,NA,NA,NA,NA,4363,ssp245,carbonate,Pac_EQU_W,Pac,EQU,242.6027372,242.6005821,11.4378712,208.9504086,260.8317776,0.173162001
ssp245_carbonate_Pac_EQU_W,7,2000s,NA,NA,NA,NA,NA,NA,4363,ssp245,carbonate,Pac_EQU_W,Pac,EQU,242.0779872,242.0755039,10.97213655,206.933851,259.5625445,0.166111078
ssp245_carbonate_Pac_EQU_W,8,2000s,NA,NA,NA,NA,NA,NA,4363,ssp245,carbonate,Pac_EQU_W,Pac,EQU,241.5471207,241.5417908,10.74055005,205.2808169,258.9488518,0.162605008
ssp245_carbonate_Pac_EQU_W,9,2000s,NA,NA,NA,NA,NA,NA,4363,ssp245,carbonate,Pac_EQU_W,Pac,EQU,241.2943822,241.2862933,10.67207294,203.2002538,258.9876988,0.161568309
ssp245_carbonate_Pac_EQU_W,10,2000s,NA,NA,NA,NA,NA,NA,4363,ssp245,carbonate,Pac_EQU_W,Pac,EQU,241.4323833,241.4235736,10.86181764,198.8998873,260.0094684,0.164440921
ssp245_carbonate_Pac_EQU_W,11,2000s,NA,NA,NA,NA,NA,NA,4363,ssp245,carbonate,Pac_EQU_W,Pac,EQU,241.8566001,241.8489478,11.13484219,194.3922551,261.0432851,0.168574337
ssp245_carbonate_Pac_EQU_W,12,2000s,NA,NA,NA,NA,NA,NA,4363,ssp245,carbonate,Pac_EQU_W,Pac,EQU,241.7793226,241.7722554,11.53800823,189.7212342,261.6162367,0.174678011
ssp245_carbonate_SA_STPS,1,2000s,NA,NA,NA,NA,NA,NA,7787,ssp245,carbonate,SA_STPS,SA,STPS,222.6708504,223.7052309,21.56011297,142.0669621,263.9437752,0.244323896
ssp245_carbonate_SA_STPS,2,2000s,NA,NA,NA,NA,NA,NA,7787,ssp245,carbonate,SA_STPS,SA,STPS,225.3076199,226.3239039,21.18712297,141.3024335,265.3616492,0.240097092
ssp245_carbonate_SA_STPS,3,2000s,NA,NA,NA,NA,NA,NA,7787,ssp245,carbonate,SA_STPS,SA,STPS,226.4575187,227.4844487,21.24545196,143.3953009,266.2862407,0.240758089
ssp245_carbonate_SA_STPS,4,2000s,NA,NA,NA,NA,NA,NA,7787,ssp245,carbonate,SA_STPS,SA,STPS,225.7652724,226.8400486,21.74677523,143.7645953,266.6845487,0.246439193
ssp245_carbonate_SA_STPS,5,2000s,NA,NA,NA,NA,NA,NA,7787,ssp245,carbonate,SA_STPS,SA,STPS,223.2556743,224.4064755,22.54787855,145.1041358,265.3789221,0.255517471
ssp245_carbonate_SA_STPS,6,2000s,NA,NA,NA,NA,NA,NA,7787,ssp245,carbonate,SA_STPS,SA,STPS,219.1855805,220.4045993,23.38694195,143.5017303,263.3196805,0.26502592
ssp245_carbonate_SA_STPS,7,2000s,NA,NA,NA,NA,NA,NA,7787,ssp245,carbonate,SA_STPS,SA,STPS,214.7139816,215.9741792,24.05530322,137.4184708,260.9147209,0.272599935
ssp245_carbonate_SA_STPS,8,2000s,NA,NA,NA,NA,NA,NA,7787,ssp245,carbonate,SA_STPS,SA,STPS,211.0397472,212.3078711,24.49438845,130.4219449,258.8956229,0.277575745
ssp245_carbonate_SA_STPS,9,2000s,NA,NA,NA,NA,NA,NA,7787,ssp245,carbonate,SA_STPS,SA,STPS,209.8888377,211.1301689,24.41230443,128.9727884,258.3123032,0.276645551
ssp245_carbonate_SA_STPS,10,2000s,NA,NA,NA,NA,NA,NA,7787,ssp245,carbonate,SA_STPS,SA,STPS,212.0363407,213.1978523,23.43908921,134.1701184,258.8526439,0.265616864
ssp245_carbonate_SA_STPS,11,2000s,NA,NA,NA,NA,NA,NA,7787,ssp245,carbonate,SA_STPS,SA,STPS,215.3102423,216.4062814,22.66015189,140.2476112,260.0574791,0.256789776
ssp245_carbonate_SA_STPS,12,2000s,NA,NA,NA,NA,NA,NA,7787,ssp245,carbonate,SA_STPS,SA,STPS,218.7363046,219.8010706,22.08017495,143.5050756,261.771105,0.250217351
ssp245_carbonate_SO_SPSS,1,2000s,NA,NA,NA,NA,NA,NA,21560,ssp245,carbonate,SO_SPSS,SO,SPSS,108.8896999,109.5924228,14.52698782,64.91985692,176.4439737,0.098935282
ssp245_carbonate_SO_SPSS,2,2000s,NA,NA,NA,NA,NA,NA,21560,ssp245,carbonate,SO_SPSS,SO,SPSS,109.3601831,110.0903389,14.3850057,64.37796152,169.5475631,0.09796832
ssp245_carbonate_SO_SPSS,3,2000s,NA,NA,NA,NA,NA,NA,21560,ssp245,carbonate,SO_SPSS,SO,SPSS,108.2328342,109.0110264,13.67241774,63.04088793,158.4594864,0.093115277
ssp245_carbonate_SO_SPSS,4,2000s,NA,NA,NA,NA,NA,NA,21560,ssp245,carbonate,SO_SPSS,SO,SPSS,106.3875897,107.1845493,12.78446631,60.59002003,153.9821907,0.087067931
ssp245_carbonate_SO_SPSS,5,2000s,NA,NA,NA,NA,NA,NA,21560,ssp245,carbonate,SO_SPSS,SO,SPSS,104.5103583,105.2950208,11.97525507,58.75366035,149.642866,0.081556841
ssp245_carbonate_SO_SPSS,6,2000s,NA,NA,NA,NA,NA,NA,21560,ssp245,carbonate,SO_SPSS,SO,SPSS,102.9134105,103.669904,11.35860031,57.94900462,146.0945033,0.077357146
ssp245_carbonate_SO_SPSS,7,2000s,NA,NA,NA,NA,NA,NA,21560,ssp245,carbonate,SO_SPSS,SO,SPSS,101.6051856,102.3306654,10.94039176,57.87366054,143.7024094,0.074508959
ssp245_carbonate_SO_SPSS,8,2000s,NA,NA,NA,NA,NA,NA,21560,ssp245,carbonate,SO_SPSS,SO,SPSS,100.7401075,101.4340175,10.74166071,58.22449733,143.2429135,0.073155512
ssp245_carbonate_SO_SPSS,9,2000s,NA,NA,NA,NA,NA,NA,21560,ssp245,carbonate,SO_SPSS,SO,SPSS,100.471259,101.1463009,10.86765375,59.30330469,144.7567068,0.074013581
ssp245_carbonate_SO_SPSS,10,2000s,NA,NA,NA,NA,NA,NA,21560,ssp245,carbonate,SO_SPSS,SO,SPSS,101.0014807,101.6908783,11.54375092,61.06850346,149.2551965,0.078618105
ssp245_carbonate_SO_SPSS,11,2000s,NA,NA,NA,NA,NA,NA,21560,ssp245,carbonate,SO_SPSS,SO,SPSS,102.7672955,103.5063639,12.70860511,63.01059119,163.0706238,0.086551282
ssp245_carbonate_SO_SPSS,12,2000s,NA,NA,NA,NA,NA,NA,21560,ssp245,carbonate,SO_SPSS,SO,SPSS,106.2165836,106.9397609,14.07618466,64.43663877,175.5900699,0.095865111
ssp245_carbonate_SO_STSS,1,2000s,NA,NA,NA,NA,NA,NA,15878,ssp245,carbonate,SO_STSS,SO,STSS,159.3873136,160.7101205,27.67298435,101.8302087,235.2328741,0.219613027
ssp245_carbonate_SO_STSS,2,2000s,NA,NA,NA,NA,NA,NA,15878,ssp245,carbonate,SO_STSS,SO,STSS,160.9831768,162.3746667,27.90547623,105.4955068,236.5339934,0.221458085
ssp245_carbonate_SO_STSS,3,2000s,NA,NA,NA,NA,NA,NA,15878,ssp245,carbonate,SO_STSS,SO,STSS,160.2109336,161.6492658,27.89463129,105.0589408,236.678483,0.221372019
ssp245_carbonate_SO_STSS,4,2000s,NA,NA,NA,NA,NA,NA,15878,ssp245,carbonate,SO_STSS,SO,STSS,156.6236653,158.0672223,27.26930835,94.49703939,234.282024,0.216409451
ssp245_carbonate_SO_STSS,5,2000s,NA,NA,NA,NA,NA,NA,15878,ssp245,carbonate,SO_STSS,SO,STSS,151.6143118,152.9963492,25.84097382,80.64243287,228.7487474,0.205074177
ssp245_carbonate_SO_STSS,6,2000s,NA,NA,NA,NA,NA,NA,15878,ssp245,carbonate,SO_STSS,SO,STSS,146.7353745,148.0157984,24.11671774,69.54663563,221.5001783,0.191390467
ssp245_carbonate_SO_STSS,7,2000s,NA,NA,NA,NA,NA,NA,15878,ssp245,carbonate,SO_STSS,SO,STSS,142.833269,144.013482,22.5945229,62.55142866,216.8207293,0.179310316
ssp245_carbonate_SO_STSS,8,2000s,NA,NA,NA,NA,NA,NA,15878,ssp245,carbonate,SO_STSS,SO,STSS,140.2971049,141.4046883,21.65320494,63.18056494,215.9251743,0.171840009
ssp245_carbonate_SO_STSS,9,2000s,NA,NA,NA,NA,NA,NA,15878,ssp245,carbonate,SO_STSS,SO,STSS,139.9622939,141.0513578,21.74035732,71.71436043,217.0364998,0.172531651
ssp245_carbonate_SO_STSS,10,2000s,NA,NA,NA,NA,NA,NA,15878,ssp245,carbonate,SO_STSS,SO,STSS,143.1184552,144.2635392,23.43405003,83.86848621,223.3271982,0.18597281
ssp245_carbonate_SO_STSS,11,2000s,NA,NA,NA,NA,NA,NA,15878,ssp245,carbonate,SO_STSS,SO,STSS,149.2108743,150.4234715,25.85286943,94.2443175,227.6787348,0.205168581
ssp245_carbonate_SO_STSS,12,2000s,NA,NA,NA,NA,NA,NA,15878,ssp245,carbonate,SO_STSS,SO,STSS,155.2061767,156.4601788,27.30324405,97.53719527,230.9767742,0.216678765
ssp245_carbonate_SP_STPS,1,2000s,NA,NA,NA,NA,NA,NA,23951,ssp245,carbonate,SP_STPS,SP,STPS,207.6144719,210.6810785,35.66251553,110.8635603,268.9782607,0.230435905
ssp245_carbonate_SP_STPS,2,2000s,NA,NA,NA,NA,NA,NA,23951,ssp245,carbonate,SP_STPS,SP,STPS,209.7936959,212.8336727,35.18937016,112.0440735,269.0902267,0.227378642
ssp245_carbonate_SP_STPS,3,2000s,NA,NA,NA,NA,NA,NA,23951,ssp245,carbonate,SP_STPS,SP,STPS,210.7112975,213.7958264,35.47340152,112.1861779,269.1939098,0.229213931
ssp245_carbonate_SP_STPS,4,2000s,NA,NA,NA,NA,NA,NA,23951,ssp245,carbonate,SP_STPS,SP,STPS,210.0000756,213.1816024,36.2467506,111.2858624,269.4615956,0.234210982
ssp245_carbonate_SP_STPS,5,2000s,NA,NA,NA,NA,NA,NA,23951,ssp245,carbonate,SP_STPS,SP,STPS,207.7364644,211.0371018,37.20136548,109.9039836,268.8501303,0.240379294
ssp245_carbonate_SP_STPS,6,2000s,NA,NA,NA,NA,NA,NA,23951,ssp245,carbonate,SP_STPS,SP,STPS,204.5369413,207.927903,37.99128719,108.5324557,267.5914267,0.24548343
ssp245_carbonate_SP_STPS,7,2000s,NA,NA,NA,NA,NA,NA,23951,ssp245,carbonate,SP_STPS,SP,STPS,201.1778191,204.6101162,38.5650268,107.3004458,265.7738243,0.24919069
ssp245_carbonate_SP_STPS,8,2000s,NA,NA,NA,NA,NA,NA,23951,ssp245,carbonate,SP_STPS,SP,STPS,198.6701188,202.1089781,38.9675155,98.58688386,265.1099954,0.251791399
ssp245_carbonate_SP_STPS,9,2000s,NA,NA,NA,NA,NA,NA,23951,ssp245,carbonate,SP_STPS,SP,STPS,197.8507316,201.2566469,39.05072952,97.77546161,264.923522,0.252329093
ssp245_carbonate_SP_STPS,10,2000s,NA,NA,NA,NA,NA,NA,23951,ssp245,carbonate,SP_STPS,SP,STPS,198.9275045,202.2691843,38.67739128,105.3726913,265.9707665,0.249916741
ssp245_carbonate_SP_STPS,11,2000s,NA,NA,NA,NA,NA,NA,23951,ssp245,carbonate,SP_STPS,SP,STPS,201.1707309,204.4291271,37.89093266,106.2946526,266.9324921,0.244834982
ssp245_carbonate_SP_STPS,12,2000s,NA,NA,NA,NA,NA,NA,23951,ssp245,carbonate,SP_STPS,SP,STPS,204.1583813,207.3109806,36.70884793,108.491287,267.6630865,0.237196857
ssp245_dic_Atl_EQU,1,2000s,NA,NA,NA,NA,NA,NA,2910,ssp245,dic,Atl_EQU,Atl,EQU,1987.023461,1986.971854,78.92772399,1615.19245,2083.966818,1.463130572
ssp245_dic_Atl_EQU,2,2000s,NA,NA,NA,NA,NA,NA,2910,ssp245,dic,Atl_EQU,Atl,EQU,1989.402349,1989.347316,73.15477773,1606.939551,2086.910089,1.356114003
ssp245_dic_Atl_EQU,3,2000s,NA,NA,NA,NA,NA,NA,2910,ssp245,dic,Atl_EQU,Atl,EQU,1988.913284,1988.854489,69.83102239,1633.739431,2087.663481,1.294499557
ssp245_dic_Atl_EQU,4,2000s,NA,NA,NA,NA,NA,NA,2910,ssp245,dic,Atl_EQU,Atl,EQU,1989.717067,1989.666306,65.3846869,1685.493237,2085.93737,1.212075168
ssp245_dic_Atl_EQU,5,2000s,NA,NA,NA,NA,NA,NA,2910,ssp245,dic,Atl_EQU,Atl,EQU,1987.115446,1987.082424,66.15435469,1655.186978,2085.192692,1.226342962
ssp245_dic_Atl_EQU,6,2000s,NA,NA,NA,NA,NA,NA,2910,ssp245,dic,Atl_EQU,Atl,EQU,1983.130365,1983.126689,69.95741338,1687.679799,2086.289096,1.296842542
ssp245_dic_Atl_EQU,7,2000s,NA,NA,NA,NA,NA,NA,2910,ssp245,dic,Atl_EQU,Atl,EQU,1983.840521,1983.860754,70.00656142,1652.699035,2086.580138,1.297753629
ssp245_dic_Atl_EQU,8,2000s,NA,NA,NA,NA,NA,NA,2910,ssp245,dic,Atl_EQU,Atl,EQU,1990.970432,1990.99142,68.20531924,1538.085062,2085.315963,1.264362922
ssp245_dic_Atl_EQU,9,2000s,NA,NA,NA,NA,NA,NA,2910,ssp245,dic,Atl_EQU,Atl,EQU,1994.493558,1994.509006,72.54833539,1391.003709,2084.412079,1.344872018
ssp245_dic_Atl_EQU,10,2000s,NA,NA,NA,NA,NA,NA,2910,ssp245,dic,Atl_EQU,Atl,EQU,1993.605983,1993.611927,79.61196715,1334.886414,2079.784124,1.475814798
ssp245_dic_Atl_EQU,11,2000s,NA,NA,NA,NA,NA,NA,2910,ssp245,dic,Atl_EQU,Atl,EQU,1990.136827,1990.121838,87.4272406,1345.55559,2078.933642,1.62069121
ssp245_dic_Atl_EQU,12,2000s,NA,NA,NA,NA,NA,NA,2910,ssp245,dic,Atl_EQU,Atl,EQU,1987.179232,1987.137303,87.01113062,1491.16076,2080.742915,1.61297753
ssp245_dic_IND_STPS,1,2000s,NA,NA,NA,NA,NA,NA,15087,ssp245,dic,IND_STPS,IND,STPS,1977.134581,1975.013514,60.95701049,1714.024378,2111.239004,0.49627479
ssp245_dic_IND_STPS,2,2000s,NA,NA,NA,NA,NA,NA,15087,ssp245,dic,IND_STPS,IND,STPS,1974.971935,1972.724135,61.74494354,1731.280985,2111.164943,0.502689661
ssp245_dic_IND_STPS,3,2000s,NA,NA,NA,NA,NA,NA,15087,ssp245,dic,IND_STPS,IND,STPS,1972.947572,1970.653566,61.96886611,1738.368245,2109.844165,0.504512702
ssp245_dic_IND_STPS,4,2000s,NA,NA,NA,NA,NA,NA,15087,ssp245,dic,IND_STPS,IND,STPS,1972.487047,1970.256069,61.23667897,1746.871854,2109.550786,0.498551681
ssp245_dic_IND_STPS,5,2000s,NA,NA,NA,NA,NA,NA,15087,ssp245,dic,IND_STPS,IND,STPS,1973.784896,1971.686394,60.46141282,1756.281052,2108.620553,0.492239936
ssp245_dic_IND_STPS,6,2000s,NA,NA,NA,NA,NA,NA,15087,ssp245,dic,IND_STPS,IND,STPS,1976.51187,1974.566563,59.87247288,1764.893068,2111.1725,0.487445147
ssp245_dic_IND_STPS,7,2000s,NA,NA,NA,NA,NA,NA,15087,ssp245,dic,IND_STPS,IND,STPS,1978.62005,1976.728217,61.04543844,1740.268267,2118.253573,0.496994717
ssp245_dic_IND_STPS,8,2000s,NA,NA,NA,NA,NA,NA,15087,ssp245,dic,IND_STPS,IND,STPS,1979.979752,1978.110025,62.18866211,1682.152836,2124.10624,0.506302147
ssp245_dic_IND_STPS,9,2000s,NA,NA,NA,NA,NA,NA,15087,ssp245,dic,IND_STPS,IND,STPS,1980.284565,1978.451552,62.86560283,1619.761073,2123.816296,0.511813385
ssp245_dic_IND_STPS,10,2000s,NA,NA,NA,NA,NA,NA,15087,ssp245,dic,IND_STPS,IND,STPS,1979.725317,1977.889264,62.88381087,1622.973299,2117.580012,0.511961624
ssp245_dic_IND_STPS,11,2000s,NA,NA,NA,NA,NA,NA,15087,ssp245,dic,IND_STPS,IND,STPS,1979.657432,1977.777717,61.78578176,1684.899596,2109.893413,0.50302214
ssp245_dic_IND_STPS,12,2000s,NA,NA,NA,NA,NA,NA,15087,ssp245,dic,IND_STPS,IND,STPS,1979.318659,1977.342137,60.92245969,1697.285088,2111.269897,0.495993499
ssp245_dic_NA_SPSS,1,2000s,NA,NA,NA,NA,NA,NA,7616,ssp245,dic,NA_SPSS,NA,SPSS,2058.310759,2053.538777,147.5168251,530.7896408,2184.873586,1.690355648
ssp245_dic_NA_SPSS,2,2000s,NA,NA,NA,NA,NA,NA,7616,ssp245,dic,NA_SPSS,NA,SPSS,2061.431196,2056.917554,147.964134,530.9394052,2188.274561,1.695481241
ssp245_dic_NA_SPSS,3,2000s,NA,NA,NA,NA,NA,NA,7616,ssp245,dic,NA_SPSS,NA,SPSS,2062.226738,2057.815799,147.9461088,530.8852873,2189.281662,1.695274694
ssp245_dic_NA_SPSS,4,2000s,NA,NA,NA,NA,NA,NA,7616,ssp245,dic,NA_SPSS,NA,SPSS,2058.63352,2054.055943,146.5558692,529.0551913,2187.814117,1.679344312
ssp245_dic_NA_SPSS,5,2000s,NA,NA,NA,NA,NA,NA,7616,ssp245,dic,NA_SPSS,NA,SPSS,2044.17314,2039.782917,140.9749048,529.9995403,2177.623514,1.615393542
ssp245_dic_NA_SPSS,6,2000s,NA,NA,NA,NA,NA,NA,7616,ssp245,dic,NA_SPSS,NA,SPSS,2024.329751,2021.687626,134.5762986,531.5689855,2169.811054,1.542073633
ssp245_dic_NA_SPSS,7,2000s,NA,NA,NA,NA,NA,NA,7616,ssp245,dic,NA_SPSS,NA,SPSS,2019.818893,2017.822688,135.2064035,537.5047492,2165.685811,1.549293836
ssp245_dic_NA_SPSS,8,2000s,NA,NA,NA,NA,NA,NA,7616,ssp245,dic,NA_SPSS,NA,SPSS,2021.07757,2017.985316,135.8114597,536.5317643,2163.957512,1.556227012
ssp245_dic_NA_SPSS,9,2000s,NA,NA,NA,NA,NA,NA,7616,ssp245,dic,NA_SPSS,NA,SPSS,2027.653992,2023.307309,137.9551161,532.8590291,2162.100803,1.580790595
ssp245_dic_NA_SPSS,10,2000s,NA,NA,NA,NA,NA,NA,7616,ssp245,dic,NA_SPSS,NA,SPSS,2036.813246,2031.614025,141.3118609,532.087298,2170.225015,1.619254631
ssp245_dic_NA_SPSS,11,2000s,NA,NA,NA,NA,NA,NA,7616,ssp245,dic,NA_SPSS,NA,SPSS,2046.095846,2040.789166,144.4067831,533.1092601,2176.022725,1.654718513
ssp245_dic_NA_SPSS,12,2000s,NA,NA,NA,NA,NA,NA,7616,ssp245,dic,NA_SPSS,NA,SPSS,2053.674859,2048.582928,146.3130949,532.0499436,2180.643506,1.676562427
ssp245_dic_NA_STPS,1,2000s,NA,NA,NA,NA,NA,NA,7527,ssp245,dic,NA_STPS,NA,STPS,2066.349897,2065.370077,57.08566134,1909.421749,2167.211412,0.65798513
ssp245_dic_NA_STPS,2,2000s,NA,NA,NA,NA,NA,NA,7527,ssp245,dic,NA_STPS,NA,STPS,2068.127473,2067.208636,56.40788647,1919.894094,2168.955018,0.650172909
ssp245_dic_NA_STPS,3,2000s,NA,NA,NA,NA,NA,NA,7527,ssp245,dic,NA_STPS,NA,STPS,2069.174833,2068.31722,54.47933976,1931.406057,2162.898962,0.627943946
ssp245_dic_NA_STPS,4,2000s,NA,NA,NA,NA,NA,NA,7527,ssp245,dic,NA_STPS,NA,STPS,2069.869571,2069.078792,52.43940574,1942.68519,2159.673097,0.604431102
ssp245_dic_NA_STPS,5,2000s,NA,NA,NA,NA,NA,NA,7527,ssp245,dic,NA_STPS,NA,STPS,2071.637498,2070.801768,51.56036597,1920.930757,2163.53685,0.594299046
ssp245_dic_NA_STPS,6,2000s,NA,NA,NA,NA,NA,NA,7527,ssp245,dic,NA_STPS,NA,STPS,2074.034232,2072.991532,52.23205581,1882.094745,2166.455253,0.602041129
ssp245_dic_NA_STPS,7,2000s,NA,NA,NA,NA,NA,NA,7527,ssp245,dic,NA_STPS,NA,STPS,2074.698836,2073.472045,53.50569152,1828.715538,2166.247184,0.616721407
ssp245_dic_NA_STPS,8,2000s,NA,NA,NA,NA,NA,NA,7527,ssp245,dic,NA_STPS,NA,STPS,2073.744565,2072.41017,55.01004311,1809.058741,2164.970613,0.63406098
ssp245_dic_NA_STPS,9,2000s,NA,NA,NA,NA,NA,NA,7527,ssp245,dic,NA_STPS,NA,STPS,2071.410416,2070.049618,56.03552522,1838.402555,2162.233658,0.64588097
ssp245_dic_NA_STPS,10,2000s,NA,NA,NA,NA,NA,NA,7527,ssp245,dic,NA_STPS,NA,STPS,2067.583383,2066.27388,56.63217961,1842.79742,2159.047991,0.652758174
ssp245_dic_NA_STPS,11,2000s,NA,NA,NA,NA,NA,NA,7527,ssp245,dic,NA_STPS,NA,STPS,2065.297507,2064.109684,56.68623224,1864.331092,2159.562571,0.653381199
ssp245_dic_NA_STPS,12,2000s,NA,NA,NA,NA,NA,NA,7527,ssp245,dic,NA_STPS,NA,STPS,2065.790607,2064.728538,56.75159011,1895.758084,2162.287532,0.654134532
ssp245_dic_NA_STSS,1,2000s,NA,NA,NA,NA,NA,NA,3133,ssp245,dic,NA_STSS,NA,STSS,2070.434049,2070.841785,78.67606368,1867.273021,2174.6669,1.405602192
ssp245_dic_NA_STSS,2,2000s,NA,NA,NA,NA,NA,NA,3133,ssp245,dic,NA_STSS,NA,STSS,2074.952218,2075.347455,80.33806357,1873.585293,2175.794142,1.435294967
ssp245_dic_NA_STSS,3,2000s,NA,NA,NA,NA,NA,NA,3133,ssp245,dic,NA_STSS,NA,STSS,2076.315637,2076.697308,79.16563113,1879.521227,2173.405329,1.414348652
ssp245_dic_NA_STSS,4,2000s,NA,NA,NA,NA,NA,NA,3133,ssp245,dic,NA_STSS,NA,STSS,2071.678154,2072.082556,73.91483322,1886.210438,2168.669831,1.320539523
ssp245_dic_NA_STSS,5,2000s,NA,NA,NA,NA,NA,NA,3133,ssp245,dic,NA_STSS,NA,STSS,2060.128619,2060.69823,65.43994941,1887.595158,2157.257158,1.169129873
ssp245_dic_NA_STSS,6,2000s,NA,NA,NA,NA,NA,NA,3133,ssp245,dic,NA_STSS,NA,STSS,2057.315615,2058.032042,61.97069464,1880.682652,2160.355332,1.107149241
ssp245_dic_NA_STSS,7,2000s,NA,NA,NA,NA,NA,NA,3133,ssp245,dic,NA_STSS,NA,STSS,2059.719274,2060.475655,59.35400911,1872.769856,2158.970512,1.060400348
ssp245_dic_NA_STSS,8,2000s,NA,NA,NA,NA,NA,NA,3133,ssp245,dic,NA_STSS,NA,STSS,2059.211402,2059.974736,57.93317598,1865.179207,2155.24086,1.035016183
ssp245_dic_NA_STSS,9,2000s,NA,NA,NA,NA,NA,NA,3133,ssp245,dic,NA_STSS,NA,STSS,2056.271946,2057.004644,59.30219183,1858.825751,2155.169659,1.059474596
ssp245_dic_NA_STSS,10,2000s,NA,NA,NA,NA,NA,NA,3133,ssp245,dic,NA_STSS,NA,STSS,2054.720119,2055.338315,63.38511755,1855.504749,2157.338114,1.132418883
ssp245_dic_NA_STSS,11,2000s,NA,NA,NA,NA,NA,NA,3133,ssp245,dic,NA_STSS,NA,STSS,2058.085098,2058.573141,69.26861984,1856.901107,2163.438048,1.237531713
ssp245_dic_NA_STSS,12,2000s,NA,NA,NA,NA,NA,NA,3133,ssp245,dic,NA_STSS,NA,STSS,2064.39861,2064.836629,74.56069296,1862.172406,2169.900066,1.332078253
ssp245_dic_NP_SPSS,1,2000s,NA,NA,NA,NA,NA,NA,7558,ssp245,dic,NP_SPSS,NP,SPSS,2007.819588,2007.002824,79.81686776,1552.096795,2162.636693,0.918102642
ssp245_dic_NP_SPSS,2,2000s,NA,NA,NA,NA,NA,NA,7558,ssp245,dic,NP_SPSS,NP,SPSS,2011.363361,2010.569371,81.2568259,1584.374043,2166.678341,0.934665925
ssp245_dic_NP_SPSS,3,2000s,NA,NA,NA,NA,NA,NA,7558,ssp245,dic,NP_SPSS,NP,SPSS,2012.307581,2011.548472,81.67241049,1592.118686,2167.310667,0.939446234
ssp245_dic_NP_SPSS,4,2000s,NA,NA,NA,NA,NA,NA,7558,ssp245,dic,NP_SPSS,NP,SPSS,2007.280827,2006.520359,80.06744397,1592.343809,2160.228235,0.920984923
ssp245_dic_NP_SPSS,5,2000s,NA,NA,NA,NA,NA,NA,7558,ssp245,dic,NP_SPSS,NP,SPSS,1995.20437,1994.642037,75.87382079,1575.297218,2146.817593,0.872747293
ssp245_dic_NP_SPSS,6,2000s,NA,NA,NA,NA,NA,NA,7558,ssp245,dic,NP_SPSS,NP,SPSS,1981.034614,1980.919441,68.8238586,1547.484075,2131.204827,0.791654298
ssp245_dic_NP_SPSS,7,2000s,NA,NA,NA,NA,NA,NA,7558,ssp245,dic,NP_SPSS,NP,SPSS,1973.482394,1973.51569,64.95049772,1546.679728,2119.407668,0.747100522
ssp245_dic_NP_SPSS,8,2000s,NA,NA,NA,NA,NA,NA,7558,ssp245,dic,NP_SPSS,NP,SPSS,1970.84898,1970.819384,61.49156635,1535.881295,2111.709922,0.707313768
ssp245_dic_NP_SPSS,9,2000s,NA,NA,NA,NA,NA,NA,7558,ssp245,dic,NP_SPSS,NP,SPSS,1973.064433,1972.740631,62.04172028,1531.240634,2116.244003,0.713641977
ssp245_dic_NP_SPSS,10,2000s,NA,NA,NA,NA,NA,NA,7558,ssp245,dic,NP_SPSS,NP,SPSS,1982.437133,1981.787755,67.33272259,1523.70594,2132.97922,0.774502335
ssp245_dic_NP_SPSS,11,2000s,NA,NA,NA,NA,NA,NA,7558,ssp245,dic,NP_SPSS,NP,SPSS,1993.066121,1992.285034,72.90930347,1547.26663,2149.569496,0.838647594
ssp245_dic_NP_SPSS,12,2000s,NA,NA,NA,NA,NA,NA,7558,ssp245,dic,NP_SPSS,NP,SPSS,2002.068144,2001.255724,76.65642434,1559.701701,2158.493641,0.88174928
ssp245_dic_NP_STPS,1,2000s,NA,NA,NA,NA,NA,NA,17525,ssp245,dic,NP_STPS,NP,STPS,1958.515058,1957.125667,58.75556956,1675.16543,2074.864178,0.443833447
ssp245_dic_NP_STPS,2,2000s,NA,NA,NA,NA,NA,NA,17525,ssp245,dic,NP_STPS,NP,STPS,1961.722396,1960.500954,57.51450724,1703.180809,2079.997659,0.434458592
ssp245_dic_NP_STPS,3,2000s,NA,NA,NA,NA,NA,NA,17525,ssp245,dic,NP_STPS,NP,STPS,1963.991764,1962.917703,56.47147324,1703.442675,2075.867324,0.426579621
ssp245_dic_NP_STPS,4,2000s,NA,NA,NA,NA,NA,NA,17525,ssp245,dic,NP_STPS,NP,STPS,1965.573958,1964.600781,54.99082936,1678.659039,2074.9521,0.415394992
ssp245_dic_NP_STPS,5,2000s,NA,NA,NA,NA,NA,NA,17525,ssp245,dic,NP_STPS,NP,STPS,1966.457272,1965.431471,54.22342031,1669.698408,2076.422741,0.409598064
ssp245_dic_NP_STPS,6,2000s,NA,NA,NA,NA,NA,NA,17525,ssp245,dic,NP_STPS,NP,STPS,1966.028108,1964.810119,54.86503715,1669.433415,2077.897403,0.414444771
ssp245_dic_NP_STPS,7,2000s,NA,NA,NA,NA,NA,NA,17525,ssp245,dic,NP_STPS,NP,STPS,1964.018851,1962.602606,56.24546116,1658.325741,2078.785602,0.42487235
ssp245_dic_NP_STPS,8,2000s,NA,NA,NA,NA,NA,NA,17525,ssp245,dic,NP_STPS,NP,STPS,1959.901705,1958.329808,58.12586749,1649.926556,2079.386935,0.439076743
ssp245_dic_NP_STPS,9,2000s,NA,NA,NA,NA,NA,NA,17525,ssp245,dic,NP_STPS,NP,STPS,1956.309081,1954.610674,60.225981,1653.27011,2078.832424,0.454940782
ssp245_dic_NP_STPS,10,2000s,NA,NA,NA,NA,NA,NA,17525,ssp245,dic,NP_STPS,NP,STPS,1954.327509,1952.553143,61.82122818,1645.789239,2079.623638,0.466991113
ssp245_dic_NP_STPS,11,2000s,NA,NA,NA,NA,NA,NA,17525,ssp245,dic,NP_STPS,NP,STPS,1953.84284,1952.100987,61.77316602,1631.827964,2078.813606,0.466628056
ssp245_dic_NP_STPS,12,2000s,NA,NA,NA,NA,NA,NA,17525,ssp245,dic,NP_STPS,NP,STPS,1955.722328,1954.126976,60.49211207,1632.925193,2077.632231,0.456951108
ssp245_dic_NP_STSS,1,2000s,NA,NA,NA,NA,NA,NA,3381,ssp245,dic,NP_STSS,NP,STSS,1984.222386,1983.890519,59.26917842,1838.175748,2084.463918,1.019310087
ssp245_dic_NP_STSS,2,2000s,NA,NA,NA,NA,NA,NA,3381,ssp245,dic,NP_STSS,NP,STSS,1989.557124,1989.226851,62.51462968,1841.512413,2103.399191,1.075125289
ssp245_dic_NP_STSS,3,2000s,NA,NA,NA,NA,NA,NA,3381,ssp245,dic,NP_STSS,NP,STSS,1990.344317,1990.007819,62.48135892,1840.264687,2107.690047,1.074553099
ssp245_dic_NP_STSS,4,2000s,NA,NA,NA,NA,NA,NA,3381,ssp245,dic,NP_STSS,NP,STSS,1984.267803,1983.940033,59.63431799,1828.020868,2086.849521,1.025589749
ssp245_dic_NP_STSS,5,2000s,NA,NA,NA,NA,NA,NA,3381,ssp245,dic,NP_STSS,NP,STSS,1975.283526,1975.069763,55.99085608,1813.790535,2075.680932,0.962929568
ssp245_dic_NP_STSS,6,2000s,NA,NA,NA,NA,NA,NA,3381,ssp245,dic,NP_STSS,NP,STSS,1972.798264,1972.6663,53.36100746,1798.821307,2076.78082,0.917701486
ssp245_dic_NP_STSS,7,2000s,NA,NA,NA,NA,NA,NA,3381,ssp245,dic,NP_STSS,NP,STSS,1971.50727,1971.381018,50.73310483,1775.177266,2078.152656,0.872506872
ssp245_dic_NP_STSS,8,2000s,NA,NA,NA,NA,NA,NA,3381,ssp245,dic,NP_STSS,NP,STSS,1970.474432,1970.334867,47.48066547,1763.445863,2078.468957,0.816571488
ssp245_dic_NP_STSS,9,2000s,NA,NA,NA,NA,NA,NA,3381,ssp245,dic,NP_STSS,NP,STSS,1969.625762,1969.495338,45.92663275,1773.376762,2078.480638,0.789845266
ssp245_dic_NP_STSS,10,2000s,NA,NA,NA,NA,NA,NA,3381,ssp245,dic,NP_STSS,NP,STSS,1969.412884,1969.281946,46.80848175,1797.620083,2079.117592,0.805011287
ssp245_dic_NP_STSS,11,2000s,NA,NA,NA,NA,NA,NA,3381,ssp245,dic,NP_STSS,NP,STSS,1972.020677,1971.810083,49.9322637,1818.199931,2078.423132,0.858734023
ssp245_dic_NP_STSS,12,2000s,NA,NA,NA,NA,NA,NA,3381,ssp245,dic,NP_STSS,NP,STSS,1977.620447,1977.317956,54.63223343,1830.725121,2077.139548,0.939564004
ssp245_dic_Pac_EQU_E,1,2000s,NA,NA,NA,NA,NA,NA,6022,ssp245,dic,Pac_EQU_E,Pac,EQU,1986.024874,1986.060333,64.22558725,1741.710489,2098.256365,0.827632828
ssp245_dic_Pac_EQU_E,2,2000s,NA,NA,NA,NA,NA,NA,6022,ssp245,dic,Pac_EQU_E,Pac,EQU,1992.709007,1992.74768,57.71808973,1773.687865,2099.51689,0.743774995
ssp245_dic_Pac_EQU_E,3,2000s,NA,NA,NA,NA,NA,NA,6022,ssp245,dic,Pac_EQU_E,Pac,EQU,1995.96004,1995.999466,55.09903437,1791.020905,2100.377262,0.710024954
ssp245_dic_Pac_EQU_E,4,2000s,NA,NA,NA,NA,NA,NA,6022,ssp245,dic,Pac_EQU_E,Pac,EQU,1995.722743,1995.758332,54.8969284,1789.817074,2103.747428,0.707420547
ssp245_dic_Pac_EQU_E,5,2000s,NA,NA,NA,NA,NA,NA,6022,ssp245,dic,Pac_EQU_E,Pac,EQU,1997.773162,1997.819424,55.42783795,1750.324829,2108.20357,0.714262029
ssp245_dic_Pac_EQU_E,6,2000s,NA,NA,NA,NA,NA,NA,6022,ssp245,dic,Pac_EQU_E,Pac,EQU,1999.358154,1999.416152,61.56228348,1644.333754,2115.075084,0.793312587
ssp245_dic_Pac_EQU_E,7,2000s,NA,NA,NA,NA,NA,NA,6022,ssp245,dic,Pac_EQU_E,Pac,EQU,1998.840284,1998.899505,67.56003788,1592.504973,2117.677683,0.870601696
ssp245_dic_Pac_EQU_E,8,2000s,NA,NA,NA,NA,NA,NA,6022,ssp245,dic,Pac_EQU_E,Pac,EQU,1997.524835,1997.584151,72.72343036,1609.092295,2119.035475,0.937138933
ssp245_dic_Pac_EQU_E,9,2000s,NA,NA,NA,NA,NA,NA,6022,ssp245,dic,Pac_EQU_E,Pac,EQU,1994.011894,1994.069821,76.12189524,1620.236933,2120.123391,0.980932711
ssp245_dic_Pac_EQU_E,10,2000s,NA,NA,NA,NA,NA,NA,6022,ssp245,dic,Pac_EQU_E,Pac,EQU,1988.026975,1988.079816,77.20907072,1536.169989,2114.81832,0.994942425
ssp245_dic_Pac_EQU_E,11,2000s,NA,NA,NA,NA,NA,NA,6022,ssp245,dic,Pac_EQU_E,Pac,EQU,1983.287627,1983.335705,76.7935031,1550.463698,2101.601945,0.989587279
ssp245_dic_Pac_EQU_E,12,2000s,NA,NA,NA,NA,NA,NA,6022,ssp245,dic,Pac_EQU_E,Pac,EQU,1982.487077,1982.528291,72.64915089,1665.836126,2099.015353,0.936181742
ssp245_dic_Pac_EQU_W,1,2000s,NA,NA,NA,NA,NA,NA,4363,ssp245,dic,Pac_EQU_W,Pac,EQU,1950.10198,1950.212103,44.32371747,1805.403722,2046.887772,0.671032526
ssp245_dic_Pac_EQU_W,2,2000s,NA,NA,NA,NA,NA,NA,4363,ssp245,dic,Pac_EQU_W,Pac,EQU,1950.987823,1951.120979,45.8724463,1814.065761,2046.767774,0.694479282
ssp245_dic_Pac_EQU_W,3,2000s,NA,NA,NA,NA,NA,NA,4363,ssp245,dic,Pac_EQU_W,Pac,EQU,1950.309558,1950.460847,47.82824452,1806.815165,2047.699651,0.724088807
ssp245_dic_Pac_EQU_W,4,2000s,NA,NA,NA,NA,NA,NA,4363,ssp245,dic,Pac_EQU_W,Pac,EQU,1948.147434,1948.29791,47.48043461,1805.502032,2047.184094,0.718823189
ssp245_dic_Pac_EQU_W,5,2000s,NA,NA,NA,NA,NA,NA,4363,ssp245,dic,Pac_EQU_W,Pac,EQU,1945.563927,1945.690563,44.70816399,1785.469787,2042.690673,0.676852798
ssp245_dic_Pac_EQU_W,6,2000s,NA,NA,NA,NA,NA,NA,4363,ssp245,dic,Pac_EQU_W,Pac,EQU,1944.635444,1944.733486,42.33371686,1794.146418,2036.367829,0.640905199
ssp245_dic_Pac_EQU_W,7,2000s,NA,NA,NA,NA,NA,NA,4363,ssp245,dic,Pac_EQU_W,Pac,EQU,1944.976625,1945.052248,42.04584961,1821.768733,2035.995438,0.636547074
ssp245_dic_Pac_EQU_W,8,2000s,NA,NA,NA,NA,NA,NA,4363,ssp245,dic,Pac_EQU_W,Pac,EQU,1946.592075,1946.658615,43.41598117,1814.280926,2039.88926,0.657289983
ssp245_dic_Pac_EQU_W,9,2000s,NA,NA,NA,NA,NA,NA,4363,ssp245,dic,Pac_EQU_W,Pac,EQU,1948.722902,1948.796897,45.85453602,1797.823453,2046.187019,0.694208132
ssp245_dic_Pac_EQU_W,10,2000s,NA,NA,NA,NA,NA,NA,4363,ssp245,dic,Pac_EQU_W,Pac,EQU,1948.982775,1949.0676,47.49321733,1785.53867,2050.16777,0.719016712
ssp245_dic_Pac_EQU_W,11,2000s,NA,NA,NA,NA,NA,NA,4363,ssp245,dic,Pac_EQU_W,Pac,EQU,1948.068905,1948.156877,46.49574801,1792.10649,2049.069805,0.703915669
ssp245_dic_Pac_EQU_W,12,2000s,NA,NA,NA,NA,NA,NA,4363,ssp245,dic,Pac_EQU_W,Pac,EQU,1948.985579,1949.079802,44.1620873,1793.358614,2048.3847,0.668585549
ssp245_dic_SA_STPS,1,2000s,NA,NA,NA,NA,NA,NA,7787,ssp245,dic,SA_STPS,SA,STPS,2053.138617,2053.49075,51.07573003,1869.421788,2132.169254,0.578801297
ssp245_dic_SA_STPS,2,2000s,NA,NA,NA,NA,NA,NA,7787,ssp245,dic,SA_STPS,SA,STPS,2053.012785,2053.318048,50.8821253,1875.111367,2129.376036,0.576607326
ssp245_dic_SA_STPS,3,2000s,NA,NA,NA,NA,NA,NA,7787,ssp245,dic,SA_STPS,SA,STPS,2051.012262,2051.269488,52.3286564,1778.592764,2130.296776,0.592999731
ssp245_dic_SA_STPS,4,2000s,NA,NA,NA,NA,NA,NA,7787,ssp245,dic,SA_STPS,SA,STPS,2048.470351,2048.679751,54.06052768,1867.543144,2129.824699,0.612625674
ssp245_dic_SA_STPS,5,2000s,NA,NA,NA,NA,NA,NA,7787,ssp245,dic,SA_STPS,SA,STPS,2046.89174,2047.085326,55.81319828,1828.504388,2131.270444,0.632487319
ssp245_dic_SA_STPS,6,2000s,NA,NA,NA,NA,NA,NA,7787,ssp245,dic,SA_STPS,SA,STPS,2046.527033,2046.69577,57.86961185,1787.971286,2132.969806,0.655791045
ssp245_dic_SA_STPS,7,2000s,NA,NA,NA,NA,NA,NA,7787,ssp245,dic,SA_STPS,SA,STPS,2047.037007,2047.158749,59.3229255,1833.925894,2132.729952,0.672260312
ssp245_dic_SA_STPS,8,2000s,NA,NA,NA,NA,NA,NA,7787,ssp245,dic,SA_STPS,SA,STPS,2048.032722,2048.12283,59.79162951,1868.081291,2135.776606,0.677571768
ssp245_dic_SA_STPS,9,2000s,NA,NA,NA,NA,NA,NA,7787,ssp245,dic,SA_STPS,SA,STPS,2048.742997,2048.835479,58.99012494,1875.482655,2137.021063,0.668488944
ssp245_dic_SA_STPS,10,2000s,NA,NA,NA,NA,NA,NA,7787,ssp245,dic,SA_STPS,SA,STPS,2048.402289,2048.588667,57.29960281,1893.03209,2133.489903,0.649331579
ssp245_dic_SA_STPS,11,2000s,NA,NA,NA,NA,NA,NA,7787,ssp245,dic,SA_STPS,SA,STPS,2049.394676,2049.693804,55.34007677,1887.840432,2135.517436,0.627125803
ssp245_dic_SA_STPS,12,2000s,NA,NA,NA,NA,NA,NA,7787,ssp245,dic,SA_STPS,SA,STPS,2052.20849,2052.569402,52.9388281,1872.647499,2135.398632,0.59991433
ssp245_dic_SO_SPSS,1,2000s,NA,NA,NA,NA,NA,NA,21560,ssp245,dic,SO_SPSS,SO,SPSS,2071.458391,2070.753813,53.55689753,1571.780082,2185.549951,0.364746416
ssp245_dic_SO_SPSS,2,2000s,NA,NA,NA,NA,NA,NA,21560,ssp245,dic,SO_SPSS,SO,SPSS,2071.113099,2070.297886,52.98220577,1571.573198,2180.661781,0.360832508
ssp245_dic_SO_SPSS,3,2000s,NA,NA,NA,NA,NA,NA,21560,ssp245,dic,SO_SPSS,SO,SPSS,2072.433008,2071.48487,54.11474222,1572.28322,2183.821985,0.368545587
ssp245_dic_SO_SPSS,4,2000s,NA,NA,NA,NA,NA,NA,21560,ssp245,dic,SO_SPSS,SO,SPSS,2074.246804,2073.206207,55.89453645,1573.563953,2190.527488,0.380666782
ssp245_dic_SO_SPSS,5,2000s,NA,NA,NA,NA,NA,NA,21560,ssp245,dic,SO_SPSS,SO,SPSS,2076.516288,2075.448726,57.36019953,1573.532952,2196.253091,0.390648603
ssp245_dic_SO_SPSS,6,2000s,NA,NA,NA,NA,NA,NA,21560,ssp245,dic,SO_SPSS,SO,SPSS,2078.654056,2077.57058,58.6155669,1577.62028,2201.946162,0.399198216
ssp245_dic_SO_SPSS,7,2000s,NA,NA,NA,NA,NA,NA,21560,ssp245,dic,SO_SPSS,SO,SPSS,2080.343057,2079.282252,59.86202169,1582.78632,2207.655538,0.40768713
ssp245_dic_SO_SPSS,8,2000s,NA,NA,NA,NA,NA,NA,21560,ssp245,dic,SO_SPSS,SO,SPSS,2081.934602,2080.905021,60.20683935,1583.150091,2212.208983,0.410035492
ssp245_dic_SO_SPSS,9,2000s,NA,NA,NA,NA,NA,NA,21560,ssp245,dic,SO_SPSS,SO,SPSS,2082.76028,2081.753475,59.98421039,1582.415409,2212.111151,0.40851929
ssp245_dic_SO_SPSS,10,2000s,NA,NA,NA,NA,NA,NA,21560,ssp245,dic,SO_SPSS,SO,SPSS,2082.185237,2081.211612,59.18746813,1578.816284,2209.697748,0.403093119
ssp245_dic_SO_SPSS,11,2000s,NA,NA,NA,NA,NA,NA,21560,ssp245,dic,SO_SPSS,SO,SPSS,2079.783516,2078.817689,57.45440574,1576.723432,2200.51027,0.391290189
ssp245_dic_SO_SPSS,12,2000s,NA,NA,NA,NA,NA,NA,21560,ssp245,dic,SO_SPSS,SO,SPSS,2074.735612,2073.96333,54.91620035,1573.933934,2192.564058,0.374003876
ssp245_dic_SO_STSS,1,2000s,NA,NA,NA,NA,NA,NA,15878,ssp245,dic,SO_STSS,SO,STSS,2034.608652,2034.106318,52.43119665,1849.369308,2167.950935,0.4160944
ssp245_dic_SO_STSS,2,2000s,NA,NA,NA,NA,NA,NA,15878,ssp245,dic,SO_STSS,SO,STSS,2033.951716,2033.438589,52.26496699,1777.172299,2169.389647,0.4147752
ssp245_dic_SO_STSS,3,2000s,NA,NA,NA,NA,NA,NA,15878,ssp245,dic,SO_STSS,SO,STSS,2034.794339,2034.231626,52.73484059,1718.998411,2162.289657,0.418504121
ssp245_dic_SO_STSS,4,2000s,NA,NA,NA,NA,NA,NA,15878,ssp245,dic,SO_STSS,SO,STSS,2037.574057,2036.955229,54.49667897,1533.569151,2159.37469,0.432486085
ssp245_dic_SO_STSS,5,2000s,NA,NA,NA,NA,NA,NA,15878,ssp245,dic,SO_STSS,SO,STSS,2041.850298,2041.243778,56.44593558,1568.539626,2138.068694,0.447955401
ssp245_dic_SO_STSS,6,2000s,NA,NA,NA,NA,NA,NA,15878,ssp245,dic,SO_STSS,SO,STSS,2046.252503,2045.700554,58.4361311,1652.18758,2155.32054,0.463749608
ssp245_dic_SO_STSS,7,2000s,NA,NA,NA,NA,NA,NA,15878,ssp245,dic,SO_STSS,SO,STSS,2050.025238,2049.543031,59.97216441,1564.541096,2160.779778,0.475939581
ssp245_dic_SO_STSS,8,2000s,NA,NA,NA,NA,NA,NA,15878,ssp245,dic,SO_STSS,SO,STSS,2052.921888,2052.480461,60.2695982,1542.230563,2165.779592,0.478300018
ssp245_dic_SO_STSS,9,2000s,NA,NA,NA,NA,NA,NA,15878,ssp245,dic,SO_STSS,SO,STSS,2053.476703,2053.038247,59.60918339,1634.135629,2172.583435,0.473058961
ssp245_dic_SO_STSS,10,2000s,NA,NA,NA,NA,NA,NA,15878,ssp245,dic,SO_STSS,SO,STSS,2050.288177,2049.786547,57.94650508,1719.144495,2161.358233,0.459863932
ssp245_dic_SO_STSS,11,2000s,NA,NA,NA,NA,NA,NA,15878,ssp245,dic,SO_STSS,SO,STSS,2043.761402,2043.226336,55.29959031,1746.880677,2156.606291,0.438857995
ssp245_dic_SO_STSS,12,2000s,NA,NA,NA,NA,NA,NA,15878,ssp245,dic,SO_STSS,SO,STSS,2037.913103,2037.408285,53.25353357,1797.984487,2176.445955,0.422620473
ssp245_dic_SP_STPS,1,2000s,NA,NA,NA,NA,NA,NA,23951,ssp245,dic,SP_STPS,SP,STPS,2021.932952,2021.182748,57.65712867,1826.670029,2125.887388,0.372555677
ssp245_dic_SP_STPS,2,2000s,NA,NA,NA,NA,NA,NA,23951,ssp245,dic,SP_STPS,SP,STPS,2020.313657,2019.432042,58.1727266,1821.679944,2126.948304,0.37588725
ssp245_dic_SP_STPS,3,2000s,NA,NA,NA,NA,NA,NA,23951,ssp245,dic,SP_STPS,SP,STPS,2018.229257,2017.204007,59.07035944,1796.875549,2126.88775,0.381687369
ssp245_dic_SP_STPS,4,2000s,NA,NA,NA,NA,NA,NA,23951,ssp245,dic,SP_STPS,SP,STPS,2016.716213,2015.574941,59.50781745,1788.843185,2126.617671,0.384514035
ssp245_dic_SP_STPS,5,2000s,NA,NA,NA,NA,NA,NA,23951,ssp245,dic,SP_STPS,SP,STPS,2016.542085,2015.351971,59.67410173,1812.695552,2126.490834,0.385588493
ssp245_dic_SP_STPS,6,2000s,NA,NA,NA,NA,NA,NA,23951,ssp245,dic,SP_STPS,SP,STPS,2017.857692,2016.680631,59.89822643,1822.050345,2134.150263,0.387036691
ssp245_dic_SP_STPS,7,2000s,NA,NA,NA,NA,NA,NA,23951,ssp245,dic,SP_STPS,SP,STPS,2019.912325,2018.780111,60.29447417,1827.484741,2139.564166,0.389597074
ssp245_dic_SP_STPS,8,2000s,NA,NA,NA,NA,NA,NA,23951,ssp245,dic,SP_STPS,SP,STPS,2021.827312,2020.747373,60.44516221,1832.108116,2143.817718,0.390570756
ssp245_dic_SP_STPS,9,2000s,NA,NA,NA,NA,NA,NA,23951,ssp245,dic,SP_STPS,SP,STPS,2022.701474,2021.705384,60.08203622,1837.921411,2143.592072,0.388224391
ssp245_dic_SP_STPS,10,2000s,NA,NA,NA,NA,NA,NA,23951,ssp245,dic,SP_STPS,SP,STPS,2022.638965,2021.768104,59.42471607,1842.741838,2139.26262,0.38397707
ssp245_dic_SP_STPS,11,2000s,NA,NA,NA,NA,NA,NA,23951,ssp245,dic,SP_STPS,SP,STPS,2022.799416,2022.044982,58.44112694,1844.02753,2129.547049,0.377621538
ssp245_dic_SP_STPS,12,2000s,NA,NA,NA,NA,NA,NA,23951,ssp245,dic,SP_STPS,SP,STPS,2023.06386,2022.367361,57.68471075,1840.005986,2125.098114,0.3727339
ssp245_pCO2_Atl_EQU,1,2000s,NA,NA,NA,NA,NA,NA,2910,ssp245,pCO2,Atl_EQU,Atl,EQU,393.7459324,393.7453556,20.65243446,309.6541402,444.4848737,0.382846568
ssp245_pCO2_Atl_EQU,2,2000s,NA,NA,NA,NA,NA,NA,2910,ssp245,pCO2,Atl_EQU,Atl,EQU,402.8610572,402.8681111,20.68163191,317.0197296,457.378255,0.383387818
ssp245_pCO2_Atl_EQU,3,2000s,NA,NA,NA,NA,NA,NA,2910,ssp245,pCO2,Atl_EQU,Atl,EQU,408.5394619,408.5550435,19.02790339,331.3474365,453.2161139,0.352731661
ssp245_pCO2_Atl_EQU,4,2000s,NA,NA,NA,NA,NA,NA,2910,ssp245,pCO2,Atl_EQU,Atl,EQU,406.9307348,406.9476671,14.69924326,323.0374115,440.3448041,0.272488691
ssp245_pCO2_Atl_EQU,5,2000s,NA,NA,NA,NA,NA,NA,2910,ssp245,pCO2,Atl_EQU,Atl,EQU,400.2933202,400.3056058,13.20106958,317.3598785,447.515329,0.244716147
ssp245_pCO2_Atl_EQU,6,2000s,NA,NA,NA,NA,NA,NA,2910,ssp245,pCO2,Atl_EQU,Atl,EQU,389.3519631,389.3595625,13.84450536,307.5328156,423.6970007,0.256643902
ssp245_pCO2_Atl_EQU,7,2000s,NA,NA,NA,NA,NA,NA,2910,ssp245,pCO2,Atl_EQU,Atl,EQU,382.5223685,382.5333728,16.03469283,300.3132813,436.4557271,0.297244721
ssp245_pCO2_Atl_EQU,8,2000s,NA,NA,NA,NA,NA,NA,2910,ssp245,pCO2,Atl_EQU,Atl,EQU,381.3325457,381.3441055,17.77018713,271.472551,441.452596,0.32941662
ssp245_pCO2_Atl_EQU,9,2000s,NA,NA,NA,NA,NA,NA,2910,ssp245,pCO2,Atl_EQU,Atl,EQU,383.1036073,383.111525,18.25949224,219.5035446,419.7308879,0.338487162
ssp245_pCO2_Atl_EQU,10,2000s,NA,NA,NA,NA,NA,NA,2910,ssp245,pCO2,Atl_EQU,Atl,EQU,386.4182907,386.4190262,18.66966144,189.1706001,428.384361,0.346090715
ssp245_pCO2_Atl_EQU,11,2000s,NA,NA,NA,NA,NA,NA,2910,ssp245,pCO2,Atl_EQU,Atl,EQU,389.5444855,389.5407504,20.16440841,225.2673737,448.8735046,0.373799736
ssp245_pCO2_Atl_EQU,12,2000s,NA,NA,NA,NA,NA,NA,2910,ssp245,pCO2,Atl_EQU,Atl,EQU,391.2916152,391.2887345,20.85009951,262.9624318,434.6658893,0.386510803
ssp245_pCO2_IND_STPS,1,2000s,NA,NA,NA,NA,NA,NA,15087,ssp245,pCO2,IND_STPS,IND,STPS,377.6327872,377.6727832,15.75693709,303.1529358,424.9338434,0.128283369
ssp245_pCO2_IND_STPS,2,2000s,NA,NA,NA,NA,NA,NA,15087,ssp245,pCO2,IND_STPS,IND,STPS,380.3944064,380.2819873,14.70903885,307.2851746,423.7853906,0.119752021
ssp245_pCO2_IND_STPS,3,2000s,NA,NA,NA,NA,NA,NA,15087,ssp245,pCO2,IND_STPS,IND,STPS,381.5418586,381.6832857,13.07421101,318.7400574,416.1468237,0.10644225
ssp245_pCO2_IND_STPS,4,2000s,NA,NA,NA,NA,NA,NA,15087,ssp245,pCO2,IND_STPS,IND,STPS,378.628256,379.2111748,15.26848031,326.9293315,425.9717163,0.124306652
ssp245_pCO2_IND_STPS,5,2000s,NA,NA,NA,NA,NA,NA,15087,ssp245,pCO2,IND_STPS,IND,STPS,370.5643176,371.4384828,19.20215382,323.6502065,433.271461,0.156332221
ssp245_pCO2_IND_STPS,6,2000s,NA,NA,NA,NA,NA,NA,15087,ssp245,pCO2,IND_STPS,IND,STPS,361.2036927,362.1894997,21.0572015,316.6483099,425.6581797,0.171434888
ssp245_pCO2_IND_STPS,7,2000s,NA,NA,NA,NA,NA,NA,15087,ssp245,pCO2,IND_STPS,IND,STPS,354.0503518,355.0557097,21.99856213,310.3479675,415.8279901,0.179098872
ssp245_pCO2_IND_STPS,8,2000s,NA,NA,NA,NA,NA,NA,15087,ssp245,pCO2,IND_STPS,IND,STPS,350.9252544,351.9464399,23.09020526,302.7406525,408.1961212,0.187986364
ssp245_pCO2_IND_STPS,9,2000s,NA,NA,NA,NA,NA,NA,15087,ssp245,pCO2,IND_STPS,IND,STPS,351.3944199,352.4398691,23.71343603,300.821697,425.2335583,0.193060329
ssp245_pCO2_IND_STPS,10,2000s,NA,NA,NA,NA,NA,NA,15087,ssp245,pCO2,IND_STPS,IND,STPS,355.8441319,356.8655522,23.09437868,280.8037582,436.6343347,0.188020342
ssp245_pCO2_IND_STPS,11,2000s,NA,NA,NA,NA,NA,NA,15087,ssp245,pCO2,IND_STPS,IND,STPS,363.5024932,364.3806592,20.71404977,293.287207,429.5590454,0.168641156
ssp245_pCO2_IND_STPS,12,2000s,NA,NA,NA,NA,NA,NA,15087,ssp245,pCO2,IND_STPS,IND,STPS,372.8410057,373.3284348,17.5508555,311.4166931,433.0521527,0.142888358
ssp245_pCO2_NA_SPSS,1,2000s,NA,NA,NA,NA,NA,NA,7616,ssp245,pCO2,NA_SPSS,NA,SPSS,326.7547791,330.7293723,28.94256439,246.4784982,440.1869731,0.331645066
ssp245_pCO2_NA_SPSS,2,2000s,NA,NA,NA,NA,NA,NA,7616,ssp245,pCO2,NA_SPSS,NA,SPSS,325.4471541,329.1276854,30.47356632,244.2382483,421.6422465,0.349188406
ssp245_pCO2_NA_SPSS,3,2000s,NA,NA,NA,NA,NA,NA,7616,ssp245,pCO2,NA_SPSS,NA,SPSS,324.0537713,327.8025198,31.06384959,243.1818295,424.266983,0.355952303
ssp245_pCO2_NA_SPSS,4,2000s,NA,NA,NA,NA,NA,NA,7616,ssp245,pCO2,NA_SPSS,NA,SPSS,318.6948874,322.6080084,29.47678679,214.6780772,436.9480815,0.337766577
ssp245_pCO2_NA_SPSS,5,2000s,NA,NA,NA,NA,NA,NA,7616,ssp245,pCO2,NA_SPSS,NA,SPSS,302.0093721,307.3411686,30.0960343,199.3785233,425.5394263,0.344862368
ssp245_pCO2_NA_SPSS,6,2000s,NA,NA,NA,NA,NA,NA,7616,ssp245,pCO2,NA_SPSS,NA,SPSS,299.6230091,307.7383219,42.27506057,150.8292366,469.9713354,0.484418556
ssp245_pCO2_NA_SPSS,7,2000s,NA,NA,NA,NA,NA,NA,7616,ssp245,pCO2,NA_SPSS,NA,SPSS,319.9119257,329.3120478,45.18594185,186.6345207,529.9137492,0.517773562
ssp245_pCO2_NA_SPSS,8,2000s,NA,NA,NA,NA,NA,NA,7616,ssp245,pCO2,NA_SPSS,NA,SPSS,332.8573595,342.3608772,42.94610645,239.066275,540.0298492,0.492107891
ssp245_pCO2_NA_SPSS,9,2000s,NA,NA,NA,NA,NA,NA,7616,ssp245,pCO2,NA_SPSS,NA,SPSS,334.1939609,342.3827195,34.01404788,247.9945505,490.2121165,0.389757832
ssp245_pCO2_NA_SPSS,10,2000s,NA,NA,NA,NA,NA,NA,7616,ssp245,pCO2,NA_SPSS,NA,SPSS,332.3569948,338.7935454,26.30076092,246.5738797,457.5479187,0.30137335
ssp245_pCO2_NA_SPSS,11,2000s,NA,NA,NA,NA,NA,NA,7616,ssp245,pCO2,NA_SPSS,NA,SPSS,331.0716553,336.2604652,24.96601054,246.4549319,493.0642487,0.286078804
ssp245_pCO2_NA_SPSS,12,2000s,NA,NA,NA,NA,NA,NA,7616,ssp245,pCO2,NA_SPSS,NA,SPSS,329.7743632,334.2614737,26.90440266,248.9322476,477.7055939,0.308290319
ssp245_pCO2_NA_STPS,1,2000s,NA,NA,NA,NA,NA,NA,7527,ssp245,pCO2,NA_STPS,NA,STPS,358.5161103,359.1619099,16.29294802,314.6683105,407.5775555,0.187797028
ssp245_pCO2_NA_STPS,2,2000s,NA,NA,NA,NA,NA,NA,7527,ssp245,pCO2,NA_STPS,NA,STPS,354.8955952,355.5538418,16.48710124,312.1115143,415.0077838,0.190034891
ssp245_pCO2_NA_STPS,3,2000s,NA,NA,NA,NA,NA,NA,7527,ssp245,pCO2,NA_STPS,NA,STPS,354.4296193,355.1682435,17.41786792,313.1717529,429.3256396,0.200763166
ssp245_pCO2_NA_STPS,4,2000s,NA,NA,NA,NA,NA,NA,7527,ssp245,pCO2,NA_STPS,NA,STPS,357.7663867,358.6094242,18.80094378,315.7964508,429.8503534,0.216704881
ssp245_pCO2_NA_STPS,5,2000s,NA,NA,NA,NA,NA,NA,7527,ssp245,pCO2,NA_STPS,NA,STPS,368.5987515,369.2870332,17.79695163,312.3699382,424.853761,0.205132589
ssp245_pCO2_NA_STPS,6,2000s,NA,NA,NA,NA,NA,NA,7527,ssp245,pCO2,NA_STPS,NA,STPS,384.4918187,384.6397323,14.82882692,336.4475739,450.1396875,0.170921163
ssp245_pCO2_NA_STPS,7,2000s,NA,NA,NA,NA,NA,NA,7527,ssp245,pCO2,NA_STPS,NA,STPS,398.2421848,397.8602995,16.34376765,352.6256348,500.0474512,0.188382789
ssp245_pCO2_NA_STPS,8,2000s,NA,NA,NA,NA,NA,NA,7527,ssp245,pCO2,NA_STPS,NA,STPS,405.2133124,404.6546134,17.70091824,343.4297363,520.0106445,0.204025682
ssp245_pCO2_NA_STPS,9,2000s,NA,NA,NA,NA,NA,NA,7527,ssp245,pCO2,NA_STPS,NA,STPS,404.6829191,404.3224463,14.89763897,353.5355581,497.9089954,0.171714309
ssp245_pCO2_NA_STPS,10,2000s,NA,NA,NA,NA,NA,NA,7527,ssp245,pCO2,NA_STPS,NA,STPS,395.1251577,395.1952239,12.71034205,351.043631,453.513761,0.14650292
ssp245_pCO2_NA_STPS,11,2000s,NA,NA,NA,NA,NA,NA,7527,ssp245,pCO2,NA_STPS,NA,STPS,381.0990432,381.5441914,14.4281953,333.2756714,423.5871362,0.166303372
ssp245_pCO2_NA_STPS,12,2000s,NA,NA,NA,NA,NA,NA,7527,ssp245,pCO2,NA_STPS,NA,STPS,368.5743683,369.1881156,16.02986681,322.6370941,415.2136346,0.184764681
ssp245_pCO2_NA_STSS,1,2000s,NA,NA,NA,NA,NA,NA,3133,ssp245,pCO2,NA_STSS,NA,STSS,343.7277851,343.6467038,17.03635552,294.6914825,421.3736043,0.304366252
ssp245_pCO2_NA_STSS,2,2000s,NA,NA,NA,NA,NA,NA,3133,ssp245,pCO2,NA_STSS,NA,STSS,345.1154555,345.0452755,20.1326115,292.3492605,431.1691589,0.359683003
ssp245_pCO2_NA_STSS,3,2000s,NA,NA,NA,NA,NA,NA,3133,ssp245,pCO2,NA_STSS,NA,STSS,343.940472,343.8678305,19.52996784,295.4564819,419.4442719,0.348916358
ssp245_pCO2_NA_STSS,4,2000s,NA,NA,NA,NA,NA,NA,3133,ssp245,pCO2,NA_STSS,NA,STSS,334.6708457,334.7249981,13.11983907,300.2936475,407.2795654,0.234394982
ssp245_pCO2_NA_STSS,5,2000s,NA,NA,NA,NA,NA,NA,3133,ssp245,pCO2,NA_STSS,NA,STSS,326.2686696,326.6306049,20.44408781,287.3096842,410.2145721,0.365247742
ssp245_pCO2_NA_STSS,6,2000s,NA,NA,NA,NA,NA,NA,3133,ssp245,pCO2,NA_STSS,NA,STSS,343.6833545,344.2760748,25.02310536,297.6829213,458.7595886,0.447055052
ssp245_pCO2_NA_STSS,7,2000s,NA,NA,NA,NA,NA,NA,3133,ssp245,pCO2,NA_STSS,NA,STSS,374.8713229,375.4587548,25.87337758,322.8861348,519.668158,0.462245752
ssp245_pCO2_NA_STSS,8,2000s,NA,NA,NA,NA,NA,NA,3133,ssp245,pCO2,NA_STSS,NA,STSS,392.5192886,393.0099065,25.1331597,337.09835,543.2741266,0.449021249
ssp245_pCO2_NA_STSS,9,2000s,NA,NA,NA,NA,NA,NA,3133,ssp245,pCO2,NA_STSS,NA,STSS,383.7643574,384.1948798,21.51342979,343.1362203,516.5686444,0.384352275
ssp245_pCO2_NA_STSS,10,2000s,NA,NA,NA,NA,NA,NA,3133,ssp245,pCO2,NA_STSS,NA,STSS,364.1708062,364.464737,16.66277891,333.0143036,462.4675183,0.297692049
ssp245_pCO2_NA_STSS,11,2000s,NA,NA,NA,NA,NA,NA,3133,ssp245,pCO2,NA_STSS,NA,STSS,350.3840864,350.4794721,12.70070037,323.3412738,416.4388593,0.22690678
ssp245_pCO2_NA_STSS,12,2000s,NA,NA,NA,NA,NA,NA,3133,ssp245,pCO2,NA_STSS,NA,STSS,345.1511539,345.1034582,13.26438397,308.2725104,407.9511017,0.236977377
ssp245_pCO2_NP_SPSS,1,2000s,NA,NA,NA,NA,NA,NA,7558,ssp245,pCO2,NP_SPSS,NP,SPSS,356.4154029,355.0116677,31.73300877,192.6745585,475.059729,0.365012559
ssp245_pCO2_NP_SPSS,2,2000s,NA,NA,NA,NA,NA,NA,7558,ssp245,pCO2,NP_SPSS,NP,SPSS,356.4584603,355.0181842,33.11541039,185.7912613,476.1598419,0.380913792
ssp245_pCO2_NP_SPSS,3,2000s,NA,NA,NA,NA,NA,NA,7558,ssp245,pCO2,NP_SPSS,NP,SPSS,355.3163165,353.9921706,32.19831268,185.9948196,477.4825928,0.370364771
ssp245_pCO2_NP_SPSS,4,2000s,NA,NA,NA,NA,NA,NA,7558,ssp245,pCO2,NP_SPSS,NP,SPSS,347.9074791,346.870961,28.44002453,203.4972972,465.2899017,0.327134632
ssp245_pCO2_NP_SPSS,5,2000s,NA,NA,NA,NA,NA,NA,7558,ssp245,pCO2,NP_SPSS,NP,SPSS,336.7218552,336.2026719,25.18274298,225.6315048,439.6491821,0.289667379
ssp245_pCO2_NP_SPSS,6,2000s,NA,NA,NA,NA,NA,NA,7558,ssp245,pCO2,NP_SPSS,NP,SPSS,338.2295474,338.1828118,35.62627924,227.0322113,479.8725934,0.409795348
ssp245_pCO2_NP_SPSS,7,2000s,NA,NA,NA,NA,NA,NA,7558,ssp245,pCO2,NP_SPSS,NP,SPSS,355.6416422,356.0110107,36.29168902,248.4494308,559.1304559,0.4174493
ssp245_pCO2_NP_SPSS,8,2000s,NA,NA,NA,NA,NA,NA,7558,ssp245,pCO2,NP_SPSS,NP,SPSS,370.6754124,371.5450299,29.70471028,267.1552429,576.5809021,0.341681824
ssp245_pCO2_NP_SPSS,9,2000s,NA,NA,NA,NA,NA,NA,7558,ssp245,pCO2,NP_SPSS,NP,SPSS,366.8081315,367.3228364,20.6101844,246.7679169,512.0597656,0.237071001
ssp245_pCO2_NP_SPSS,10,2000s,NA,NA,NA,NA,NA,NA,7558,ssp245,pCO2,NP_SPSS,NP,SPSS,360.2477476,359.9669438,17.30638313,237.7354645,471.2312195,0.19906865
ssp245_pCO2_NP_SPSS,11,2000s,NA,NA,NA,NA,NA,NA,7558,ssp245,pCO2,NP_SPSS,NP,SPSS,358.0514852,357.2169054,22.89492965,226.7210566,472.1457062,0.263351544
ssp245_pCO2_NP_SPSS,12,2000s,NA,NA,NA,NA,NA,NA,7558,ssp245,pCO2,NP_SPSS,NP,SPSS,357.7044485,356.5280408,28.08826937,204.2824595,476.3318909,0.323088528
ssp245_pCO2_NP_STPS,1,2000s,NA,NA,NA,NA,NA,NA,17525,ssp245,pCO2,NP_STPS,NP,STPS,356.3267826,356.8040659,20.09144006,299.5163757,444.3813029,0.151768644
ssp245_pCO2_NP_STPS,2,2000s,NA,NA,NA,NA,NA,NA,17525,ssp245,pCO2,NP_STPS,NP,STPS,354.8706579,355.5026298,23.04642014,292.7350342,451.3832977,0.174090255
ssp245_pCO2_NP_STPS,3,2000s,NA,NA,NA,NA,NA,NA,17525,ssp245,pCO2,NP_STPS,NP,STPS,357.1161741,357.8923274,25.00414567,294.3055603,458.8874634,0.18887871
ssp245_pCO2_NP_STPS,4,2000s,NA,NA,NA,NA,NA,NA,17525,ssp245,pCO2,NP_STPS,NP,STPS,364.0368259,364.9058266,25.66343778,302.8677307,453.2930308,0.193858933
ssp245_pCO2_NP_STPS,5,2000s,NA,NA,NA,NA,NA,NA,17525,ssp245,pCO2,NP_STPS,NP,STPS,374.6347222,375.3055821,22.99917596,305.4968862,450.6037476,0.173733377
ssp245_pCO2_NP_STPS,6,2000s,NA,NA,NA,NA,NA,NA,17525,ssp245,pCO2,NP_STPS,NP,STPS,386.4149468,386.5120276,18.16129297,333.401237,446.6220866,0.137188514
ssp245_pCO2_NP_STPS,7,2000s,NA,NA,NA,NA,NA,NA,17525,ssp245,pCO2,NP_STPS,NP,STPS,394.3800603,393.937838,19.18207077,348.7799988,457.1917979,0.144899363
ssp245_pCO2_NP_STPS,8,2000s,NA,NA,NA,NA,NA,NA,17525,ssp245,pCO2,NP_STPS,NP,STPS,396.6671253,396.0256352,20.32814239,342.7372813,472.3014508,0.153556668
ssp245_pCO2_NP_STPS,9,2000s,NA,NA,NA,NA,NA,NA,17525,ssp245,pCO2,NP_STPS,NP,STPS,394.8611093,394.277649,19.15445901,337.9346598,473.5171692,0.144690786
ssp245_pCO2_NP_STPS,10,2000s,NA,NA,NA,NA,NA,NA,17525,ssp245,pCO2,NP_STPS,NP,STPS,386.5380802,386.23701,16.9258196,332.1185272,460.7273346,0.127855877
ssp245_pCO2_NP_STPS,11,2000s,NA,NA,NA,NA,NA,NA,17525,ssp245,pCO2,NP_STPS,NP,STPS,374.4291855,374.447375,15.50315764,331.7775096,444.7630951,0.117109237
ssp245_pCO2_NP_STPS,12,2000s,NA,NA,NA,NA,NA,NA,17525,ssp245,pCO2,NP_STPS,NP,STPS,364.0128228,364.2750693,16.69328254,317.6415253,439.2166117,0.126099316
ssp245_pCO2_NP_STSS,1,2000s,NA,NA,NA,NA,NA,NA,3381,ssp245,pCO2,NP_STSS,NP,STSS,328.8418905,328.5424802,20.2923894,261.7779714,390.8330505,0.348988087
ssp245_pCO2_NP_STSS,2,2000s,NA,NA,NA,NA,NA,NA,3381,ssp245,pCO2,NP_STSS,NP,STSS,328.5467014,328.1801987,21.79549371,254.6737442,383.5891907,0.374838443
ssp245_pCO2_NP_STSS,3,2000s,NA,NA,NA,NA,NA,NA,3381,ssp245,pCO2,NP_STSS,NP,STSS,327.0712116,326.699463,20.83292677,244.5939535,381.4704753,0.358284237
ssp245_pCO2_NP_STSS,4,2000s,NA,NA,NA,NA,NA,NA,3381,ssp245,pCO2,NP_STSS,NP,STSS,322.266526,322.0191765,17.9655862,238.2091537,387.257309,0.308971774
ssp245_pCO2_NP_STSS,5,2000s,NA,NA,NA,NA,NA,NA,3381,ssp245,pCO2,NP_STSS,NP,STSS,324.2694327,324.3998828,21.69954871,268.3170135,398.0454905,0.373188383
ssp245_pCO2_NP_STSS,6,2000s,NA,NA,NA,NA,NA,NA,3381,ssp245,pCO2,NP_STSS,NP,STSS,346.2516619,346.6560018,25.44866808,298.0790009,430.9202405,0.43766566
ssp245_pCO2_NP_STSS,7,2000s,NA,NA,NA,NA,NA,NA,3381,ssp245,pCO2,NP_STSS,NP,STSS,378.5600844,378.9638957,25.57281741,328.6093791,464.4232898,0.439800777
ssp245_pCO2_NP_STSS,8,2000s,NA,NA,NA,NA,NA,NA,3381,ssp245,pCO2,NP_STSS,NP,STSS,397.6586611,397.8700057,22.71249938,346.9394073,485.221532,0.390609088
ssp245_pCO2_NP_STSS,9,2000s,NA,NA,NA,NA,NA,NA,3381,ssp245,pCO2,NP_STSS,NP,STSS,390.90326,391.1922543,21.08657769,329.51008,487.3471661,0.36264652
ssp245_pCO2_NP_STSS,10,2000s,NA,NA,NA,NA,NA,NA,3381,ssp245,pCO2,NP_STSS,NP,STSS,367.6419454,367.9628107,21.17394177,310.5486542,461.2927266,0.364149006
ssp245_pCO2_NP_STSS,11,2000s,NA,NA,NA,NA,NA,NA,3381,ssp245,pCO2,NP_STSS,NP,STSS,347.5990156,347.7368083,18.77421226,289.6633921,434.4502228,0.322878508
ssp245_pCO2_NP_STSS,12,2000s,NA,NA,NA,NA,NA,NA,3381,ssp245,pCO2,NP_STSS,NP,STSS,335.353646,335.2355202,18.32345171,274.1262644,406.6940592,0.315126338
ssp245_pCO2_Pac_EQU_E,1,2000s,NA,NA,NA,NA,NA,NA,6022,ssp245,pCO2,Pac_EQU_E,Pac,EQU,414.4924621,414.5155851,22.86274219,326.607536,488.3853058,0.294617095
ssp245_pCO2_Pac_EQU_E,2,2000s,NA,NA,NA,NA,NA,NA,6022,ssp245,pCO2,Pac_EQU_E,Pac,EQU,421.9376981,421.963603,20.45660209,342.607301,505.2902252,0.263610753
ssp245_pCO2_Pac_EQU_E,3,2000s,NA,NA,NA,NA,NA,NA,6022,ssp245,pCO2,Pac_EQU_E,Pac,EQU,427.5648613,427.5916132,19.37926311,355.567926,537.5154938,0.249727796
ssp245_pCO2_Pac_EQU_E,4,2000s,NA,NA,NA,NA,NA,NA,6022,ssp245,pCO2,Pac_EQU_E,Pac,EQU,430.7231181,430.7476503,19.60310102,357.9860392,573.6363403,0.252612247
ssp245_pCO2_Pac_EQU_E,5,2000s,NA,NA,NA,NA,NA,NA,6022,ssp245,pCO2,Pac_EQU_E,Pac,EQU,430.9963961,431.0238096,18.52793955,371.0609629,537.7595123,0.23875735
ssp245_pCO2_Pac_EQU_E,6,2000s,NA,NA,NA,NA,NA,NA,6022,ssp245,pCO2,Pac_EQU_E,Pac,EQU,426.5842308,426.6168864,21.14474966,321.1460364,488.5940857,0.272478458
ssp245_pCO2_Pac_EQU_E,7,2000s,NA,NA,NA,NA,NA,NA,6022,ssp245,pCO2,Pac_EQU_E,Pac,EQU,422.2281817,422.2597606,23.63514203,305.8300299,482.0087972,0.304570503
ssp245_pCO2_Pac_EQU_E,8,2000s,NA,NA,NA,NA,NA,NA,6022,ssp245,pCO2,Pac_EQU_E,Pac,EQU,419.2823045,419.3121063,25.20860889,327.8773218,484.8975494,0.324846734
ssp245_pCO2_Pac_EQU_E,9,2000s,NA,NA,NA,NA,NA,NA,6022,ssp245,pCO2,Pac_EQU_E,Pac,EQU,416.9790313,417.0079799,26.66383661,327.2612018,477.2303304,0.343599295
ssp245_pCO2_Pac_EQU_E,10,2000s,NA,NA,NA,NA,NA,NA,6022,ssp245,pCO2,Pac_EQU_E,Pac,EQU,413.4883237,413.5146641,26.42569566,295.142951,477.8753845,0.340530529
ssp245_pCO2_Pac_EQU_E,11,2000s,NA,NA,NA,NA,NA,NA,6022,ssp245,pCO2,Pac_EQU_E,Pac,EQU,411.0516479,411.0771257,26.19822534,302.5770679,494.653067,0.337599269
ssp245_pCO2_Pac_EQU_E,12,2000s,NA,NA,NA,NA,NA,NA,6022,ssp245,pCO2,Pac_EQU_E,Pac,EQU,411.421029,411.4455596,25.98612415,327.9964197,512.111615,0.334866061
ssp245_pCO2_Pac_EQU_W,1,2000s,NA,NA,NA,NA,NA,NA,4363,ssp245,pCO2,Pac_EQU_W,Pac,EQU,391.2195497,391.2938072,21.70219676,338.3773041,435.8947229,0.328557277
ssp245_pCO2_Pac_EQU_W,2,2000s,NA,NA,NA,NA,NA,NA,4363,ssp245,pCO2,Pac_EQU_W,Pac,EQU,391.0893663,391.1722554,21.69429092,341.6868097,432.2483081,0.328437587
ssp245_pCO2_Pac_EQU_W,3,2000s,NA,NA,NA,NA,NA,NA,4363,ssp245,pCO2,Pac_EQU_W,Pac,EQU,391.9569679,392.0466015,22.20518178,340.2440826,436.6029734,0.336172146
ssp245_pCO2_Pac_EQU_W,4,2000s,NA,NA,NA,NA,NA,NA,4363,ssp245,pCO2,Pac_EQU_W,Pac,EQU,392.9638913,393.0554691,22.83406951,335.7322693,440.9447825,0.345693101
ssp245_pCO2_Pac_EQU_W,5,2000s,NA,NA,NA,NA,NA,NA,4363,ssp245,pCO2,Pac_EQU_W,Pac,EQU,392.5434769,392.6311978,23.16881989,327.0341583,443.4964691,0.350761006
ssp245_pCO2_Pac_EQU_W,6,2000s,NA,NA,NA,NA,NA,NA,4363,ssp245,pCO2,Pac_EQU_W,Pac,EQU,390.2185367,390.3020874,23.23026189,336.2485901,448.4810048,0.351691198
ssp245_pCO2_Pac_EQU_W,7,2000s,NA,NA,NA,NA,NA,NA,4363,ssp245,pCO2,Pac_EQU_W,Pac,EQU,388.1295765,388.2106894,22.50851208,333.3394379,441.4550171,0.340764371
ssp245_pCO2_Pac_EQU_W,8,2000s,NA,NA,NA,NA,NA,NA,4363,ssp245,pCO2,Pac_EQU_W,Pac,EQU,388.8713269,388.9530577,22.06403316,333.9937887,439.7466654,0.334035247
ssp245_pCO2_Pac_EQU_W,9,2000s,NA,NA,NA,NA,NA,NA,4363,ssp245,pCO2,Pac_EQU_W,Pac,EQU,391.6700428,391.7571041,22.69854567,337.9952698,440.0205127,0.343641357
ssp245_pCO2_Pac_EQU_W,10,2000s,NA,NA,NA,NA,NA,NA,4363,ssp245,pCO2,Pac_EQU_W,Pac,EQU,393.7057166,393.7925524,23.34814805,345.7915151,440.8556061,0.353475919
ssp245_pCO2_Pac_EQU_W,11,2000s,NA,NA,NA,NA,NA,NA,4363,ssp245,pCO2,Pac_EQU_W,Pac,EQU,394.3587032,394.4401383,22.93720995,351.0046423,445.0498773,0.347254581
ssp245_pCO2_Pac_EQU_W,12,2000s,NA,NA,NA,NA,NA,NA,4363,ssp245,pCO2,Pac_EQU_W,Pac,EQU,393.5724661,393.6461818,22.29047342,342.3437341,444.1722284,0.337463406
ssp245_pCO2_SA_STPS,1,2000s,NA,NA,NA,NA,NA,NA,7787,ssp245,pCO2,SA_STPS,SA,STPS,394.547419,394.9464812,20.99911269,325.2357259,568.1837748,0.237966518
ssp245_pCO2_SA_STPS,2,2000s,NA,NA,NA,NA,NA,NA,7787,ssp245,pCO2,SA_STPS,SA,STPS,402.2494918,402.6207865,20.93277327,329.7749746,577.9524882,0.237214746
ssp245_pCO2_SA_STPS,3,2000s,NA,NA,NA,NA,NA,NA,7787,ssp245,pCO2,SA_STPS,SA,STPS,399.9140189,400.4451821,20.54596944,330.5995026,562.6515828,0.2328314
ssp245_pCO2_SA_STPS,4,2000s,NA,NA,NA,NA,NA,NA,7787,ssp245,pCO2,SA_STPS,SA,STPS,389.3548285,390.055277,19.46467963,333.094987,536.720164,0.220577989
ssp245_pCO2_SA_STPS,5,2000s,NA,NA,NA,NA,NA,NA,7787,ssp245,pCO2,SA_STPS,SA,STPS,376.5057617,377.2732268,18.25489274,320.8800085,506.3496552,0.20686842
ssp245_pCO2_SA_STPS,6,2000s,NA,NA,NA,NA,NA,NA,7787,ssp245,pCO2,SA_STPS,SA,STPS,364.6841605,365.3885674,17.23661884,308.7128949,490.0247518,0.195329119
ssp245_pCO2_SA_STPS,7,2000s,NA,NA,NA,NA,NA,NA,7787,ssp245,pCO2,SA_STPS,SA,STPS,356.8253195,357.4117688,17.20539945,302.6724506,494.8354675,0.194975334
ssp245_pCO2_SA_STPS,8,2000s,NA,NA,NA,NA,NA,NA,7787,ssp245,pCO2,SA_STPS,SA,STPS,353.4278646,353.9298826,17.67860936,299.3317719,512.662853,0.200337852
ssp245_pCO2_SA_STPS,9,2000s,NA,NA,NA,NA,NA,NA,7787,ssp245,pCO2,SA_STPS,SA,STPS,352.7411528,353.2713519,17.92728804,298.2033844,525.5524821,0.203155933
ssp245_pCO2_SA_STPS,10,2000s,NA,NA,NA,NA,NA,NA,7787,ssp245,pCO2,SA_STPS,SA,STPS,354.5223515,355.2407457,19.55637851,302.6756384,524.9187856,0.22161714
ssp245_pCO2_SA_STPS,11,2000s,NA,NA,NA,NA,NA,NA,7787,ssp245,pCO2,SA_STPS,SA,STPS,363.7077794,364.5021059,20.96362599,297.84269,530.3660288,0.237564375
ssp245_pCO2_SA_STPS,12,2000s,NA,NA,NA,NA,NA,NA,7787,ssp245,pCO2,SA_STPS,SA,STPS,380.0080117,380.6405844,20.54416558,315.1961507,545.1632121,0.232810959
ssp245_pCO2_SO_SPSS,1,2000s,NA,NA,NA,NA,NA,NA,21560,ssp245,pCO2,SO_SPSS,SO,SPSS,369.7765283,370.4981389,17.33810953,266.5619476,412.5217462,0.118080277
ssp245_pCO2_SO_SPSS,2,2000s,NA,NA,NA,NA,NA,NA,21560,ssp245,pCO2,SO_SPSS,SO,SPSS,374.5394857,375.1478221,15.58446494,282.7259338,410.4471429,0.106137174
ssp245_pCO2_SO_SPSS,3,2000s,NA,NA,NA,NA,NA,NA,21560,ssp245,pCO2,SO_SPSS,SO,SPSS,375.6926948,376.2537093,13.06511568,292.9159955,406.7694135,0.088979279
ssp245_pCO2_SO_SPSS,4,2000s,NA,NA,NA,NA,NA,NA,21560,ssp245,pCO2,SO_SPSS,SO,SPSS,373.4638985,374.0065817,10.48701415,313.3066742,397.3998694,0.071421255
ssp245_pCO2_SO_SPSS,5,2000s,NA,NA,NA,NA,NA,NA,21560,ssp245,pCO2,SO_SPSS,SO,SPSS,369.9816153,370.5022832,8.517741118,328.531908,390.0288416,0.058009625
ssp245_pCO2_SO_SPSS,6,2000s,NA,NA,NA,NA,NA,NA,21560,ssp245,pCO2,SO_SPSS,SO,SPSS,366.7971936,367.2958307,7.415751068,327.1511694,395.7375885,0.05050458
ssp245_pCO2_SO_SPSS,7,2000s,NA,NA,NA,NA,NA,NA,21560,ssp245,pCO2,SO_SPSS,SO,SPSS,364.683212,365.1725405,7.158938293,317.052179,408.1666809,0.04875557
ssp245_pCO2_SO_SPSS,8,2000s,NA,NA,NA,NA,NA,NA,21560,ssp245,pCO2,SO_SPSS,SO,SPSS,363.1841138,363.7075627,7.658909836,316.857841,409.8660309,0.0521606
ssp245_pCO2_SO_SPSS,9,2000s,NA,NA,NA,NA,NA,NA,21560,ssp245,pCO2,SO_SPSS,SO,SPSS,362.212291,362.799286,8.483779228,322.7245605,411.4462738,0.057778329
ssp245_pCO2_SO_SPSS,10,2000s,NA,NA,NA,NA,NA,NA,21560,ssp245,pCO2,SO_SPSS,SO,SPSS,362.2366111,362.8898405,10.01570103,301.9820506,415.198764,0.068211402
ssp245_pCO2_SO_SPSS,11,2000s,NA,NA,NA,NA,NA,NA,21560,ssp245,pCO2,SO_SPSS,SO,SPSS,363.5365457,364.1990194,12.65470769,251.4817907,402.8660736,0.086184217
ssp245_pCO2_SO_SPSS,12,2000s,NA,NA,NA,NA,NA,NA,21560,ssp245,pCO2,SO_SPSS,SO,SPSS,365.1395639,365.9236387,17.15821995,248.9990351,405.8732306,0.116855149
ssp245_pCO2_SO_STSS,1,2000s,NA,NA,NA,NA,NA,NA,15878,ssp245,pCO2,SO_STSS,SO,STSS,360.9359883,360.7899127,23.49106028,253.9885417,634.8524402,0.186425244
ssp245_pCO2_SO_STSS,2,2000s,NA,NA,NA,NA,NA,NA,15878,ssp245,pCO2,SO_STSS,SO,STSS,366.2173935,366.1003273,21.5434779,276.2335637,629.6158142,0.170969215
ssp245_pCO2_SO_STSS,3,2000s,NA,NA,NA,NA,NA,NA,15878,ssp245,pCO2,SO_STSS,SO,STSS,365.7133922,365.4897047,19.31956719,291.8652242,605.3907532,0.153320241
ssp245_pCO2_SO_STSS,4,2000s,NA,NA,NA,NA,NA,NA,15878,ssp245,pCO2,SO_STSS,SO,STSS,362.2236843,361.8325423,17.47955451,303.4488739,567.7337189,0.138717886
ssp245_pCO2_SO_STSS,5,2000s,NA,NA,NA,NA,NA,NA,15878,ssp245,pCO2,SO_STSS,SO,STSS,359.2021835,358.7271532,16.44940419,287.9956696,589.426554,0.130542605
ssp245_pCO2_SO_STSS,6,2000s,NA,NA,NA,NA,NA,NA,15878,ssp245,pCO2,SO_STSS,SO,STSS,357.7043429,357.2302196,17.11493982,269.9429852,768.2122522,0.135824301
ssp245_pCO2_SO_STSS,7,2000s,NA,NA,NA,NA,NA,NA,15878,ssp245,pCO2,SO_STSS,SO,STSS,357.9308541,357.5017313,18.52176131,263.6366525,872.7846118,0.146988847
ssp245_pCO2_SO_STSS,8,2000s,NA,NA,NA,NA,NA,NA,15878,ssp245,pCO2,SO_STSS,SO,STSS,359.1342266,358.7533563,18.94016435,272.8356766,905.1349341,0.150309297
ssp245_pCO2_SO_STSS,9,2000s,NA,NA,NA,NA,NA,NA,15878,ssp245,pCO2,SO_STSS,SO,STSS,359.0460339,358.6785193,18.51128495,285.4691394,877.6710498,0.146905707
ssp245_pCO2_SO_STSS,10,2000s,NA,NA,NA,NA,NA,NA,15878,ssp245,pCO2,SO_STSS,SO,STSS,355.4984867,355.0786852,19.87593844,263.758375,754.3500842,0.157735608
ssp245_pCO2_SO_STSS,11,2000s,NA,NA,NA,NA,NA,NA,15878,ssp245,pCO2,SO_STSS,SO,STSS,351.2914165,350.9041127,23.47522127,238.2037649,688.4355566,0.186299546
ssp245_pCO2_SO_STSS,12,2000s,NA,NA,NA,NA,NA,NA,15878,ssp245,pCO2,SO_STSS,SO,STSS,354.0286603,353.7757897,25.52871862,246.951474,654.1174524,0.202596117
ssp245_pCO2_SP_STPS,1,2000s,NA,NA,NA,NA,NA,NA,23951,ssp245,pCO2,SP_STPS,SP,STPS,392.0372345,392.5581335,21.84888327,333.5878082,564.7623438,0.141178128
ssp245_pCO2_SP_STPS,2,2000s,NA,NA,NA,NA,NA,NA,23951,ssp245,pCO2,SP_STPS,SP,STPS,396.5008347,396.9407944,21.35196824,339.6857005,560.4205548,0.137967276
ssp245_pCO2_SP_STPS,3,2000s,NA,NA,NA,NA,NA,NA,23951,ssp245,pCO2,SP_STPS,SP,STPS,392.7271503,393.335179,20.68509181,336.2399099,552.1719391,0.133658206
ssp245_pCO2_SP_STPS,4,2000s,NA,NA,NA,NA,NA,NA,23951,ssp245,pCO2,SP_STPS,SP,STPS,382.8163681,383.6305756,21.36919436,327.4927389,541.1716467,0.138078584
ssp245_pCO2_SP_STPS,5,2000s,NA,NA,NA,NA,NA,NA,23951,ssp245,pCO2,SP_STPS,SP,STPS,371.4106348,372.3171713,23.52082449,319.6806458,535.9010474,0.151981496
ssp245_pCO2_SP_STPS,6,2000s,NA,NA,NA,NA,NA,NA,23951,ssp245,pCO2,SP_STPS,SP,STPS,361.9587058,362.8369035,25.67064706,312.4817133,557.1238989,0.165872729
ssp245_pCO2_SP_STPS,7,2000s,NA,NA,NA,NA,NA,NA,23951,ssp245,pCO2,SP_STPS,SP,STPS,356.2904125,357.1155216,27.5028928,309.4845062,617.3716858,0.177711917
ssp245_pCO2_SP_STPS,8,2000s,NA,NA,NA,NA,NA,NA,23951,ssp245,pCO2,SP_STPS,SP,STPS,354.2790497,355.1097174,29.09515732,306.0134784,691.62534,0.188000448
ssp245_pCO2_SP_STPS,9,2000s,NA,NA,NA,NA,NA,NA,23951,ssp245,pCO2,SP_STPS,SP,STPS,354.9060603,355.8554683,30.0171532,306.0363507,696.872085,0.193957991
ssp245_pCO2_SP_STPS,10,2000s,NA,NA,NA,NA,NA,NA,23951,ssp245,pCO2,SP_STPS,SP,STPS,358.8160869,359.9240528,29.35083358,308.8433136,644.8634375,0.189652519
ssp245_pCO2_SP_STPS,11,2000s,NA,NA,NA,NA,NA,NA,23951,ssp245,pCO2,SP_STPS,SP,STPS,368.3298303,369.3880605,26.33850413,311.1308706,588.416377,0.170188136
ssp245_pCO2_SP_STPS,12,2000s,NA,NA,NA,NA,NA,NA,23951,ssp245,pCO2,SP_STPS,SP,STPS,381.6537434,382.4560312,22.85629747,322.8136892,574.7228729,0.147687607
ssp245_pH_Atl_EQU,1,2000s,NA,NA,NA,NA,NA,NA,2910,ssp245,pH,Atl_EQU,Atl,EQU,8.049802988,8.049797137,0.016045967,8.004066737,8.09360342,0.000297454
ssp245_pH_Atl_EQU,2,2000s,NA,NA,NA,NA,NA,NA,2910,ssp245,pH,Atl_EQU,Atl,EQU,8.041592853,8.041578975,0.017772521,7.997769181,8.089070511,0.00032946
ssp245_pH_Atl_EQU,3,2000s,NA,NA,NA,NA,NA,NA,2910,ssp245,pH,Atl_EQU,Atl,EQU,8.036232976,8.036210807,0.017440724,8.002974081,8.086310959,0.000323309
ssp245_pH_Atl_EQU,4,2000s,NA,NA,NA,NA,NA,NA,2910,ssp245,pH,Atl_EQU,Atl,EQU,8.037600204,8.037577656,0.014013003,8.013111649,8.102169323,0.000259767
ssp245_pH_Atl_EQU,5,2000s,NA,NA,NA,NA,NA,NA,2910,ssp245,pH,Atl_EQU,Atl,EQU,8.043211319,8.043195092,0.010632783,8.012614489,8.103339767,0.000197106
ssp245_pH_Atl_EQU,6,2000s,NA,NA,NA,NA,NA,NA,2910,ssp245,pH,Atl_EQU,Atl,EQU,8.052926422,8.052917878,0.009634289,8.021246211,8.112046528,0.000178597
ssp245_pH_Atl_EQU,7,2000s,NA,NA,NA,NA,NA,NA,2910,ssp245,pH,Atl_EQU,Atl,EQU,8.059528654,8.059519521,0.011500143,8.020797666,8.106815751,0.000213185
ssp245_pH_Atl_EQU,8,2000s,NA,NA,NA,NA,NA,NA,2910,ssp245,pH,Atl_EQU,Atl,EQU,8.061545194,8.061536199,0.014124404,8.019436884,8.148400021,0.000261833
ssp245_pH_Atl_EQU,9,2000s,NA,NA,NA,NA,NA,NA,2910,ssp245,pH,Atl_EQU,Atl,EQU,8.060345307,8.060339841,0.015046306,8.023745728,8.203561878,0.000278922
ssp245_pH_Atl_EQU,10,2000s,NA,NA,NA,NA,NA,NA,2910,ssp245,pH,Atl_EQU,Atl,EQU,8.05721925,8.057219875,0.015285601,8.01692702,8.245770359,0.000283358
ssp245_pH_Atl_EQU,11,2000s,NA,NA,NA,NA,NA,NA,2910,ssp245,pH,Atl_EQU,Atl,EQU,8.053952608,8.053955015,0.015275497,8.004571199,8.182228661,0.000283171
ssp245_pH_Atl_EQU,12,2000s,NA,NA,NA,NA,NA,NA,2910,ssp245,pH,Atl_EQU,Atl,EQU,8.052070368,8.052068462,0.015104639,8.011808745,8.130278683,0.000280004
ssp245_pH_IND_STPS,1,2000s,NA,NA,NA,NA,NA,NA,15087,ssp245,pH,IND_STPS,IND,STPS,8.062543058,8.06227171,0.018674079,8.01042285,8.14184866,0.000152033
ssp245_pH_IND_STPS,2,2000s,NA,NA,NA,NA,NA,NA,15087,ssp245,pH,IND_STPS,IND,STPS,8.059596546,8.059447849,0.017487261,8.012713067,8.137527084,0.000142371
ssp245_pH_IND_STPS,3,2000s,NA,NA,NA,NA,NA,NA,15087,ssp245,pH,IND_STPS,IND,STPS,8.058193082,8.057788638,0.017437128,8.015597709,8.125832812,0.000141962
ssp245_pH_IND_STPS,4,2000s,NA,NA,NA,NA,NA,NA,15087,ssp245,pH,IND_STPS,IND,STPS,8.061052638,8.060229032,0.020215316,8.012476047,8.127941004,0.000164581
ssp245_pH_IND_STPS,5,2000s,NA,NA,NA,NA,NA,NA,15087,ssp245,pH,IND_STPS,IND,STPS,8.069302,8.068205187,0.023413386,8.008321174,8.1317777,0.000190618
ssp245_pH_IND_STPS,6,2000s,NA,NA,NA,NA,NA,NA,15087,ssp245,pH,IND_STPS,IND,STPS,8.079102124,8.077907126,0.025093657,8.011565399,8.141203117,0.000204297
ssp245_pH_IND_STPS,7,2000s,NA,NA,NA,NA,NA,NA,15087,ssp245,pH,IND_STPS,IND,STPS,8.086644532,8.085434776,0.026196933,8.023894024,8.151420879,0.000213279
ssp245_pH_IND_STPS,8,2000s,NA,NA,NA,NA,NA,NA,15087,ssp245,pH,IND_STPS,IND,STPS,8.090001596,8.088784573,0.02736445,8.028504244,8.155268002,0.000222785
ssp245_pH_IND_STPS,9,2000s,NA,NA,NA,NA,NA,NA,15087,ssp245,pH,IND_STPS,IND,STPS,8.089528732,8.08829752,0.028110687,8.021297805,8.15366087,0.00022886
ssp245_pH_IND_STPS,10,2000s,NA,NA,NA,NA,NA,NA,15087,ssp245,pH,IND_STPS,IND,STPS,8.084819238,8.083618565,0.027619925,8.010963567,8.15384353,0.000224865
ssp245_pH_IND_STPS,11,2000s,NA,NA,NA,NA,NA,NA,15087,ssp245,pH,IND_STPS,IND,STPS,8.076922227,8.075866786,0.02526492,8.007960224,8.149392096,0.000205692
ssp245_pH_IND_STPS,12,2000s,NA,NA,NA,NA,NA,NA,15087,ssp245,pH,IND_STPS,IND,STPS,8.06748988,8.066810519,0.021485209,8.004679298,8.141016324,0.000174919
ssp245_pH_NA_SPSS,1,2000s,NA,NA,NA,NA,NA,NA,7616,ssp245,pH,NA_SPSS,NA,SPSS,8.106388662,8.101947597,0.042017076,7.601963854,8.203787155,0.000481462
ssp245_pH_NA_SPSS,2,2000s,NA,NA,NA,NA,NA,NA,7616,ssp245,pH,NA_SPSS,NA,SPSS,8.107866642,8.103733401,0.04156865,7.623724937,8.211672497,0.000476324
ssp245_pH_NA_SPSS,3,2000s,NA,NA,NA,NA,NA,NA,7616,ssp245,pH,NA_SPSS,NA,SPSS,8.109468006,8.105241644,0.041235827,7.666541624,8.205376911,0.00047251
ssp245_pH_NA_SPSS,4,2000s,NA,NA,NA,NA,NA,NA,7616,ssp245,pH,NA_SPSS,NA,SPSS,8.1159065,8.111442489,0.042592767,7.679344829,8.266497294,0.000488059
ssp245_pH_NA_SPSS,5,2000s,NA,NA,NA,NA,NA,NA,7616,ssp245,pH,NA_SPSS,NA,SPSS,8.137593979,8.13104644,0.054038807,7.64712774,8.300844574,0.000619216
ssp245_pH_NA_SPSS,6,2000s,NA,NA,NA,NA,NA,NA,7616,ssp245,pH,NA_SPSS,NA,SPSS,8.142587781,8.13271461,0.069066625,7.620548534,8.310225296,0.000791416
ssp245_pH_NA_SPSS,7,2000s,NA,NA,NA,NA,NA,NA,7616,ssp245,pH,NA_SPSS,NA,SPSS,8.119047519,8.108381053,0.066956384,7.620641613,8.262661171,0.000767235
ssp245_pH_NA_SPSS,8,2000s,NA,NA,NA,NA,NA,NA,7616,ssp245,pH,NA_SPSS,NA,SPSS,8.104111063,8.093863948,0.061379327,7.64351112,8.225212955,0.000703329
ssp245_pH_NA_SPSS,9,2000s,NA,NA,NA,NA,NA,NA,7616,ssp245,pH,NA_SPSS,NA,SPSS,8.101126463,8.092381108,0.052450088,7.679768006,8.198783684,0.000601011
ssp245_pH_NA_SPSS,10,2000s,NA,NA,NA,NA,NA,NA,7616,ssp245,pH,NA_SPSS,NA,SPSS,8.101594309,8.0946366,0.046143497,7.643002272,8.188629265,0.000528746
ssp245_pH_NA_SPSS,11,2000s,NA,NA,NA,NA,NA,NA,7616,ssp245,pH,NA_SPSS,NA,SPSS,8.102071925,8.096403445,0.043831858,7.569529867,8.191715145,0.000502257
ssp245_pH_NA_SPSS,12,2000s,NA,NA,NA,NA,NA,NA,7616,ssp245,pH,NA_SPSS,NA,SPSS,8.103120525,8.09817464,0.042760786,7.573930073,8.189700413,0.000489984
ssp245_pH_NA_STPS,1,2000s,NA,NA,NA,NA,NA,NA,7527,ssp245,pH,NA_STPS,NA,STPS,8.094341009,8.093595843,0.020955993,8.031539218,8.15284462,0.000241545
ssp245_pH_NA_STPS,2,2000s,NA,NA,NA,NA,NA,NA,7527,ssp245,pH,NA_STPS,NA,STPS,8.098245752,8.097500063,0.021132806,8.02515947,8.156152058,0.000243583
ssp245_pH_NA_STPS,3,2000s,NA,NA,NA,NA,NA,NA,7527,ssp245,pH,NA_STPS,NA,STPS,8.098939253,8.098120401,0.02232225,8.018407106,8.15501318,0.000257292
ssp245_pH_NA_STPS,4,2000s,NA,NA,NA,NA,NA,NA,7527,ssp245,pH,NA_STPS,NA,STPS,8.095754626,8.094830712,0.023912309,8.017753458,8.151805401,0.00027562
ssp245_pH_NA_STPS,5,2000s,NA,NA,NA,NA,NA,NA,7527,ssp245,pH,NA_STPS,NA,STPS,8.085005605,8.084236162,0.022939584,8.020791276,8.14960769,0.000264408
ssp245_pH_NA_STPS,6,2000s,NA,NA,NA,NA,NA,NA,7527,ssp245,pH,NA_STPS,NA,STPS,8.069588146,8.069332287,0.019549385,8.000025368,8.123823706,0.000225332
ssp245_pH_NA_STPS,7,2000s,NA,NA,NA,NA,NA,NA,7527,ssp245,pH,NA_STPS,NA,STPS,8.056716052,8.056932925,0.018398859,7.965829357,8.098485597,0.00021207
ssp245_pH_NA_STPS,8,2000s,NA,NA,NA,NA,NA,NA,7527,ssp245,pH,NA_STPS,NA,STPS,8.05023879,8.050599261,0.018172882,7.951606989,8.084176388,0.000209466
ssp245_pH_NA_STPS,9,2000s,NA,NA,NA,NA,NA,NA,7527,ssp245,pH,NA_STPS,NA,STPS,8.050354909,8.050531636,0.016051247,7.96589934,8.089581203,0.000185011
ssp245_pH_NA_STPS,10,2000s,NA,NA,NA,NA,NA,NA,7527,ssp245,pH,NA_STPS,NA,STPS,8.058653068,8.058435993,0.015994852,7.997457345,8.109175682,0.000184361
ssp245_pH_NA_STPS,11,2000s,NA,NA,NA,NA,NA,NA,7527,ssp245,pH,NA_STPS,NA,STPS,8.071746539,8.071180113,0.018856895,8.021162065,8.130209827,0.00021735
ssp245_pH_NA_STPS,12,2000s,NA,NA,NA,NA,NA,NA,7527,ssp245,pH,NA_STPS,NA,STPS,8.084142752,8.083421019,0.020723322,8.026692613,8.143065548,0.000238863
ssp245_pH_NA_STSS,1,2000s,NA,NA,NA,NA,NA,NA,3133,ssp245,pH,NA_STSS,NA,STSS,8.104857891,8.105226266,0.017283727,8.018021345,8.158478088,0.000308786
ssp245_pH_NA_STSS,2,2000s,NA,NA,NA,NA,NA,NA,3133,ssp245,pH,NA_STSS,NA,STSS,8.103511316,8.103869703,0.018114388,8.009163872,8.161823215,0.000323626
ssp245_pH_NA_STSS,3,2000s,NA,NA,NA,NA,NA,NA,3133,ssp245,pH,NA_STSS,NA,STSS,8.104933833,8.105293525,0.018371654,8.019902166,8.157542248,0.000328222
ssp245_pH_NA_STSS,4,2000s,NA,NA,NA,NA,NA,NA,3133,ssp245,pH,NA_STSS,NA,STSS,8.115282255,8.115495263,0.019189619,8.034610971,8.151593132,0.000342836
ssp245_pH_NA_STSS,5,2000s,NA,NA,NA,NA,NA,NA,3133,ssp245,pH,NA_STSS,NA,STSS,8.125050725,8.124896495,0.032151562,8.035156568,8.177550316,0.00057441
ssp245_pH_NA_STSS,6,2000s,NA,NA,NA,NA,NA,NA,3133,ssp245,pH,NA_STSS,NA,STSS,8.106483884,8.106094472,0.034532409,7.99392422,8.165288003,0.000616945
ssp245_pH_NA_STSS,7,2000s,NA,NA,NA,NA,NA,NA,3133,ssp245,pH,NA_STSS,NA,STSS,8.074939618,8.074589605,0.03309822,7.954329348,8.136404419,0.000591323
ssp245_pH_NA_STSS,8,2000s,NA,NA,NA,NA,NA,NA,3133,ssp245,pH,NA_STSS,NA,STSS,8.057941376,8.057699054,0.031354287,7.938070774,8.121313667,0.000560166
ssp245_pH_NA_STSS,9,2000s,NA,NA,NA,NA,NA,NA,3133,ssp245,pH,NA_STSS,NA,STSS,8.065738096,8.065555009,0.028653942,7.954052718,8.115092627,0.000511922
ssp245_pH_NA_STSS,10,2000s,NA,NA,NA,NA,NA,NA,3133,ssp245,pH,NA_STSS,NA,STSS,8.084294619,8.084247347,0.025075316,7.99141504,8.12741394,0.000447988
ssp245_pH_NA_STSS,11,2000s,NA,NA,NA,NA,NA,NA,3133,ssp245,pH,NA_STSS,NA,STSS,8.097963546,8.098129189,0.021065613,8.026993529,8.137239265,0.000376352
ssp245_pH_NA_STSS,12,2000s,NA,NA,NA,NA,NA,NA,3133,ssp245,pH,NA_STSS,NA,STSS,8.103315646,8.103645594,0.018357813,8.034894466,8.143091431,0.000327975
ssp245_pH_NP_SPSS,1,2000s,NA,NA,NA,NA,NA,NA,7558,ssp245,pH,NP_SPSS,NP,SPSS,8.066705944,8.068726882,0.033522481,7.955775976,8.261740049,0.000385596
ssp245_pH_NP_SPSS,2,2000s,NA,NA,NA,NA,NA,NA,7558,ssp245,pH,NP_SPSS,NP,SPSS,8.066137998,8.068200115,0.034424995,7.96654253,8.275950782,0.000395977
ssp245_pH_NP_SPSS,3,2000s,NA,NA,NA,NA,NA,NA,7558,ssp245,pH,NP_SPSS,NP,SPSS,8.067114675,8.069057948,0.033885215,7.961246967,8.277200762,0.000389769
ssp245_pH_NP_SPSS,4,2000s,NA,NA,NA,NA,NA,NA,7558,ssp245,pH,NP_SPSS,NP,SPSS,8.075471529,8.077096228,0.03374667,7.961338059,8.245097733,0.000388175
ssp245_pH_NP_SPSS,5,2000s,NA,NA,NA,NA,NA,NA,7558,ssp245,pH,NP_SPSS,NP,SPSS,8.08934601,8.090369483,0.037883748,7.960715946,8.233771038,0.000435762
ssp245_pH_NP_SPSS,6,2000s,NA,NA,NA,NA,NA,NA,7558,ssp245,pH,NP_SPSS,NP,SPSS,8.09053287,8.090892509,0.051493314,7.900769472,8.241215674,0.000592308
ssp245_pH_NP_SPSS,7,2000s,NA,NA,NA,NA,NA,NA,7558,ssp245,pH,NP_SPSS,NP,SPSS,8.073446175,8.07333293,0.048600717,7.852851505,8.211808459,0.000559035
ssp245_pH_NP_SPSS,8,2000s,NA,NA,NA,NA,NA,NA,7558,ssp245,pH,NP_SPSS,NP,SPSS,8.058266394,8.057720488,0.038546065,7.844348478,8.17107652,0.000443381
ssp245_pH_NP_SPSS,9,2000s,NA,NA,NA,NA,NA,NA,7558,ssp245,pH,NP_SPSS,NP,SPSS,8.061201436,8.061065575,0.029386479,7.896371635,8.170739174,0.000338021
ssp245_pH_NP_SPSS,10,2000s,NA,NA,NA,NA,NA,NA,7558,ssp245,pH,NP_SPSS,NP,SPSS,8.066326633,8.067063066,0.02454569,7.963514932,8.177510357,0.00028234
ssp245_pH_NP_SPSS,11,2000s,NA,NA,NA,NA,NA,NA,7558,ssp245,pH,NP_SPSS,NP,SPSS,8.067032302,8.068404751,0.027227227,7.956138039,8.206180305,0.000313184
ssp245_pH_NP_SPSS,12,2000s,NA,NA,NA,NA,NA,NA,7558,ssp245,pH,NP_SPSS,NP,SPSS,8.066199118,8.067961587,0.030836731,7.95251503,8.242672195,0.000354703
ssp245_pH_NP_STPS,1,2000s,NA,NA,NA,NA,NA,NA,17525,ssp245,pH,NP_STPS,NP,STPS,8.081157077,8.080578913,0.024027085,8.006825956,8.154361343,0.000181498
ssp245_pH_NP_STPS,2,2000s,NA,NA,NA,NA,NA,NA,17525,ssp245,pH,NP_STPS,NP,STPS,8.083074116,8.082370848,0.026554782,8.002405119,8.163694572,0.000200592
ssp245_pH_NP_STPS,3,2000s,NA,NA,NA,NA,NA,NA,17525,ssp245,pH,NP_STPS,NP,STPS,8.081097917,8.08027361,0.028429208,7.997901758,8.162015343,0.000214751
ssp245_pH_NP_STPS,4,2000s,NA,NA,NA,NA,NA,NA,17525,ssp245,pH,NP_STPS,NP,STPS,8.074289451,8.073390125,0.029239754,7.989324379,8.151259041,0.000220874
ssp245_pH_NP_STPS,5,2000s,NA,NA,NA,NA,NA,NA,17525,ssp245,pH,NP_STPS,NP,STPS,8.063713422,8.063015348,0.027049202,7.983519808,8.143933233,0.000204327
ssp245_pH_NP_STPS,6,2000s,NA,NA,NA,NA,NA,NA,17525,ssp245,pH,NP_STPS,NP,STPS,8.0520534,8.05188786,0.022319187,7.992718569,8.112290955,0.000168597
ssp245_pH_NP_STPS,7,2000s,NA,NA,NA,NA,NA,NA,17525,ssp245,pH,NP_STPS,NP,STPS,8.044394217,8.044692626,0.021309504,7.978666766,8.08269577,0.00016097
ssp245_pH_NP_STPS,8,2000s,NA,NA,NA,NA,NA,NA,17525,ssp245,pH,NP_STPS,NP,STPS,8.041853463,8.042301691,0.020658126,7.966009442,8.074484634,0.000156049
ssp245_pH_NP_STPS,9,2000s,NA,NA,NA,NA,NA,NA,17525,ssp245,pH,NP_STPS,NP,STPS,8.043094219,8.043471791,0.019146475,7.967622089,8.075189781,0.00014463
ssp245_pH_NP_STPS,10,2000s,NA,NA,NA,NA,NA,NA,17525,ssp245,pH,NP_STPS,NP,STPS,8.050696655,8.050808361,0.018379779,7.978599787,8.086558056,0.000138839
ssp245_pH_NP_STPS,11,2000s,NA,NA,NA,NA,NA,NA,17525,ssp245,pH,NP_STPS,NP,STPS,8.06232802,8.062147136,0.018906706,8.000136216,8.113078594,0.000142819
ssp245_pH_NP_STPS,12,2000s,NA,NA,NA,NA,NA,NA,17525,ssp245,pH,NP_STPS,NP,STPS,8.072916291,8.072521384,0.020940423,8.010833549,8.131638145,0.000158182
ssp245_pH_NP_STSS,1,2000s,NA,NA,NA,NA,NA,NA,3381,ssp245,pH,NP_STSS,NP,STSS,8.109518615,8.109945192,0.023770093,8.034200509,8.192143631,0.000408798
ssp245_pH_NP_STSS,2,2000s,NA,NA,NA,NA,NA,NA,3381,ssp245,pH,NP_STSS,NP,STSS,8.109803261,8.110314004,0.024366468,8.038707987,8.202107334,0.000419054
ssp245_pH_NP_STSS,3,2000s,NA,NA,NA,NA,NA,NA,3381,ssp245,pH,NP_STSS,NP,STSS,8.111376064,8.111896581,0.024033963,8.041420905,8.217476114,0.000413336
ssp245_pH_NP_STSS,4,2000s,NA,NA,NA,NA,NA,NA,3381,ssp245,pH,NP_STSS,NP,STSS,8.116741796,8.117116239,0.02371765,8.040977828,8.227691174,0.000407896
ssp245_pH_NP_STSS,5,2000s,NA,NA,NA,NA,NA,NA,3381,ssp245,pH,NP_STSS,NP,STSS,8.114690078,8.114624332,0.029145623,8.026696237,8.184553242,0.000501246
ssp245_pH_NP_STSS,6,2000s,NA,NA,NA,NA,NA,NA,3381,ssp245,pH,NP_STSS,NP,STSS,8.091037826,8.090680064,0.031284456,7.998622529,8.152411842,0.000538029
ssp245_pH_NP_STSS,7,2000s,NA,NA,NA,NA,NA,NA,3381,ssp245,pH,NP_STSS,NP,STSS,8.058323799,8.057989554,0.028400619,7.973339796,8.120131493,0.000488433
ssp245_pH_NP_STSS,8,2000s,NA,NA,NA,NA,NA,NA,3381,ssp245,pH,NP_STSS,NP,STSS,8.040195089,8.040049132,0.024588584,7.959328381,8.09558754,0.000422874
ssp245_pH_NP_STSS,9,2000s,NA,NA,NA,NA,NA,NA,3381,ssp245,pH,NP_STSS,NP,STSS,8.046678207,8.046460007,0.023562871,7.959448083,8.114218998,0.000405234
ssp245_pH_NP_STSS,10,2000s,NA,NA,NA,NA,NA,NA,3381,ssp245,pH,NP_STSS,NP,STSS,8.069241171,8.06899031,0.024656569,7.978222259,8.137562943,0.000424043
ssp245_pH_NP_STSS,11,2000s,NA,NA,NA,NA,NA,NA,3381,ssp245,pH,NP_STSS,NP,STSS,8.089503665,8.089436576,0.023604507,8.015901661,8.154545561,0.00040595
ssp245_pH_NP_STSS,12,2000s,NA,NA,NA,NA,NA,NA,3381,ssp245,pH,NP_STSS,NP,STSS,8.102383344,8.102596575,0.022960824,8.025898012,8.175259558,0.00039488
ssp245_pH_Pac_EQU_E,1,2000s,NA,NA,NA,NA,NA,NA,6022,ssp245,pH,Pac_EQU_E,Pac,EQU,8.029653086,8.029635755,0.015473191,7.976136732,8.097985096,0.000199393
ssp245_pH_Pac_EQU_E,2,2000s,NA,NA,NA,NA,NA,NA,6022,ssp245,pH,Pac_EQU_E,Pac,EQU,8.023718825,8.023699533,0.013878633,7.957705863,8.084044762,0.000178845
ssp245_pH_Pac_EQU_E,3,2000s,NA,NA,NA,NA,NA,NA,6022,ssp245,pH,Pac_EQU_E,Pac,EQU,8.019207133,8.019187555,0.013349801,7.942437553,8.072625275,0.00017203
ssp245_pH_Pac_EQU_E,4,2000s,NA,NA,NA,NA,NA,NA,6022,ssp245,pH,Pac_EQU_E,Pac,EQU,8.016613247,8.016595563,0.013927073,7.918737888,8.069279966,0.000179469
ssp245_pH_Pac_EQU_E,5,2000s,NA,NA,NA,NA,NA,NA,6022,ssp245,pH,Pac_EQU_E,Pac,EQU,8.016533119,8.016514038,0.013388868,7.941141701,8.065686607,0.000172534
ssp245_pH_Pac_EQU_E,6,2000s,NA,NA,NA,NA,NA,NA,6022,ssp245,pH,Pac_EQU_E,Pac,EQU,8.020404861,8.020382268,0.014765498,7.97870369,8.093125591,0.000190273
ssp245_pH_Pac_EQU_E,7,2000s,NA,NA,NA,NA,NA,NA,6022,ssp245,pH,Pac_EQU_E,Pac,EQU,8.024067978,8.024046592,0.016213651,7.987681897,8.100742359,0.000208935
ssp245_pH_Pac_EQU_E,8,2000s,NA,NA,NA,NA,NA,NA,6022,ssp245,pH,Pac_EQU_E,Pac,EQU,8.026394986,8.026375345,0.017291834,7.985701593,8.079936047,0.000222828
ssp245_pH_Pac_EQU_E,9,2000s,NA,NA,NA,NA,NA,NA,6022,ssp245,pH,Pac_EQU_E,Pac,EQU,8.027980767,8.027961739,0.018335609,7.989056381,8.078400307,0.000236279
ssp245_pH_Pac_EQU_E,10,2000s,NA,NA,NA,NA,NA,NA,6022,ssp245,pH,Pac_EQU_E,Pac,EQU,8.030524241,8.030506852,0.018398959,7.987618256,8.106107788,0.000237095
ssp245_pH_Pac_EQU_E,11,2000s,NA,NA,NA,NA,NA,NA,6022,ssp245,pH,Pac_EQU_E,Pac,EQU,8.032322571,8.032305173,0.018330515,7.974476147,8.099525032,0.000236213
ssp245_pH_Pac_EQU_E,12,2000s,NA,NA,NA,NA,NA,NA,6022,ssp245,pH,Pac_EQU_E,Pac,EQU,8.032030389,8.032012774,0.017902457,7.961055994,8.097187653,0.000230697
ssp245_pH_Pac_EQU_W,1,2000s,NA,NA,NA,NA,NA,NA,4363,ssp245,pH,Pac_EQU_W,Pac,EQU,8.046745395,8.046690104,0.020580322,8.006631152,8.087117157,0.000311573
ssp245_pH_Pac_EQU_W,2,2000s,NA,NA,NA,NA,NA,NA,4363,ssp245,pH,Pac_EQU_W,Pac,EQU,8.046958705,8.046898081,0.020415978,8.008958785,8.091226864,0.000309085
ssp245_pH_Pac_EQU_W,3,2000s,NA,NA,NA,NA,NA,NA,4363,ssp245,pH,Pac_EQU_W,Pac,EQU,8.046023284,8.045958858,0.020632271,8.007379309,8.087918568,0.000312359
ssp245_pH_Pac_EQU_W,4,2000s,NA,NA,NA,NA,NA,NA,4363,ssp245,pH,Pac_EQU_W,Pac,EQU,8.044793061,8.044726746,0.021116375,8.000392675,8.086041641,0.000319688
ssp245_pH_Pac_EQU_W,5,2000s,NA,NA,NA,NA,NA,NA,4363,ssp245,pH,Pac_EQU_W,Pac,EQU,8.044895962,8.044829743,0.02169346,7.991913191,8.0900527,0.000328425
ssp245_pH_Pac_EQU_W,6,2000s,NA,NA,NA,NA,NA,NA,4363,ssp245,pH,Pac_EQU_W,Pac,EQU,8.047050318,8.046983586,0.022208254,8.002424606,8.095503457,0.000336219
ssp245_pH_Pac_EQU_W,7,2000s,NA,NA,NA,NA,NA,NA,4363,ssp245,pH,Pac_EQU_W,Pac,EQU,8.049071888,8.049004221,0.021813493,8.004542796,8.101686319,0.000330242
ssp245_pH_Pac_EQU_W,8,2000s,NA,NA,NA,NA,NA,NA,4363,ssp245,pH,Pac_EQU_W,Pac,EQU,8.048523409,8.048454206,0.021331906,8.004792611,8.103209718,0.000322951
ssp245_pH_Pac_EQU_W,9,2000s,NA,NA,NA,NA,NA,NA,4363,ssp245,pH,Pac_EQU_W,Pac,EQU,8.04613446,8.046061866,0.021467337,8.002950001,8.099888388,0.000325002
ssp245_pH_Pac_EQU_W,10,2000s,NA,NA,NA,NA,NA,NA,4363,ssp245,pH,Pac_EQU_W,Pac,EQU,8.044267895,8.044197712,0.021754665,8.002317508,8.091728687,0.000329352
ssp245_pH_Pac_EQU_W,11,2000s,NA,NA,NA,NA,NA,NA,4363,ssp245,pH,Pac_EQU_W,Pac,EQU,8.043529214,8.043464782,0.021378445,7.998224401,8.0842508,0.000323656
ssp245_pH_Pac_EQU_W,12,2000s,NA,NA,NA,NA,NA,NA,4363,ssp245,pH,Pac_EQU_W,Pac,EQU,8.044389105,8.044332597,0.021061915,7.999296093,8.080928841,0.000318864
ssp245_pH_SA_STPS,1,2000s,NA,NA,NA,NA,NA,NA,7787,ssp245,pH,SA_STPS,SA,STPS,8.056604317,8.056327669,0.021126498,7.901988633,8.126999887,0.00023941
ssp245_pH_SA_STPS,2,2000s,NA,NA,NA,NA,NA,NA,7787,ssp245,pH,SA_STPS,SA,STPS,8.049555692,8.049296829,0.020968147,7.895780865,8.121572367,0.000237616
ssp245_pH_SA_STPS,3,2000s,NA,NA,NA,NA,NA,NA,7787,ssp245,pH,SA_STPS,SA,STPS,8.051474596,8.051058348,0.020685704,7.90611345,8.121098296,0.000234415
ssp245_pH_SA_STPS,4,2000s,NA,NA,NA,NA,NA,NA,7787,ssp245,pH,SA_STPS,SA,STPS,8.060943882,8.060353058,0.019964712,7.922144397,8.117599106,0.000226244
ssp245_pH_SA_STPS,5,2000s,NA,NA,NA,NA,NA,NA,7787,ssp245,pH,SA_STPS,SA,STPS,8.072925197,8.072260229,0.018976855,7.943451611,8.122649555,0.00021505
ssp245_pH_SA_STPS,6,2000s,NA,NA,NA,NA,NA,NA,7787,ssp245,pH,SA_STPS,SA,STPS,8.084318261,8.083713257,0.017823182,7.955076996,8.135295372,0.000201976
ssp245_pH_SA_STPS,7,2000s,NA,NA,NA,NA,NA,NA,7787,ssp245,pH,SA_STPS,SA,STPS,8.092041646,8.091559416,0.01772947,7.94975098,8.141810493,0.000200914
ssp245_pH_SA_STPS,8,2000s,NA,NA,NA,NA,NA,NA,7787,ssp245,pH,SA_STPS,SA,STPS,8.095372867,8.094983441,0.018586942,7.935577647,8.145622101,0.000210631
ssp245_pH_SA_STPS,9,2000s,NA,NA,NA,NA,NA,NA,7787,ssp245,pH,SA_STPS,SA,STPS,8.09611996,8.095701896,0.019545707,7.92652394,8.147094383,0.000221496
ssp245_pH_SA_STPS,10,2000s,NA,NA,NA,NA,NA,NA,7787,ssp245,pH,SA_STPS,SA,STPS,8.094602719,8.093983126,0.021549162,7.928123713,8.151422596,0.0002442
ssp245_pH_SA_STPS,11,2000s,NA,NA,NA,NA,NA,NA,7787,ssp245,pH,SA_STPS,SA,STPS,8.085702449,8.085014576,0.022421917,7.925885407,8.159128348,0.00025409
ssp245_pH_SA_STPS,12,2000s,NA,NA,NA,NA,NA,NA,7787,ssp245,pH,SA_STPS,SA,STPS,8.070106759,8.06960301,0.021111619,7.91683569,8.138722706,0.000239241
ssp245_pH_SO_SPSS,1,2000s,NA,NA,NA,NA,NA,NA,21560,ssp245,pH,SO_SPSS,SO,SPSS,8.058415953,8.057924842,0.027609732,8.010288986,8.194713179,0.000188035
ssp245_pH_SO_SPSS,2,2000s,NA,NA,NA,NA,NA,NA,21560,ssp245,pH,SO_SPSS,SO,SPSS,8.053896905,8.053533634,0.02569633,8.009779867,8.169771576,0.000175003
ssp245_pH_SO_SPSS,3,2000s,NA,NA,NA,NA,NA,NA,21560,ssp245,pH,SO_SPSS,SO,SPSS,8.05233451,8.052035061,0.022782904,8.003433657,8.147439861,0.000155162
ssp245_pH_SO_SPSS,4,2000s,NA,NA,NA,NA,NA,NA,21560,ssp245,pH,SO_SPSS,SO,SPSS,8.053734769,8.053464101,0.019890556,7.994592285,8.122654533,0.000135464
ssp245_pH_SO_SPSS,5,2000s,NA,NA,NA,NA,NA,NA,21560,ssp245,pH,SO_SPSS,SO,SPSS,8.056401722,8.056155637,0.017464742,7.992766285,8.106208992,0.000118943
ssp245_pH_SO_SPSS,6,2000s,NA,NA,NA,NA,NA,NA,21560,ssp245,pH,SO_SPSS,SO,SPSS,8.058913495,8.05868055,0.015596231,7.999948502,8.099942112,0.000106217
ssp245_pH_SO_SPSS,7,2000s,NA,NA,NA,NA,NA,NA,21560,ssp245,pH,SO_SPSS,SO,SPSS,8.060462909,8.060232008,0.014451943,8.009249306,8.105102177,9.84241957081708e-05
ssp245_pH_SO_SPSS,8,2000s,NA,NA,NA,NA,NA,NA,21560,ssp245,pH,SO_SPSS,SO,SPSS,8.061652592,8.061377355,0.014404303,8.020962143,8.106354332,9.8099746284196e-05
ssp245_pH_SO_SPSS,9,2000s,NA,NA,NA,NA,NA,NA,21560,ssp245,pH,SO_SPSS,SO,SPSS,8.062562381,8.062214248,0.015645562,8.029307747,8.110116069,0.000106553
ssp245_pH_SO_SPSS,10,2000s,NA,NA,NA,NA,NA,NA,21560,ssp245,pH,SO_SPSS,SO,SPSS,8.062756851,8.062346439,0.018528364,8.027221823,8.144227409,0.000126186
ssp245_pH_SO_SPSS,11,2000s,NA,NA,NA,NA,NA,NA,21560,ssp245,pH,SO_SPSS,SO,SPSS,8.062186211,8.061777178,0.022618542,8.024353059,8.215007337,0.000154042
ssp245_pH_SO_SPSS,12,2000s,NA,NA,NA,NA,NA,NA,21560,ssp245,pH,SO_SPSS,SO,SPSS,8.061996072,8.061448594,0.027714459,8.015044721,8.21899821,0.000188748
ssp245_pH_SO_STSS,1,2000s,NA,NA,NA,NA,NA,NA,15878,ssp245,pH,SO_STSS,SO,STSS,8.078694323,8.079067649,0.030884706,7.869842529,8.202429899,0.000245101
ssp245_pH_SO_STSS,2,2000s,NA,NA,NA,NA,NA,NA,15878,ssp245,pH,SO_STSS,SO,STSS,8.073492446,8.073843044,0.027705865,7.879764748,8.171312428,0.000219874
ssp245_pH_SO_STSS,3,2000s,NA,NA,NA,NA,NA,NA,15878,ssp245,pH,SO_STSS,SO,STSS,8.073803232,8.074268652,0.025470021,7.892774296,8.151314131,0.00020213
ssp245_pH_SO_STSS,4,2000s,NA,NA,NA,NA,NA,NA,15878,ssp245,pH,SO_STSS,SO,STSS,8.076768387,8.077417301,0.02415304,7.899271536,8.140433178,0.000191679
ssp245_pH_SO_STSS,5,2000s,NA,NA,NA,NA,NA,NA,15878,ssp245,pH,SO_STSS,SO,STSS,8.079151622,8.079902555,0.023264541,7.896559601,8.149925289,0.000184628
ssp245_pH_SO_STSS,6,2000s,NA,NA,NA,NA,NA,NA,15878,ssp245,pH,SO_STSS,SO,STSS,8.080010489,8.080772634,0.022663745,7.792437086,8.174584637,0.00017986
ssp245_pH_SO_STSS,7,2000s,NA,NA,NA,NA,NA,NA,15878,ssp245,pH,SO_STSS,SO,STSS,8.079213415,8.079934788,0.022285868,7.73651166,8.186120605,0.000176861
ssp245_pH_SO_STSS,8,2000s,NA,NA,NA,NA,NA,NA,15878,ssp245,pH,SO_STSS,SO,STSS,8.077621192,8.078288916,0.02222693,7.721682787,8.177426777,0.000176393
ssp245_pH_SO_STSS,9,2000s,NA,NA,NA,NA,NA,NA,15878,ssp245,pH,SO_STSS,SO,STSS,8.077649898,8.078297659,0.023126724,7.735998755,8.165754337,0.000183534
ssp245_pH_SO_STSS,10,2000s,NA,NA,NA,NA,NA,NA,15878,ssp245,pH,SO_STSS,SO,STSS,8.081877749,8.082570608,0.027464404,7.796915932,8.196652985,0.000217958
ssp245_pH_SO_STSS,11,2000s,NA,NA,NA,NA,NA,NA,15878,ssp245,pH,SO_STSS,SO,STSS,8.087335529,8.08797921,0.033221175,7.834603319,8.221369076,0.000263644
ssp245_pH_SO_STSS,12,2000s,NA,NA,NA,NA,NA,NA,15878,ssp245,pH,SO_STSS,SO,STSS,8.085388913,8.085874962,0.034832729,7.858025246,8.210893027,0.000276433
ssp245_pH_SP_STPS,1,2000s,NA,NA,NA,NA,NA,NA,23951,ssp245,pH,SP_STPS,SP,STPS,8.052864204,8.052645598,0.021242425,7.919564171,8.117131901,0.000137259
ssp245_pH_SP_STPS,2,2000s,NA,NA,NA,NA,NA,NA,23951,ssp245,pH,SP_STPS,SP,STPS,8.048677452,8.048501589,0.020239883,7.922032537,8.113585377,0.000130781
ssp245_pH_SP_STPS,3,2000s,NA,NA,NA,NA,NA,NA,23951,ssp245,pH,SP_STPS,SP,STPS,8.051987572,8.051636562,0.019673306,7.927053881,8.114890289,0.00012712
ssp245_pH_SP_STPS,4,2000s,NA,NA,NA,NA,NA,NA,23951,ssp245,pH,SP_STPS,SP,STPS,8.06118818,8.06064245,0.020823862,7.933264942,8.122056707,0.000134555
ssp245_pH_SP_STPS,5,2000s,NA,NA,NA,NA,NA,NA,23951,ssp245,pH,SP_STPS,SP,STPS,8.072204566,8.071589574,0.023545292,7.934694147,8.131824017,0.00015214
ssp245_pH_SP_STPS,6,2000s,NA,NA,NA,NA,NA,NA,23951,ssp245,pH,SP_STPS,SP,STPS,8.081659105,8.081106225,0.026138177,7.915991297,8.140378094,0.000168894
ssp245_pH_SP_STPS,7,2000s,NA,NA,NA,NA,NA,NA,23951,ssp245,pH,SP_STPS,SP,STPS,8.087453641,8.08699145,0.028123804,7.87572176,8.148215008,0.000181724
ssp245_pH_SP_STPS,8,2000s,NA,NA,NA,NA,NA,NA,23951,ssp245,pH,SP_STPS,SP,STPS,8.089556405,8.089118179,0.029726414,7.83113616,8.151807022,0.000192079
ssp245_pH_SP_STPS,9,2000s,NA,NA,NA,NA,NA,NA,23951,ssp245,pH,SP_STPS,SP,STPS,8.088956315,8.088410969,0.030686716,7.827703724,8.145302391,0.000198284
ssp245_pH_SP_STPS,10,2000s,NA,NA,NA,NA,NA,NA,23951,ssp245,pH,SP_STPS,SP,STPS,8.084997839,8.084289233,0.029942733,7.85878027,8.144177723,0.000193477
ssp245_pH_SP_STPS,11,2000s,NA,NA,NA,NA,NA,NA,23951,ssp245,pH,SP_STPS,SP,STPS,8.075460053,8.074789357,0.026815947,7.896242313,8.142187214,0.000173273
ssp245_pH_SP_STPS,12,2000s,NA,NA,NA,NA,NA,NA,23951,ssp245,pH,SP_STPS,SP,STPS,8.062568543,8.062122525,0.023029083,7.916596231,8.128663985,0.000148804
ssp245_tos_Atl_EQU,1,2000s,NA,NA,NA,NA,NA,NA,2910,ssp245,tos,Atl_EQU,Atl,EQU,28.6486193,28.64988523,0.82936645,25.68443298,30.64924622,0.015374463
ssp245_tos_Atl_EQU,2,2000s,NA,NA,NA,NA,NA,NA,2910,ssp245,tos,Atl_EQU,Atl,EQU,29.2448361,29.2464194,1.014080517,25.73397446,31.48508263,0.018798619
ssp245_tos_Atl_EQU,3,2000s,NA,NA,NA,NA,NA,NA,2910,ssp245,tos,Atl_EQU,Atl,EQU,29.79139533,29.79349468,1.09201727,26.06856918,31.88960838,0.020243379
ssp245_tos_Atl_EQU,4,2000s,NA,NA,NA,NA,NA,NA,2910,ssp245,tos,Atl_EQU,Atl,EQU,29.78632368,29.7883552,1.056300401,25.42137337,32.00724792,0.019581274
ssp245_tos_Atl_EQU,5,2000s,NA,NA,NA,NA,NA,NA,2910,ssp245,tos,Atl_EQU,Atl,EQU,29.31772942,29.31905168,0.998071229,25.91430092,31.41423988,0.018501845
ssp245_tos_Atl_EQU,6,2000s,NA,NA,NA,NA,NA,NA,2910,ssp245,tos,Atl_EQU,Atl,EQU,28.32968129,28.3295937,1.253172916,24.90772629,30.69314003,0.023230818
ssp245_tos_Atl_EQU,7,2000s,NA,NA,NA,NA,NA,NA,2910,ssp245,tos,Atl_EQU,Atl,EQU,27.32962073,27.32845594,1.444708138,23.5501194,29.91771889,0.026781421
ssp245_tos_Atl_EQU,8,2000s,NA,NA,NA,NA,NA,NA,2910,ssp245,tos,Atl_EQU,Atl,EQU,26.71776334,26.71644829,1.49954263,23.5173378,30.36344528,0.027797921
ssp245_tos_Atl_EQU,9,2000s,NA,NA,NA,NA,NA,NA,2910,ssp245,tos,Atl_EQU,Atl,EQU,26.76577915,26.76458956,1.513712301,23.35663986,30.61127853,0.028060593
ssp245_tos_Atl_EQU,10,2000s,NA,NA,NA,NA,NA,NA,2910,ssp245,tos,Atl_EQU,Atl,EQU,27.30724859,27.30618753,1.491721727,23.64474106,30.40480423,0.027652941
ssp245_tos_Atl_EQU,11,2000s,NA,NA,NA,NA,NA,NA,2910,ssp245,tos,Atl_EQU,Atl,EQU,27.91752155,27.9171316,1.322174415,24.29387665,30.67253494,0.02450994
ssp245_tos_Atl_EQU,12,2000s,NA,NA,NA,NA,NA,NA,2910,ssp245,tos,Atl_EQU,Atl,EQU,28.34171783,28.34252055,0.976785274,25.71978378,30.47363663,0.018107255
ssp245_tos_IND_STPS,1,2000s,NA,NA,NA,NA,NA,NA,15087,ssp245,tos,IND_STPS,IND,STPS,26.28370858,26.48465477,3.371947015,16.88652611,30.98088074,0.027452335
ssp245_tos_IND_STPS,2,2000s,NA,NA,NA,NA,NA,NA,15087,ssp245,tos,IND_STPS,IND,STPS,26.65436069,26.83870149,3.150726793,17.37414169,31.08533669,0.025651295
ssp245_tos_IND_STPS,3,2000s,NA,NA,NA,NA,NA,NA,15087,ssp245,tos,IND_STPS,IND,STPS,26.90009427,27.09869908,3.332187348,17.30835342,31.15956116,0.027128636
ssp245_tos_IND_STPS,4,2000s,NA,NA,NA,NA,NA,NA,15087,ssp245,tos,IND_STPS,IND,STPS,26.74796465,26.97825032,3.769877157,16.75311089,31.46240616,0.03069204
ssp245_tos_IND_STPS,5,2000s,NA,NA,NA,NA,NA,NA,15087,ssp245,tos,IND_STPS,IND,STPS,26.02463036,26.27915516,4.151336614,15.80776215,31.65607834,0.03379765
ssp245_tos_IND_STPS,6,2000s,NA,NA,NA,NA,NA,NA,15087,ssp245,tos,IND_STPS,IND,STPS,25.00411036,25.27218558,4.378752844,13.96344948,31.58501816,0.035649134
ssp245_tos_IND_STPS,7,2000s,NA,NA,NA,NA,NA,NA,15087,ssp245,tos,IND_STPS,IND,STPS,24.08201719,24.35848985,4.525087773,12.4186964,30.98309708,0.036840504
ssp245_tos_IND_STPS,8,2000s,NA,NA,NA,NA,NA,NA,15087,ssp245,tos,IND_STPS,IND,STPS,23.55645435,23.84046462,4.65353137,11.57537174,30.59693909,0.037886213
ssp245_tos_IND_STPS,9,2000s,NA,NA,NA,NA,NA,NA,15087,ssp245,tos,IND_STPS,IND,STPS,23.52414977,23.81134707,4.718207114,11.46371174,30.62114525,0.038412764
ssp245_tos_IND_STPS,10,2000s,NA,NA,NA,NA,NA,NA,15087,ssp245,tos,IND_STPS,IND,STPS,24.00518733,24.29020807,4.694757379,12.17798328,30.50188637,0.03822185
ssp245_tos_IND_STPS,11,2000s,NA,NA,NA,NA,NA,NA,15087,ssp245,tos,IND_STPS,IND,STPS,24.77933148,25.05195157,4.457176794,13.57186699,30.54798317,0.036287614
ssp245_tos_IND_STPS,12,2000s,NA,NA,NA,NA,NA,NA,15087,ssp245,tos,IND_STPS,IND,STPS,25.6485304,25.8882945,3.929493864,15.50741291,31.34720421,0.031991542
ssp245_tos_NA_SPSS,1,2000s,NA,NA,NA,NA,NA,NA,7616,ssp245,tos,NA_SPSS,NA,SPSS,5.060625573,5.743372422,4.044835116,-1.86623311,16.83948517,0.046348678
ssp245_tos_NA_SPSS,2,2000s,NA,NA,NA,NA,NA,NA,7616,ssp245,tos,NA_SPSS,NA,SPSS,4.667623335,5.287804612,4.031436758,-1.878605604,15.94459248,0.04619515
ssp245_tos_NA_SPSS,3,2000s,NA,NA,NA,NA,NA,NA,7616,ssp245,tos,NA_SPSS,NA,SPSS,4.490115648,5.104054436,4.060678561,-1.890077233,16.12759781,0.046530224
ssp245_tos_NA_SPSS,4,2000s,NA,NA,NA,NA,NA,NA,7616,ssp245,tos,NA_SPSS,NA,SPSS,4.602834758,5.273420087,4.175895142,-1.888356924,17.22460365,0.04785046
ssp245_tos_NA_SPSS,5,2000s,NA,NA,NA,NA,NA,NA,7616,ssp245,tos,NA_SPSS,NA,SPSS,5.404653571,6.181732201,4.454601191,-1.848196983,19.92770004,0.051044078
ssp245_tos_NA_SPSS,6,2000s,NA,NA,NA,NA,NA,NA,7616,ssp245,tos,NA_SPSS,NA,SPSS,7.146222164,8.023449201,4.742065016,-1.720868826,23.17744637,0.054338048
ssp245_tos_NA_SPSS,7,2000s,NA,NA,NA,NA,NA,NA,7616,ssp245,tos,NA_SPSS,NA,SPSS,9.024025342,9.952728778,4.727264648,-1.359952331,25.85745239,0.054168455
ssp245_tos_NA_SPSS,8,2000s,NA,NA,NA,NA,NA,NA,7616,ssp245,tos,NA_SPSS,NA,SPSS,9.901271588,10.9159778,4.682377599,-1.02246511,26.66526222,0.053654106
ssp245_tos_NA_SPSS,9,2000s,NA,NA,NA,NA,NA,NA,7616,ssp245,tos,NA_SPSS,NA,SPSS,9.268711412,10.30917842,4.580288224,-1.212892771,25.80730247,0.052484292
ssp245_tos_NA_SPSS,10,2000s,NA,NA,NA,NA,NA,NA,7616,ssp245,tos,NA_SPSS,NA,SPSS,7.964481686,8.951122038,4.381967718,-1.490801096,23.71328354,0.05021179
ssp245_tos_NA_SPSS,11,2000s,NA,NA,NA,NA,NA,NA,7616,ssp245,tos,NA_SPSS,NA,SPSS,6.705119027,7.587841836,4.173904495,-1.646612883,20.92584038,0.04782765
ssp245_tos_NA_SPSS,12,2000s,NA,NA,NA,NA,NA,NA,7616,ssp245,tos,NA_SPSS,NA,SPSS,5.749429622,6.528388242,4.080794717,-1.822977662,18.55195999,0.04676073
ssp245_tos_NA_STPS,1,2000s,NA,NA,NA,NA,NA,NA,7527,ssp245,tos,NA_STPS,NA,STPS,23.43046139,23.5949657,3.01736782,14.72227478,29.50837708,0.034779016
ssp245_tos_NA_STPS,2,2000s,NA,NA,NA,NA,NA,NA,7527,ssp245,tos,NA_STPS,NA,STPS,22.89374741,23.06314301,3.097137583,14.34134674,29.53310204,0.035698465
ssp245_tos_NA_STPS,3,2000s,NA,NA,NA,NA,NA,NA,7527,ssp245,tos,NA_STPS,NA,STPS,22.8257618,23.00090903,3.180507341,14.45198536,30.16625404,0.036659408
ssp245_tos_NA_STPS,4,2000s,NA,NA,NA,NA,NA,NA,7527,ssp245,tos,NA_STPS,NA,STPS,23.21379945,23.38844384,3.194843432,14.80903339,30.66508865,0.036824649
ssp245_tos_NA_STPS,5,2000s,NA,NA,NA,NA,NA,NA,7527,ssp245,tos,NA_STPS,NA,STPS,24.12314623,24.2802463,2.984233604,15.94184685,30.74539566,0.034397102
ssp245_tos_NA_STPS,6,2000s,NA,NA,NA,NA,NA,NA,7527,ssp245,tos,NA_STPS,NA,STPS,25.2997632,25.42120926,2.553420169,17.42229652,30.3429985,0.029431427
ssp245_tos_NA_STPS,7,2000s,NA,NA,NA,NA,NA,NA,7527,ssp245,tos,NA_STPS,NA,STPS,26.36627001,26.45204815,2.161577191,18.94001389,30.56767273,0.024914937
ssp245_tos_NA_STPS,8,2000s,NA,NA,NA,NA,NA,NA,7527,ssp245,tos,NA_STPS,NA,STPS,27.04977105,27.12036054,2.004938734,20.00219727,30.63935471,0.023109479
ssp245_tos_NA_STPS,9,2000s,NA,NA,NA,NA,NA,NA,7527,ssp245,tos,NA_STPS,NA,STPS,27.24603959,27.32648402,2.025107982,20.07058907,30.63341141,0.023341955
ssp245_tos_NA_STPS,10,2000s,NA,NA,NA,NA,NA,NA,7527,ssp245,tos,NA_STPS,NA,STPS,26.75262958,26.86172284,2.273548872,19.10066414,30.63019943,0.026205553
ssp245_tos_NA_STPS,11,2000s,NA,NA,NA,NA,NA,NA,7527,ssp245,tos,NA_STPS,NA,STPS,25.69953472,25.83730091,2.627987091,17.5578804,30.65238571,0.030290906
ssp245_tos_NA_STPS,12,2000s,NA,NA,NA,NA,NA,NA,7527,ssp245,tos,NA_STPS,NA,STPS,24.48525152,24.64051859,2.872799658,16.09309196,29.78608131,0.033112684
ssp245_tos_NA_STSS,1,2000s,NA,NA,NA,NA,NA,NA,3133,ssp245,tos,NA_STSS,NA,STSS,15.51898936,15.69746343,3.207704483,5.360782623,23.21410561,0.057307855
ssp245_tos_NA_STSS,2,2000s,NA,NA,NA,NA,NA,NA,3133,ssp245,tos,NA_STSS,NA,STSS,14.96719585,15.14502957,3.197636228,4.544552803,22.70407486,0.057127979
ssp245_tos_NA_STSS,3,2000s,NA,NA,NA,NA,NA,NA,3133,ssp245,tos,NA_STSS,NA,STSS,14.84875897,15.02612031,3.171358645,4.588788033,22.8664341,0.056658512
ssp245_tos_NA_STSS,4,2000s,NA,NA,NA,NA,NA,NA,3133,ssp245,tos,NA_STSS,NA,STSS,15.18698113,15.363988,3.15699869,4.980286121,23.55471039,0.056401961
ssp245_tos_NA_STSS,5,2000s,NA,NA,NA,NA,NA,NA,3133,ssp245,tos,NA_STSS,NA,STSS,16.32653066,16.50852112,3.266648548,5.937951088,25.77705765,0.058360931
ssp245_tos_NA_STSS,6,2000s,NA,NA,NA,NA,NA,NA,3133,ssp245,tos,NA_STSS,NA,STSS,18.32145788,18.51164323,3.437477477,7.606489658,28.33143997,0.061412908
ssp245_tos_NA_STSS,7,2000s,NA,NA,NA,NA,NA,NA,3133,ssp245,tos,NA_STSS,NA,STSS,20.62643412,20.82099071,3.530101174,9.550086975,30.02622032,0.063067694
ssp245_tos_NA_STSS,8,2000s,NA,NA,NA,NA,NA,NA,3133,ssp245,tos,NA_STSS,NA,STSS,22.07055945,22.26443558,3.531253998,11.25316811,30.1651001,0.06308829
ssp245_tos_NA_STSS,9,2000s,NA,NA,NA,NA,NA,NA,3133,ssp245,tos,NA_STSS,NA,STSS,21.73873676,21.93336774,3.508915931,11.28064537,29.45328903,0.062689205
ssp245_tos_NA_STSS,10,2000s,NA,NA,NA,NA,NA,NA,3133,ssp245,tos,NA_STSS,NA,STSS,20.1260371,20.3227097,3.493389263,9.855786324,28.03052902,0.062411811
ssp245_tos_NA_STSS,11,2000s,NA,NA,NA,NA,NA,NA,3133,ssp245,tos,NA_STSS,NA,STSS,18.19868274,18.39308844,3.444708135,8.361257553,26.14030075,0.061542089
ssp245_tos_NA_STSS,12,2000s,NA,NA,NA,NA,NA,NA,3133,ssp245,tos,NA_STSS,NA,STSS,16.63229068,16.8178398,3.307376905,6.807324409,24.48784256,0.059088572
ssp245_tos_NP_SPSS,1,2000s,NA,NA,NA,NA,NA,NA,7558,ssp245,tos,NP_SPSS,NP,SPSS,6.388290079,6.646973572,3.237520788,-1.491194963,16.45460892,0.037239953
ssp245_tos_NP_SPSS,2,2000s,NA,NA,NA,NA,NA,NA,7558,ssp245,tos,NP_SPSS,NP,SPSS,5.841564999,6.094595229,3.260796763,-1.615187883,15.07237434,0.037507687
ssp245_tos_NP_SPSS,3,2000s,NA,NA,NA,NA,NA,NA,7558,ssp245,tos,NP_SPSS,NP,SPSS,5.663493287,5.918780655,3.305853337,-1.678497076,14.50605965,0.038025956
ssp245_tos_NP_SPSS,4,2000s,NA,NA,NA,NA,NA,NA,7558,ssp245,tos,NP_SPSS,NP,SPSS,6.016350391,6.280864392,3.348991679,-1.523652077,15.41185188,0.038522159
ssp245_tos_NP_SPSS,5,2000s,NA,NA,NA,NA,NA,NA,7558,ssp245,tos,NP_SPSS,NP,SPSS,7.203309067,7.464968562,3.322292331,-0.658947527,17.303442,0.038215047
ssp245_tos_NP_SPSS,6,2000s,NA,NA,NA,NA,NA,NA,7558,ssp245,tos,NP_SPSS,NP,SPSS,9.355962625,9.601421671,3.203534299,2.19320178,20.68224525,0.036849019
ssp245_tos_NP_SPSS,7,2000s,NA,NA,NA,NA,NA,NA,7558,ssp245,tos,NP_SPSS,NP,SPSS,11.8652387,12.11970363,3.192726717,4.281392097,24.51795959,0.036724704
ssp245_tos_NP_SPSS,8,2000s,NA,NA,NA,NA,NA,NA,7558,ssp245,tos,NP_SPSS,NP,SPSS,13.49602418,13.79818797,3.457646322,5.809649467,27.77499008,0.039771972
ssp245_tos_NP_SPSS,9,2000s,NA,NA,NA,NA,NA,NA,7558,ssp245,tos,NP_SPSS,NP,SPSS,12.9373142,13.26239528,3.518703138,5.57019949,24.72914696,0.040474285
ssp245_tos_NP_SPSS,10,2000s,NA,NA,NA,NA,NA,NA,7558,ssp245,tos,NP_SPSS,NP,SPSS,10.9542082,11.27104487,3.41474231,3.471977234,22.4180336,0.039278464
ssp245_tos_NP_SPSS,11,2000s,NA,NA,NA,NA,NA,NA,7558,ssp245,tos,NP_SPSS,NP,SPSS,8.942057577,9.239273021,3.323568235,1.535820723,20.00859833,0.038229723
ssp245_tos_NP_SPSS,12,2000s,NA,NA,NA,NA,NA,NA,7558,ssp245,tos,NP_SPSS,NP,SPSS,7.418933946,7.692627286,3.255246107,-0.444486707,17.93160057,0.03744384
ssp245_tos_NP_STPS,1,2000s,NA,NA,NA,NA,NA,NA,17525,ssp245,tos,NP_STPS,NP,STPS,24.07387312,24.28316276,3.9929007,12.41604614,30.34454918,0.030161956
ssp245_tos_NP_STPS,2,2000s,NA,NA,NA,NA,NA,NA,17525,ssp245,tos,NP_STPS,NP,STPS,23.60821064,23.83078848,4.211243319,11.79219818,29.96017456,0.031811293
ssp245_tos_NP_STPS,3,2000s,NA,NA,NA,NA,NA,NA,17525,ssp245,tos,NP_STPS,NP,STPS,23.64616865,23.87634832,4.337966067,11.52690411,30.31408691,0.032768543
ssp245_tos_NP_STPS,4,2000s,NA,NA,NA,NA,NA,NA,17525,ssp245,tos,NP_STPS,NP,STPS,24.20578227,24.43774886,4.393022939,11.86093616,31.10776138,0.033184437
ssp245_tos_NP_STPS,5,2000s,NA,NA,NA,NA,NA,NA,17525,ssp245,tos,NP_STPS,NP,STPS,25.11775388,25.33649114,4.221418423,12.79137993,31.63325882,0.031888155
ssp245_tos_NP_STPS,6,2000s,NA,NA,NA,NA,NA,NA,17525,ssp245,tos,NP_STPS,NP,STPS,26.1586609,26.34378458,3.717004407,14.35684776,31.435709,0.028077864
ssp245_tos_NP_STPS,7,2000s,NA,NA,NA,NA,NA,NA,17525,ssp245,tos,NP_STPS,NP,STPS,26.98616808,27.13629835,3.202424752,15.33500099,31.33167648,0.024190783
ssp245_tos_NP_STPS,8,2000s,NA,NA,NA,NA,NA,NA,17525,ssp245,tos,NP_STPS,NP,STPS,27.4779125,27.61181779,2.92596892,15.98876667,31.28606033,0.022102464
ssp245_tos_NP_STPS,9,2000s,NA,NA,NA,NA,NA,NA,17525,ssp245,tos,NP_STPS,NP,STPS,27.61080052,27.74522054,2.891407659,16.30178261,31.53026199,0.021841392
ssp245_tos_NP_STPS,10,2000s,NA,NA,NA,NA,NA,NA,17525,ssp245,tos,NP_STPS,NP,STPS,27.13523192,27.28802904,3.108045884,15.99839973,31.446064,0.023477855
ssp245_tos_NP_STPS,11,2000s,NA,NA,NA,NA,NA,NA,17525,ssp245,tos,NP_STPS,NP,STPS,26.16386179,26.34027258,3.464151236,14.89801025,31.1464386,0.026167837
ssp245_tos_NP_STPS,12,2000s,NA,NA,NA,NA,NA,NA,17525,ssp245,tos,NP_STPS,NP,STPS,25.03149238,25.22515175,3.74281116,13.6342144,30.95103455,0.028272805
ssp245_tos_NP_STSS,1,2000s,NA,NA,NA,NA,NA,NA,3381,ssp245,tos,NP_STSS,NP,STSS,15.80355464,15.92340871,2.959644275,8.537004471,23.26490974,0.0508999
ssp245_tos_NP_STSS,2,2000s,NA,NA,NA,NA,NA,NA,3381,ssp245,tos,NP_STSS,NP,STSS,14.9405042,15.05380709,2.802784993,5.332671165,22.83091927,0.048202237
ssp245_tos_NP_STSS,3,2000s,NA,NA,NA,NA,NA,NA,3381,ssp245,tos,NP_STSS,NP,STSS,14.72001929,14.83333065,2.745067449,5.29030323,23.18704414,0.047209612
ssp245_tos_NP_STSS,4,2000s,NA,NA,NA,NA,NA,NA,3381,ssp245,tos,NP_STSS,NP,STSS,15.24010095,15.35861488,2.816758332,8.220971107,25.1563549,0.048442551
ssp245_tos_NP_STSS,5,2000s,NA,NA,NA,NA,NA,NA,3381,ssp245,tos,NP_STSS,NP,STSS,16.67015922,16.80151023,3.135332275,10.92589283,27.14948082,0.053921379
ssp245_tos_NP_STSS,6,2000s,NA,NA,NA,NA,NA,NA,3381,ssp245,tos,NP_STSS,NP,STSS,18.82948556,18.97057484,3.463464206,12.67446136,29.47434044,0.059564585
ssp245_tos_NP_STSS,7,2000s,NA,NA,NA,NA,NA,NA,3381,ssp245,tos,NP_STSS,NP,STSS,21.48831103,21.62846789,3.506722403,14.17218208,30.28682899,0.060308538
ssp245_tos_NP_STSS,8,2000s,NA,NA,NA,NA,NA,NA,3381,ssp245,tos,NP_STSS,NP,STSS,23.28434518,23.4123699,3.373410393,15.09377003,30.91035461,0.058015841
ssp245_tos_NP_STSS,9,2000s,NA,NA,NA,NA,NA,NA,3381,ssp245,tos,NP_STSS,NP,STSS,23.24336886,23.37664518,3.438989485,15.3562336,31.00582504,0.059143669
ssp245_tos_NP_STSS,10,2000s,NA,NA,NA,NA,NA,NA,3381,ssp245,tos,NP_STSS,NP,STSS,21.55893682,21.69969185,3.503970894,14.45284462,29.61375427,0.060261218
ssp245_tos_NP_STSS,11,2000s,NA,NA,NA,NA,NA,NA,3381,ssp245,tos,NP_STSS,NP,STSS,19.41915377,19.55907009,3.423342975,12.99935913,27.13684082,0.058874581
ssp245_tos_NP_STSS,12,2000s,NA,NA,NA,NA,NA,NA,3381,ssp245,tos,NP_STSS,NP,STSS,17.39361264,17.52529579,3.218026537,10.54580116,24.70921516,0.055343553
ssp245_tos_Pac_EQU_E,1,2000s,NA,NA,NA,NA,NA,NA,6022,ssp245,tos,Pac_EQU_E,Pac,EQU,27.01635469,27.01542905,1.116211153,24.49117661,29.74664307,0.014383878
ssp245_tos_Pac_EQU_E,2,2000s,NA,NA,NA,NA,NA,NA,6022,ssp245,tos,Pac_EQU_E,Pac,EQU,27.1185897,27.11735691,1.148907811,22.94621658,29.65860367,0.014805218
ssp245_tos_Pac_EQU_E,3,2000s,NA,NA,NA,NA,NA,NA,6022,ssp245,tos,Pac_EQU_E,Pac,EQU,27.39291423,27.39162858,1.199780469,22.60283279,29.99820328,0.01546078
ssp245_tos_Pac_EQU_E,4,2000s,NA,NA,NA,NA,NA,NA,6022,ssp245,tos,Pac_EQU_E,Pac,EQU,27.85360734,27.85264699,1.06913256,23.35704231,30.09804726,0.013777207
ssp245_tos_Pac_EQU_E,5,2000s,NA,NA,NA,NA,NA,NA,6022,ssp245,tos,Pac_EQU_E,Pac,EQU,27.77464909,27.77341891,1.570889099,21.87971115,30.73160744,0.020243013
ssp245_tos_Pac_EQU_E,6,2000s,NA,NA,NA,NA,NA,NA,6022,ssp245,tos,Pac_EQU_E,Pac,EQU,27.20106903,27.2001677,2.068712986,20.69628143,30.64414406,0.026658141
ssp245_tos_Pac_EQU_E,7,2000s,NA,NA,NA,NA,NA,NA,6022,ssp245,tos,Pac_EQU_E,Pac,EQU,26.69999733,26.69939647,2.292854255,20.02333641,30.80847168,0.029546502
ssp245_tos_Pac_EQU_E,8,2000s,NA,NA,NA,NA,NA,NA,6022,ssp245,tos,Pac_EQU_E,Pac,EQU,26.27618114,26.27523411,2.433844032,19.71485519,30.68756104,0.031363344
ssp245_tos_Pac_EQU_E,9,2000s,NA,NA,NA,NA,NA,NA,6022,ssp245,tos,Pac_EQU_E,Pac,EQU,26.11861299,26.117424,2.401556093,20.28478813,30.35625648,0.030947271
ssp245_tos_Pac_EQU_E,10,2000s,NA,NA,NA,NA,NA,NA,6022,ssp245,tos,Pac_EQU_E,Pac,EQU,26.3160808,26.31502588,2.201930119,21.12396049,30.32018471,0.028374823
ssp245_tos_Pac_EQU_E,11,2000s,NA,NA,NA,NA,NA,NA,6022,ssp245,tos,Pac_EQU_E,Pac,EQU,26.61509017,26.61413494,1.930576636,20.98478699,30.18969345,0.024878069
ssp245_tos_Pac_EQU_E,12,2000s,NA,NA,NA,NA,NA,NA,6022,ssp245,tos,Pac_EQU_E,Pac,EQU,26.86988848,26.86902996,1.519169371,22.88143349,30.08649826,0.019576535
ssp245_tos_Pac_EQU_W,1,2000s,NA,NA,NA,NA,NA,NA,4363,ssp245,tos,Pac_EQU_W,Pac,EQU,29.93522765,29.93479861,0.822521292,26.36159134,31.26991653,0.012452442
ssp245_tos_Pac_EQU_W,2,2000s,NA,NA,NA,NA,NA,NA,4363,ssp245,tos,Pac_EQU_W,Pac,EQU,29.78253761,29.78158919,0.894546706,26.5765419,31.24739075,0.013542861
ssp245_tos_Pac_EQU_W,3,2000s,NA,NA,NA,NA,NA,NA,4363,ssp245,tos,Pac_EQU_W,Pac,EQU,29.82912623,29.82790461,0.88377734,27.18316078,31.20832825,0.01337982
ssp245_tos_Pac_EQU_W,4,2000s,NA,NA,NA,NA,NA,NA,4363,ssp245,tos,Pac_EQU_W,Pac,EQU,30.07108642,30.0702602,0.76529849,27.79122543,31.27785301,0.011586126
ssp245_tos_Pac_EQU_W,5,2000s,NA,NA,NA,NA,NA,NA,4363,ssp245,tos,Pac_EQU_W,Pac,EQU,30.28512195,30.28534726,0.575974024,28.2146759,31.43028259,0.008719876
ssp245_tos_Pac_EQU_W,6,2000s,NA,NA,NA,NA,NA,NA,4363,ssp245,tos,Pac_EQU_W,Pac,EQU,30.21994071,30.22132087,0.632764181,27.86739731,31.408741,0.009579642
ssp245_tos_Pac_EQU_W,7,2000s,NA,NA,NA,NA,NA,NA,4363,ssp245,tos,Pac_EQU_W,Pac,EQU,30.01231709,30.01436198,0.784468361,27.18029785,31.31136131,0.011876346
ssp245_tos_Pac_EQU_W,8,2000s,NA,NA,NA,NA,NA,NA,4363,ssp245,tos,Pac_EQU_W,Pac,EQU,29.93371518,29.93578906,0.849105986,26.91155052,31.38181686,0.012854918
ssp245_tos_Pac_EQU_W,9,2000s,NA,NA,NA,NA,NA,NA,4363,ssp245,tos,Pac_EQU_W,Pac,EQU,29.99947634,30.00126519,0.778793414,27.16823959,31.52912331,0.011790431
ssp245_tos_Pac_EQU_W,10,2000s,NA,NA,NA,NA,NA,NA,4363,ssp245,tos,Pac_EQU_W,Pac,EQU,30.13543411,30.13671763,0.657755946,27.59642029,31.43540001,0.009958001
ssp245_tos_Pac_EQU_W,11,2000s,NA,NA,NA,NA,NA,NA,4363,ssp245,tos,Pac_EQU_W,Pac,EQU,30.26674775,30.26769938,0.573763765,27.98598099,31.41825867,0.008686414
ssp245_tos_Pac_EQU_W,12,2000s,NA,NA,NA,NA,NA,NA,4363,ssp245,tos,Pac_EQU_W,Pac,EQU,30.17557755,30.17587367,0.672173607,26.87132835,31.33724976,0.010176275
ssp245_tos_SA_STPS,1,2000s,NA,NA,NA,NA,NA,NA,7787,ssp245,tos,SA_STPS,SA,STPS,24.19294731,24.33346283,2.595309401,17.46305275,29.68284988,0.029410611
ssp245_tos_SA_STPS,2,2000s,NA,NA,NA,NA,NA,NA,7787,ssp245,tos,SA_STPS,SA,STPS,24.99553518,25.13297466,2.561687711,18.6192894,30.41648293,0.029029603
ssp245_tos_SA_STPS,3,2000s,NA,NA,NA,NA,NA,NA,7787,ssp245,tos,SA_STPS,SA,STPS,25.06401623,25.21400428,2.750688237,18.6513195,30.92790794,0.031171398
ssp245_tos_SA_STPS,4,2000s,NA,NA,NA,NA,NA,NA,7787,ssp245,tos,SA_STPS,SA,STPS,24.41320142,24.58195684,3.00196913,17.34602928,31.45389175,0.034018968
ssp245_tos_SA_STPS,5,2000s,NA,NA,NA,NA,NA,NA,7787,ssp245,tos,SA_STPS,SA,STPS,23.34137519,23.52580392,3.199032528,15.5956974,30.75159836,0.036252133
ssp245_tos_SA_STPS,6,2000s,NA,NA,NA,NA,NA,NA,7787,ssp245,tos,SA_STPS,SA,STPS,22.0786737,22.27016607,3.285599516,14.05489826,29.05220604,0.037233129
ssp245_tos_SA_STPS,7,2000s,NA,NA,NA,NA,NA,NA,7787,ssp245,tos,SA_STPS,SA,STPS,20.97774987,21.16987009,3.297553763,13.05627632,27.43828773,0.037368597
ssp245_tos_SA_STPS,8,2000s,NA,NA,NA,NA,NA,NA,7787,ssp245,tos,SA_STPS,SA,STPS,20.24959386,20.43954524,3.27935393,12.71502399,26.97756386,0.037162353
ssp245_tos_SA_STPS,9,2000s,NA,NA,NA,NA,NA,NA,7787,ssp245,tos,SA_STPS,SA,STPS,20.03854576,20.22739699,3.281323188,12.70355034,26.96508217,0.037184669
ssp245_tos_SA_STPS,10,2000s,NA,NA,NA,NA,NA,NA,7787,ssp245,tos,SA_STPS,SA,STPS,20.45,20.63764659,3.274254989,13.38907623,27.24022865,0.037104571
ssp245_tos_SA_STPS,11,2000s,NA,NA,NA,NA,NA,NA,7787,ssp245,tos,SA_STPS,SA,STPS,21.44085747,21.62000844,3.150703043,14.37793159,28.52548218,0.035704453
ssp245_tos_SA_STPS,12,2000s,NA,NA,NA,NA,NA,NA,7787,ssp245,tos,SA_STPS,SA,STPS,22.83011526,22.99042367,2.868359318,15.80771923,28.8956356,0.032504873
ssp245_tos_SO_SPSS,1,2000s,NA,NA,NA,NA,NA,NA,21560,ssp245,tos,SO_SPSS,SO,SPSS,4.968812659,5.168573665,2.429094606,-0.965308785,11.78390026,0.01654322
ssp245_tos_SO_SPSS,2,2000s,NA,NA,NA,NA,NA,NA,21560,ssp245,tos,SO_SPSS,SO,SPSS,5.361960409,5.562706515,2.401004787,-0.238811105,12.66204548,0.016351916
ssp245_tos_SO_SPSS,3,2000s,NA,NA,NA,NA,NA,NA,21560,ssp245,tos,SO_SPSS,SO,SPSS,5.186769125,5.398762536,2.427808292,-0.337441266,12.59383583,0.01653446
ssp245_tos_SO_SPSS,4,2000s,NA,NA,NA,NA,NA,NA,21560,ssp245,tos,SO_SPSS,SO,SPSS,4.653383494,4.872569778,2.432868802,-0.851462364,11.94708061,0.016568924
ssp245_tos_SO_SPSS,5,2000s,NA,NA,NA,NA,NA,NA,21560,ssp245,tos,SO_SPSS,SO,SPSS,4.020789496,4.239285024,2.419573434,-1.45992589,11.00285816,0.016478377
ssp245_tos_SO_SPSS,6,2000s,NA,NA,NA,NA,NA,NA,21560,ssp245,tos,SO_SPSS,SO,SPSS,3.456088846,3.669592241,2.41082883,-1.761388183,10.36553192,0.016418822
ssp245_tos_SO_SPSS,7,2000s,NA,NA,NA,NA,NA,NA,21560,ssp245,tos,SO_SPSS,SO,SPSS,3.015012185,3.222286621,2.417004799,-1.792911291,9.843090057,0.016460883
ssp245_tos_SO_SPSS,8,2000s,NA,NA,NA,NA,NA,NA,21560,ssp245,tos,SO_SPSS,SO,SPSS,2.701899577,2.904413945,2.437609701,-1.846825838,9.441152573,0.016601212
ssp245_tos_SO_SPSS,9,2000s,NA,NA,NA,NA,NA,NA,21560,ssp245,tos,SO_SPSS,SO,SPSS,2.561371148,2.762988174,2.466011818,-1.839518547,9.493837357,0.016794643
ssp245_tos_SO_SPSS,10,2000s,NA,NA,NA,NA,NA,NA,21560,ssp245,tos,SO_SPSS,SO,SPSS,2.674128269,2.880970797,2.509645038,-1.816576958,9.882187843,0.017091805
ssp245_tos_SO_SPSS,11,2000s,NA,NA,NA,NA,NA,NA,21560,ssp245,tos,SO_SPSS,SO,SPSS,3.15894167,3.374504725,2.557513836,-1.838268518,10.16722298,0.017417813
ssp245_tos_SO_SPSS,12,2000s,NA,NA,NA,NA,NA,NA,21560,ssp245,tos,SO_SPSS,SO,SPSS,4.066300928,4.278249855,2.526491961,-1.747640014,10.80864334,0.01720654
ssp245_tos_SO_STSS,1,2000s,NA,NA,NA,NA,NA,NA,15878,ssp245,tos,SO_STSS,SO,STSS,14.01427641,14.22138809,3.553003835,6.872544765,24.9539547,0.028196667
ssp245_tos_SO_STSS,2,2000s,NA,NA,NA,NA,NA,NA,15878,ssp245,tos,SO_STSS,SO,STSS,14.62589967,14.84481939,3.712163796,7.070370674,25.29106712,0.029459762
ssp245_tos_SO_STSS,3,2000s,NA,NA,NA,NA,NA,NA,15878,ssp245,tos,SO_STSS,SO,STSS,14.46296151,14.68433335,3.714881537,6.761424065,25.2383213,0.02948133
ssp245_tos_SO_STSS,4,2000s,NA,NA,NA,NA,NA,NA,15878,ssp245,tos,SO_STSS,SO,STSS,13.62002628,13.83541102,3.597704144,6.000668049,24.27749252,0.028551409
ssp245_tos_SO_STSS,5,2000s,NA,NA,NA,NA,NA,NA,15878,ssp245,tos,SO_STSS,SO,STSS,12.53645324,12.7398559,3.415634363,4.862249374,23.04505539,0.027106502
ssp245_tos_SO_STSS,6,2000s,NA,NA,NA,NA,NA,NA,15878,ssp245,tos,SO_STSS,SO,STSS,11.55035865,11.7392961,3.232958324,3.954365492,21.77646065,0.025656783
ssp245_tos_SO_STSS,7,2000s,NA,NA,NA,NA,NA,NA,15878,ssp245,tos,SO_STSS,SO,STSS,10.82978353,11.00602625,3.092916858,3.232601881,20.98643303,0.024545413
ssp245_tos_SO_STSS,8,2000s,NA,NA,NA,NA,NA,NA,15878,ssp245,tos,SO_STSS,SO,STSS,10.40657471,10.57457017,3.009354972,2.863707781,20.79657364,0.023882265
ssp245_tos_SO_STSS,9,2000s,NA,NA,NA,NA,NA,NA,15878,ssp245,tos,SO_STSS,SO,STSS,10.32317318,10.48906701,2.990226423,2.880627871,21.11365891,0.023730461
ssp245_tos_SO_STSS,10,2000s,NA,NA,NA,NA,NA,NA,15878,ssp245,tos,SO_STSS,SO,STSS,10.68047268,10.85163949,3.049214629,3.256675005,21.8873539,0.024198592
ssp245_tos_SO_STSS,11,2000s,NA,NA,NA,NA,NA,NA,15878,ssp245,tos,SO_STSS,SO,STSS,11.53668196,11.71763147,3.157701343,4.301715374,22.95785904,0.025059543
ssp245_tos_SO_STSS,12,2000s,NA,NA,NA,NA,NA,NA,15878,ssp245,tos,SO_STSS,SO,STSS,12.80806194,13.00028272,3.326418499,5.72964716,24.11586952,0.026398484
ssp245_tos_SP_STPS,1,2000s,NA,NA,NA,NA,NA,NA,23951,ssp245,tos,SP_STPS,SP,STPS,23.04999398,23.52638131,5.173372209,8.11362648,30.82516861,0.033428116
ssp245_tos_SP_STPS,2,2000s,NA,NA,NA,NA,NA,NA,23951,ssp245,tos,SP_STPS,SP,STPS,23.67941715,24.15032942,5.124545776,8.403486252,30.97953415,0.03311262
ssp245_tos_SP_STPS,3,2000s,NA,NA,NA,NA,NA,NA,23951,ssp245,tos,SP_STPS,SP,STPS,23.64731283,24.138914,5.281074324,8.279629707,30.88238525,0.034124041
ssp245_tos_SP_STPS,4,2000s,NA,NA,NA,NA,NA,NA,23951,ssp245,tos,SP_STPS,SP,STPS,22.98402966,23.50598164,5.512861407,7.779398441,31.00451279,0.03562175
ssp245_tos_SP_STPS,5,2000s,NA,NA,NA,NA,NA,NA,23951,ssp245,tos,SP_STPS,SP,STPS,21.94710288,22.49431246,5.71821763,7.153227806,31.09910965,0.036948674
ssp245_tos_SP_STPS,6,2000s,NA,NA,NA,NA,NA,NA,23951,ssp245,tos,SP_STPS,SP,STPS,20.84330425,21.40277252,5.834555455,6.521302223,30.88300514,0.037700399
ssp245_tos_SP_STPS,7,2000s,NA,NA,NA,NA,NA,NA,23951,ssp245,tos,SP_STPS,SP,STPS,19.93282541,20.49540493,5.884444656,6.054745674,30.57681847,0.038022762
ssp245_tos_SP_STPS,8,2000s,NA,NA,NA,NA,NA,NA,23951,ssp245,tos,SP_STPS,SP,STPS,19.38106575,19.94516313,5.920261775,5.73885107,30.23672485,0.038254197
ssp245_tos_SP_STPS,9,2000s,NA,NA,NA,NA,NA,NA,23951,ssp245,tos,SP_STPS,SP,STPS,19.27414431,19.8395117,5.952526235,5.67168808,29.87491226,0.038462676
ssp245_tos_SP_STPS,10,2000s,NA,NA,NA,NA,NA,NA,23951,ssp245,tos,SP_STPS,SP,STPS,19.6853602,20.24732134,5.928676419,5.972175598,30.26087379,0.038308568
ssp245_tos_SP_STPS,11,2000s,NA,NA,NA,NA,NA,NA,23951,ssp245,tos,SP_STPS,SP,STPS,20.62230025,21.16392772,5.733619674,6.610081673,30.60855675,0.037048195
ssp245_tos_SP_STPS,12,2000s,NA,NA,NA,NA,NA,NA,23951,ssp245,tos,SP_STPS,SP,STPS,21.88867958,22.3950675,5.415835719,7.408303738,30.84592247,0.034994811
