"","id","period","mean_delta","areaW_mean_delta","sd_delta","min_delta","max_delta","se_delta","n_delta","scenario","var","biome","loc","type","mean_abs","areaW_mean_abs","sd_abs","min_abs","max_abs","se_abs","n_abs"
"1","ssp245_aqueous_Atl_EQU","1850s",-1.98916071452562,-1.9890944990237,0.15478168474631,-2.82150715883994,-0.790120614922569,0.000828290064571787,34920,"ssp245","aqueous","Atl_EQU","Atl","EQU",8.28561922384997,8.28582521655237,0.466266420598887,4.54596000556561,11.1671502450358,0.00249515208636281,34920
"2","ssp245_aqueous_Atl_EQU","2090s",5.17772339457642,5.17777309317992,0.335213992911939,2.81263827220676,6.43848721476787,0.00179384544295067,34920,"ssp245","aqueous","Atl_EQU","Atl","EQU",15.452503332952,15.452692808756,0.77569906689506,8.70308317409382,18.5605188000506,0.00415103267069264,34920
"3","ssp245_aqueous_IND_STPS","1850s",-2.23454066815691,-2.21675758522483,0.314879050944326,-3.87919490754299,-1.27641305337471,0.000740034044709462,181044,"ssp245","aqueous","IND_STPS","IND","STPS",8.15073010479202,8.11996066792819,0.651199347508384,6.09351566291021,11.5717569907638,0.00153045966571462,181044
"4","ssp245_aqueous_IND_STPS","2090s",5.5781015764928,5.54135336726052,0.679545261127971,4.02510531149836,12.1234846233008,0.00159707870894401,181044,"ssp245","aqueous","IND_STPS","IND","STPS",15.9633723494417,15.8780716204135,1.52251492091259,12.0180268182554,22.8964009493319,0.0035782401899219,181044
"5","ssp245_aqueous_NA_SPSS","1850s",-3.55985954844773,-3.50581686431546,0.817302155920056,-7.8916440644671,1.66949301951333,0.00270351356999684,91392,"ssp245","aqueous","NA_SPSS","NA","SPSS",12.5098030096408,12.4249809924421,1.55750871439624,6.93377893545123,25.5909370108323,0.00515200640822784,91392
"6","ssp245_aqueous_NA_SPSS","2090s",10.8269099483818,10.6838247207494,2.52468795628708,4.6743014146851,18.4031435410238,0.00835129101323128,91392,"ssp245","aqueous","NA_SPSS","NA","SPSS",26.8965725064703,26.614622577507,3.5062694431006,15.580661314875,43.9535417130835,0.0115982160952662,91392
"7","ssp245_aqueous_NA_STPS","1850s",-2.26247015487693,-2.25619944842064,0.179822029192894,-3.2927937544698,-1.55800160020726,0.000598330736206119,90324,"ssp245","aqueous","NA_STPS","NA","STPS",8.37098793445747,8.34968219489037,0.601572113490916,7.01264277682291,11.2719480788414,0.00200164066194574,90324
"8","ssp245_aqueous_NA_STPS","2090s",5.65968500296819,5.63518364583768,0.558348119668789,4.40605715746947,8.36456657952933,0.00185781932836697,90324,"ssp245","aqueous","NA_STPS","NA","STPS",16.2931430923026,16.2410652891487,1.19031700456824,13.9136535166859,21.5104133912438,0.00396060067200109,90324
"9","ssp245_aqueous_NA_STSS","1850s",-2.5482438210045,-2.53382865643384,0.442289566844546,-4.90764498928206,-1.00716137490273,0.00228105561718302,37596,"ssp245","aqueous","NA_STSS","NA","STSS",9.6515618164524,9.60272943298333,1.16044824108999,7.3966950189552,14.0879346670926,0.00598487320800592,37596
"10","ssp245_aqueous_NA_STSS","2090s",7.45671185436777,7.39417896762858,1.49938802480546,4.35746960048002,14.0729815046104,0.00773291466203987,37596,"ssp245","aqueous","NA_STSS","NA","STSS",19.6565174918247,19.5307370570457,2.47097799441968,14.4883105095736,29.7705139882052,0.0127437738907545,37596
"11","ssp245_aqueous_NP_SPSS","1850s",-3.70538249080722,-3.67198885556288,0.699750407019055,-6.54405932509161,0.949602133598994,0.00232353432686956,90696,"ssp245","aqueous","NP_SPSS","NP","SPSS",12.9217517125593,12.775273209463,2.3685236744261,7.61631917915613,25.0822541917035,0.0078647272031989,90696
"12","ssp245_aqueous_NP_SPSS","2090s",8.01266024250769,7.97689366637778,1.4344289453891,2.82271851403931,15.0628352915254,0.00476304816779639,90696,"ssp245","aqueous","NP_SPSS","NP","SPSS",24.6397944458742,24.4241557314037,4.02761433685487,15.147263659415,41.9394908932417,0.0133737688084252,90696
"13","ssp245_aqueous_NP_STPS","1850s",-2.26325818766957,-2.24510341706464,0.362009105774875,-3.99185641397446,-1.40815293933575,0.000789404973623775,210300,"ssp245","aqueous","NP_STPS","NP","STPS",8.31503696132491,8.2843827597151,0.834249021318976,6.45686884732217,11.6984064723611,0.00181918166190966,210300
"14","ssp245_aqueous_NP_STPS","2090s",5.56756437393776,5.53769460766483,0.628579232198231,3.76900050157657,8.45985331250994,0.00137069362150927,210300,"ssp245","aqueous","NP_STPS","NP","STPS",16.1458595229322,16.0671807844446,1.66434950896774,13.4577994759682,23.2162250301553,0.00362931694056468,210300
"15","ssp245_aqueous_NP_STSS","1850s",-2.72848853543578,-2.71575570640546,0.4393776984313,-4.73743677182079,-1.84206866101746,0.00218134722233687,40572,"ssp245","aqueous","NP_STSS","NP","STSS",9.18710959874502,9.15561544813363,1.06344106540835,7.23859731073473,12.680213212335,0.00527959025328221,40572
"16","ssp245_aqueous_NP_STSS","2090s",6.64952130278546,6.62874576675516,0.749025468525839,4.91677141449449,11.025987193159,0.00371863349246407,40572,"ssp245","aqueous","NP_STSS","NP","STSS",18.5651194369663,18.5001169212943,2.10236528202237,14.6327552191603,26.5164421777593,0.0104374634503531,40572
"17","ssp245_aqueous_Pac_EQU_E","1850s",-1.92435018153214,-1.92439641909532,0.1744823535219,-2.91650402703537,0.613625005690807,0.000649068468856028,72264,"ssp245","aqueous","Pac_EQU_E","Pac","EQU",9.49470345537944,9.49561785610075,0.905441488311195,6.22454304547719,15.2938287404249,0.00336821179101706,72264
"18","ssp245_aqueous_Pac_EQU_E","2090s",5.06547221596976,5.06553737488354,0.519910346427238,3.45767299771571,8.21372578736098,0.00193404894928574,72264,"ssp245","aqueous","Pac_EQU_E","Pac","EQU",16.4845258528813,16.4855516500796,1.16205898913702,12.7575134194786,21.9532213254729,0.00432282023697532,72264
"19","ssp245_aqueous_Pac_EQU_W","1850s",-1.83822268349179,-1.8380189734083,0.119445397202345,-2.17767192207619,-1.31217654755259,0.000522018854675239,52356,"ssp245","aqueous","Pac_EQU_W","Pac","EQU",8.01344786356899,8.01556889238298,0.56205802892278,6.56084182627417,9.45930180874204,0.00245639342654832,52356
"20","ssp245_aqueous_Pac_EQU_W","2090s",4.80444858267995,4.80395923967558,0.375331445513417,3.46090972901145,5.82120796875675,0.00164033186627195,52356,"ssp245","aqueous","Pac_EQU_W","Pac","EQU",14.6561191297407,14.6575471054669,0.62870683046207,13.1173023897637,16.4608357774856,0.00274767238630663,52356
"21","ssp245_aqueous_SA_STPS","1850s",-2.3891122419208,-2.37760931980897,0.250072067337289,-3.6429118235112,-0.729371833382558,0.000818068130267027,93444,"ssp245","aqueous","SA_STPS","SA","STPS",8.88431046166746,8.86118319245749,0.609625315235018,6.8887445889777,15.9899398389209,0.00199428527587252,93444
"22","ssp245_aqueous_SA_STPS","2090s",5.9915461047418,5.95942278618725,0.657807753090827,3.46693177290838,9.53152028512257,0.00215190590606968,93444,"ssp245","aqueous","SA_STPS","SA","STPS",17.2649688083301,17.1982152984537,1.31599823444817,14.084112442001,26.2523101747246,0.00430506384240695,93444
"23","ssp245_aqueous_SO_SPSS","1850s",-4.17320377925877,-4.15349230366158,0.374924282403662,-5.63328057645444,-1.52999100488675,0.000737103659986491,258720,"ssp245","aqueous","SO_SPSS","SO","SPSS",16.0117868179593,15.9119415727106,1.54414117821946,8.70806928640434,21.9063446939884,0.00303579193831991,258720
"24","ssp245_aqueous_SO_SPSS","2090s",10.2728001758817,10.1819713962335,1.17005658853807,4.83118482552116,14.769304185737,0.00230033911987104,258720,"ssp245","aqueous","SO_SPSS","SO","SPSS",30.4577907730997,30.2474052726056,2.79640739363656,17.0719464399958,39.6981780511519,0.0054977557373666,258720
"25","ssp245_aqueous_SO_STSS","1850s",-3.10986881911543,-3.08857022771003,0.534581090378249,-9.95551388826773,-0.758927710931545,0.00122468689512393,190536,"ssp245","aqueous","SO_STSS","SO","STSS",11.7138056236869,11.629165634111,1.68859796649341,7.49172711907913,34.0427019984356,0.0038684566998697,190536
"26","ssp245_aqueous_SO_STSS","2090s",7.87553080572772,7.83110921690372,1.0816526941437,3.91382457416466,18.0945950679138,0.00247798865959882,190536,"ssp245","aqueous","SO_STSS","SO","STSS",22.69920524853,22.5488450787248,3.03399698223782,15.0698206500647,43.9559589438829,0.00695066924526477,190536
"27","ssp245_aqueous_SP_STPS","1850s",-2.50537400659088,-2.45887154791604,0.519103986367556,-6.77579684966043,-0.0828475709719996,0.000968282127135031,287412,"ssp245","aqueous","SP_STPS","SP","STPS",9.29536409089086,9.1794628235424,1.5640352602992,6.83933599226866,21.978985001648,0.00291738732224722,287412
"28","ssp245_aqueous_SP_STPS","2090s",6.25919617180308,6.15547348730342,1.14662215701279,3.01536610845504,17.4268560911751,0.00213878870201235,287412,"ssp245","aqueous","SP_STPS","SP","STPS",18.0599342692848,17.7938078587619,2.97562050085409,13.8595189139974,38.8853989807643,0.00555041036820996,287412
"29","ssp245_bicarbonate_Atl_EQU","1850s",-75.9000078651082,-75.8896845366306,14.1642721912852,-198.844762772589,46.7077310108625,0.0757978952558963,34920,"ssp245","bicarbonate","Atl_EQU","Atl","EQU",1664.71119100188,1664.70830696051,59.8053861906758,1146.90827496479,1807.31462851114,0.320039204062199,34920
"30","ssp245_bicarbonate_Atl_EQU","2090s",139.43490952361,139.427230061831,14.1005478785008,1.36898748399722,217.713617143756,0.0754568845268974,34920,"ssp245","bicarbonate","Atl_EQU","Atl","EQU",1880.0461083906,1880.02522155897,68.4229320407424,1185.11663676876,1979.52501801009,0.366154657711002,34920
"31","ssp245_bicarbonate_IND_STPS","1850s",-81.7535117537076,-81.5304290439104,8.85901070984071,-114.897076948887,-33.4746584742959,0.0208205960608253,181044,"ssp245","bicarbonate","IND_STPS","IND","STPS",1660.52900619002,1657.73303376168,60.3101387311439,1349.20997812383,1870.20476467677,0.141741903020689,181044
"32","ssp245_bicarbonate_IND_STPS","2090s",127.225146209362,127.146586741766,15.8800453033018,50.1731069892037,245.230240953246,0.0373215497211649,181044,"ssp245","bicarbonate","IND_STPS","IND","STPS",1869.50766415309,1866.41004954736,71.131621097799,1511.6382476973,2071.47783399296,0.167174732996297,181044
"33","ssp245_bicarbonate_NA_SPSS","1850s",-67.1786489679744,-66.9142218927914,11.2904430607478,-146.779588524879,80.3771558394728,0.0373471008303495,91392,"ssp245","bicarbonate","NA_SPSS","NA","SPSS",1826.82971138793,1820.97856422992,121.432198020092,501.145619387332,1994.66503727792,0.401679590349661,91392
"34","ssp245_bicarbonate_NA_SPSS","2090s",75.1465522364679,73.4071610682147,36.840151608766,-96.7973192434496,224.282035089096,0.121861724055922,91392,"ssp245","bicarbonate","NA_SPSS","NA","SPSS",1969.15491259237,1961.29994719092,135.628860826949,520.034571879079,2162.34793433702,0.44864003241995,91392
"35","ssp245_bicarbonate_NA_STPS","1850s",-92.6722940579454,-92.7640367733472,6.53564344059751,-136.329131871741,-46.9882737054588,0.0217463698354702,90324,"ssp245","bicarbonate","NA_STPS","NA","STPS",1723.02366898822,1721.26744908605,50.235991609323,1489.1237533961,1868.62196118485,0.167152700804015,90324
"36","ssp245_bicarbonate_NA_STPS","2090s",157.108841747685,157.245017614381,19.0265832886362,65.5122179320888,193.51043473459,0.0633080921045828,90324,"ssp245","bicarbonate","NA_STPS","NA","STPS",1972.80480479385,1971.27650347378,55.1085480361715,1735.61429034711,2104.43707090819,0.183365398920967,90324
"37","ssp245_bicarbonate_NA_STSS","1850s",-79.4318237631383,-79.776687298228,8.70494086903235,-103.709822861834,-24.8858527788825,0.0448946928778253,37596,"ssp245","bicarbonate","NA_STSS","NA","STSS",1774.20952194756,1773.05449909744,63.2798102959323,1620.39381487759,1926.56327227521,0.326358063925451,37596
"38","ssp245_bicarbonate_NA_STSS","2090s",123.581901044502,125.178184366174,37.2372755856725,-0.771740752597907,194.371563399558,0.192046801486377,37596,"ssp245","bicarbonate","NA_STSS","NA","STSS",1977.2232467552,1978.00937076184,66.2626213873901,1805.09897059437,2130.05150057243,0.341741555884593,37596
"39","ssp245_bicarbonate_NP_SPSS","1850s",-57.739534259737,-58.5122353657777,13.124616355695,-107.094383501868,46.4098939196294,0.0435805343213194,90696,"ssp245","bicarbonate","NP_SPSS","NP","SPSS",1795.44487492829,1792.7120465229,76.2792281998144,1399.87368978917,2017.23488028556,0.253286605297479,90696
"40","ssp245_bicarbonate_NP_SPSS","2090s",65.1371896511916,66.576826960801,21.1577009645126,-51.0106660327258,164.214849731537,0.0702545421561255,90696,"ssp245","bicarbonate","NP_SPSS","NP","SPSS",1918.32159883922,1917.80110884948,78.7108054676654,1414.80300600675,2108.29979985201,0.261360703138102,90696
"41","ssp245_bicarbonate_NP_STPS","1850s",-78.8004074019606,-78.6206372810974,9.92206553758931,-116.062852004579,-40.5791101693173,0.0216362731186793,210300,"ssp245","bicarbonate","NP_STPS","NP","STPS",1652.95187583098,1650.8492281645,57.8454027130867,1382.68663290535,1812.77584934714,0.126138950304134,210300
"42","ssp245_bicarbonate_NP_STPS","2090s",117.576386853056,117.850939123052,20.5604961451328,49.588149709087,166.774682772442,0.0448346675766595,210300,"ssp245","bicarbonate","NP_STPS","NP","STPS",1849.328670086,1847.32080456865,66.3228443692493,1529.82966444972,2026.11732011657,0.144625044991326,210300
"43","ssp245_bicarbonate_NP_STSS","1850s",-79.0653897470752,-79.2272037744868,8.77097851695989,-103.60377154885,-39.2039299313055,0.0435446534802639,40572,"ssp245","bicarbonate","NP_STSS","NP","STSS",1703.11961708111,1701.92099206318,58.3763287053555,1523.89772367747,1882.25247768633,0.289816808923819,40572
"44","ssp245_bicarbonate_NP_STSS","2090s",107.120016983329,107.575695177211,18.7375852600524,51.4425818342991,155.614129526251,0.0930251574129596,40572,"ssp245","bicarbonate","NP_STSS","NP","STSS",1889.30502381151,1888.72389101488,61.6646534106007,1672.82054234717,2058.35798986406,0.30614212080819,40572
"45","ssp245_bicarbonate_Pac_EQU_E","1850s",-59.6035319410756,-59.5991944730117,8.52560408273113,-98.7411235074849,25.3010936256858,0.0317149595724386,72264,"ssp245","bicarbonate","Pac_EQU_E","Pac","EQU",1707.10777755363,1707.1653331964,67.4008922577557,1307.95069640677,1897.27756773107,0.250729045397595,72264
"46","ssp245_bicarbonate_Pac_EQU_E","2090s",103.090462621523,103.0771011517,19.8214430121209,32.9310784636268,180.531303204173,0.073735099319253,72264,"ssp245","bicarbonate","Pac_EQU_E","Pac","EQU",1869.80177211622,1869.84162882111,62.4647652855822,1503.06155869564,2015.77135989585,0.232366819583708,72264
"47","ssp245_bicarbonate_Pac_EQU_W","1850s",-65.8278910872984,-65.8020949995845,9.34642214303253,-114.063809947812,-23.7105919972719,0.0408471878924888,52356,"ssp245","bicarbonate","Pac_EQU_W","Pac","EQU",1630.8203572729,1630.95562279899,42.80575382654,1469.74980649018,1746.69835459325,0.187076363840013,52356
"48","ssp245_bicarbonate_Pac_EQU_W","2090s",105.921456077342,105.863666025753,26.6516140436225,32.8715845065144,187.315666360501,0.116477029372089,52356,"ssp245","bicarbonate","Pac_EQU_W","Pac","EQU",1802.56970443754,1802.62138382433,41.7276757024748,1651.67454511032,1904.69094265943,0.182364779126358,52356
"49","ssp245_bicarbonate_SA_STPS","1850s",-82.4254446655552,-82.5167243064048,8.3248651957449,-132.365903206364,-13.4344718610901,0.0272333770737479,93444,"ssp245","bicarbonate","SA_STPS","SA","STPS",1737.00971587722,1736.03831092045,49.1317869351819,1447.11283250684,1898.72718407499,0.160726263843498,93444
"50","ssp245_bicarbonate_SA_STPS","2090s",136.670784279113,137.026529256545,14.4760210898042,64.8841794306873,193.469307954768,0.0473558347908947,93444,"ssp245","bicarbonate","SA_STPS","SA","STPS",1956.10594482188,1955.5815644834,51.4233392867647,1705.09725024577,2089.59925752192,0.16822268664525,93444
"51","ssp245_bicarbonate_SO_SPSS","1850s",-51.2922313063356,-51.5266084812778,7.05099965019688,-87.9572451061374,6.98670797869272,0.0138623127192597,258720,"ssp245","bicarbonate","SO_SPSS","SO","SPSS",1901.27844166417,1899.47497547295,51.4859396449494,1438.17595735689,2078.232921165,0.101221703504593,258720
"52","ssp245_bicarbonate_SO_SPSS","2090s",72.4692037294916,72.7761392566081,11.5375052086922,29.7179284523193,150.197243944327,0.0226828128120121,258720,"ssp245","bicarbonate","SO_SPSS","SO","SPSS",2025.0398767,2023.77772321084,56.3318976840315,1560.67617724298,2160.5663752636,0.110748889590936,258720
"53","ssp245_bicarbonate_SO_STSS","1850s",-64.6294762720888,-64.996100070708,9.89282103438282,-135.740728655148,29.7929231979774,0.0226637426850292,190536,"ssp245","bicarbonate","SO_STSS","SO","STSS",1813.14977641564,1811.09690249221,60.0687781340347,1350.53891701123,2044.21056889222,0.13761325776564,190536
"54","ssp245_bicarbonate_SO_STSS","2090s",103.469954362854,104.300451361687,20.6337477963986,-2.70242844263157,242.805526650753,0.0472704346980579,190536,"ssp245","bicarbonate","SO_STSS","SO","STSS",1981.24920705058,1980.3934539246,58.2077470361743,1475.22477680372,2104.85819302875,0.133349769142511,190536
"55","ssp245_bicarbonate_SP_STPS","1850s",-76.071977047028,-76.2639544070117,12.4712462395125,-119.124938865034,-3.05379903502103,0.0232625546209342,287412,"ssp245","bicarbonate","SP_STPS","SP","STPS",1728.14286596454,1723.88083104556,73.1622792620821,1496.44469714467,1969.42837680663,0.136469241713309,287412
"56","ssp245_bicarbonate_SP_STPS","2090s",123.477140530313,124.454346064044,22.6978745634065,33.0457139480889,185.686966378257,0.0423382344209888,287412,"ssp245","bicarbonate","SP_STPS","SP","STPS",1927.69198354188,1924.59913151661,65.4446549688868,1679.56444726759,2089.93008010884,0.122073594861633,287412
"57","ssp245_carbonate_Atl_EQU","1850s",28.2790914576849,28.278473127053,2.74475179016232,5.36654846825516,41.512879188673,0.014688111459914,34920,"ssp245","carbonate","Atl_EQU","Atl","EQU",266.187156508844,266.179005697393,16.6470270061861,182.987630727394,300.663429224977,0.0890839707325956,34920
"58","ssp245_carbonate_Atl_EQU","2090s",-45.0214564941863,-45.020796364322,3.78236411450712,-55.980751271801,-28.1595222708912,0.0202407321109986,34920,"ssp245","carbonate","Atl_EQU","Atl","EQU",192.886608556973,192.879736206018,14.1292066976136,108.538487474336,217.86484173465,0.0756102477311576,34920
"59","ssp245_carbonate_IND_STPS","1850s",31.401760964042,31.3436542117889,3.38316960417605,18.3249180600018,45.251818989809,0.00795118213996136,181044,"ssp245","carbonate","IND_STPS","IND","STPS",255.852611852648,256.843402698789,22.660701378765,160.255486799357,311.13198587091,0.0532575617431144,181044
"60","ssp245_carbonate_IND_STPS","2090s",-50.3359347583048,-50.429683803124,4.07456718583437,-82.8410561094565,-32.6979973956103,0.00957611637208153,181044,"ssp245","carbonate","IND_STPS","IND","STPS",174.114916130301,175.070064683877,19.4882454871648,99.5870288902994,230.374450879871,0.0458016025166038,181044
"61","ssp245_carbonate_NA_SPSS","1850s",22.7630959124967,22.8431975235335,4.88252464271773,-4.2722058040938,67.5608274996734,0.0161506629241322,91392,"ssp245","carbonate","NA_SPSS","NA","SPSS",155.538365408196,157.677950960689,32.9497345129326,3.84786214539309,291.251864351676,0.108992804849789,91392
"62","ssp245_carbonate_NA_SPSS","2090s",-47.1926010024492,-48.2618511397514,21.2376006668495,-120.667672391081,0.341989038432928,0.070250813828292,91392,"ssp245","carbonate","NA_SPSS","NA","SPSS",85.5826684932502,86.5729022974046,17.6761485593823,2.15742133781133,202.422881015247,0.0584700617139256,91392
"63","ssp245_carbonate_NA_STPS","1850s",30.568659258431,30.5681936937048,3.46323382677898,15.03567666734,39.7407340545778,0.0115233892895726,90324,"ssp245","carbonate","NA_STPS","NA","STPS",274.049139638721,274.665156152731,24.1623732437028,179.6520547085,318.205008086266,0.080396660166056,90324
"64","ssp245_carbonate_NA_STPS","2090s",-47.9898545056354,-47.9239565349966,7.02687241051763,-82.2817605579093,-31.9562853608451,0.023380860295495,90324,"ssp245","carbonate","NA_STPS","NA","STPS",195.490625874655,196.173005924029,20.5047120453058,112.614699317584,229.360195984919,0.0682263430616827,90324
"65","ssp245_carbonate_NA_STSS","1850s",27.7389869266238,27.8406251791785,4.33355925434975,-1.96523815745363,45.8055910811997,0.0223498142858168,37596,"ssp245","carbonate","NA_STSS","NA","STSS",225.500397306205,227.031421917733,35.2191560774926,118.16339639524,307.194900148519,0.181638591152312,37596
"66","ssp245_carbonate_NA_STSS","2090s",-54.5272816959306,-54.3752223040407,17.6754004078203,-110.045898339183,-4.5127354615537,0.0911587665833149,37596,"ssp245","carbonate","NA_STSS","NA","STSS",143.234128683651,144.815574434514,30.2500029320673,72.9753031857127,222.841485350873,0.15601077728394,37596
"67","ssp245_carbonate_NP_SPSS","1850s",24.6829146227099,24.9375701281546,4.93663543019853,-9.15899671945439,44.5440228103952,0.0163921903670924,90696,"ssp245","carbonate","NP_SPSS","NP","SPSS",147.369500047626,149.233253052612,27.1961315906639,81.8579578971112,248.139134896243,0.0903052640986151,90696
"68","ssp245_carbonate_NP_SPSS","2090s",-31.1462130347764,-31.6054956181835,7.79043653137722,-65.9506652191901,-7.02333271726981,0.0258682903509346,90696,"ssp245","carbonate","NP_SPSS","NP","SPSS",91.5403723901397,92.6901873062738,17.6766703806701,40.361126046528,163.260585665113,0.0586957149324345,90696
"69","ssp245_carbonate_NP_STPS","1850s",31.2712501114888,31.2014979592641,3.49113926697084,14.0327846415961,46.4047782055323,0.00761285464093792,210300,"ssp245","carbonate","NP_STPS","NP","STPS",249.474911008792,250.344720348082,24.7624174329708,151.184973958672,285.014197489049,0.0539974690379512,210300
"70","ssp245_carbonate_NP_STPS","2090s",-50.0501397686648,-50.1732421363072,5.58138996699318,-65.1345148409445,-28.917519218503,0.0121709010336835,210300,"ssp245","carbonate","NP_STPS","NP","STPS",168.153521128638,168.969980252511,19.9662062445498,90.0904050148491,196.035562874669,0.0435387460216189,210300
"71","ssp245_carbonate_NP_STSS","1850s",31.7218919136279,31.7532167657325,2.91420419538718,17.8334646565113,41.0641930200612,0.0144679423867578,40572,"ssp245","carbonate","NP_STSS","NP","STSS",214.882527901368,215.768857444935,27.8384414712247,139.983742957331,278.269887490831,0.138207531229395,40572
"72","ssp245_carbonate_NP_STSS","2090s",-46.6235130926126,-46.7940399756464,6.56717315041125,-64.6862176861857,-24.9839642494153,0.0326035776540323,40572,"ssp245","carbonate","NP_STSS","NP","STSS",136.537122895128,137.221600703556,20.9400223638663,83.2408577331458,193.699151131923,0.103959440322467,40572
"73","ssp245_carbonate_Pac_EQU_E","1850s",22.5322565325967,22.5296956793115,3.24160269048078,-3.71705362589964,32.4951765387597,0.0120586526515752,72264,"ssp245","carbonate","Pac_EQU_E","Pac","EQU",237.045782570112,237.036710130362,16.3956144366504,166.177635625271,282.470956751689,0.0609911325904643,72264
"74","ssp245_carbonate_Pac_EQU_E","2090s",-41.5046798443838,-41.5016958764283,6.04924972964465,-60.0502953561439,-21.7784992428718,0.0225030049199524,72264,"ssp245","carbonate","Pac_EQU_E","Pac","EQU",173.008846193132,173.005318574622,10.9999748390451,122.372065546768,204.675494841893,0.0409195353118485,72264
"75","ssp245_carbonate_Pac_EQU_W","1850s",29.3166444872012,29.3043841665766,3.76757132780324,18.9574468398056,41.0379493592597,0.0164656262653251,52356,"ssp245","carbonate","Pac_EQU_W","Pac","EQU",270.822977801504,270.803739105408,13.5079468056535,210.149706670624,294.976835432485,0.0590345303013726,52356
"76","ssp245_carbonate_Pac_EQU_W","2090s",-54.2495627386435,-54.2436746834435,6.31169519698555,-70.7607470051627,-33.0320870065917,0.0275843521388108,52356,"ssp245","carbonate","Pac_EQU_W","Pac","EQU",187.256770575659,187.255680255388,7.21612491779421,156.047258451214,204.630631833462,0.0315370315894135,52356
"77","ssp245_carbonate_SA_STPS","1850s",30.8972950089353,30.8962399289813,3.25031698665425,2.11574369260177,41.7835684118543,0.0106328578331823,93444,"ssp245","carbonate","SA_STPS","SA","STPS",249.594625869396,250.728084120903,24.7697541290047,141.62981262623,298.896850746174,0.0810300273167187,93444
"78","ssp245_carbonate_SA_STPS","2090s",-47.6654138852039,-47.6632512287574,4.22002107646645,-59.7607375418322,-11.5090273819471,0.0138050794255883,93444,"ssp245","carbonate","SA_STPS","SA","STPS",171.031916975257,172.168592963164,22.4710739294929,101.055461390311,216.648599574145,0.0735102869757869,93444
"79","ssp245_carbonate_SO_SPSS","1850s",19.6002068399712,19.7167630152977,2.83809300863373,7.18905093221611,36.2912290419303,0.00557970993672177,258720,"ssp245","carbonate","SO_SPSS","SO","SPSS",124.024872465504,124.87436710257,15.3087647712493,68.7614373652451,207.619233671344,0.0300971344678365,258720
"80","ssp245_carbonate_SO_SPSS","2090s",-28.5611237526526,-28.6166081509545,3.57696608559975,-47.7646206438269,-14.3958921659936,0.00703233937380573,258720,"ssp245","carbonate","SO_SPSS","SO","SPSS",75.8635418728802,76.5409959363179,10.3536659586981,40.1274265771128,131.720762187848,0.0203553768870517,258720
"81","ssp245_carbonate_SO_STSS","1850s",24.9026690926518,25.0438411318991,4.67273955214749,-4.46983690513414,44.9030721907624,0.0107049108111796,190536,"ssp245","carbonate","SO_STSS","SO","STSS",175.417914896817,176.829686175865,29.3939927116679,71.5612863116717,271.577629797081,0.0673395268131852,190536
"82","ssp245_carbonate_SO_STSS","2090s",-38.2431150234994,-38.5108862264721,7.21210671889917,-65.425455300534,-8.38444006195282,0.0165224186635959,190536,"ssp245","carbonate","SO_STSS","SO","STSS",112.272130780666,113.274958817494,20.7506274322891,53.2900790164507,179.957152485147,0.0475381975519229,190536
"83","ssp245_carbonate_SP_STPS","1850s",30.1113322121039,30.200156214993,5.45815624310172,-4.85097835832076,43.4892892097241,0.0101810721475827,287412,"ssp245","carbonate","SP_STPS","SP","STPS",234.47368494201,237.820341044643,40.2643012410113,113.607523702098,302.111715522119,0.0751048041955257,287412
"84","ssp245_carbonate_SP_STPS","2090s",-47.0888242632831,-47.5010850084814,8.18872627717697,-73.3060646360466,-8.31141934572233,0.0152743910785097,287412,"ssp245","carbonate","SP_STPS","SP","STPS",157.273528466623,160.119099821169,31.6790903261198,74.6990449707851,209.593668317505,0.0590908522612633,287412
"85","ssp245_dic_Atl_EQU","1850s",-49.610077121949,-49.6003059086014,14.8011316174684,-194.386579687299,84.8296512158693,0.0792059492262417,34920,"ssp245","dic","Atl_EQU","Atl","EQU",1939.18396673457,1939.17313787446,70.6882036738643,1337.38614562608,2060.14965717509,0.378276905833229,34920
"86","ssp245_dic_Atl_EQU","2090s",99.5911764240003,99.584206790689,14.0938196284474,-46.4295387994462,195.05246295336,0.0754208793452745,34920,"ssp245","dic","Atl_EQU","Atl","EQU",2088.38522028052,2088.35765057375,78.1785750575883,1302.65020499398,2186.02449077343,0.418360460985508,34920
"87","ssp245_dic_IND_STPS","1850s",-52.5862914578225,-52.4035324173463,6.85805872954558,-82.09882122567,-1.65051601287087,0.0161179250422029,181044,"ssp245","dic","IND_STPS","IND","STPS",1924.53234814746,1922.6963971284,58.7392414303873,1570.14247752335,2072.48803012758,0.138049953747418,181044
"88","ssp245_dic_IND_STPS","2090s",82.4673130275499,82.2582563059025,14.0146696556694,1.99017290550296,182.829377000301,0.0329375124812154,181044,"ssp245","dic","IND_STPS","IND","STPS",2059.58595263283,2057.35818585165,69.4787260138034,1669.30421095683,2221.0626359861,0.163290071152896,181044
"89","ssp245_dic_NA_SPSS","1850s",-47.9754126039254,-47.5768412335734,10.0713067853744,-136.219101544952,110.203805204366,0.0333143799568347,91392,"ssp245","dic","NA_SPSS","NA","SPSS",1994.87787980576,1991.08149618305,139.468588423439,522.938532699887,2145.97490291227,0.461341278326388,91392
"90","ssp245_dic_NA_SPSS","2090s",38.7808611824005,35.8291346492127,42.9587430637354,-95.1409047563175,194.331094515589,0.142101111543106,91392,"ssp245","dic","NA_SPSS","NA","SPSS",2081.63415359209,2074.48747206584,143.933412839245,561.567287396716,2275.15137469655,0.476110251231149,91392
"91","ssp245_dic_NA_STPS","1850s",-64.3661049543914,-64.452042528063,6.74937179295125,-119.756502335703,-31.2276549633207,0.0224575187585799,90324,"ssp245","dic","NA_STPS","NA","STPS",2005.4437965614,2004.28228743367,56.5834913129421,1731.17938417133,2111.65380949424,0.188273050673165,90324
"92","ssp245_dic_NA_STPS","2090s",114.778672245018,114.956244725222,18.7131554547178,32.2625701781146,164.595372583331,0.0622652081628456,90324,"ssp245","dic","NA_STPS","NA","STPS",2184.58857376081,2183.69057468696,61.2920998455071,1924.26698278252,2300.22946875307,0.203940236848525,90324
"93","ssp245_dic_NA_STSS","1850s",-54.241080657519,-54.4698907754834,7.18137416003147,-79.5542056359654,-18.7567842283056,0.0370370795397721,37596,"ssp245","dic","NA_STSS","NA","STSS",2009.36148107022,2009.68865044816,69.4633452018127,1822.91873289548,2133.77796757056,0.358248906686531,37596
"94","ssp245_dic_NA_STSS","2090s",76.5113312029395,78.1971410297617,42.2886392345924,-44.8022182262407,144.460280837171,0.218098606207904,37596,"ssp245","dic","NA_STSS","NA","STSS",2140.11389293068,2142.3556822534,79.761204361515,1914.88916174919,2290.66117127767,0.411358885402024,37596
"95","ssp245_dic_NP_SPSS","1850s",-36.7620021278343,-37.246654093186,9.13289047797951,-80.4468042207284,72.0271444129571,0.0303259338133514,90696,"ssp245","dic","NP_SPSS","NP","SPSS",1955.73612668848,1954.72057278497,71.5228049577517,1522.7247464926,2137.74863858559,0.23749281287493,90696
"96","ssp245_dic_NP_SPSS","2090s",42.0036368589228,42.9482250089954,15.3209766365732,-79.9567881536386,138.618978184251,0.0508735897530888,90696,"ssp245","dic","NP_SPSS","NP","SPSS",2034.50176567524,2034.91545188716,79.960696492039,1505.24914426346,2208.40142445182,0.265510989684343,90696
"97","ssp245_dic_NP_STPS","1850s",-49.7924154781413,-49.664242738898,7.6348154671628,-91.7099878734316,-15.9162300871005,0.0166486455902191,210300,"ssp245","dic","NP_STPS","NP","STPS",1910.7418238011,1909.4783312723,54.6563754181284,1592.17894350785,2021.47181880832,0.119184887636916,210300
"98","ssp245_dic_NP_STPS","2090s",73.0938114583287,73.2153915944098,17.8857451197331,-2.28663514624304,114.761514672501,0.0390020469906766,210300,"ssp245","dic","NP_STPS","NP","STPS",2033.62805073757,2032.35796560561,67.5961367867745,1678.92435019529,2177.98144983128,0.147401614285406,210300
"99","ssp245_dic_NP_STSS","1850s",-50.0719863688832,-50.1897427151598,6.27877284301236,-71.3263392768822,-20.7998461786324,0.0311717771513856,40572,"ssp245","dic","NP_STSS","NP","STSS",1927.18925458122,1926.84546495625,52.3590809616776,1719.76984503824,2052.71589947524,0.259943406840266,40572
"100","ssp245_dic_NP_STSS","2090s",67.1460251935015,67.4104009683198,14.0657408077861,30.5859305511412,114.565818733618,0.069831183400338,40572,"ssp245","dic","NP_STSS","NP","STSS",2044.40726614361,2044.44560863973,62.1652256434961,1824.11702118132,2177.47614180639,0.308627276185225,40572
"101","ssp245_dic_Pac_EQU_E","1850s",-38.9956255900111,-38.9938952127955,6.23617122306645,-79.1051424220623,25.2653900781677,0.0231983465695958,72264,"ssp245","dic","Pac_EQU_E","Pac","EQU",1953.64826357912,1953.69766118286,67.0243946483953,1494.13016573213,2086.22454532958,0.249328486992101,72264
"102","ssp245_dic_Pac_EQU_E","2090s",66.6512549931088,66.6409426501554,17.164018316133,-14.3655588070344,155.588547878583,0.0638495690996682,72264,"ssp245","dic","Pac_EQU_E","Pac","EQU",2059.29514416224,2059.33249904581,64.7936309301187,1651.46977411091,2180.69115015925,0.24103012121599,72264
"103","ssp245_dic_Pac_EQU_W","1850s",-38.349469283589,-38.3357298064162,8.17930181889762,-88.968038499542,6.26537875925828,0.0357464571055085,52356,"ssp245","dic","Pac_EQU_W","Pac","EQU",1909.65678293797,1909.77493079679,46.2633161034057,1734.7114987271,2014.70247821167,0.202187140328789,52356
"104","ssp245_dic_Pac_EQU_W","2090s",56.4763419213784,56.4239505819852,28.3986043939057,-19.3011729310144,149.456547739152,0.124111998346562,52356,"ssp245","dic","Pac_EQU_W","Pac","EQU",2004.48259414294,2004.53461118519,46.4489395414767,1829.98136294655,2113.85506035128,0.202998380751713,52356
"105","ssp245_dic_SA_STPS","1850s",-53.9172618985407,-53.9980936972325,6.77678494128676,-109.892982336892,-4.1594948334714,0.022169096473549,93444,"ssp245","dic","SA_STPS","SA","STPS",1995.48865220828,1995.62757823381,55.5106856744523,1684.33378776476,2101.05688854346,0.181593743447925,93444
"106","ssp245_dic_SA_STPS","2090s",94.9969164986506,95.3227008139745,12.4661758422387,55.1456606969305,163.817036607705,0.0407809687480418,93444,"ssp245","dic","SA_STPS","SA","STPS",2144.40283060547,2144.94837274501,58.4913464992463,1886.14918306711,2253.41591767919,0.191344467124754,93444
"107","ssp245_dic_SO_SPSS","1850s",-35.8652282456231,-35.9633377696417,4.84219158357376,-64.6252092380755,17.936608822527,0.00951978120949026,258720,"ssp245","dic","SO_SPSS","SO","SPSS",2041.31510094763,2040.26128414823,55.8197817501905,1527.14347770282,2202.31541928758,0.109742066221824,258720
"108","ssp245_dic_SO_SPSS","2090s",54.1808801527207,54.3415025018871,8.48593483752983,15.3830816826769,122.469201658896,0.0166834049452568,258720,"ssp245","dic","SO_SPSS","SO","SPSS",2131.36120934598,2130.56612441976,60.0991780748829,1632.97723717089,2260.76772456001,0.118155388168433,258720
"109","ssp245_dic_SO_STSS","1850s",-42.8366759985524,-43.040829166519,5.91562740839112,-129.979425557623,39.0967259706392,0.0135522776504616,190536,"ssp245","dic","SO_STSS","SO","STSS",2000.28149693615,1999.55575430218,55.6585697299354,1482.54100927323,2158.74134279027,0.127509786964897,190536
"110","ssp245_dic_SO_STSS","2090s",73.1023701450821,73.6206743521184,14.5608842929496,-44.4720193804051,243.483207688136,0.0333579404433732,190536,"ssp245","dic","SO_STSS","SO","STSS",2116.22054307978,2116.21725782082,61.0004565844518,1566.23689328709,2250.01371471067,0.139747666201015,190536
"111","ssp245_dic_SP_STPS","1850s",-48.466018841515,-48.5226697399348,8.06404342927078,-88.7265903274583,-7.93306599219704,0.0150418207720618,287412,"ssp245","dic","SP_STPS","SP","STPS",1971.91191499744,1970.88063491374,59.2855315193196,1747.0175575558,2123.65936443928,0.110585012011855,287412
"112","ssp245_dic_SP_STPS","2090s",82.6475124388328,83.1087345428659,17.5216672730377,-14.3259573899377,146.136964080284,0.03268308027609,287412,"ssp245","dic","SP_STPS","SP","STPS",2103.02544627779,2102.51203919654,62.179885466872,1858.94693472534,2221.64695776664,0.115983836275618,287412
"113","ssp245_pCO2_Atl_EQU","1850s",-82.0028127838709,-82.000985248658,6.48642116191363,-118.290950012207,-29.1686758422851,0.0347110719969684,34920,"ssp245","pCO2","Atl_EQU","Atl","EQU",310.99180242217,311.000586402832,17.1206987761528,157.086668395996,397.102786254883,0.0916187513920425,34920
"114","ssp245_pCO2_Atl_EQU","2090s",228.88159006145,228.887411972938,11.5019431795154,119.75653889974,260.768702189128,0.0615508564496933,34920,"ssp245","pCO2","Atl_EQU","Atl","EQU",621.876205267491,621.888983624428,29.9057937908271,311.396684265137,711.340393066406,0.160036194919794,34920
"115","ssp245_pCO2_IND_STPS","1850s",-84.1945261985158,-84.092549573825,5.47982476287371,-110.87986328125,-50.8401392618815,0.0128787763790787,181044,"ssp245","pCO2","IND_STPS","IND","STPS",282.349055070936,283.11527362958,20.2428949507608,227.309849039714,340.76767171224,0.0475751923861361,181044
"116","ssp245_pCO2_IND_STPS","2090s",223.365806669079,223.287183419785,11.7392233945767,167.417678833008,454.694701131185,0.0275897203843281,181044,"ssp245","pCO2","IND_STPS","IND","STPS",589.909387938531,590.49500662319,29.6426088896713,469.057730102539,833.377834065755,0.0696665582755541,181044
"117","ssp245_pCO2_NA_SPSS","1850s",-78.5783590832305,-79.1804981096313,11.1660302952171,-132.126366170247,37.2788703918457,0.0369355619674495,91392,"ssp245","pCO2","NA_SPSS","NA","SPSS",244.484076966075,249.879352324903,29.8120010933549,149.522091674805,440.139617919922,0.0986136509256062,91392
"118","ssp245_pCO2_NA_SPSS","2090s",242.473621856587,242.150436550087,27.8330450200146,139.696644592285,390.62740447998,0.0920675595444077,91392,"ssp245","pCO2","NA_SPSS","NA","SPSS",565.536057905893,571.210286984621,39.8118078807258,381.476538085937,823.789668782552,0.131691519558621,91392
"119","ssp245_pCO2_NA_STPS","1850s",-86.3497076512657,-86.402098255478,7.31609395612014,-117.245639648437,-59.5326110839844,0.0243432014562734,90324,"ssp245","pCO2","NA_STPS","NA","STPS",291.286564624095,291.529991330098,18.8312105636154,242.203470153809,403.163824462891,0.0626580187686241,90324
"120","ssp245_pCO2_NA_STPS","2090s",228.905696248224,228.690550051958,13.4464507612919,180.411983235677,307.034561157227,0.0447410410141287,90324,"ssp245","pCO2","NA_STPS","NA","STPS",606.541968523585,606.622639637534,34.9993789233968,518.071923828125,817.954868164062,0.116455165432092,90324
"121","ssp245_pCO2_NA_STSS","1850s",-79.4552952785893,-79.4560092286205,9.74715291201533,-123.550712890625,-45.98359375,0.0502697770153575,37596,"ssp245","pCO2","NA_STSS","NA","STSS",274.567004546895,274.785882101643,20.3260468743327,224.961331176758,421.52737487793,0.104829159160605,37596
"122","ssp245_pCO2_NA_STSS","2090s",236.918755071841,236.620211885288,26.4775648141519,136.952828979492,339.307136027018,0.136554878243096,37596,"ssp245","pCO2","NA_STSS","NA","STSS",590.941054897325,590.862103215551,45.5491464278648,479.057588704427,865.258719482422,0.234914282646172,37596
"123","ssp245_pCO2_NP_SPSS","1850s",-83.6266911415191,-83.496663524101,10.0911224087,-137.331912231445,25.554047648112,0.0335077608788282,90696,"ssp245","pCO2","NP_SPSS","NP","SPSS",271.388136260256,270.992439317905,25.2733229580385,155.16050974528,446.480824584961,0.0839205420361604,90696
"124","ssp245_pCO2_NP_SPSS","2090s",221.019476572427,221.346407400885,20.9064714844885,85.7241923014322,441.448828125,0.0694203299643182,90696,"ssp245","pCO2","NP_SPSS","NP","SPSS",576.034303974202,575.835510242891,43.5771046626683,373.469763183594,827.102879638672,0.144698591860255,90696
"125","ssp245_pCO2_NP_STPS","1850s",-85.08484891817,-84.9146591571075,6.8451696585454,-127.538217163086,-58.7250823974609,0.014926726669452,210300,"ssp245","pCO2","NP_STPS","NP","STPS",290.272525486249,290.595593845267,22.0163238281962,224.285626220703,383.474510701497,0.0480092772630361,210300
"126","ssp245_pCO2_NP_STPS","2090s",224.843154313503,224.519540389426,13.6269771850763,180.497212727865,294.420343017578,0.0297152844880278,210300,"ssp245","pCO2","NP_STPS","NP","STPS",600.200528717922,600.0297933918,34.1659481892588,493.491729736328,753.609188232422,0.0745030138715504,210300
"127","ssp245_pCO2_NP_STSS","1850s",-83.2408900873585,-83.198387179544,10.6230444561863,-129.726900024414,-49.6268468221029,0.052739473578189,40572,"ssp245","pCO2","NP_STSS","NP","STSS",266.339446304265,266.423154314709,24.986510148105,188.582306925456,380.212622070313,0.124048750544363,40572
"128","ssp245_pCO2_NP_STSS","2090s",229.93170644767,229.884680708903,19.4898598421866,176.806569417318,310.185335083008,0.0967599215487632,40572,"ssp245","pCO2","NP_STSS","NP","STSS",579.512042839293,579.506222203156,49.5883831104516,438.116923014323,755.942403564453,0.246187920197942,40572
"129","ssp245_pCO2_Pac_EQU_E","1850s",-79.259353715922,-79.2611165030417,5.63247412486454,-101.083182779948,-4.30950317382815,0.0209526137302943,72264,"ssp245","pCO2","Pac_EQU_E","Pac","EQU",341.303086669025,341.328578804996,23.4788326305896,223.04688659668,510.5443359375,0.0873404653161731,72264
"130","ssp245_pCO2_Pac_EQU_E","2090s",221.533212803279,221.537028942673,13.5224405857139,162.913269042969,303.993104044596,0.0503030227928711,72264,"ssp245","pCO2","Pac_EQU_E","Pac","EQU",642.095653188227,642.126724250711,29.3163168702837,505.002315673828,783.633095296224,0.109055709757519,72264
"131","ssp245_pCO2_Pac_EQU_W","1850s",-79.544965449803,-79.5434753147556,5.37890154204968,-96.4107830810547,-56.9565185546875,0.0235077122112541,52356,"ssp245","pCO2","Pac_EQU_W","Pac","EQU",312.146669619882,312.23161986614,20.6638279753583,252.338724772135,362.465134684245,0.0903082752919251,52356
"132","ssp245_pCO2_Pac_EQU_W","2090s",212.4305257214,212.421538305002,13.2244745113114,168.625342814128,250.595001220703,0.0577956555863096,52356,"ssp245","pCO2","Pac_EQU_W","Pac","EQU",604.122160791084,604.196633485898,26.2064823091037,524.817727661133,684.412607828776,0.114531645425318,52356
"133","ssp245_pCO2_SA_STPS","1850s",-84.7730649710076,-84.7516122119769,7.57780570344224,-116.194432576497,-37.1428546142579,0.0247894993205322,93444,"ssp245","pCO2","SA_STPS","SA","STPS",289.267615021095,289.892217798509,22.1436287908796,227.449210205078,493.991367594401,0.0724391060351776,93444
"134","ssp245_pCO2_SA_STPS","2090s",224.063981084688,223.978451361924,12.1521564198472,153.041180419922,297.243902587891,0.039753707748928,93444,"ssp245","pCO2","SA_STPS","SA","STPS",598.104661076791,598.622281372409,34.90864166269,490.793636067708,790.023077392578,0.114197669172866,93444
"135","ssp245_pCO2_SO_SPSS","1850s",-82.4493042391437,-82.7135563153873,5.89739093552015,-103.103073628744,-27.8214660644531,0.0115943102299863,258720,"ssp245","pCO2","SO_SPSS","SO","SPSS",285.15434190347,285.486131493399,10.5663043732821,189.493976847331,342.375421142578,0.0207734254397853,258720
"136","ssp245_pCO2_SO_SPSS","2090s",216.734402471623,216.991943498629,8.58887802644616,122.052298278809,262.10422668457,0.0168857919467986,258720,"ssp245","pCO2","SO_SPSS","SO","SPSS",584.338048614237,585.191631307416,18.0513948577805,378.428666178385,673.550500488281,0.0354891636578655,258720
"137","ssp245_pCO2_SO_STSS","1850s",-82.1116844206578,-82.0580477041741,6.89914748304227,-276.770883789062,-39.2140284220378,0.015805451524727,190536,"ssp245","pCO2","SO_STSS","SO","STSS",276.965537477594,276.680456799753,16.3424167899107,179.068826293945,856.659748535156,0.0374393034798434,190536
"138","ssp245_pCO2_SO_STSS","2090s",221.309134402788,221.439646789514,13.2791300843903,123.884431966146,539.489771118164,0.0304215335815411,190536,"ssp245","pCO2","SO_STSS","SO","STSS",580.38635630104,580.178151293441,27.9654798995249,383.671048990885,1216.91193237305,0.0640669065278132,190536
"139","ssp245_pCO2_SP_STPS","1850s",-84.8578777186106,-84.6443996349107,7.76843308862328,-188.405077514648,-22.3539672851562,0.0144904202493106,287412,"ssp245","pCO2","SP_STPS","SP","STPS",287.785964910004,288.811234447409,28.2932800786927,229.587279256185,565.272724609375,0.0527753169647707,287412
"140","ssp245_pCO2_SP_STPS","2090s",222.57123626789,222.243217929172,14.6889424655959,139.448820800781,521.330393066406,0.0273992125459821,287412,"ssp245","pCO2","SP_STPS","SP","STPS",595.215078896505,595.698852011492,34.3160863169575,502.77932800293,1079.31373168945,0.0640096279869556,287412
"141","ssp245_pH_Atl_EQU","1850s",0.0803741446692054,0.0803713473889352,0.00481029171004059,0.0442315578460697,0.12666784286499,2.57415264451282e-05,34920,"ssp245","pH","Atl_EQU","Atl","EQU",8.13087648983501,8.13086438562142,0.0178261635513749,8.04880275726318,8.30632133483887,9.53939361962366e-05,34920
"142","ssp245_pH_Atl_EQU","2090s",-0.161318271291033,-0.161320239576827,0.00465702685363888,-0.210616016387939,-0.142263491948447,2.49213534510583e-05,34920,"ssp245","pH","Atl_EQU","Atl","EQU",7.88918407387477,7.88917279865565,0.0161858839014083,7.83975628217061,8.0669303894043,8.66162352724261e-05,34920
"143","ssp245_pH_IND_STPS","1850s",0.0906970691019468,0.0903242685652198,0.00715313429903214,0.0619264284769692,0.113890902201335,1.68114166115125e-05,181044,"ssp245","pH","IND_STPS","IND","STPS",8.16446337365718,8.16321279196401,0.0303189999769925,8.0884667078654,8.25491991043091,7.12562239921351e-05,181044
"144","ssp245_pH_IND_STPS","2090s",-0.171461679801043,-0.171072971518221,0.00890293038272377,-0.281948630015056,-0.138743181228635,2.09238168151705e-05,181044,"ssp245","pH","IND_STPS","IND","STPS",7.90230462475419,7.90181555188057,0.0215298132973586,7.75654670397441,7.96862115859985,5.05997295421883e-05,181044
"145","ssp245_pH_NA_SPSS","1850s",0.103143024438389,0.101725428060361,0.0148369862320331,-0.102255249023438,0.203700923919677,4.90785364086099e-05,91392,"ssp245","pH","NA_SPSS","NA","SPSS",8.21571663897561,8.20755600923628,0.0534548352261903,7.68792905807495,8.39809913635254,0.000176820618138791,91392
"146","ssp245_pH_NA_SPSS","2090s",-0.222369643671979,-0.21945397740049,0.0301080330419983,-0.495242261886596,-0.133773883183796,9.95928804363971e-05,91392,"ssp245","pH","NA_SPSS","NA","SPSS",7.89020397086524,7.88637660377543,0.0438175465799694,7.4198525428772,8.05425634384155,0.000144941905419987,91392
"147","ssp245_pH_NA_STPS","1850s",0.0881527849504946,0.0880939573227095,0.00406955559157788,0.0616953849792488,0.10569652557373,1.35408337013513e-05,90324,"ssp245","pH","NA_STPS","NA","STPS",8.1642966601135,8.16382032527326,0.0263469995149659,8.03998864491781,8.23335542678833,8.76656752644118e-05,90324
"148","ssp245_pH_NA_STPS","2090s",-0.165903055081606,-0.165565794621496,0.00887796378399173,-0.222754462560019,-0.133591651916504,2.95400882235008e-05,90324,"ssp245","pH","NA_STPS","NA","STPS",7.9102408200814,7.91016057332906,0.0245119175193703,7.78034620285034,7.97902388572693,8.15597161316432e-05,90324
"149","ssp245_pH_NA_STSS","1850s",0.0893185920671702,0.0891589370959778,0.00805945284748367,0.0435456275939945,0.119719076156617,4.15656654990369e-05,37596,"ssp245","pH","NA_STSS","NA","STSS",8.1846779924373,8.184554063886,0.0283476874742977,8.02526423136393,8.25761137008667,0.000146199812509081,37596
"150","ssp245_pH_NA_STSS","2090s",-0.190587516491619,-0.189892791833705,0.0214161293372386,-0.286349360148114,-0.118036047617596,0.000110451129271598,37596,"ssp245","pH","NA_STSS","NA","STSS",7.90477188387851,7.90550233495632,0.0339496733230757,7.7609890460968,7.99589193662008,0.000175091385464105,37596
"151","ssp245_pH_NP_SPSS","1850s",0.101366011094425,0.101181410489436,0.0108284511807301,-0.0278221448262528,0.157018629709878,3.59560748702395e-05,90696,"ssp245","pH","NP_SPSS","NP","SPSS",8.172014434696,8.17283904069306,0.0370470877476921,7.94263474464416,8.35365940093994,0.0001230155484425,90696
"152","ssp245_pH_NP_SPSS","2090s",-0.186395289076201,-0.186645781023865,0.0145821064574587,-0.365817737579345,-0.0800593058268237,4.84201574905963e-05,90696,"ssp245","pH","NP_SPSS","NP","SPSS",7.88425313452538,7.88501184917976,0.0356074393541908,7.69787185668945,8.06688146591187,0.000118235168999531,90696
"153","ssp245_pH_NP_STPS","1850s",0.0897327393842133,0.0894347130576463,0.00704801810124547,0.0506735324859608,0.124500719706219,1.53690624201412e-05,210300,"ssp245","pH","NP_STPS","NP","STPS",8.15228842669918,8.1517230208076,0.0298421549470301,8.06142374674479,8.25567569732666,6.50744557610292e-05,210300
"154","ssp245_pH_NP_STPS","2090s",-0.170388112064427,-0.170024216960433,0.00985048181579201,-0.211013237635296,-0.130141941706341,2.14801760893067e-05,210300,"ssp245","pH","NP_STPS","NP","STPS",7.89216757525054,7.89226409078952,0.0245398521490958,7.78754714330037,7.97528381347656,5.3512138312165e-05,210300
"155","ssp245_pH_NP_STSS","1850s",0.0968937783358174,0.096757735374725,0.00782935753220853,0.0639305114746094,0.127139358520507,3.88698547207573e-05,40572,"ssp245","pH","NP_STSS","NP","STSS",8.18518485460786,8.18509928257739,0.034554352324869,8.04719540278117,8.31019099553426,0.000171549536384328,40572
"156","ssp245_pH_NP_STSS","2090s",-0.187949135641588,-0.187811415646215,0.0100853527884311,-0.22820528348287,-0.148028802871703,5.00700339818716e-05,40572,"ssp245","pH","NP_STSS","NP","STSS",7.90034194063046,7.90053013155645,0.0342018780296069,7.78769947687785,7.99977909723918,0.000169799632309405,40572
"157","ssp245_pH_Pac_EQU_E","1850s",0.0735817017973232,0.0735784939264089,0.00601307690600568,0.0101020812988279,0.0977929687499994,2.23684432363229e-05,72264,"ssp245","pH","Pac_EQU_E","Pac","EQU",8.09853596870479,8.09851375941106,0.0201493589570124,7.96254200935364,8.20090337753296,7.49549355718487e-05,72264
"158","ssp245_pH_Pac_EQU_E","2090s",-0.153361674691484,-0.15335721247505,0.00869308112877211,-0.197239398956299,-0.110242938995361,3.2337968533793e-05,72264,"ssp245","pH","Pac_EQU_E","Pac","EQU",7.87159259221599,7.87157805300961,0.0151794302312246,7.77762751579285,7.93979104995728,5.64669683748347e-05,72264
"159","ssp245_pH_Pac_EQU_W","1850s",0.0791178546485063,0.0790987408340412,0.00528494195686188,0.0617241859436035,0.0950929641723626,2.30970754165821e-05,52356,"ssp245","pH","Pac_EQU_W","Pac","EQU",8.12514974600504,8.12506561605044,0.0229829296723796,8.0716313680013,8.19566278457642,0.000100443574266264,52356
"160","ssp245_pH_Pac_EQU_W","2090s",-0.157229452104884,-0.157203741092714,0.00890560959077648,-0.185952472686767,-0.127071364720662,3.89206803078947e-05,52356,"ssp245","pH","Pac_EQU_W","Pac","EQU",7.88880243925165,7.88876313412368,0.0171420159821504,7.83588795661926,7.9226806640625,7.49167046986983e-05,52356
"161","ssp245_pH_SA_STPS","1850s",0.0897334824750704,0.0894719655047435,0.00703849259120608,0.0278278541564942,0.114802665710446,2.30252284283319e-05,93444,"ssp245","pH","SA_STPS","SA","STPS",8.16554751120989,8.16479320333503,0.0280043937505032,7.95341095924377,8.24795977274577,9.1611599322831e-05,93444
"162","ssp245_pH_SA_STPS","2090s",-0.168704641223959,-0.168280874732674,0.0098283178150904,-0.197451512018841,-0.0900456047058098,3.21516659748196e-05,93444,"ssp245","pH","SA_STPS","SA","STPS",7.90710938751086,7.90704036309761,0.0224128341549377,7.7736473719279,7.97696906725566,7.33197654833831e-05,93444
"163","ssp245_pH_SO_SPSS","1850s",0.0966665420767647,0.0967746332624904,0.00633873529493549,0.0385255813598633,0.12816883722941,1.24619962079492e-05,258720,"ssp245","pH","SO_SPSS","SO","SPSS",8.15544273964839,8.15520710391147,0.0217723449415679,8.08476266860962,8.3174659093221,4.28045765401759e-05,258720
"164","ssp245_pH_SO_SPSS","2090s",-0.180487469028896,-0.180256932869064,0.00598532485319587,-0.237004041671753,-0.124256973266601,1.17671889033552e-05,258720,"ssp245","pH","SO_SPSS","SO","SPSS",7.87828872854273,7.87817553777991,0.0200515097614065,7.80395965576172,8.06227814356486,3.94214030060466e-05,258720
"165","ssp245_pH_SO_STSS","1850s",0.0951549943421807,0.0950933916176267,0.00641984615043475,0.0165363502502442,0.186963787078859,1.47074065855681e-05,190536,"ssp245","pH","SO_STSS","SO","STSS",8.17440559395584,8.17494488963514,0.0261891836886262,7.74063794136048,8.32382717132568,5.99975394467466e-05,190536
"166","ssp245_pH_SO_STSS","2090s",-0.180400850936295,-0.18046072879657,0.00893128142221176,-0.29462921142578,-0.0891606426239022,2.04609244721081e-05,190536,"ssp245","pH","SO_STSS","SO","STSS",7.89884974867737,7.89939076922094,0.0258368133124982,7.60882745742798,8.05754667917887,5.91902842152373e-05,190536
"167","ssp245_pH_SP_STPS","1850s",0.091923289160169,0.0912728724273039,0.0104611455573218,0.017191829681396,0.156803493499757,1.95131236486798e-05,287412,"ssp245","pH","SP_STPS","SP","STPS",8.16338777885674,8.16225984847343,0.034341552517092,7.90856828689575,8.24631423950195,6.40571299655262e-05,287412
"168","ssp245_pH_SP_STPS","2090s",-0.170806338401743,-0.169980564936536,0.0136926370599176,-0.280433340072631,-0.084749336242675,2.5540808945122e-05,287412,"ssp245","pH","SP_STPS","SP","STPS",7.90065815129483,7.9010064111096,0.0237271163466152,7.65800458908081,7.96592388153076,4.42580740857837e-05,287412
"169","ssp245_tos_Atl_EQU","1850s",-0.791708612114293,-0.791778189423283,0.273766747236593,-1.86918067932129,0.241752624511719,0.00146502008372545,34920,"ssp245","tos","Atl_EQU","Atl","EQU",27.4998110796851,27.5000662575868,1.55796577214078,22.4436111450195,30.9949703216553,0.00833721103451087,34920
"170","ssp245_tos_Atl_EQU","2090s",2.1365264756573,2.13675155977376,0.494102418095951,0.450569152832031,3.34592056274414,0.00264411208897587,34920,"ssp245","tos","Atl_EQU","Atl","EQU",30.4280461674567,30.4285960067838,1.75160095634961,24.4672946929932,34.0541229248047,0.00937341954648422,34920
"171","ssp245_tos_IND_STPS","1850s",-0.801383153118685,-0.804652098405502,0.287273158745821,-1.882568359375,0.492816925048828,0.000675154212277913,181044,"ssp245","tos","IND_STPS","IND","STPS",24.466161800251,24.7113814077678,4.25652598676925,11.4049549102783,30.7256469726562,0.0100037590082699,181044
"172","ssp245_tos_IND_STPS","2090s",1.93541647151542,1.93876637775322,0.527851818886519,-0.760385513305664,3.39785575866699,0.0012405662281004,181044,"ssp245","tos","IND_STPS","IND","STPS",27.2029614248851,27.4547998839265,4.39816837523719,13.4548110961914,33.8254661560059,0.0103366493333832,181044
"173","ssp245_tos_NA_SPSS","1850s",-0.888214439215626,-0.850765870420788,0.672503775431788,-5.14131283760071,4.0683296918869,0.00222454213485739,91392,"ssp245","tos","NA_SPSS","NA","SPSS",5.77721170462784,6.63748996908943,4.80948232061407,-1.90471935272217,25.7530937194824,0.0159090498223424,91392
"174","ssp245_tos_NA_SPSS","2090s",1.44219385279073,1.25744838776325,2.8384074972117,-7.83557486534119,9.26835507154465,0.00938902843986039,91392,"ssp245","tos","NA_SPSS","NA","SPSS",8.1076199966342,8.74570422727347,4.31107700732073,-1.81995487213135,29.219762802124,0.0142603994204232,91392
"175","ssp245_tos_NA_STPS","1850s",-0.763810132277413,-0.765507849877048,0.257887885194966,-1.60076522827148,0.466581344604492,0.00085808312196179,90324,"ssp245","tos","NA_STPS","NA","STPS",24.1850378637503,24.3167714972485,3.07189585011527,13.7154893875122,29.9774436950684,0.0102212710745043,90324
"176","ssp245_tos_NA_STPS","2090s",1.83625400168264,1.83729931779744,0.609903376806279,-0.73729133605957,3.6970043182373,0.00202936168664656,90324,"ssp245","tos","NA_STPS","NA","STPS",26.7851019977103,26.919578664923,3.19186989457445,15.0890598297119,33.2336006164551,0.0106204666495352,90324
"177","ssp245_tos_NA_STSS","1850s",-0.679994347095743,-0.678801925344582,0.408559750845791,-4.07509231567383,1.36258602142334,0.00210709811961095,37596,"ssp245","tos","NA_STSS","NA","STSS",17.2002268775319,17.3882978772926,4.15783430449585,4.06436538696289,28.9274387359619,0.0214435338442428,37596
"178","ssp245_tos_NA_STSS","2090s",1.33910401353989,1.35711874026718,1.54830609181108,-2.80230903625488,8.20573234558105,0.00798520375020665,37596,"ssp245","tos","NA_STSS","NA","STSS",19.2193252381676,19.4242185429044,4.55506824039577,5.96759271621704,32.549617767334,0.0234922204259426,37596
"179","ssp245_tos_NP_SPSS","1850s",-0.489195844911478,-0.476113263391992,0.499336750970909,-3.24770736694336,2.44017219543457,0.00165805702992157,90696,"ssp245","tos","NP_SPSS","NP","SPSS",8.35103309153907,8.63978974871825,4.36552483754417,-1.7259556055069,27.7637023925781,0.0144958069521485,90696
"180","ssp245_tos_NP_SPSS","2090s",2.76782818740188,2.74987012339873,1.05826219973138,-0.364062786102295,6.92880439758301,0.00351397944644197,90696,"ssp245","tos","NP_SPSS","NP","SPSS",11.6080571238524,11.865773135509,4.52882210038757,-1.05397915840149,32.2744674682617,0.0150380385705863,90696
"181","ssp245_tos_NP_STPS","1850s",-0.71836317784776,-0.727334742620265,0.330580735987021,-1.68986320495605,1.11291027069092,0.000720871583088433,210300,"ssp245","tos","NP_STPS","NP","STPS",24.882963209583,25.060591439014,3.83843079902447,11.4323606491089,30.8528327941895,0.00837016615141424,210300
"182","ssp245_tos_NP_STPS","2090s",1.96152301980607,1.95207372836901,0.516452816066356,0.219743728637695,4.25275421142578,0.0011261883061536,210300,"ssp245","tos","NP_STPS","NP","STPS",27.5628494072369,27.7399999100033,3.89628386284359,12.942024230957,33.6250534057617,0.00849632180769375,210300
"183","ssp245_tos_NP_STSS","1850s",-0.449449672544307,-0.452943261736012,0.394183835759051,-1.8568058013916,2.03135633468628,0.00195697646533497,40572,"ssp245","tos","NP_STSS","NP","STSS",18.0998463412896,18.225622331266,4.34519979077558,6.09713220596313,30.1962032318115,0.0215723044841546,40572
"184","ssp245_tos_NP_STSS","2090s",2.28418032129664,2.27855772018228,0.697421412954364,-0.739999771118164,4.61433219909668,0.00346243850650086,40572,"ssp245","tos","NP_STSS","NP","STSS",20.8334763351305,20.9571233131843,4.53938010679668,7.01464605331421,33.3986587524414,0.0225363376940726,40572
"185","ssp245_tos_Pac_EQU_E","1850s",-0.984738815613367,-0.984820209231046,0.292135049288911,-2.17303276062012,0.528181076049805,0.00108673252803949,72264,"ssp245","tos","Pac_EQU_E","Pac","EQU",25.9530141008899,25.9519209160933,1.85900841723561,19.7931385040283,29.716516494751,0.0069154485975806,72264
"186","ssp245_tos_Pac_EQU_E","2090s",2.37774426604801,2.37805588998727,0.735230658927065,-0.355361938476562,4.52730751037598,0.00273503324785163,72264,"ssp245","tos","Pac_EQU_E","Pac","EQU",29.3154971825513,29.3147970153116,1.89915975764657,21.8186855316162,33.1748199462891,0.00706481022938475,72264
"187","ssp245_tos_Pac_EQU_W","1850s",-0.918122101106949,-0.918545907000274,0.291844851823048,-1.68528366088867,0.316715240478516,0.00127546576812373,52356,"ssp245","tos","Pac_EQU_W","Pac","EQU",29.1357369496866,29.1358647301686,0.846122799111555,25.2438163757324,30.8045310974121,0.00369785747171638,52356
"188","ssp245_tos_Pac_EQU_W","2090s",1.74222510590875,1.74266548243224,0.471449904140644,0.0944766998291016,3.13780784606934,0.00206040370546333,52356,"ssp245","tos","Pac_EQU_W","Pac","EQU",31.7960841567023,31.7970761196011,0.906858585737716,28.1582145690918,33.5834655761719,0.00396329445392741,52356
"189","ssp245_tos_SA_STPS","1850s",-0.723122846191813,-0.722721694768594,0.236674100644412,-1.65986061096191,0.178544998168945,0.000774238966624218,93444,"ssp245","tos","SA_STPS","SA","STPS",21.7829280919671,21.9558832747363,3.52908575083857,12.2250413894653,30.4084587097168,0.0115448023143128,93444
"190","ssp245_tos_SA_STPS","2090s",1.67924456454309,1.6853605124182,0.452176083615082,-0.0595560073852539,2.99539184570312,0.00147921696018746,93444,"ssp245","tos","SA_STPS","SA","STPS",24.185295502702,24.3639654819231,3.69264084148363,13.4198970794678,33.5291481018066,0.0120798449067315,93444
"191","ssp245_tos_SO_SPSS","1850s",-0.594096797170276,-0.601043580226285,0.285544659954411,-2.68670845031738,1.54345047473907,0.00056138272131274,258720,"ssp245","tos","SO_SPSS","SO","SPSS",3.22469135332689,3.42686507616703,2.6101944282338,-1.86689949035645,11.9215383529663,0.00513165979539309,258720
"192","ssp245_tos_SO_SPSS","2090s",1.46679585970451,1.49498596001304,0.624548455175628,-1.50556969642639,4.13146257400513,0.00122786646198931,258720,"ssp245","tos","SO_SPSS","SO","SPSS",5.28558401020167,5.52289461640636,2.86202206554104,-1.82979357242584,15.0851240158081,0.00562675462348712,258720
"193","ssp245_tos_SO_STSS","1850s",-0.761848916113314,-0.763591073093807,0.38763909688641,-5.42268943786621,1.88515949249268,0.000888053338472103,190536,"ssp245","tos","SO_STSS","SO","STSS",11.5210447301791,11.711769006926,3.601247364095,2.00357699394226,24.5600414276123,0.00825019914151117,190536
"194","ssp245_tos_SO_STSS","2090s",1.68556880687904,1.69117025359048,0.634566231997823,-0.785942077636719,6.58163166046143,0.00145374567563927,190536,"ssp245","tos","SO_STSS","SO","STSS",13.9684624531715,14.1665303336103,3.75676495205911,4.2327299118042,27.4912071228027,0.00860647876937112,190536
"195","ssp245_tos_SP_STPS","1850s",-0.791999765383668,-0.799183049217753,0.309409924796649,-2.1436824798584,0.681673049926758,0.000577140819578793,287412,"ssp245","tos","SP_STPS","SP","STPS",20.619294922229,21.1429075904798,5.7791631975697,5.1601676940918,30.2716979980469,0.0107798448498931,287412
"196","ssp245_tos_SP_STPS","2090s",1.65878813469625,1.6630790908263,0.60226835463979,-0.443227767944336,3.97361373901367,0.00112340821656456,287412,"ssp245","tos","SP_STPS","SP","STPS",23.070082822309,23.6051697305238,5.93113428052177,6.68677520751953,33.0579719543457,0.0110633157677212,287412
"197","ssp585_aqueous_Atl_EQU","1850s",-1.9892377451149,-1.98917141935055,0.154775911155847,-2.82150715883994,-0.790120614922569,0.000828543940043931,34896,"ssp585","aqueous","Atl_EQU","Atl","EQU",8.28583743840167,8.28604372363364,0.466392701839379,4.54596000556561,11.1671502450358,0.00249668597589862,34896
"198","ssp585_aqueous_Atl_EQU","2090s",14.6500855150221,14.6499044646601,0.717562412582075,9.47244808749074,16.7052675339221,0.00384124366710745,34896,"ssp585","aqueous","Atl_EQU","Atl","EQU",24.9251606985386,24.9251196076443,1.03869264261958,14.944576753996,27.5389453398119,0.00556031289484132,34896
"199","ssp585_aqueous_IND_STPS","1850s",-2.23480792044085,-2.21701291765013,0.31491084625569,-3.87919490754299,-1.27646415642962,0.000740501531486245,180852,"ssp585","aqueous","IND_STPS","IND","STPS",8.15111427100574,8.12031797076862,0.651379403554535,6.09351566291021,11.5717569907638,0.00153169524532378,180852
"200","ssp585_aqueous_IND_STPS","2090s",16.3723737451116,16.259715715852,1.97635148011103,12.8115494257563,27.2013474293026,0.00464731944033787,180852,"ssp585","aqueous","IND_STPS","IND","STPS",26.7582959365582,26.5970466042708,2.79329276148123,20.9058076333913,38.6279936837847,0.00656832748811337,180852
"201","ssp585_aqueous_NA_SPSS","1850s",-3.56100925690815,-3.50768675756634,0.815595531884957,-7.8916440644671,1.66949301951333,0.00270337580336919,91020,"ssp585","aqueous","NA_SPSS","NA","SPSS",12.5109001023948,12.4279719975339,1.54329324490252,6.93377893545123,24.5674788933432,0.0051154051888076,91020
"202","ssp585_aqueous_NA_SPSS","2090s",28.9865374454679,28.4734595363382,4.64802629862717,14.0125958862956,46.6626903933337,0.0154063642306769,91020,"ssp585","aqueous","NA_SPSS","NA","SPSS",45.0584468047709,44.4091182914385,5.64269327070348,25.8485390051933,70.7134900456724,0.0187032908561907,91020
"203","ssp585_aqueous_NA_STPS","1850s",-2.26289609868729,-2.25662664145405,0.179809218970973,-3.2927937544698,-1.55800160020726,0.00059900476813191,90108,"ssp585","aqueous","NA_STPS","NA","STPS",8.37269673998046,8.35140757949342,0.601236269030141,7.01264277682291,11.2719480788414,0.00200291950537327,90108
"204","ssp585_aqueous_NA_STPS","2090s",16.4761866383957,16.4172855363001,1.41044117156401,13.6494512955741,23.8148067937469,0.00469865222579488,90108,"ssp585","aqueous","NA_STPS","NA","STPS",27.1117794770635,27.0253197572475,1.98691311568919,23.2209710812871,36.1673993132017,0.00661907346560352,90108
"205","ssp585_aqueous_NA_STSS","1850s",-2.54846914144689,-2.5340427468736,0.442601447193182,-4.90764498928206,-1.00716137490273,0.00228448775424004,37536,"ssp585","aqueous","NA_STSS","NA","STSS",9.65211817702275,9.60325748151976,1.16106725448247,7.3966950189552,14.0879346670926,0.00599284964279971,37536
"206","ssp585_aqueous_NA_STSS","2090s",20.5068656548229,20.3628636242984,3.06085454157092,14.1254676148844,31.513684868376,0.015798603375729,37536,"ssp585","aqueous","NA_STSS","NA","STSS",32.7074529732925,32.5001638526918,4.04249279441784,24.1092472321977,47.569542795828,0.0208653300706907,37536
"207","ssp585_aqueous_NP_SPSS","1850s",-3.70635433668534,-3.6731847905833,0.697601937852882,-6.54405932509161,0.593863335504063,0.00232039488603908,90384,"ssp585","aqueous","NP_SPSS","NP","SPSS",12.9245449183638,12.7782068507863,2.36695350518317,7.61631917915613,24.827037031359,0.00787306701845424,90384
"208","ssp585_aqueous_NP_SPSS","2090s",23.5483012622908,23.414568244104,3.52998160417808,12.5601475778518,40.034678375608,0.0117415832980014,90384,"ssp585","aqueous","NP_SPSS","NP","SPSS",40.1792005173399,39.8659598854736,5.90467912045,25.9037076530177,62.259915423349,0.0196404087938233,90384
"209","ssp585_aqueous_NP_STPS","1850s",-2.2633919979551,-2.2452249530964,0.36213910912786,-3.99185641397446,-1.40815293933575,0.000790049194264417,210108,"ssp585","aqueous","NP_STPS","NP","STPS",8.31556503996773,8.28489707546938,0.834411333681234,6.4571114619689,11.6984064723611,0.00182036677410394,210108
"210","ssp585_aqueous_NP_STPS","2090s",16.2702385735824,16.1878536995517,1.72917542952731,12.684344231214,25.5799427458543,0.00377240021971099,210108,"ssp585","aqueous","NP_STPS","NP","STPS",26.8491956115052,26.7179757281174,2.67415713650072,22.1583121932193,39.609026266207,0.00583398930901688,210108
"211","ssp585_aqueous_NP_STSS","1850s",-2.72928928535597,-2.71656775672569,0.439280447362233,-4.73743677182079,-1.84206866101746,0.0021828020921966,40500,"ssp585","aqueous","NP_STSS","NP","STSS",9.18902479467431,9.15755473971702,1.06236433071684,7.23859731073473,12.680213212335,0.00527893080078651,40500
"212","ssp585_aqueous_NP_STSS","2090s",19.2876114968052,19.226846531231,2.09827511986054,14.8370935878115,26.791708142361,0.0104264128966771,40500,"ssp585","aqueous","NP_STSS","NP","STSS",31.2059255768355,31.1009690276737,3.35151294090124,24.7567521902677,41.8875521297942,0.0166538016962787,40500
"213","ssp585_aqueous_Pac_EQU_E","1850s",-1.9242322291518,-1.92427822156379,0.174443722390327,-2.91650402703537,0.613625005690807,0.000649356228329901,72168,"ssp585","aqueous","Pac_EQU_E","Pac","EQU",9.49442941798035,9.49534068089542,0.905534021804983,6.22454304547719,15.2938287404249,0.00337079574413103,72168
"214","ssp585_aqueous_Pac_EQU_E","2090s",14.2066574025734,14.2065141798127,0.725099712515526,11.8140346662773,18.1573147484375,0.00269913991762128,72168,"ssp585","aqueous","Pac_EQU_E","Pac","EQU",25.6253190497056,25.6261330822719,1.24311259167501,21.8073869161562,32.3302503318769,0.00462741159646485,72168
"215","ssp585_aqueous_Pac_EQU_W","1850s",-1.83820944572626,-1.83800544078381,0.119489067626924,-2.17809090140418,-1.31217654755259,0.00052250919367215,52296,"ssp585","aqueous","Pac_EQU_W","Pac","EQU",8.01406933623651,8.01619720983863,0.562162619036527,6.56084182627417,9.46141480772141,0.00245825950958558,52296
"216","ssp585_aqueous_Pac_EQU_W","2090s",14.3536894573372,14.3518161637191,0.633583298648607,11.5371694477498,16.1334610235071,0.00277057227975583,52296,"ssp585","aqueous","Pac_EQU_W","Pac","EQU",24.2059682393,24.2060188143415,0.51946730726883,21.6909051187716,26.6572520079137,0.00227155880659764,52296
"217","ssp585_aqueous_SA_STPS","1850s",-2.38912672116846,-2.37762062116264,0.250104978201854,-3.6429118235112,-0.729371833382558,0.000818280882240906,93420,"ssp585","aqueous","SA_STPS","SA","STPS",8.88434217108016,8.86120841585568,0.609718801715747,6.8887445889777,15.9899398389209,0.00199484729401972,93420
"218","ssp585_aqueous_SA_STPS","2090s",17.4821790137327,17.3921611338361,1.79428881739816,11.7531323440689,23.2747747788402,0.00587046386302068,93420,"ssp585","aqueous","SA_STPS","SA","STPS",28.7556479059813,28.6309901708544,2.38452021264175,23.5625092701865,38.8021852586513,0.00780155324116335,93420
"219","ssp585_aqueous_SO_SPSS","1850s",-4.17339731725117,-4.15368173036468,0.374811729724999,-5.63328057645444,-1.52327298490673,0.000737121744769425,258552,"ssp585","aqueous","SO_SPSS","SO","SPSS",16.0133460137271,15.9135201892457,1.54291951640709,9.01130976012745,21.9063446939884,0.00303437548981524,258552
"220","ssp585_aqueous_SO_SPSS","2090s",30.4376173276507,30.1786424680344,3.08187103886989,17.0583180694953,43.1343224095448,0.00606094734279768,258552,"ssp585","aqueous","SO_SPSS","SO","SPSS",50.624360658629,50.2458443876447,4.70506763150269,30.3532583507063,67.8360500027658,0.00925319937115109,258552
"221","ssp585_aqueous_SO_STSS","1850s",-3.11000674404187,-3.08869142237355,0.534791288321183,-9.95551388826773,-0.758927710931545,0.0012262888185221,190188,"ssp585","aqueous","SO_STSS","SO","STSS",11.7162113381983,11.6315825680405,1.68834406224358,7.49172711907913,34.0427019984356,0.00387141206403506,190188
"222","ssp585_aqueous_SO_STSS","2090s",22.9532635626106,22.8114029990568,3.00447093944792,9.05687022624187,39.6347772859389,0.00688932149621486,190188,"ssp585","aqueous","SO_STSS","SO","STSS",37.7794816448508,37.5316769894709,4.91342160180684,25.3070194769575,62.351557116539,0.0112665896071254,190188
"223","ssp585_aqueous_SP_STPS","1850s",-2.50552558650176,-2.45901186086295,0.519190050022339,-6.77579684966043,-0.0828475709719996,0.000968685358436726,287268,"ssp585","aqueous","SP_STPS","SP","STPS",9.29639433705593,9.18051895314811,1.56374738538984,6.84041224931551,21.978985001648,0.00291758132971861,287268
"224","ssp585_aqueous_SP_STPS","2090s",18.4073860164701,18.1153057609422,3.19822541929499,10.819824964456,32.4668669190919,0.00596712925549693,287268,"ssp585","aqueous","SP_STPS","SP","STPS",30.2093059400278,29.7548365749533,4.97137954138855,23.0690701197628,50.4299165768172,0.00927541383500661,287268
"225","ssp585_bicarbonate_Atl_EQU","1850s",-75.9015992509819,-75.8912606202882,14.1651981585025,-198.844762772589,46.7077310108625,0.0758289129497096,34896,"ssp585","bicarbonate","Atl_EQU","Atl","EQU",1664.71862022675,1664.71574420629,59.8240611062551,1146.90827496479,1807.31462851114,0.320249210153224,34896
"226","ssp585_bicarbonate_Atl_EQU","2090s",290.42688416212,290.403196460104,27.2048926229975,13.2873687887777,412.94681281432,0.145632797468296,34896,"ssp585","bicarbonate","Atl_EQU","Atl","EQU",2031.04710363985,2031.01020128668,75.6281903466355,1189.56896685482,2129.94139182714,0.404851622841354,34896
"227","ssp585_bicarbonate_IND_STPS","1850s",-81.7580810178092,-81.5349813467266,8.85868136904899,-114.897076948887,-33.4606653220317,0.0208308707011101,180852,"ssp585","bicarbonate","IND_STPS","IND","STPS",1660.54832311902,1657.75052305952,60.3307943147579,1349.20997812383,1870.20476467677,0.141865693471816,180852
"228","ssp585_bicarbonate_IND_STPS","2090s",264.367443005755,264.517045785251,25.5460736435755,122.111272062724,369.812644224696,0.0600706735936576,180852,"ssp585","bicarbonate","IND_STPS","IND","STPS",2006.67384714259,2003.8025501915,75.2123165488555,1547.45845927355,2188.80201735347,0.17685905789931,180852
"229","ssp585_bicarbonate_NA_SPSS","1850s",-67.2122414174728,-66.9432865128246,11.2205793068231,-146.959052406051,80.3771558394728,0.0371917714258998,91020,"ssp585","bicarbonate","NA_SPSS","NA","SPSS",1827.13844508,1821.30564658275,120.848403302422,501.145619387332,1994.66503727792,0.400564540377657,91020
"230","ssp585_bicarbonate_NA_SPSS","2090s",128.437439107159,126.1445783295,54.8214813220262,-143.330288191696,333.676708320274,0.181711473784442,91020,"ssp585","bicarbonate","NA_SPSS","NA","SPSS",2022.78812560463,2014.39351142508,145.561527770472,531.510306312281,2233.72837716184,0.482478749198999,91020
"231","ssp585_bicarbonate_NA_STPS","1850s",-92.6648781970198,-92.7565268790081,6.54056055693602,-136.329131871741,-46.9882737054588,0.0217887991632545,90108,"ssp585","bicarbonate","NA_STPS","NA","STPS",1723.09192093791,1721.33440795689,50.2672121077694,1489.1237533961,1868.62196118485,0.167456929658945,90108
"232","ssp585_bicarbonate_NA_STPS","2090s",319.714442856546,320.553319959615,44.090290697355,139.391574606267,411.100871195574,0.146879534359699,90108,"ssp585","bicarbonate","NA_STPS","NA","STPS",2135.47124199147,2134.64425479552,61.7559089826569,1895.21298845933,2246.93127525166,0.205729629173816,90108
"233","ssp585_bicarbonate_NA_STSS","1850s",-79.4278793925818,-79.7726143078339,8.70825102131233,-103.709822861834,-24.8858527788825,0.0449476452126313,37536,"ssp585","bicarbonate","NA_STSS","NA","STSS",1774.15507430246,1772.99724983913,63.307892903849,1620.39381487759,1926.56327227521,0.326763744228016,37536
"234","ssp585_bicarbonate_NA_STSS","2090s",234.594613789114,237.774197957196,67.2950057416469,48.3573298151141,384.756908644667,0.347343230604496,37536,"ssp585","bicarbonate","NA_STSS","NA","STSS",2088.17756748416,2090.54406210416,81.6725119448916,1837.08546160891,2236.0617599676,0.42155274136438,37536
"235","ssp585_bicarbonate_NP_SPSS","1850s",-57.7472978967877,-58.5228188887938,13.1126816590495,-107.094383501868,46.4098939196294,0.0436159904566286,90384,"ssp585","bicarbonate","NP_SPSS","NP","SPSS",1795.51779028809,1792.79311970192,76.2419364870852,1399.87368978917,2017.23488028556,0.253599352190529,90384
"236","ssp585_bicarbonate_NP_SPSS","2090s",125.135036116303,127.889873379363,40.0729261175399,-122.62952829314,304.605469827736,0.133292366013139,90384,"ssp585","bicarbonate","NP_SPSS","NP","SPSS",1978.40012430118,1979.20581197008,84.6078947154492,1351.38552851204,2155.06534324225,0.281426578057563,90384
"237","ssp585_bicarbonate_NP_STPS","1850s",-78.7943708052729,-78.6142843665256,9.92418683338109,-116.062852004579,-40.5791101693173,0.0216507845019136,210108,"ssp585","bicarbonate","NP_STPS","NP","STPS",1652.98889964972,1650.88613567013,57.8344273775292,1382.68663290535,1812.77584934714,0.126172627033852,210108
"238","ssp585_bicarbonate_NP_STPS","2090s",234.011596904108,234.754713008024,36.54186644331,112.31251190454,329.904840435728,0.0797203931107643,210108,"ssp585","bicarbonate","NP_STPS","NP","STPS",1965.7948673591,1964.25513304468,70.4222707873858,1623.55631367368,2136.8076228451,0.153634492634158,210108
"239","ssp585_bicarbonate_NP_STSS","1850s",-79.0579353951717,-79.2197235177667,8.7696844419627,-103.60377154885,-39.2039299313055,0.043576912341002,40500,"ssp585","bicarbonate","NP_STSS","NP","STSS",1703.18943036291,1701.99161252184,58.3659686030895,1523.89772367747,1882.25247768633,0.29002282970917,40500
"240","ssp585_bicarbonate_NP_STSS","2090s",205.657596644594,206.632824685052,35.2632082338469,99.5503616747001,309.72348926387,0.175224290479138,40500,"ssp585","bicarbonate","NP_STSS","NP","STSS",1987.90496240267,1987.84416072466,65.6954125954929,1733.0136570092,2136.57296417106,0.326443129718707,40500
"241","ssp585_bicarbonate_Pac_EQU_E","1850s",-59.5977265214058,-59.5934116552163,8.52743263656451,-98.7411235074849,25.3010936256858,0.0317428533302375,72168,"ssp585","bicarbonate","Pac_EQU_E","Pac","EQU",1707.08881510724,1707.14607572625,67.3925209882121,1307.95069640677,1897.27756773107,0.250864592012258,72168
"242","ssp585_bicarbonate_Pac_EQU_E","2090s",210.303549134064,210.272693665932,31.9317794355757,98.2996672789275,404.497032556928,0.118864121758144,72168,"ssp585","bicarbonate","Pac_EQU_E","Pac","EQU",1976.99009076271,1977.0121810474,55.4135382662476,1693.35400228824,2105.72776753117,0.20627355180183,72168
"243","ssp585_bicarbonate_Pac_EQU_W","1850s",-65.8134850418045,-65.7875616098043,9.33898973289368,-114.063809947812,-23.7105919972719,0.0408381125734657,52296,"ssp585","bicarbonate","Pac_EQU_W","Pac","EQU",1630.86883254841,1631.00461494692,42.7950715209293,1469.74980649018,1746.78536112938,0.187136938613992,52296
"244","ssp585_bicarbonate_Pac_EQU_W","2090s",219.541775817014,219.417317213068,40.7371365190381,58.9295728735701,361.795651347994,0.178137873010558,52296,"ssp585","bicarbonate","Pac_EQU_W","Pac","EQU",1916.22409340723,1916.20949376979,46.2914939272488,1720.33671518547,2031.25664113621,0.202426311010531,52296
"245","ssp585_bicarbonate_SA_STPS","1850s",-82.4263427289898,-82.5176258008873,8.32589102911489,-132.365903206364,-13.4344718610901,0.0272402313049811,93420,"ssp585","bicarbonate","SA_STPS","SA","STPS",1737.00230984893,1736.03088999391,49.1366463410518,1447.11283250684,1898.72718407499,0.160762806911683,93420
"246","ssp585_bicarbonate_SA_STPS","2090s",279.584968522834,280.707353313369,26.900413818946,148.614540149505,440.340858985895,0.0880114202870728,93420,"ssp585","bicarbonate","SA_STPS","SA","STPS",2099.01362110076,2099.25586910817,52.5360646146047,1867.34454087404,2205.86182190698,0.171884852558226,93420
"247","ssp585_bicarbonate_SO_SPSS","1850s",-51.2876659231561,-51.521971285252,7.0492066798668,-87.9572451061374,6.98670797869272,0.0138632895264941,258552,"ssp585","bicarbonate","SO_SPSS","SO","SPSS",1901.29325686483,1899.48893455634,51.4902376836392,1438.17595735689,2078.232921165,0.101263036425792,258552
"248","ssp585_bicarbonate_SO_SPSS","2090s",139.123887185263,139.894129341206,18.7589265928255,77.3975765711709,231.997429681279,0.0368921557237562,258552,"ssp585","bicarbonate","SO_SPSS","SO","SPSS",2091.70480997325,2090.9050351828,59.8963276576115,1616.35345721769,2222.10221675744,0.117794834170888,258552
"249","ssp585_bicarbonate_SO_STSS","1850s",-64.6149630489962,-64.9811765592887,9.89055943722661,-135.740728655148,29.7929231979774,0.0226792820146221,190188,"ssp585","bicarbonate","SO_STSS","SO","STSS",1813.1860697373,1811.13385200839,60.0892372264554,1350.53891701123,2044.21056889222,0.13778601359727,190188
"250","ssp585_bicarbonate_SO_STSS","2090s",200.747747589085,202.408824593292,36.1842550177036,72.7740946631038,480.957368814551,0.0829713353672155,190188,"ssp585","bicarbonate","SO_STSS","SO","STSS",2078.54878037538,2078.52385316097,60.0473246058154,1636.70993527222,2220.60670639663,0.137689906986769,190188
"251","ssp585_bicarbonate_SP_STPS","1850s",-76.0610235435647,-76.252158544582,12.4646496634507,-119.124938865034,-3.05379903502103,0.0232560767035277,287268,"ssp585","bicarbonate","SP_STPS","SP","STPS",1728.19463814771,1723.93496616294,73.1425591828507,1496.44469714467,1969.42837680663,0.136466648688608,287268
"252","ssp585_bicarbonate_SP_STPS","2090s",246.630801928508,249.126759934023,42.0872109859942,103.33341541777,361.906110871984,0.0785247426406106,287268,"ssp585","bicarbonate","SP_STPS","SP","STPS",2050.88646361979,2049.31388464154,62.7412116139818,1784.748749534,2172.69539328484,0.117060203789401,287268
"253","ssp585_carbonate_Atl_EQU","1850s",28.278712245342,28.2780932701068,2.74576043061825,5.36654846825516,41.512879188673,0.01469856096218,34896,"ssp585","carbonate","Atl_EQU","Atl","EQU",266.181520521984,266.173360978956,16.6506405108195,182.987630727394,300.676604416252,0.0891339433253165,34896
"254","ssp585_carbonate_Atl_EQU","2090s",-91.9707261499048,-91.9682583966666,7.30504773581744,-108.191598858501,-68.2593220317315,0.0391052650767389,34896,"ssp585","carbonate","Atl_EQU","Atl","EQU",145.932082126737,145.927009312183,12.760309097449,62.1320734799775,167.208578379348,0.0683082832258902,34896
"255","ssp585_carbonate_IND_STPS","1850s",31.4023774674623,31.344270811026,3.38440668856394,18.3249180600018,45.251818989809,0.00795831063252431,180852,"ssp585","carbonate","IND_STPS","IND","STPS",255.838820273909,256.830466732608,22.6659257346265,160.255486799357,311.128301122884,0.053298109349389,180852
"256","ssp585_carbonate_IND_STPS","2090s",-99.922572587005,-100.156441628638,7.39290745055132,-123.009765706279,-66.1337542998585,0.0173841560376881,180852,"ssp585","carbonate","IND_STPS","IND","STPS",124.513870219442,125.329754292944,16.3403208578225,66.2186406148269,169.618833953183,0.0384236769360735,180852
"257","ssp585_carbonate_NA_SPSS","1850s",22.7599156326124,22.8370029422376,4.86032521861009,-4.2722058040938,67.5608274996734,0.0161100509735859,91020,"ssp585","carbonate","NA_SPSS","NA","SPSS",155.487851382495,157.585658084514,32.7096719600004,3.84786214539309,291.294853523054,0.108419593114301,91020
"258","ssp585_carbonate_NA_SPSS","2090s",-77.5023281653065,-78.6352369762651,23.9353147233659,-158.380659996097,-1.51175672334395,0.0793360779204228,91020,"ssp585","carbonate","NA_SPSS","NA","SPSS",55.2256075845764,56.113418166011,12.0903006980709,1.36080699612755,142.483534852651,0.0400745529920739,91020
"259","ssp585_carbonate_NA_STPS","1850s",30.5625169953168,30.5618093733,3.46475837245812,15.03567666734,39.7407340545778,0.0115422712884505,90108,"ssp585","carbonate","NA_STPS","NA","STPS",273.973311412691,274.587895900475,24.1386666908263,179.6520547085,318.12840497804,0.0804139883755687,90108
"260","ssp585_carbonate_NA_STPS","2090s",-99.9338221544347,-99.9541411471717,11.5217231806996,-131.258603725628,-72.038228629521,0.0383827212076884,90108,"ssp585","carbonate","NA_STPS","NA","STPS",143.476972262939,144.071945380003,18.4905228957854,72.1334324577887,180.054663244678,0.0615981285231862,90108
"261","ssp585_carbonate_NA_STSS","1850s",27.7357007608657,27.8372107986653,4.33576120614294,-1.96523815745363,45.8055910811997,0.0223790352326149,37536,"ssp585","carbonate","NA_STSS","NA","STSS",225.466399607397,226.996890093165,35.2278925532597,118.16339639524,307.199059100359,0.181828798021258,37536
"262","ssp585_carbonate_NA_STSS","2090s",-97.6427059463082,-97.8102998088514,19.6020499966146,-146.884061183313,-15.3575015965592,0.101175998088686,37536,"ssp585","carbonate","NA_STSS","NA","STSS",100.087992900223,101.349379485649,24.5272163022005,48.9484218370842,172.838952035526,0.126597248254178,37536
"263","ssp585_carbonate_NP_SPSS","1850s",24.6851433603573,24.9406919784252,4.93412516359904,-7.60793475769378,44.5440228103952,0.0164121086474196,90384,"ssp585","carbonate","NP_SPSS","NP","SPSS",147.351951867055,149.213757363099,27.2020016165736,82.5140658752119,248.049787594597,0.0904805190699391,90384
"264","ssp585_carbonate_NP_SPSS","2090s",-60.9637016593787,-61.7360845165137,13.410274884481,-108.815493517754,-26.3681803541273,0.0446058584041524,90384,"ssp585","carbonate","NP_SPSS","NP","SPSS",61.7031068473188,62.5369808681599,12.4957018821661,22.461096576907,118.170678989426,0.0415637646221131,90384
"265","ssp585_carbonate_NP_STPS","1850s",31.2721565191258,31.2024227993432,3.49119811982079,14.0327846415961,46.4047782055323,0.00761646061433265,210108,"ssp585","carbonate","NP_STPS","NP","STPS",249.468524321475,250.339169879366,24.7708010209976,151.184973958672,285.02721483348,0.054040425059459,210108
"266","ssp585_carbonate_NP_STPS","2090s",-99.9848818251187,-100.291958600044,11.2056006963571,-124.564263082117,-58.7270323790117,0.0244463400341553,210108,"ssp585","carbonate","NP_STPS","NP","STPS",118.211485977231,118.844788479979,14.9963657209163,57.8866646606422,145.480831401297,0.0327163411961709,210108
"267","ssp585_carbonate_NP_STSS","1850s",31.7205771617174,31.7518925392822,2.91390002476075,17.8334646565113,41.0641930200612,0.0144792856333408,40500,"ssp585","carbonate","NP_STSS","NP","STSS",214.82253095714,215.707852474928,27.8053252986544,139.983742957331,278.62426588828,0.138165772231746,40500
"268","ssp585_carbonate_NP_STSS","2090s",-89.9639903989721,-90.3135297545603,12.2542600231322,-115.088118820638,-55.692807744286,0.0608919076126261,40500,"ssp585","carbonate","NP_STSS","NP","STSS",93.1379633964501,93.6424301810857,15.6347512593449,53.2956768891758,145.195180499325,0.0776897036159903,40500
"269","ssp585_carbonate_Pac_EQU_E","1850s",22.5336501124879,22.5310891371896,3.24362872973273,-3.71705362589964,32.5030111492598,0.012074212182476,72168,"ssp585","carbonate","Pac_EQU_E","Pac","EQU",237.055721375089,237.046650913781,16.4017792669616,166.177635625271,282.470956751689,0.0610546334184641,72168
"270","ssp585_carbonate_Pac_EQU_E","2090s",-85.5503344005504,-85.5452337974014,10.1126880583116,-116.597627075794,-46.1556611220423,0.0376438709621699,72168,"ssp585","carbonate","Pac_EQU_E","Pac","EQU",128.971736862051,128.97032797919,6.83409821713815,97.948562255904,145.917132783492,0.0254395181523769,72168
"271","ssp585_carbonate_Pac_EQU_W","1850s",29.317325817467,29.3050559326652,3.76980465040431,18.9574468398056,41.0379493592597,0.0164848352012786,52296,"ssp585","carbonate","Pac_EQU_W","Pac","EQU",270.82063310094,270.801354896393,13.5123448116058,210.149706670624,294.975320392544,0.0590876180754575,52296
"272","ssp585_carbonate_Pac_EQU_W","2090s",-110.037528092656,-110.029345849788,11.364807471344,-131.828890311295,-67.4491105433392,0.0496967338186274,52296,"ssp585","carbonate","Pac_EQU_W","Pac","EQU",131.465779190817,131.46695311394,5.61316661854868,110.379754841287,147.005375037233,0.0245456025564002,52296
"273","ssp585_carbonate_SA_STPS","1850s",30.8964273609558,30.8953963617209,3.2503846717961,2.11574369260177,41.7835684118543,0.01063444500778,93420,"ssp585","carbonate","SA_STPS","SA","STPS",249.591142669332,250.724980460018,24.7719182421773,141.62981262623,298.896850746174,0.081047515566238,93420
"274","ssp585_carbonate_SA_STPS","2090s",-95.670937148174,-95.8158965538161,8.108223994379,-115.748429955425,-33.4928485130628,0.0265280792538745,93420,"ssp585","carbonate","SA_STPS","SA","STPS",123.023778160203,124.013687544481,19.245041036835,72.156389882116,163.740015687308,0.0629649568417389,93420
"275","ssp585_carbonate_SO_SPSS","1850s",19.5970956951971,19.7135510715283,2.83573688922422,7.18905093221611,36.2912290419303,0.00557688876232777,258552,"ssp585","carbonate","SO_SPSS","SO","SPSS",124.01015364278,124.859324680754,15.2969211977694,68.7614373652451,203.186303721872,0.0300836189176182,258552
"276","ssp585_carbonate_SO_SPSS","2090s",-54.8343922817206,-55.054222242447,6.42148968633412,-94.6735127324037,-31.3516160694591,0.0126287928210849,258552,"ssp585","carbonate","SO_SPSS","SO","SPSS",49.578665665862,50.0915513667792,7.16532440157931,26.350591707967,83.4714809162404,0.0140916519037606,258552
"277","ssp585_carbonate_SO_STSS","1850s",24.8944643520356,25.0353128262807,4.67092615075799,-4.46983690513414,44.9030721907624,0.0107105419177602,190188,"ssp585","carbonate","SO_STSS","SO","STSS",175.385651472403,176.796947521178,29.3954041908383,71.5612863116717,271.611712352119,0.067404343081807,190188
"278","ssp585_carbonate_SO_STSS","2090s",-74.0790991577058,-74.59962621323,12.8523716418762,-117.957589041184,-7.99678369173188,0.0294707860432792,190188,"ssp585","carbonate","SO_STSS","SO","STSS",76.4120879626613,77.1620084816674,15.1978475484408,41.5399431223946,129.7728485059,0.0348490166561269,190188
"279","ssp585_carbonate_SP_STPS","1850s",30.1082462891379,30.1968750912775,5.45782571452495,-4.85097835832076,43.4892892097241,0.0101830068937806,287268,"ssp585","carbonate","SP_STPS","SP","STPS",234.449478196845,237.795830863427,40.2595454839665,113.607523702098,302.111715522119,0.0751147527691599,287268
"280","ssp585_carbonate_SP_STPS","2090s",-94.1142499265901,-95.1923777197447,15.8938399656919,-131.342876100974,-30.4905124488971,0.0296541315910036,287268,"ssp585","carbonate","SP_STPS","SP","STPS",110.226981981117,112.406578052405,23.9996152238139,48.5368670742592,147.399580348299,0.0447775836120577,287268
"281","ssp585_dic_Atl_EQU","1850s",-49.6121247507548,-49.6023387695319,14.8022337789993,-194.386579687299,84.8296512158693,0.0792390818772456,34896,"ssp585","dic","Atl_EQU","Atl","EQU",1939.18597818713,1939.17514890888,70.7091367643181,1337.38614562608,2060.40248005073,0.378519023627794,34896
"282","ssp585_dic_Atl_EQU","2090s",213.106243527237,213.084842528098,28.1178891173853,-67.1928073885135,358.784822816819,0.150520235746367,34896,"ssp585","dic","Atl_EQU","Atl","EQU",2201.90434646513,2201.86233020651,85.3666967276414,1267.69360679057,2320.15167029953,0.456983639941463,34896
"283","ssp585_dic_IND_STPS","1850s",-52.5905114707877,-52.4077234533507,6.85650724221527,-82.09882122567,-1.65051601287087,0.0161228302355279,180852,"ssp585","dic","IND_STPS","IND","STPS",1924.53825766394,1922.70130776289,58.7592765427655,1570.14247752335,2072.48803012758,0.138170325939212,180852
"284","ssp585_dic_IND_STPS","2090s",180.817244163861,180.620319872465,21.5408210709265,30.339001154093,281.466009833256,0.0506524661889253,180852,"ssp585","dic","IND_STPS","IND","STPS",2157.94601329859,2155.72935108871,75.3520681847579,1659.85802122559,2322.50802165747,0.17718767884598,180852
"285","ssp585_dic_NA_SPSS","1850s",-48.0133350417685,-47.6139703281533,10.0415749843839,-138.249985917669,110.203805204366,0.0332838395739641,91020,"ssp585","dic","NA_SPSS","NA","SPSS",1995.13719656489,1991.3192766648,138.702873904216,522.938532699887,2145.97490291227,0.459745031098718,91020
"286","ssp585_dic_NA_SPSS","2090s",79.9216483873201,75.9828008895731,54.3203940582228,-121.462601800441,296.259587812783,0.180050568186772,91020,"ssp585","dic","NA_SPSS","NA","SPSS",2123.07217999398,2114.91604788253,151.524356812208,594.843654985252,2349.21062052695,0.502243163201858,91020
"287","ssp585_dic_NA_STPS","1850s",-64.3652573003903,-64.4513441471622,6.75661439774142,-119.756502335703,-31.2276549633207,0.0225085469134327,90108,"ssp585","dic","NA_STPS","NA","STPS",2005.43792909058,2004.27371143686,56.6375802087759,1731.17938417133,2111.65380949424,0.188678760714639,90108
"288","ssp585_dic_NA_STPS","2090s",236.256807340507,237.016464348744,43.4383040822968,74.1937509089219,338.64186121644,0.144707548443665,90108,"ssp585","dic","NA_STPS","NA","STPS",2306.05999373148,2305.74151993277,71.0331412722538,2050.10129564048,2420.21403860634,0.236635199023563,90108
"289","ssp585_dic_NA_STSS","1850s",-54.240647773163,-54.4694462560423,7.18525603534957,-79.5542056359654,-18.7567842283056,0.0370867052693366,37536,"ssp585","dic","NA_STSS","NA","STSS",2009.27359208688,2009.59739741381,69.4811691435669,1822.91873289548,2133.77796757056,0.358627114902945,37536
"290","ssp585_dic_NA_STSS","2090s",157.458773497628,160.326761772643,64.2572913363757,-7.06882523973081,308.531407371683,0.331664065062383,37536,"ssp585","dic","NA_STSS","NA","STSS",2220.97301335767,2224.3936054425,95.500102643662,1933.81979600062,2385.97913285902,0.492923862770128,37536
"291","ssp585_dic_NP_SPSS","1850s",-36.7685088731158,-37.2553117009518,9.1242095159213,-80.4468042207284,72.0271444129571,0.0303493553430435,90384,"ssp585","dic","NP_SPSS","NP","SPSS",1955.79428707351,1954.78508391581,71.5035972813533,1522.7247464926,2137.74863858559,0.237838475586403,90384
"292","ssp585_dic_NP_SPSS","2090s",87.7196357192155,89.5683571069536,29.0010612488176,-163.764573834393,260.305553737189,0.0964646319913952,90384,"ssp585","dic","NP_SPSS","NP","SPSS",2080.28243166584,2081.60875272371,87.4648664665269,1427.49009182882,2257.00837965057,0.290929565765944,90384
"293","ssp585_dic_NP_STPS","1850s",-49.7856062841022,-49.6570865202787,7.63386134067086,-91.7099878734316,-15.9162300871005,0.0166541692109644,210108,"ssp585","dic","NP_STPS","NP","STPS",1910.77298901116,1909.51020262497,54.6378355945944,1592.17894350785,2021.47181880832,0.11919888490315,210108
"294","ssp585_dic_NP_STPS","2090s",150.296953652572,150.650608107532,30.080689682179,35.3809856885359,263.960287741039,0.0656245736715852,210108,"ssp585","dic","NP_STPS","NP","STPS",2110.85554894784,2109.81789725278,73.1187675873404,1741.5481030352,2275.58577796601,0.159517218554789,210108
"295","ssp585_dic_NP_STSS","1850s",-50.0666475188103,-50.1843987352102,6.27890590151955,-71.3263392768822,-20.7998461786324,0.0312001342669385,40500,"ssp585","dic","NP_STSS","NP","STSS",1927.20098611472,1926.85701973648,52.393493782411,1719.76984503824,2052.71589947524,0.260345363724852,40500
"296","ssp585_dic_NP_STSS","2090s",134.981217742427,135.546141461723,24.1530727791624,64.110431231702,232.063694484876,0.120017583554904,40500,"ssp585","dic","NP_STSS","NP","STSS",2112.24885137596,2112.58755993341,68.1481406717301,1854.08291622611,2272.1228288509,0.338630833516015,40500
"297","ssp585_dic_Pac_EQU_E","1850s",-38.9883086380697,-38.9866007395905,6.23342022069296,-79.1051424220623,25.2653900781677,0.0232035305635565,72168,"ssp585","dic","Pac_EQU_E","Pac","EQU",1953.63896590031,1953.68806732092,67.0172007216972,1494.13016573213,2086.13752803709,0.249467484972003,72168
"298","ssp585_dic_Pac_EQU_E","2090s",138.959872136087,138.933974048344,31.5793095710188,0.57386479685556,362.408027264541,0.117552073960078,72168,"ssp585","dic","Pac_EQU_E","Pac","EQU",2131.58714667447,2131.60864210886,57.7254920218291,1824.28559504269,2245.96883407304,0.214879660122761,72168
"299","ssp585_dic_Pac_EQU_W","1850s",-38.3343686700638,-38.3205111179229,8.16613837791834,-88.968038499542,6.26537875925828,0.0357093955455711,52296,"ssp585","dic","Pac_EQU_W","Pac","EQU",1909.70353498559,1909.82216705315,46.2478160914683,1734.7114987271,2014.75245936178,0.202235313865702,52296
"300","ssp585_dic_Pac_EQU_W","2090s",123.857937181695,123.739787526999,44.4976345815769,-40.1013625370149,283.040917514651,0.194582011788155,52296,"ssp585","dic","Pac_EQU_W","Pac","EQU",2071.89584083735,2071.88246569807,51.1917917396306,1854.01813188897,2200.14345218824,0.223854636710547,52296
"301","ssp585_dic_SA_STPS","1850s",-53.9190420892025,-53.9998500603291,6.77691135796604,-109.892982336892,-4.1594948334714,0.0221723575625483,93420,"ssp585","dic","SA_STPS","SA","STPS",1995.47779468935,1995.61707886979,55.514577522175,1684.33378776476,2101.05688854346,0.18162980120857,93420
"302","ssp585_dic_SA_STPS","2090s",201.396210388393,202.283617893389,22.7507179851995,111.567996485674,385.830685513008,0.0744346542735272,93420,"ssp585","dic","SA_STPS","SA","STPS",2250.79304716694,2251.90054682351,60.2456377561544,2017.16307807639,2359.55604835929,0.197108646012175,93420
"303","ssp585_dic_SO_SPSS","1850s",-35.8639675452102,-35.9621019440884,4.84281075383265,-64.6252092380755,17.936608822527,0.00952409124194803,258552,"ssp585","dic","SO_SPSS","SO","SPSS",2041.31675652133,2040.26177942634,55.8346010200505,1527.14347770282,2202.31541928758,0.109806858372873,258552
"304","ssp585_dic_SO_SPSS","2090s",114.727112231193,115.018549566794,11.7152000510791,68.6417482546647,181.943714898302,0.023039643685405,258552,"ssp585","dic","SO_SPSS","SO","SPSS",2191.90783629774,2191.24243093722,62.4337363178168,1691.71214945677,2325.42409880281,0.122785017109335,258552
"305","ssp585_dic_SO_STSS","1850s",-42.8305054410025,-43.0345551553816,5.91583338108688,-129.979425557623,39.0967259706392,0.0135651430490575,190188,"ssp585","dic","SO_STSS","SO","STSS",2000.2879325479,1999.56238209761,55.6953649540559,1482.54100927323,2158.74134279027,0.127710762643627,190188
"306","ssp585_dic_SO_STSS","2090s",149.62191199399,150.620601379118,23.6873199986579,60.325536759982,493.20698765661,0.0543155737377379,190188,"ssp585","dic","SO_STSS","SO","STSS",2192.7403499829,2193.21753863211,63.8518069919496,1720.67891160586,2344.47464725391,0.146413673271419,190188
"307","ssp585_dic_SP_STPS","1850s",-48.4583028409286,-48.5142953141675,8.05821121194136,-88.7265903274583,-7.93306599219704,0.0150347088043432,287268,"ssp585","dic","SP_STPS","SP","STPS",1971.94051068162,1970.91131597951,59.2860202929314,1747.0175575558,2123.65936443928,0.11061363717443,287268
"308","ssp585_dic_SP_STPS","2090s",170.923938018388,172.04968797522,30.7561791486305,3.75464046313436,282.13288177645,0.0573837276377954,287268,"ssp585","dic","SP_STPS","SP","STPS",2191.32275154093,2191.4752992689,64.1404632487682,1925.36751285285,2322.88273401684,0.119670875105864,287268
"309","ssp585_pCO2_Atl_EQU","1850s",-82.0053991910286,-82.0035678319199,6.48657375515981,-118.290950012207,-29.1686758422851,0.0347238232122186,34896,"ssp585","pCO2","Atl_EQU","Atl","EQU",310.99658160057,311.005375376594,17.1246669455879,157.086668395996,397.102786254883,0.0916714940786281,34896
"310","ssp585_pCO2_Atl_EQU","2090s",658.168770079692,658.171828530654,26.2365519987987,358.685872650146,739.472127075195,0.140449091876859,34896,"ssp585","pCO2","Atl_EQU","Atl","EQU",1051.17075087129,1051.18077173917,40.8183797117086,547.85647277832,1160.30938476563,0.218508299514997,34896
"311","ssp585_pCO2_IND_STPS","1850s",-84.1996497953381,-84.0975763713366,5.47822096002428,-110.87986328125,-50.8497909545899,0.012881839603023,180852,"ssp585","pCO2","IND_STPS","IND","STPS",282.343700720729,283.110066095555,20.2455408339735,227.309153238932,340.76767171224,0.0476066612870874,180852
"312","ssp585_pCO2_IND_STPS","2090s",667.454710247224,666.926898090674,28.6148354054257,539.233493041992,1085.12980651855,0.0672867565308944,180852,"ssp585","pCO2","IND_STPS","IND","STPS",1033.99806076329,1034.13454055757,40.6194550816015,840.255261230469,1463.81293945312,0.0955151880403646,180852
"313","ssp585_pCO2_NA_SPSS","1850s",-78.5813049941086,-79.1885295323682,11.1649693169586,-132.872230529785,37.2788703918457,0.0370074463589418,91020,"ssp585","pCO2","NA_SPSS","NA","SPSS",244.432225568704,249.833419428971,29.735746024729,149.451853434245,435.414347330729,0.0985622078048888,91020
"314","ssp585_pCO2_NA_SPSS","2090s",693.219976571215,693.643607922745,56.415253182282,497.519189453125,970.072201538086,0.1869941955683,91020,"ssp585","pCO2","NA_SPSS","NA","SPSS",1016.23350713403,1022.66555688408,63.3852191343626,742.717132568359,1408.99590820313,0.210096869097684,91020
"315","ssp585_pCO2_NA_STPS","1850s",-86.349751829115,-86.4022614133046,7.32243157498066,-117.245639648437,-59.5326110839844,0.0243934735539959,90108,"ssp585","pCO2","NA_STPS","NA","STPS",291.286708581126,291.530726224291,18.846046018418,242.203470153809,403.163824462891,0.0627824951916854,90108
"316","ssp585_pCO2_NA_STPS","2090s",677.508825268605,677.064627693758,37.3798642137691,544.835308837891,845.981942138672,0.124524854867345,90108,"ssp585","pCO2","NA_STPS","NA","STPS",1055.14528567885,1054.99761533135,57.232269111019,868.785404052734,1314.08354248047,0.190659868747016,90108
"317","ssp585_pCO2_NA_STSS","1850s",-79.4557597668369,-79.4562026904678,9.75345437921643,-123.550712890625,-45.98359375,0.0503424632525739,37536,"ssp585","pCO2","NA_STSS","NA","STSS",274.562205487528,274.780215431712,20.3326587579181,224.961331176758,421.52737487793,0.10494703584494,37536
"318","ssp585_pCO2_NA_STSS","2090s",689.339622272232,688.600343861173,63.7560774443948,487.041835530599,897.776111857096,0.329077049123446,37536,"ssp585","pCO2","NA_STSS","NA","STSS",1043.3575875266,1042.83676198335,79.9947252729277,837.745383707682,1403.53327636719,0.4128928439993,37536
"319","ssp585_pCO2_NP_SPSS","1850s",-83.6399682175685,-83.5126045991153,10.0399378489709,-137.331912231445,15.6796864827474,0.0333952920380439,90384,"ssp585","pCO2","NP_SPSS","NP","SPSS",271.431716785739,271.030153720129,25.2153481801752,157.653767903646,446.480824584961,0.0838724232146737,90384
"320","ssp585_pCO2_NP_SPSS","2090s",662.832278523214,663.770523512383,53.0648995131449,366.503588867188,940.900722249349,0.176506851224439,90384,"ssp585","pCO2","NP_SPSS","NP","SPSS",1017.90396352652,1018.31328183163,67.2988350404389,637.77548828125,1283.93561279297,0.223852406638748,90384
"321","ssp585_pCO2_NP_STPS","1850s",-85.0866102377923,-84.9162932951267,6.84760405746496,-127.538217163086,-58.7250823974609,0.0149388561795237,210108,"ssp585","pCO2","NP_STPS","NP","STPS",290.278740165142,290.602121763678,22.0217359657561,224.285626220703,383.557200113932,0.0480430152875495,210108
"322","ssp585_pCO2_NP_STPS","2090s",670.343297693612,669.531068771823,34.5771594625671,569.906947835286,844.985706176758,0.0754341530224187,210108,"ssp585","pCO2","NP_STPS","NP","STPS",1045.70864809655,1045.04948383063,50.408251537971,892.987249755859,1293.25652587891,0.109971548247751,210108
"323","ssp585_pCO2_NP_STSS","1850s",-83.2457996278463,-83.2034139699077,10.6292435137498,-129.726900024414,-49.6268468221029,0.0528171356580962,40500,"ssp585","pCO2","NP_STSS","NP","STSS",266.338987137795,266.42268824378,24.9766897144531,188.582306925456,380.163585408529,0.12411016900986,40500
"324","ssp585_pCO2_NP_STSS","2090s",681.822866174424,681.641470933815,51.7090501295737,552.495536295573,848.995321044922,0.25694433587038,40500,"ssp585","pCO2","NP_STSS","NP","STSS",1031.40765294007,1031.2675731475,77.6698446312777,832.321226806641,1278.84794433594,0.385944560883076,40500
"325","ssp585_pCO2_Pac_EQU_E","1850s",-79.2585020318549,-79.2602623207661,5.63383280854006,-101.235256958008,-4.30950317382815,0.0209716026089436,72168,"ssp585","pCO2","Pac_EQU_E","Pac","EQU",341.30063479012,341.326055915739,23.483002215131,223.04688659668,510.5443359375,0.0874140584672924,72168
"326","ssp585_pCO2_Pac_EQU_E","2090s",628.905927081718,628.902582150354,24.4396568196942,494.837945556641,726.988175455729,0.0909751474954409,72168,"ssp585","pCO2","Pac_EQU_E","Pac","EQU",1049.46506390369,1049.48890038686,33.9052054149395,884.731412353516,1202.50776367187,0.1262100808634,72168
"327","ssp585_pCO2_Pac_EQU_W","1850s",-79.5458141880562,-79.5443270149938,5.38123765994554,-96.4107830810547,-56.9565185546875,0.0235314092451986,52296,"ssp585","pCO2","Pac_EQU_W","Pac","EQU",312.165884185423,312.251066027667,20.6696803736259,252.338724772135,362.476842244466,0.0903856582026824,52296
"328","ssp585_pCO2_Pac_EQU_W","2090s",642.92384085192,642.875396000098,19.6156822676403,505.819486490885,740.014052124023,0.0857766700213533,52296,"ssp585","pCO2","Pac_EQU_W","Pac","EQU",1034.6355392254,1034.67078904276,24.8552874121018,888.514599609375,1156.76423746745,0.10868873983297,52296
"329","ssp585_pCO2_SA_STPS","1850s",-84.7734551752061,-84.75197686697,7.57872265772735,-116.194432576497,-37.1428546142579,0.0247956834254581,93420,"ssp585","pCO2","SA_STPS","SA","STPS",289.267067803319,289.891809818403,22.1459021936845,227.449210205078,493.991367594401,0.0724558484015597,93420
"330","ssp585_pCO2_SA_STPS","2090s",667.536595691341,667.229153487962,32.7964137613131,503.195881347656,792.813791503906,0.107301656208081,93420,"ssp585","pCO2","SA_STPS","SA","STPS",1041.57711866987,1041.87294017334,49.8457426816995,847.745680745443,1213.51706298828,0.163082792636839,93420
"331","ssp585_pCO2_SO_SPSS","1850s",-82.4488878141776,-82.7131511726185,5.89619100667292,-103.201369222005,-27.8214660644531,0.0115957166162366,258552,"ssp585","pCO2","SO_SPSS","SO","SPSS",285.166349597985,285.498758818618,10.5412059301981,194.849805704753,342.375421142578,0.020730813608588,258552
"332","ssp585_pCO2_SO_SPSS","2090s",650.278329373498,650.998288624559,23.9609291278808,434.279088846842,707.711309814453,0.0471226498114101,258552,"ssp585","pCO2","SO_SPSS","SO","SPSS",1017.89356678566,1019.2101986158,32.9808860253992,709.648305257161,1110.97200195312,0.0648617060862019,258552
"333","ssp585_pCO2_SO_STSS","1850s",-82.1116880313488,-82.0575072637795,6.89870163880864,-276.770883789062,-39.1256479899089,0.015818882743113,190188,"ssp585","pCO2","SO_STSS","SO","STSS",277.006604256696,276.721285135577,16.3114191098988,179.422632344564,856.659748535156,0.0374024620548484,190188
"334","ssp585_pCO2_SO_STSS","2090s",657.511771807444,657.648370677401,29.6763296815099,388.051476033529,1030.04880126953,0.0680485117426876,190188,"ssp585","pCO2","SO_STSS","SO","STSS",1016.63006409549,1016.42716307676,40.9384050785508,668.995546468099,1585.47496744792,0.0938727116396196,190188
"335","ssp585_pCO2_SP_STPS","1850s",-84.857546961125,-84.643920170359,7.76979272298747,-188.405077514648,-22.3539672851562,0.0144965883851633,287268,"ssp585","pCO2","SP_STPS","SP","STPS",287.797098027004,288.823756423572,28.2944014775119,229.594336954753,565.272724609375,0.0527906350204842,287268
"336","ssp585_pCO2_SP_STPS","2090s",668.534247903736,667.732534769983,35.9124116859472,453.388842773437,980.878535766602,0.0670040332722713,287268,"ssp585","pCO2","SP_STPS","SP","STPS",1041.18889289187,1041.20021136391,46.4594833338841,900.812008056641,1457.46615722656,0.086682364702737,287268
"337","ssp585_pH_Atl_EQU","1850s",0.0803752326014281,0.0803724312624753,0.00481063488650161,0.0442315578460697,0.12666784286499,2.57522139796123e-05,34896,"ssp585","pH","Atl_EQU","Atl","EQU",8.13087038943787,8.13085827345106,0.0178297116001803,8.04880275726318,8.30632133483887,9.54457278832328e-05,34896
"338","ssp585_pH_Atl_EQU","2090s",-0.351469766323981,-0.351469318685202,0.0104532284808435,-0.447769403457642,-0.298890495300293,5.59580560503154e-05,34896,"ssp585","pH","Atl_EQU","Atl","EQU",7.69902539051246,7.69901652350338,0.0144201035219718,7.65440406799317,7.85732932090759,7.71934682775379e-05,34896
"339","ssp585_pH_IND_STPS","1850s",0.0907039578063321,0.0903309592620845,0.00715264058842332,0.0619322776794444,0.113890902201335,1.68191771508487e-05,180852,"ssp585","pH","IND_STPS","IND","STPS",8.16446860169115,8.16321763168205,0.0303239591099864,8.0884667078654,8.25491991043091,7.13056994659339e-05,180852
"340","ssp585_pH_IND_STPS","2090s",-0.379767775352725,-0.378916734999849,0.0183925996231547,-0.497483666737875,-0.328697443008421,4.32495366574352e-05,180852,"ssp585","pH","IND_STPS","IND","STPS",7.6939968685321,7.69396993742011,0.0187329618751881,7.54101166725159,7.76145887374878,4.40498862544324e-05,180852
"341","ssp585_pH_NA_SPSS","1850s",0.103159835694029,0.101748309060191,0.0148331333868123,-0.102255249023438,0.203700923919677,4.91659558180516e-05,91020,"ssp585","pH","NA_SPSS","NA","SPSS",8.21576413812657,8.20758282666902,0.0533328958595305,7.68792905807495,8.39809913635254,0.000176777403202597,91020
"342","ssp585_pH_NA_SPSS","2090s",-0.457614552206935,-0.453079755293244,0.040120136785986,-0.790325260162353,-0.32950749397278,0.000132982345752227,91020,"ssp585","pH","NA_SPSS","NA","SPSS",7.65498975022561,7.65275476231559,0.044535053181903,7.19370582580566,7.78333420753479,0.000147616043083839,91020
"343","ssp585_pH_NA_STPS","1850s",0.0881551332164076,0.0880962508882847,0.00407353352649904,0.0616953849792488,0.10569652557373,1.35703053463128e-05,90108,"ssp585","pH","NA_STPS","NA","STPS",8.164293753231,8.16381620217393,0.0263694176945131,8.03998864491781,8.23335542678833,8.78453675638581e-05,90108
"344","ssp585_pH_NA_STPS","2090s",-0.367673993084339,-0.367086099381322,0.0155595276969162,-0.438712183634439,-0.30530652999878,5.18340012468323e-05,90108,"ssp585","pH","NA_STPS","NA","STPS",7.70846462693025,7.70863385190432,0.0244023249149554,7.5969092686971,7.77889018058777,8.12923222803283e-05,90108
"345","ssp585_pH_NA_STSS","1850s",0.0893209714312281,0.0891612531877959,0.00806555729345396,0.0435456275939945,0.119719076156617,4.16303809778885e-05,37536,"ssp585","pH","NA_STSS","NA","STSS",8.18466784895652,8.18454461469193,0.0283583916809904,8.02526423136393,8.25763921737671,0.000146371863300503,37536
"346","ssp585_pH_NA_STSS","2090s",-0.407402355593438,-0.406280594011082,0.0305228344333941,-0.525836070378622,-0.309188493092858,0.000157543636447601,37536,"ssp585","pH","NA_STSS","NA","STSS",7.68794452193185,7.68910276749305,0.0381747472342681,7.57221072514852,7.79241859118144,0.000197038991017645,37536
"347","ssp585_pH_NP_SPSS","1850s",0.101368241085938,0.10118873212269,0.0107693995446318,-0.0164688428242989,0.157018629709878,3.58216602809169e-05,90384,"ssp585","pH","NP_SPSS","NP","SPSS",8.17193782115933,8.17277058860021,0.0369602215296355,7.94263474464416,8.35365940093994,0.000122938748261224,90384
"348","ssp585_pH_NP_SPSS","2090s",-0.411741342558694,-0.412035544299501,0.0251998097713943,-0.635021003087362,-0.260662937164307,8.3820738661756e-05,90384,"ssp585","pH","NP_SPSS","NP","SPSS",7.6588282375147,7.65954631217802,0.0326018725344355,7.50013598442078,7.85504717826843,0.000108441812155854,90384
"349","ssp585_pH_NP_STPS","1850s",0.0897342512610464,0.0894360255714167,0.0070502478360996,0.0506735324859608,0.124500719706219,1.53809474919438e-05,210108,"ssp585","pH","NP_STPS","NP","STPS",8.15228253254718,8.1517167865517,0.0298475292555366,8.06135126749674,8.25567569732666,6.51159066909689e-05,210108
"350","ssp585_pH_NP_STPS","2090s",-0.3794279335226,-0.37880557671651,0.0183027524427513,-0.457080014546714,-0.298495165506999,3.99296139404577e-05,210108,"ssp585","pH","NP_STPS","NP","STPS",7.68312034776354,7.68347518426377,0.0229560417046497,7.57981390953064,7.74954180717468,5.00813134928639e-05,210108
"351","ssp585_pH_NP_STSS","1850s",0.0969021869721432,0.0967662821106403,0.00783289071362037,0.0639305114746094,0.127139358520507,3.892194687996e-05,40500,"ssp585","pH","NP_STSS","NP","STSS",8.18517875204063,8.18509292187215,0.0345442099435463,8.04719540278117,8.31019099553426,0.000171651559250653,40500
"352","ssp585_pH_NP_STSS","2090s",-0.40986074997168,-0.409577273308482,0.0194132735835205,-0.495521736145018,-0.322265243530273,9.6465331996784e-05,40500,"ssp585","pH","NP_STSS","NP","STSS",7.6784158150968,7.67874936645303,0.0322969723617337,7.58021623293559,7.7582492351532,0.000160484945929485,40500
"353","ssp585_pH_Pac_EQU_E","1850s",0.0735821483261908,0.0735789489065544,0.00601533512443597,0.0101020812988279,0.0977929687499994,2.23917219549123e-05,72168,"ssp585","pH","Pac_EQU_E","Pac","EQU",8.09853390044654,8.09851173090502,0.0201562631334523,7.96254200935364,8.20090337753296,7.50304730156881e-05,72168
"354","ssp585_pH_Pac_EQU_E","2090s",-0.337024779042784,-0.337012627187917,0.0134074633477537,-0.408479862213136,-0.234909772872925,4.99084731262963e-05,72168,"ssp585","pH","Pac_EQU_E","Pac","EQU",7.68792697307756,7.68792015481055,0.013121956664292,7.62865465482076,7.73451761245728,4.88456917284032e-05,72168
"355","ssp585_pH_Pac_EQU_W","1850s",0.0791162439006223,0.0790970954234183,0.00528674099167531,0.0617241859436035,0.0950929641723626,2.31181883629607e-05,52296,"ssp585","pH","Pac_EQU_W","Pac","EQU",8.12513070878914,8.12504635427541,0.0229914367463157,8.0716313680013,8.19566278457642,0.000100538378232142,52296
"356","ssp585_pH_Pac_EQU_W","2090s",-0.359263862718964,-0.359212824234007,0.0157422586701426,-0.407243760426838,-0.312207622528076,6.8838723472148e-05,52296,"ssp585","pH","Pac_EQU_W","Pac","EQU",7.68675060216955,7.68673643461799,0.0114233140415847,7.64106914202372,7.71695165634155,4.99525749716978e-05,52296
"357","ssp585_pH_SA_STPS","1850s",0.0897338042235397,0.0894722127079952,0.00703946616632912,0.0278278541564942,0.114802665710446,2.30313711726274e-05,93420,"ssp585","pH","SA_STPS","SA","STPS",8.16554628994732,8.16479186920765,0.0280071250132168,7.95341095924377,8.24802055358887,9.16323022820843e-05,93420
"358","ssp585_pH_SA_STPS","2090s",-0.374762369818379,-0.373936749031325,0.0200324206958301,-0.432641115188596,-0.235279083251953,6.55410659885989e-05,93420,"ssp585","pH","SA_STPS","SA","STPS",7.7010501159054,7.70138290746833,0.0209794511541584,7.60881565411886,7.77023474375407,6.86395125869888e-05,93420
"359","ssp585_pH_SO_SPSS","1850s",0.0966627795979758,0.0967706727796271,0.00633814603168544,0.0385255813598633,0.12828181584676,1.24648854103558e-05,258552,"ssp585","pH","SO_SPSS","SO","SPSS",8.15542002507385,8.15518320198874,0.0217408001579248,8.08476266860962,8.30787229537964,4.27564434999165e-05,258552
"360","ssp585_pH_SO_SPSS","2090s",-0.402541263374493,-0.402088831234685,0.00946506115802304,-0.469249219894408,-0.332011108398439,1.86144184982424e-05,258552,"ssp585","pH","SO_SPSS","SO","SPSS",7.65621598210138,7.65632369797443,0.0223570228097353,7.58642859458923,7.81898333231608,4.39683349116455e-05,258552
"361","ssp585_pH_SO_STSS","1850s",0.0951427111289307,0.0950805842122085,0.00641310657089123,0.0165363502502442,0.186963787078859,1.47054019981556e-05,190188,"ssp585","pH","SO_STSS","SO","STSS",8.17433953735537,8.17487918724247,0.0261440709276644,7.74063794136048,8.32325417200724,5.99489605559709e-05,190188
"362","ssp585_pH_SO_STSS","2090s",-0.397886212786322,-0.397836458680585,0.0142665858343564,-0.479148225784301,-0.144394636154175,3.27136119626728e-05,190188,"ssp585","pH","SO_STSS","SO","STSS",7.68131061344011,7.68196214434967,0.0262213128829257,7.4949648698171,7.84295751253764,6.01260781495561e-05,190188
"363","ssp585_pH_SP_STPS","1850s",0.0919219623642755,0.0912711245173478,0.0104634386111158,0.017191829681396,0.156803493499757,1.95222920413311e-05,287268,"ssp585","pH","SP_STPS","SP","STPS",8.16337561207976,8.16224622572199,0.0343425204209558,7.90856828689575,8.24631423950195,6.40749889220004e-05,287268
"364","ssp585_pH_SP_STPS","2090s",-0.382094533886136,-0.380603606057039,0.0243521961876737,-0.48551326751709,-0.227643127441406,4.54354159748694e-05,287268,"ssp585","pH","SP_STPS","SP","STPS",7.68935911582935,7.6903714951476,0.0226377403482608,7.54046056747436,7.75212488174438,4.22366484537003e-05,287268
"365","ssp585_tos_Atl_EQU","1850s",-0.791740627476842,-0.791810306653178,0.273865371947216,-1.86918067932129,0.241752624511719,0.00146605174293733,34896,"ssp585","tos","Atl_EQU","Atl","EQU",27.4993134852343,27.4995686076479,1.5583103611987,22.4436111450195,30.9949703216553,0.00834192218179734,34896
"366","ssp585_tos_Atl_EQU","2090s",4.16381378766322,4.16424692505128,0.878113100810007,1.85453605651855,6.30507278442383,0.00470070105170777,34896,"ssp585","tos","Atl_EQU","Atl","EQU",32.4548679003744,32.4556258393524,1.90141147036996,25.6740455627441,36.2873268127441,0.0101786055694335,34896
"367","ssp585_tos_IND_STPS","1850s",-0.801466213869273,-0.804737399938466,0.287386960528191,-1.882568359375,0.492816925048828,0.000675780103894903,180852,"ssp585","tos","IND_STPS","IND","STPS",24.4634936504051,24.7088477290821,4.25727464105031,11.4049549102783,30.7256469726562,0.0100108282364325,180852
"368","ssp585_tos_IND_STPS","2090s",3.86415218298177,3.86855156910256,0.882130493395015,0.33991527557373,6.46233558654785,0.00207429813579475,180852,"ssp585","tos","IND_STPS","IND","STPS",29.1291120472561,29.3821366981231,4.47930686019787,14.3204040527344,36.2748756408691,0.01053292901598,180852
"369","ssp585_tos_NA_SPSS","1850s",-0.888116213875825,-0.850536221436296,0.67307331722511,-5.16020941734314,4.0683296918869,0.00223097117203978,91020,"ssp585","tos","NA_SPSS","NA","SPSS",5.76257864456029,6.61833498190512,4.79747593444869,-1.90473175048828,25.7530937194824,0.0159017305164246,91020
"370","ssp585_tos_NA_SPSS","2090s",3.62850570501068,3.49068976841211,3.21967175776244,-5.28792452812195,15.3937139511108,0.0106719352723892,91020,"ssp585","tos","NA_SPSS","NA","SPSS",10.2792005634468,10.9595609717535,4.45349837111178,-1.33002173900604,32.3792343139648,0.0147615812815731,91020
"371","ssp585_tos_NA_STPS","1850s",-0.763820580426051,-0.765524170916418,0.258165131174375,-1.60076522827148,0.466581344604492,0.000860034571218594,90108,"ssp585","tos","NA_STPS","NA","STPS",24.176655228702,24.3083708417086,3.07021473675488,13.7154893875122,29.9774436950684,0.0102279142139087,90108
"372","ssp585_tos_NA_STPS","2090s",3.65028664943736,3.64198200760697,1.10672792736346,0.614042282104492,7.05624961853027,0.00368688162547706,90108,"ssp585","tos","NA_STPS","NA","STPS",28.5907624585654,28.715877020232,3.28571800810479,16.1511325836182,35.9697952270508,0.0109458278327174,90108
"373","ssp585_tos_NA_STSS","1850s",-0.679954166378816,-0.67876828553762,0.408843549860728,-4.07509231567383,1.36258602142334,0.00211024633782816,37536,"ssp585","tos","NA_STSS","NA","STSS",17.1981746142655,17.3862362330255,4.15921122749007,4.06436538696289,28.9274387359619,0.0214677723644033,37536
"374","ssp585_tos_NA_STSS","2090s",3.53118365660043,3.53990017869069,2.03095051144098,-0.76243782043457,13.8213443756104,0.0104827528293855,37536,"ssp585","tos","NA_STSS","NA","STSS",21.4093124372448,21.6049046972538,4.82082078949876,7.58899164199829,35.1324996948242,0.0248826706935479,37536
"375","ssp585_tos_NP_SPSS","1850s",-0.488435714635705,-0.475352566595266,0.499878242739152,-3.24770736694336,2.44017219543457,0.00166271745411743,90384,"ssp585","tos","NP_SPSS","NP","SPSS",8.34852938669296,8.63638177002836,4.36121700841662,-1.72672784328461,27.7637023925781,0.014506475819697,90384
"376","ssp585_tos_NP_SPSS","2090s",5.36631938228845,5.35477053978043,2.03424545117633,0.566876411437988,13.4941635131836,0.00676639855156662,90384,"ssp585","tos","NP_SPSS","NP","SPSS",14.2032844836171,14.4665048764041,5.03800483543131,-0.692846477031708,35.8380584716797,0.0167576378757714,90384
"377","ssp585_tos_NP_STPS","1850s",-0.718453240398677,-0.727435376185068,0.330714937208518,-1.68986320495605,1.11291027069092,0.000721493655579041,210108,"ssp585","tos","NP_STPS","NP","STPS",24.8810989173514,25.0588120751513,3.83904540466271,11.4323606491089,30.8528327941895,0.00837533050766803,210108
"378","ssp585_tos_NP_STPS","2090s",4.0097661948997,3.99359044033411,1.11797937841471,0.758102416992188,8.77732467651367,0.00243900392102894,210108,"ssp585","tos","NP_STPS","NP","STPS",29.6093183526498,29.7798378916704,3.9452124391759,13.0309419631958,36.154670715332,0.00860694641978696,210108
"379","ssp585_tos_NP_STSS","1850s",-0.449174985285158,-0.452664859870335,0.394432525904372,-1.8568058013916,2.03135633468628,0.00195995097879805,40500,"ssp585","tos","NP_STSS","NP","STSS",18.0916764988252,18.2173144893695,4.34167371728697,6.09713220596313,30.1962032318115,0.0215739501510619,40500
"380","ssp585_tos_NP_STSS","2090s",4.51397663001072,4.50369243194404,1.41419397335855,0.77385139465332,9.11857604980469,0.0070271863506672,40500,"ssp585","tos","NP_STSS","NP","STSS",23.054828114121,23.1736717811839,4.82060776036745,9.1660623550415,35.5159225463867,0.0239537925445436,40500
"381","ssp585_tos_Pac_EQU_E","1850s",-0.98495227034374,-0.985033477762655,0.292220028050148,-2.17303276062012,0.528181076049805,0.00108777141795057,72168,"ssp585","tos","Pac_EQU_E","Pac","EQU",25.9536067184885,25.9525192912503,1.85903052011538,19.7931385040283,29.716516494751,0.00692012891235592,72168
"382","ssp585_tos_Pac_EQU_E","2090s",4.56788607080289,4.56838988040524,1.06645039582383,1.80097389221191,7.54544830322266,0.00396979723456928,72168,"ssp585","tos","Pac_EQU_E","Pac","EQU",31.5064450596352,31.5059426494182,1.96531967664716,23.1760292053223,35.6277313232422,0.00731578388263574,72168
"383","ssp585_tos_Pac_EQU_W","1850s",-0.918414536758138,-0.918840615554453,0.291889107547093,-1.68528366088867,0.316715240478516,0.00127639076323121,52296,"ssp585","tos","Pac_EQU_W","Pac","EQU",29.1346370007843,29.1347570114205,0.845838801844802,25.2438163757324,30.8061218261719,0.00369873628697527,52296
"384","ssp585_tos_Pac_EQU_W","2090s",3.53378624064087,3.53473648437715,0.839009977764995,1.63968086242676,6.01197052001953,0.00366887478219887,52296,"ssp585","tos","Pac_EQU_W","Pac","EQU",33.5868377781833,33.5883341113521,1.12053851083111,29.1384429931641,36.1587753295898,0.00489996018381374,52296
"385","ssp585_tos_SA_STPS","1850s",-0.723153854156556,-0.722751500358814,0.236697163668145,-1.65986061096191,0.178544998168945,0.000774413869339183,93420,"ssp585","tos","SA_STPS","SA","STPS",21.7827562043662,21.9557552689236,3.52936974297122,12.2250413894653,30.4084587097168,0.0115472143249463,93420
"386","ssp585_tos_SA_STPS","2090s",3.44595273767593,3.45310801441547,0.784412237648224,0.98082160949707,6.5439338684082,0.00256640048701995,93420,"ssp585","tos","SA_STPS","SA","STPS",25.9518627961987,26.1316147836979,3.8102643921352,14.5412693023682,35.625431060791,0.0124662313032855,93420
"387","ssp585_tos_SO_SPSS","1850s",-0.594097748466684,-0.601044878209775,0.28567205179546,-2.72892808914185,1.54345047473907,0.000561815611816181,258552,"ssp585","tos","SO_SPSS","SO","SPSS",3.22300080532868,3.42519309723164,2.60999580291239,-1.86768984794617,11.9215383529663,0.00513293610500189,258552
"388","ssp585_tos_SO_SPSS","2090s",2.80536894354529,2.8503509151782,0.860334064809277,-0.941974490880966,6.389235496521,0.00169197198658132,258552,"ssp585","tos","SO_SPSS","SO","SPSS",6.62246749734065,6.87658889061961,2.95107916069679,-1.77976262569427,17.3352680206299,0.00580372610398704,258552
"389","ssp585_tos_SO_STSS","1850s",-0.761880834933714,-0.76363223774178,0.388088832011568,-5.42268943786621,1.88515949249268,0.000889896686206427,190188,"ssp585","tos","SO_STSS","SO","STSS",11.5192110278262,11.7098426130941,3.6011162412876,2.00357699394226,24.5600414276123,0.00825744300127259,190188
"390","ssp585_tos_SO_STSS","2090s",3.36135345306031,3.37423046398177,1.08764037005666,-0.109840393066406,13.1767358779907,0.00249398457585325,190188,"ssp585","tos","SO_STSS","SO","STSS",15.6424453158202,15.8477053148176,3.95843238863801,5.74501085281372,30.1856880187988,0.00907677720835872,190188
"391","ssp585_tos_SP_STPS","1850s",-0.792126067415047,-0.799324847340038,0.309430369478943,-2.1436824798584,0.681673049926758,0.000577323599242746,287268,"ssp585","tos","SP_STPS","SP","STPS",20.6162635434073,21.1398767763751,5.77879802211248,5.1601676940918,30.2716979980469,0.0107818650090513,287268
"392","ssp585_tos_SP_STPS","2090s",3.4278549154641,3.431001747997,1.09758125952002,0.454805374145508,7.21465110778809,0.00204782602391135,287268,"ssp585","tos","SP_STPS","SP","STPS",24.8362445262865,25.3702033717122,6.00695413087257,7.33389043807983,35.1762809753418,0.0112075501353058,287268
"393","ssp245_aqueous_Atl_EQU","2000s",NA,NA,NA,NA,NA,NA,NA,"ssp245","aqueous","Atl_EQU","Atl","EQU",10.2747799383756,10.2749197155761,0.525775463399428,5.47212866650521,12.4230430264187,0.00281360545495519,34920
"394","ssp245_aqueous_IND_STPS","2000s",NA,NA,NA,NA,NA,NA,NA,"ssp245","aqueous","IND_STPS","IND","STPS",10.3852707729489,10.336718253153,0.921393248164015,7.44589670459545,14.7494984951869,0.00216547391819777,181044
"395","ssp245_aqueous_NA_SPSS","2000s",NA,NA,NA,NA,NA,NA,NA,"ssp245","aqueous","NA_SPSS","NA","SPSS",16.0696625580885,15.9307978567576,2.25843838234925,7.32258351904445,31.0428433667728,0.00747057715369607,91392
"396","ssp245_aqueous_NA_STPS","2000s",NA,NA,NA,NA,NA,NA,NA,"ssp245","aqueous","NA_STPS","NA","STPS",10.6334580893344,10.605881643311,0.755200925130315,9.09385349683824,14.3240821301222,0.00251281740921773,90324
"397","ssp245_aqueous_NA_STSS","2000s",NA,NA,NA,NA,NA,NA,NA,"ssp245","aqueous","NA_STSS","NA","STSS",12.1998056374569,12.1365580894172,1.52493479093464,9.44094205613338,18.8168590360978,0.00786466905723295,37596
"398","ssp245_aqueous_NP_SPSS","2000s",NA,NA,NA,NA,NA,NA,NA,"ssp245","aqueous","NP_SPSS","NP","SPSS",16.6271342033665,16.4472620650259,2.93405590187226,8.60480559999851,31.3097438658274,0.00974258755203378,90696
"399","ssp245_aqueous_NP_STPS","2000s",NA,NA,NA,NA,NA,NA,NA,"ssp245","aqueous","NP_STPS","NP","STPS",10.5782951489945,10.5294861767797,1.13619626301208,8.46402895138871,15.5793493906647,0.00247761442109209,210300
"400","ssp245_aqueous_NP_STSS","2000s",NA,NA,NA,NA,NA,NA,NA,"ssp245","aqueous","NP_STSS","NP","STSS",11.9155981341808,11.8713711545391,1.46033547178455,9.42380882078207,17.3552433236032,0.00725002369585516,40572
"401","ssp245_aqueous_Pac_EQU_E","2000s",NA,NA,NA,NA,NA,NA,NA,"ssp245","aqueous","Pac_EQU_E","Pac","EQU",11.4190536369116,11.4200142751961,0.961647706624704,7.94870164372792,16.9975450225797,0.00357729702699972,72264
"402","ssp245_aqueous_Pac_EQU_W","2000s",NA,NA,NA,NA,NA,NA,NA,"ssp245","aqueous","Pac_EQU_W","Pac","EQU",9.85167054706078,9.85358786579128,0.564356982335711,8.34537764531266,11.369268662553,0.00246644067035744,52356
"403","ssp245_aqueous_SA_STPS","2000s",NA,NA,NA,NA,NA,NA,NA,"ssp245","aqueous","SA_STPS","SA","STPS",11.2734227035883,11.2387925122665,0.764457380031876,9.07942163884044,18.4588513613023,0.00250079197653058,93444
"404","ssp245_aqueous_SO_SPSS","2000s",NA,NA,NA,NA,NA,NA,NA,"ssp245","aqueous","SO_SPSS","SO","SPSS",20.184990597218,20.0654338763722,1.7905840549976,11.1713081025998,24.9679171041548,0.0035203002910096,258720
"405","ssp245_aqueous_SO_STSS","2000s",NA,NA,NA,NA,NA,NA,NA,"ssp245","aqueous","SO_STSS","SO","STSS",14.8236744428023,14.717735861821,2.13317480535096,9.70688777299817,35.0896197953469,0.00488695031706671,190536
"406","ssp245_aqueous_SP_STPS","2000s",NA,NA,NA,NA,NA,NA,NA,"ssp245","aqueous","SP_STPS","SP","STPS",11.8007380974817,11.6383343714584,1.97074565929261,8.96832422953761,26.7948857982594,0.00367602224050507,287412
"407","ssp245_bicarbonate_Atl_EQU","2000s",NA,NA,NA,NA,NA,NA,NA,"ssp245","bicarbonate","Atl_EQU","Atl","EQU",1740.61119886699,1740.59799149714,63.566859057775,1176.28159806605,1852.34288591223,0.34016813991841,34920
"408","ssp245_bicarbonate_IND_STPS","2000s",NA,NA,NA,NA,NA,NA,NA,"ssp245","bicarbonate","IND_STPS","IND","STPS",1742.28251794373,1739.26346280559,64.6486192106802,1422.40241830896,1950.46581109166,0.151938272857093,181044
"409","ssp245_bicarbonate_NA_SPSS","2000s",NA,NA,NA,NA,NA,NA,NA,"ssp245","bicarbonate","NA_SPSS","NA","SPSS",1894.0083603559,1887.89278612271,127.313712778394,501.47285649552,2056.07314339544,0.421134763502,91392
"410","ssp245_bicarbonate_NA_STPS","2000s",NA,NA,NA,NA,NA,NA,NA,"ssp245","bicarbonate","NA_STPS","NA","STPS",1815.69596304617,1814.0314858594,49.5853279725861,1588.56843394149,1945.95958982111,0.164987715487484,90324
"411","ssp245_bicarbonate_NA_STSS","2000s",NA,NA,NA,NA,NA,NA,NA,"ssp245","bicarbonate","NA_STSS","NA","STSS",1853.6413457107,1852.83118639567,61.1324368204004,1714.76931572261,1994.0303000882,0.315283241691913,37596
"412","ssp245_bicarbonate_NP_SPSS","2000s",NA,NA,NA,NA,NA,NA,NA,"ssp245","bicarbonate","NP_SPSS","NP","SPSS",1853.18440918803,1851.22428188868,75.947983445306,1406.71815487285,2056.84962186535,0.252186700888742,90696
"413","ssp245_bicarbonate_NP_STPS","2000s",NA,NA,NA,NA,NA,NA,NA,"ssp245","bicarbonate","NP_STPS","NP","STPS",1731.75228323294,1729.4698654456,61.0250214384344,1445.51091764017,1902.64622384747,0.133072496438682,210300
"414","ssp245_bicarbonate_NP_STSS","2000s",NA,NA,NA,NA,NA,NA,NA,"ssp245","bicarbonate","NP_STSS","NP","STSS",1782.18500682819,1781.14819583767,58.5659749037849,1591.69304680551,1965.32461901722,0.290758331922477,40572
"415","ssp245_bicarbonate_Pac_EQU_E","2000s",NA,NA,NA,NA,NA,NA,NA,"ssp245","bicarbonate","Pac_EQU_E","Pac","EQU",1766.7113094947,1766.76452766941,65.7134915988129,1364.0139249365,1925.41443995542,0.244451971871594,72264
"416","ssp245_bicarbonate_Pac_EQU_W","2000s",NA,NA,NA,NA,NA,NA,NA,"ssp245","bicarbonate","Pac_EQU_W","Pac","EQU",1696.6482483602,1696.75771779858,39.6767295914979,1549.90327563741,1802.88203454384,0.173401415405954,52356
"417","ssp245_bicarbonate_SA_STPS","2000s",NA,NA,NA,NA,NA,NA,NA,"ssp245","bicarbonate","SA_STPS","SA","STPS",1819.43516054277,1818.55503522685,48.9862300274425,1559.88427443085,1954.90473938129,0.160250099237712,93444
"418","ssp245_bicarbonate_SO_SPSS","2000s",NA,NA,NA,NA,NA,NA,NA,"ssp245","bicarbonate","SO_SPSS","SO","SPSS",1952.57067297051,1951.00158395423,52.8453028596725,1490.02944764767,2095.89754406885,0.103894220724335,258720
"419","ssp245_bicarbonate_SO_STSS","2000s",NA,NA,NA,NA,NA,NA,NA,"ssp245","bicarbonate","SO_STSS","SO","STSS",1877.77925268773,1876.09300256291,58.7071413898206,1415.26350843574,2058.32069799784,0.13449384575019,190536
"420","ssp245_bicarbonate_SP_STPS","2000s",NA,NA,NA,NA,NA,NA,NA,"ssp245","bicarbonate","SP_STPS","SP","STPS",1804.21484301157,1800.14478545257,69.4303323314328,1567.41676930246,2011.47587719264,0.129508059354355,287412
"421","ssp245_carbonate_Atl_EQU","2000s",NA,NA,NA,NA,NA,NA,NA,"ssp245","carbonate","Atl_EQU","Atl","EQU",237.908065051159,237.90053257034,15.2471067199899,152.422373634357,268.141388298174,0.0815925154861347,34920
"422","ssp245_carbonate_IND_STPS","2000s",NA,NA,NA,NA,NA,NA,NA,"ssp245","carbonate","IND_STPS","IND","STPS",224.450850888606,225.499748487001,21.7983255069945,136.50744006307,282.231457874906,0.0512307914561352,181044
"423","ssp245_carbonate_NA_SPSS","2000s",NA,NA,NA,NA,NA,NA,NA,"ssp245","carbonate","NA_SPSS","NA","SPSS",132.775269495699,134.834753437156,30.7714708809571,3.00081360510415,261.449365432307,0.101787433806265,91392
"424","ssp245_carbonate_NA_STPS","2000s",NA,NA,NA,NA,NA,NA,NA,"ssp245","carbonate","NA_STPS","NA","STPS",243.480480380291,244.096962459026,21.8183748523565,154.208237115066,283.315032748192,0.0725973583260366,90324
"425","ssp245_carbonate_NA_STSS","2000s",NA,NA,NA,NA,NA,NA,NA,"ssp245","carbonate","NA_STSS","NA","STSS",197.761410379582,199.190796738555,33.2821284638519,94.5991299576056,274.264803025401,0.171648602579314,37596
"426","ssp245_carbonate_NP_SPSS","2000s",NA,NA,NA,NA,NA,NA,NA,"ssp245","carbonate","NP_SPSS","NP","SPSS",122.686585424916,124.295682924457,23.7048390282152,63.0308234596102,222.389775284476,0.0787123617828427,90696
"427","ssp245_carbonate_NP_STPS","2000s",NA,NA,NA,NA,NA,NA,NA,"ssp245","carbonate","NP_STPS","NP","STPS",218.203660897303,219.143222388818,23.933606965092,122.599939913864,254.178701401054,0.0521901468046207,210300
"428","ssp245_carbonate_NP_STSS","2000s",NA,NA,NA,NA,NA,NA,NA,"ssp245","carbonate","NP_STSS","NP","STSS",183.16063598774,184.015640679203,26.3505608286652,112.945109600596,244.175868369037,0.130820755982487,40572
"429","ssp245_carbonate_Pac_EQU_E","2000s",NA,NA,NA,NA,NA,NA,NA,"ssp245","carbonate","Pac_EQU_E","Pac","EQU",214.513526037516,214.507014451051,14.3820398916013,156.896609336084,257.927488397455,0.0535007032117794,72264
"430","ssp245_carbonate_Pac_EQU_W","2000s",NA,NA,NA,NA,NA,NA,NA,"ssp245","carbonate","Pac_EQU_W","Pac","EQU",241.506333314303,241.499354938831,11.4717436589246,189.721234243491,262.395625319168,0.050135598576604,52356
"431","ssp245_carbonate_SA_STPS","2000s",NA,NA,NA,NA,NA,NA,NA,"ssp245","carbonate","SA_STPS","SA","STPS",218.697330860461,219.831844191922,23.4809655223139,128.972788407217,266.684548696846,0.0768139751321981,93444
"432","ssp245_carbonate_SO_SPSS","2000s",NA,NA,NA,NA,NA,NA,NA,"ssp245","carbonate","SO_SPSS","SO","SPSS",104.424665625533,105.157604087272,12.9310494916704,57.8736605363425,176.443973743158,0.0254225302417584,258720
"433","ssp245_carbonate_SO_STSS","2000s",NA,NA,NA,NA,NA,NA,NA,"ssp245","carbonate","SO_STSS","SO","STSS",150.515245804166,151.785845043966,26.4866107250327,62.5514286624838,236.678482992724,0.0606789234318869,190536
"434","ssp245_carbonate_SP_STPS","2000s",NA,NA,NA,NA,NA,NA,NA,"ssp245","carbonate","SP_STPS","SP","STPS",204.362352729906,207.62018482965,37.6022171677221,97.7754616051847,269.461595573804,0.0701392317923277,287412
"435","ssp245_dic_Atl_EQU","2000s",NA,NA,NA,NA,NA,NA,NA,"ssp245","dic","Atl_EQU","Atl","EQU",1988.79404385652,1988.77344378306,74.430913063991,1334.88641417908,2087.66348060611,0.398305431866542,34920
"436","ssp245_dic_IND_STPS","2000s",NA,NA,NA,NA,NA,NA,NA,"ssp245","dic","IND_STPS","IND","STPS",1977.11863960528,1975.09992954574,61.5621299656312,1619.76107274382,2124.10623967557,0.144684353890061,181044
"437","ssp245_dic_NA_SPSS","2000s",NA,NA,NA,NA,NA,NA,NA,"ssp245","dic","NA_SPSS","NA","SPSS",2042.85329240969,2038.65833741662,143.154040268445,529.055191323088,2189.28166180534,0.473532203068693,91392
"438","ssp245_dic_NA_STPS","2000s",NA,NA,NA,NA,NA,NA,NA,"ssp245","dic","NA_STPS","NA","STPS",2069.80990151579,2068.73432996174,55.0233241784492,1809.05874098865,2168.95501803414,0.183081829361875,90324
"439","ssp245_dic_NA_STSS","2000s",NA,NA,NA,NA,NA,NA,NA,"ssp245","dic","NA_STSS","NA","STSS",2063.60256172774,2064.15854122364,69.4644660824345,1855.50474865697,2175.79414194948,0.358254687494468,37596
"440","ssp245_dic_NP_SPSS","2000s",NA,NA,NA,NA,NA,NA,NA,"ssp245","dic","NP_SPSS","NP","SPSS",1992.49812881631,1991.96722687816,74.6416027750625,1523.70594007079,2167.31066673486,0.247848839415819,90696
"441","ssp245_dic_NP_STPS","2000s",NA,NA,NA,NA,NA,NA,NA,"ssp245","dic","NP_STPS","NP","STPS",1960.53423927924,1959.1425740112,58.1898972172147,1631.82796414288,2079.99765856944,0.126890162554341,210300
"442","ssp245_dic_NP_STSS","2000s",NA,NA,NA,NA,NA,NA,NA,"ssp245","dic","NP_STSS","NP","STSS",1977.26124095011,1977.03520767141,54.8716042958874,1763.44586325353,2107.69004710056,0.272417152812586,40572
"443","ssp245_dic_Pac_EQU_E","2000s",NA,NA,NA,NA,NA,NA,NA,"ssp245","dic","Pac_EQU_E","Pac","EQU",1992.64388916913,1992.69155639565,66.8055169856641,1536.16998862136,2120.12339137399,0.248514269470683,72264
"444","ssp245_dic_Pac_EQU_W","2000s",NA,NA,NA,NA,NA,NA,NA,"ssp245","dic","Pac_EQU_W","Pac","EQU",1948.00625222156,1948.1106606032,45.2487110191655,1785.46978726154,2050.16777025357,0.197752955367057,52356
"445","ssp245_dic_SA_STPS","2000s",NA,NA,NA,NA,NA,NA,NA,"ssp245","dic","SA_STPS","SA","STPS",2049.40591410682,2049.62567193104,55.6045351530021,1778.59276438145,2137.02106317739,0.181900756015387,93444
"446","ssp245_dic_SO_SPSS","2000s",NA,NA,NA,NA,NA,NA,NA,"ssp245","dic","SO_SPSS","SO","SPSS",2077.18032919326,2076.22462191787,57.2156830058566,1571.57319819375,2212.20898331637,0.112486417475722,258720
"447","ssp245_dic_SO_STSS","2000s",NA,NA,NA,NA,NA,NA,NA,"ssp245","dic","SO_STSS","SO","STSS",2043.1181729347,2042.5965834687,56.6144101018705,1533.56915094023,2176.44595518566,0.129699548627644,190536
"448","ssp245_dic_SP_STPS","2000s",NA,NA,NA,NA,NA,NA,NA,"ssp245","dic","SP_STPS","SP","STPS",2020.37793383896,2019.40330465368,59.2498832837087,1788.8431849528,2143.81771786339,0.110518517532304,287412
"449","ssp245_pCO2_Atl_EQU","2000s",NA,NA,NA,NA,NA,NA,NA,"ssp245","pCO2","Atl_EQU","Atl","EQU",392.994615206041,393.00157165149,20.197303558563,189.170600128174,457.378255004883,0.108082722423636,34920
"450","ssp245_pCO2_IND_STPS","2000s",NA,NA,NA,NA,NA,NA,NA,"ssp245","pCO2","IND_STPS","IND","STPS",366.543581269452,367.207823203405,22.4607329380528,280.803758239746,436.634334716797,0.0527875925484326,181044
"451","ssp245_pCO2_NA_SPSS","2000s",NA,NA,NA,NA,NA,NA,NA,"ssp245","pCO2","NA_SPSS","NA","SPSS",323.062436049306,329.059850434534,35.1554450024929,150.829236602783,540.029849243164,0.116288966002451,91392
"452","ssp245_pCO2_NA_STPS","2000s",NA,NA,NA,NA,NA,NA,NA,"ssp245","pCO2","NA_STPS","NA","STPS",377.636272275361,377.932089585576,24.867711034224,312.111514282226,520.01064453125,0.0827435655000174,90324
"453","ssp245_pCO2_NA_STSS","2000s",NA,NA,NA,NA,NA,NA,NA,"ssp245","pCO2","NA_STSS","NA","STSS",354.022299825484,354.241891330263,27.6972004525698,287.309684244792,543.274126586914,0.142845003383913,37596
"454","ssp245_pCO2_NP_SPSS","2000s",NA,NA,NA,NA,NA,NA,NA,"ssp245","pCO2","NP_SPSS","NP","SPSS",355.014827401775,354.489102842006,30.5339212874464,185.791261291504,576.580902099609,0.101388457275142,90696
"455","ssp245_pCO2_NP_STPS","2000s",NA,NA,NA,NA,NA,NA,NA,"ssp245","pCO2","NP_STPS","NP","STPS",375.357374404419,375.510253002374,25.5721736111273,292.735034179687,473.517169189453,0.055763241070373,210300
"456","ssp245_pCO2_NP_STSS","2000s",NA,NA,NA,NA,NA,NA,NA,"ssp245","pCO2","NP_STSS","NP","STSS",349.580336391624,349.621541494253,33.764182857417,238.209153747559,487.347166137695,0.167626638205482,40572
"457","ssp245_pCO2_Pac_EQU_E","2000s",NA,NA,NA,NA,NA,NA,NA,"ssp245","pCO2","Pac_EQU_E","Pac","EQU",420.562440384947,420.589695308038,24.2089495501202,295.142951049805,573.636340332031,0.0900564756259843,72264
"458","ssp245_pCO2_Pac_EQU_W","2000s",NA,NA,NA,NA,NA,NA,NA,"ssp245","pCO2","Pac_EQU_W","Pac","EQU",391.691635069685,391.775095180896,22.6358212019611,327.034158325195,448.481004842122,0.0989265868358575,52356
"459","ssp245_pCO2_SA_STPS","2000s",NA,NA,NA,NA,NA,NA,NA,"ssp245","pCO2","SA_STPS","SA","STPS",374.040679992103,374.643830010485,26.4512954649288,297.842690022787,577.95248819987,0.0865309030894246,93444
"460","ssp245_pCO2_SO_SPSS","2000s",NA,NA,NA,NA,NA,NA,NA,"ssp245","pCO2","SO_SPSS","SO","SPSS",367.603646142614,368.199687808787,12.7665992645093,248.999035135905,415.198764038086,0.0250992199894885,258720
"461","ssp245_pCO2_SO_STSS","2000s",NA,NA,NA,NA,NA,NA,NA,"ssp245","pCO2","SO_STSS","SO","STSS",359.077221898252,358.738504503927,20.6372853991619,238.203764851888,905.134934082031,0.0472785390919886,190536
"462","ssp245_pCO2_SP_STPS","2000s",NA,NA,NA,NA,NA,NA,NA,"ssp245","pCO2","SP_STPS","SP","STPS",372.643842628615,373.45563408232,29.4241793830271,306.013478393555,696.872084960938,0.0548847779065735,287412
"463","ssp245_pH_Atl_EQU","2000s",NA,NA,NA,NA,NA,NA,NA,"ssp245","pH","Atl_EQU","Atl","EQU",8.0505023451658,8.05049303823248,0.0168350604375263,7.99776918093364,8.24577035903931,9.0090202337076e-05,34920
"464","ssp245_pH_IND_STPS","2000s",NA,NA,NA,NA,NA,NA,NA,"ssp245","pH","IND_STPS","IND","STPS",8.07376630455524,8.07288852339879,0.0262385390468759,8.00467929840088,8.1552680015564,6.16662560430542e-05,181044
"465","ssp245_pH_NA_SPSS","2000s",NA,NA,NA,NA,NA,NA,NA,"ssp245","pH","NA_SPSS","NA","SPSS",8.11257361453722,8.10583058117592,0.0530313229301293,7.56952986717224,8.31022529602051,0.000175419702661977,91392
"466","ssp245_pH_NA_STPS","2000s",NA,NA,NA,NA,NA,NA,NA,"ssp245","pH","NA_STPS","NA","STPS",8.076143875163,8.07572636795055,0.0270480367767423,7.95160698890686,8.15615205764771,8.9998271236269e-05,90324
"467","ssp245_pH_NA_STSS","2000s",NA,NA,NA,NA,NA,NA,NA,"ssp245","pH","NA_STSS","NA","STSS",8.09535940037013,8.09539512679002,0.0321499396286224,7.93807077407837,8.17755031585693,0.000165809473881937,37596
"468","ssp245_pH_NP_SPSS","2000s",NA,NA,NA,NA,NA,NA,NA,"ssp245","pH","NP_SPSS","NP","SPSS",8.07064842360158,8.07165763020362,0.037422596127553,7.84434847831726,8.27720076243083,0.0001242624310479,90696
"469","ssp245_pH_NP_STPS","2000s",NA,NA,NA,NA,NA,NA,NA,"ssp245","pH","NP_STPS","NP","STPS",8.06255568731497,8.06228830774995,0.0278413505314826,7.96600944201151,8.16369457244873,6.07114578925067e-05,210300
"470","ssp245_pH_NP_STSS","2000s",NA,NA,NA,NA,NA,NA,NA,"ssp245","pH","NP_STSS","NP","STSS",8.08829107627204,8.08834154720266,0.0367989493130577,7.9593283812205,8.22769117355347,0.000182693127474482,40572
"471","ssp245_pH_Pac_EQU_E","2000s",NA,NA,NA,NA,NA,NA,NA,"ssp245","pH","Pac_EQU_E","Pac","EQU",8.02495426690747,8.02493526548466,0.0169788433381952,7.91873788833618,8.10610778808594,6.31607244287056e-05,72264
"472","ssp245_pH_Pac_EQU_W","2000s",NA,NA,NA,NA,NA,NA,NA,"ssp245","pH","Pac_EQU_W","Pac","EQU",8.04603189135653,8.0459668752164,0.0213561480801643,7.99191319147746,8.10320971806844,9.33339603048626e-05,52356
"473","ssp245_pH_SA_STPS","2000s",NA,NA,NA,NA,NA,NA,NA,"ssp245","pH","SA_STPS","SA","STPS",8.07581402873482,8.07532123783028,0.0263607656193716,7.89578086535136,8.15912834803263,8.62347501352905e-05,93444
"474","ssp245_pH_SO_SPSS","2000s",NA,NA,NA,NA,NA,NA,NA,"ssp245","pH","SO_SPSS","SO","SPSS",8.05877619757163,8.05843247064898,0.0210737813417679,7.99276628494263,8.21899820963542,4.14311958062187e-05,258720
"475","ssp245_pH_SO_STSS","2000s",NA,NA,NA,NA,NA,NA,NA,"ssp245","pH","SO_STSS","SO","STSS",8.07925059961366,8.07985149801751,0.0270644508546832,7.72168278694153,8.22136907577515,6.20027136799839e-05,190536
"476","ssp245_pH_SP_STPS","2000s",NA,NA,NA,NA,NA,NA,NA,"ssp245","pH","SP_STPS","SP","STPS",8.07146448969657,8.07098697604613,0.0293015756867093,7.82770372390747,8.15180702209473,5.46560858314153e-05,287412
"477","ssp245_tos_Atl_EQU","2000s",NA,NA,NA,NA,NA,NA,NA,"ssp245","tos","Atl_EQU","Atl","EQU",28.2915196917994,28.2918444470101,1.62163363273026,23.3566398620605,32.0072479248047,0.00867791966838602,34920
"478","ssp245_tos_IND_STPS","2000s",NA,NA,NA,NA,NA,NA,NA,"ssp245","tos","IND_STPS","IND","STPS",25.2675449533697,25.5160335061733,4.30652308197967,11.4637117385864,31.656078338623,0.0101212630228473,181044
"479","ssp245_tos_NA_SPSS","2000s",NA,NA,NA,NA,NA,NA,NA,"ssp245","tos","NA_SPSS","NA","SPSS",6.66542614384347,7.48825583951022,4.7441489675929,-1.89007723331451,26.66526222229,0.0156929368399078,91392
"480","ssp245_tos_NA_STPS","2000s",NA,NA,NA,NA,NA,NA,NA,"ssp245","tos","NA_STPS","NA","STPS",24.9488479960277,25.0822793471255,3.13767640165999,14.3413467407227,30.7453956604004,0.0104401459588021,90324
"481","ssp245_tos_NA_STSS","2000s",NA,NA,NA,NA,NA,NA,NA,"ssp245","tos","NA_STSS","NA","STSS",17.8802212246277,18.0670998026372,4.23324987302079,4.54455280303955,30.1651000976562,0.0218324806318285,37596
"482","ssp245_tos_NP_SPSS","2000s",NA,NA,NA,NA,NA,NA,NA,"ssp245","tos","NP_SPSS","NP","SPSS",8.84022893645055,9.11590301211024,4.30605416136282,-1.67849707603455,27.7749900817871,0.0142983334585093,90696
"483","ssp245_tos_NP_STPS","2000s",NA,NA,NA,NA,NA,NA,NA,"ssp245","tos","NP_STPS","NP","STPS",25.6013263874308,25.7879261816343,3.9933274878946,11.5269041061401,31.6332588195801,0.00870793725893985,210300
"484","ssp245_tos_NP_STSS","2000s",NA,NA,NA,NA,NA,NA,NA,"ssp245","tos","NP_STSS","NP","STSS",18.5492960138339,18.6785655930021,4.45126836892045,5.29030323028564,31.0058250427246,0.0220988956132438,40572
"485","ssp245_tos_Pac_EQU_E","2000s",NA,NA,NA,NA,NA,NA,NA,"ssp245","tos","Pac_EQU_E","Pac","EQU",26.9377529165033,26.9367411253244,1.89816596800186,19.7148551940918,30.8084716796875,0.00706111336543239,72264
"486","ssp245_tos_Pac_EQU_W","2000s",NA,NA,NA,NA,NA,NA,NA,"ssp245","tos","Pac_EQU_W","Pac","EQU",30.0538590507936,30.0544106371688,0.765737570637341,26.3615913391113,31.5291233062744,0.0033465454422555,52356
"487","ssp245_tos_SA_STPS","2000s",NA,NA,NA,NA,NA,NA,NA,"ssp245","tos","SA_STPS","SA","STPS",22.5060509381589,22.6786049695049,3.55022645366367,12.7035503387451,31.4538917541504,0.0116139605190528,93444
"488","ssp245_tos_SO_SPSS","2000s",NA,NA,NA,NA,NA,NA,NA,"ssp245","tos","SO_SPSS","SO","SPSS",3.81878815049716,4.02790865639332,2.64504208244945,-1.84682583808899,12.6620454788208,0.00520017051787717,258720
"489","ssp245_tos_SO_STSS","2000s",NA,NA,NA,NA,NA,NA,NA,"ssp245","tos","SO_STSS","SO","STSS",12.2828936462924,12.4753600800199,3.67035857752691,2.86370778083801,25.2910671234131,0.00840852796929721,190536
"490","ssp245_tos_SP_STPS","2000s",NA,NA,NA,NA,NA,NA,NA,"ssp245","tos","SP_STPS","SP","STPS",21.4112946876127,21.9420906396975,5.85315032015909,5.67168807983398,31.0991096496582,0.010917852667831,287412
"491","ssp585_aqueous_Atl_EQU","2000s",NA,NA,NA,NA,NA,NA,NA,"ssp585","aqueous","Atl_EQU","Atl","EQU",10.2750751835166,10.2752151429842,0.52588412368734,5.47212866650521,12.4230430264187,0.00281515450687754,34896
"492","ssp585_aqueous_IND_STPS","2000s",NA,NA,NA,NA,NA,NA,NA,"ssp585","aqueous","IND_STPS","IND","STPS",10.3859221914466,10.3373308884187,0.921593497733771,7.44589670459545,14.7494984951869,0.00216709397149667,180852
"493","ssp585_aqueous_NA_SPSS","2000s",NA,NA,NA,NA,NA,NA,NA,"ssp585","aqueous","NA_SPSS","NA","SPSS",16.0719093593029,15.9356587551003,2.24428330700173,7.32258351904445,30.8697816916016,0.00743890930107454,91020
"494","ssp585_aqueous_NA_STPS","2000s",NA,NA,NA,NA,NA,NA,NA,"ssp585","aqueous","NA_STPS","NA","STPS",10.6355928386677,10.6080342209475,0.754789910931814,9.09385349683824,14.3240821301222,0.00251445814721549,90108
"495","ssp585_aqueous_NA_STSS","2000s",NA,NA,NA,NA,NA,NA,NA,"ssp585","aqueous","NA_STSS","NA","STSS",12.2005873184696,12.1373002283934,1.52580122004139,9.44094205613338,18.8168590360978,0.0078754243229297,37536
"496","ssp585_aqueous_NP_SPSS","2000s",NA,NA,NA,NA,NA,NA,NA,"ssp585","aqueous","NP_SPSS","NP","SPSS",16.6308992550491,16.4513916413696,2.93066773997607,8.86081414050408,31.0000221176578,0.00974811861539626,90384
"497","ssp585_aqueous_NP_STPS","2000s",NA,NA,NA,NA,NA,NA,NA,"ssp585","aqueous","NP_STPS","NP","STPS",10.5789570379228,10.5301220285658,1.13646678584929,8.46483737286885,15.5793493906647,0.00247933638162095,210108
"498","ssp585_aqueous_NP_STSS","2000s",NA,NA,NA,NA,NA,NA,NA,"ssp585","aqueous","NP_STSS","NP","STSS",11.9183140800303,11.8741224964427,1.45916889377739,9.42259002488159,17.3552433236032,0.00725066852697648,40500
"499","ssp585_aqueous_Pac_EQU_E","2000s",NA,NA,NA,NA,NA,NA,NA,"ssp585","aqueous","Pac_EQU_E","Pac","EQU",11.4186616471321,11.4196189024592,0.961598296247785,7.94870164372792,16.9975450225797,0.00357949162207596,72168
"500","ssp585_aqueous_Pac_EQU_W","2000s",NA,NA,NA,NA,NA,NA,NA,"ssp585","aqueous","Pac_EQU_W","Pac","EQU",9.85227878196278,9.85420265062243,0.564494666172347,8.34537764531266,11.3709460478419,0.00246845722970126,52296
"501","ssp585_aqueous_SA_STPS","2000s",NA,NA,NA,NA,NA,NA,NA,"ssp585","aqueous","SA_STPS","SA","STPS",11.2734688922486,11.2388290370183,0.764564768719347,9.07942163884044,18.4588513613023,0.00250146453691557,93420
"502","ssp585_aqueous_SO_SPSS","2000s",NA,NA,NA,NA,NA,NA,NA,"ssp585","aqueous","SO_SPSS","SO","SPSS",20.1867433309783,20.0672019196104,1.78915089295395,11.5783882940194,24.9679171041548,0.00351862528111812,258552
"503","ssp585_aqueous_SO_STSS","2000s",NA,NA,NA,NA,NA,NA,NA,"ssp585","aqueous","SO_STSS","SO","STSS",14.8262180822401,14.7202739904141,2.13320683714954,9.70221453115135,35.0896197953469,0.00489149271709958,190188
"504","ssp585_aqueous_SP_STPS","2000s",NA,NA,NA,NA,NA,NA,NA,"ssp585","aqueous","SP_STPS","SP","STPS",11.8019199235577,11.6395308140111,1.97052579426924,8.96810303315359,26.7948857982594,0.0036765332564605,287268
"505","ssp585_bicarbonate_Atl_EQU","2000s",NA,NA,NA,NA,NA,NA,NA,"ssp585","bicarbonate","Atl_EQU","Atl","EQU",1740.62021947773,1740.60700482658,63.5843832294179,1176.28159806605,1852.34288591223,0.340378906593018,34896
"506","ssp585_bicarbonate_IND_STPS","2000s",NA,NA,NA,NA,NA,NA,NA,"ssp585","bicarbonate","IND_STPS","IND","STPS",1742.30640413683,1739.28550440624,64.6678955081713,1422.40241830896,1950.46581109166,0.152064230975747,180852
"507","ssp585_bicarbonate_NA_SPSS","2000s",NA,NA,NA,NA,NA,NA,NA,"ssp585","bicarbonate","NA_SPSS","NA","SPSS",1894.35068649747,1888.24893309558,126.632497491984,501.47285649552,2056.07314339544,0.41973651921419,91020
"508","ssp585_bicarbonate_NA_STPS","2000s",NA,NA,NA,NA,NA,NA,NA,"ssp585","bicarbonate","NA_STPS","NA","STPS",1815.75679913493,1814.0909348359,49.6185396652699,1588.56843394149,1945.95958982111,0.165295984362388,90108
"509","ssp585_bicarbonate_NA_STSS","2000s",NA,NA,NA,NA,NA,NA,NA,"ssp585","bicarbonate","NA_STSS","NA","STSS",1853.58295369504,1852.76986414696,61.1587698047448,1714.76931572261,1994.0303000882,0.315671043484733,37536
"510","ssp585_bicarbonate_NP_SPSS","2000s",NA,NA,NA,NA,NA,NA,NA,"ssp585","bicarbonate","NP_SPSS","NP","SPSS",1853.26508818488,1851.31593859072,75.8886725470257,1420.90839067942,2056.84962186535,0.252424309812552,90384
"511","ssp585_bicarbonate_NP_STPS","2000s",NA,NA,NA,NA,NA,NA,NA,"ssp585","bicarbonate","NP_STPS","NP","STPS",1731.78327045499,1729.50042003666,61.0221371327601,1445.51091764017,1902.64622384747,0.133126991973154,210108
"512","ssp585_bicarbonate_NP_STSS","2000s",NA,NA,NA,NA,NA,NA,NA,"ssp585","bicarbonate","NP_STSS","NP","STSS",1782.24736575808,1781.2113360396,58.5714218224311,1591.69304680551,1965.32461901722,0.291043734963934,40500
"513","ssp585_bicarbonate_Pac_EQU_E","2000s",NA,NA,NA,NA,NA,NA,NA,"ssp585","bicarbonate","Pac_EQU_E","Pac","EQU",1766.68654162865,1766.73948738146,65.7061359495217,1364.0139249365,1925.41443995542,0.244587125484768,72168
"514","ssp585_bicarbonate_Pac_EQU_W","2000s",NA,NA,NA,NA,NA,NA,NA,"ssp585","bicarbonate","Pac_EQU_W","Pac","EQU",1696.68231759021,1696.79217655672,39.6803003259824,1549.90327563741,1802.99109637872,0.173516474266355,52296
"515","ssp585_bicarbonate_SA_STPS","2000s",NA,NA,NA,NA,NA,NA,NA,"ssp585","bicarbonate","SA_STPS","SA","STPS",1819.42865257792,1818.5485157948,48.9915241268682,1559.88427443085,1954.90473938129,0.160288003353958,93420
"516","ssp585_bicarbonate_SO_SPSS","2000s",NA,NA,NA,NA,NA,NA,NA,"ssp585","bicarbonate","SO_SPSS","SO","SPSS",1952.58092278798,1951.01090584159,52.8546350678909,1490.02944764767,2095.89754406885,0.103946322194827,258552
"517","ssp585_bicarbonate_SO_STSS","2000s",NA,NA,NA,NA,NA,NA,NA,"ssp585","bicarbonate","SO_STSS","SO","STSS",1877.8010327863,1876.11502856768,58.7363308665273,1415.26350843574,2058.32069799784,0.134683767958798,190188
"518","ssp585_bicarbonate_SP_STPS","2000s",NA,NA,NA,NA,NA,NA,NA,"ssp585","bicarbonate","SP_STPS","SP","STPS",1804.25566169128,1800.18712470752,69.4226102167977,1567.41676930246,2011.47587719264,0.129526107171311,287268
"519","ssp585_carbonate_Atl_EQU","2000s",NA,NA,NA,NA,NA,NA,NA,"ssp585","carbonate","Atl_EQU","Atl","EQU",237.902808276642,237.895267708849,15.2501652161885,152.422373634357,268.151341727738,0.0816369413055425,34896
"520","ssp585_carbonate_IND_STPS","2000s",NA,NA,NA,NA,NA,NA,NA,"ssp585","carbonate","IND_STPS","IND","STPS",224.436442806447,225.486195921582,21.8030786024217,136.50744006307,282.227606040358,0.0512691553440469,180852
"521","ssp585_carbonate_NA_SPSS","2000s",NA,NA,NA,NA,NA,NA,NA,"ssp585","carbonate","NA_SPSS","NA","SPSS",132.727935749883,134.748655142276,30.5682298369586,3.00081360510415,261.052560570881,0.101321561561372,91020
"522","ssp585_carbonate_NA_STPS","2000s",NA,NA,NA,NA,NA,NA,NA,"ssp585","carbonate","NA_STPS","NA","STPS",243.410794417374,244.026086527175,21.7954130682881,154.208237115066,283.060048603319,0.0726078252607099,90108
"523","ssp585_carbonate_NA_STSS","2000s",NA,NA,NA,NA,NA,NA,NA,"ssp585","carbonate","NA_STSS","NA","STSS",197.730698846531,199.1596792945,33.2919273457446,94.5991299576056,274.266848851535,0.171836311920613,37536
"524","ssp585_carbonate_NP_SPSS","2000s",NA,NA,NA,NA,NA,NA,NA,"ssp585","carbonate","NP_SPSS","NP","SPSS",122.666808506697,124.273065384674,23.703744201126,63.0308234596102,222.462573293396,0.0788444581928193,90384
"525","ssp585_carbonate_NP_STPS","2000s",NA,NA,NA,NA,NA,NA,NA,"ssp585","carbonate","NP_STPS","NP","STPS",218.196367802349,219.136747080023,23.9420934210177,122.599939913864,254.1910893406,0.0522325016533908,210108
"526","ssp585_carbonate_NP_STSS","2000s",NA,NA,NA,NA,NA,NA,NA,"ssp585","carbonate","NP_STSS","NP","STSS",183.101953795422,183.955959935646,26.3187891624788,112.945109600596,244.201343375258,0.130779114783972,40500
"527","ssp585_carbonate_Pac_EQU_E","2000s",NA,NA,NA,NA,NA,NA,NA,"ssp585","carbonate","Pac_EQU_E","Pac","EQU",214.522071262602,214.515561776591,14.3862317468437,156.896609336084,257.946806394338,0.0535518794199285,72168
"528","ssp585_carbonate_Pac_EQU_W","2000s",NA,NA,NA,NA,NA,NA,NA,"ssp585","carbonate","Pac_EQU_W","Pac","EQU",241.503307283473,241.496298963728,11.4748044245608,189.721234243491,262.402104501637,0.0501777353066559,52296
"529","ssp585_carbonate_SA_STPS","2000s",NA,NA,NA,NA,NA,NA,NA,"ssp585","carbonate","SA_STPS","SA","STPS",218.694715308377,219.829584098297,23.4833624423257,128.972788407217,266.698320092946,0.0768316835412226,93420
"530","ssp585_carbonate_SO_SPSS","2000s",NA,NA,NA,NA,NA,NA,NA,"ssp585","carbonate","SO_SPSS","SO","SPSS",104.413057947583,105.145773609226,12.9216330177836,57.8736605363425,172.656212225939,0.0254122694674664,258552
"531","ssp585_carbonate_SO_STSS","2000s",NA,NA,NA,NA,NA,NA,NA,"ssp585","carbonate","SO_STSS","SO","STSS",150.491187120367,151.761634694897,26.490522939116,62.5514286624838,236.703360775845,0.0607433830476522,190188
"532","ssp585_carbonate_SP_STPS","2000s",NA,NA,NA,NA,NA,NA,NA,"ssp585","carbonate","SP_STPS","SP","STPS",204.341231907707,207.598955772149,37.5994573520202,97.7754616051847,269.470468030696,0.0701516599181763,287268
"533","ssp585_dic_Atl_EQU","2000s",NA,NA,NA,NA,NA,NA,NA,"ssp585","dic","Atl_EQU","Atl","EQU",1988.79810293789,1988.77748767841,74.4507333173676,1334.88641417908,2087.64951528171,0.398548478644195,34896
"534","ssp585_dic_IND_STPS","2000s",NA,NA,NA,NA,NA,NA,NA,"ssp585","dic","IND_STPS","IND","STPS",1977.12876913472,1975.10903121625,61.5806665314612,1619.76107274382,2124.10623967557,0.144804723046807,180852
"535","ssp585_dic_NA_SPSS","2000s",NA,NA,NA,NA,NA,NA,NA,"ssp585","dic","NA_SPSS","NA","SPSS",2043.15053160666,2038.93324699295,142.319339269421,529.055191323088,2189.28166180534,0.471732179850529,91020
"536","ssp585_dic_NA_STPS","2000s",NA,NA,NA,NA,NA,NA,NA,"ssp585","dic","NA_STPS","NA","STPS",2069.80318639097,2068.72505558402,55.0748652695638,1809.05874098865,2168.95501803414,0.183472833537067,90108
"537","ssp585_dic_NA_STSS","2000s",NA,NA,NA,NA,NA,NA,NA,"ssp585","dic","NA_STSS","NA","STSS",2063.51423986004,2064.06684366985,69.4820489390201,1855.50474865697,2175.79414194948,0.358631655967941,37536
"538","ssp585_dic_NP_SPSS","2000s",NA,NA,NA,NA,NA,NA,NA,"ssp585","dic","NP_SPSS","NP","SPSS",1992.56279594663,1992.04039561676,74.6129674035401,1523.70594007079,2167.31066673486,0.24818100208874,90384
"539","ssp585_dic_NP_STPS","2000s",NA,NA,NA,NA,NA,NA,NA,"ssp585","dic","NP_STPS","NP","STPS",1960.55859529527,1959.16728914525,58.18288946202,1631.82796414288,2079.99765856944,0.12693283818516,210108
"540","ssp585_dic_NP_STSS","2000s",NA,NA,NA,NA,NA,NA,NA,"ssp585","dic","NP_STSS","NP","STSS",1977.26763363353,1977.04141847169,54.9128632293416,1763.44586325353,2107.69004710056,0.272864211155459,40500
"541","ssp585_dic_Pac_EQU_E","2000s",NA,NA,NA,NA,NA,NA,NA,"ssp585","dic","Pac_EQU_E","Pac","EQU",1992.62727453838,1992.67466806051,66.8020702768793,1536.16998862136,2120.0418799354,0.248666674875017,72168
"542","ssp585_dic_Pac_EQU_W","2000s",NA,NA,NA,NA,NA,NA,NA,"ssp585","dic","Pac_EQU_W","Pac","EQU",1948.03790365565,1948.14267817107,45.251997675357,1785.46978726154,2050.22968915184,0.197880737434737,52296
"543","ssp585_dic_SA_STPS","2000s",NA,NA,NA,NA,NA,NA,NA,"ssp585","dic","SA_STPS","SA","STPS",2049.39683677855,2049.61692893012,55.6096985111704,1778.59276438145,2137.05129370804,0.181941013273817,93420
"544","ssp585_dic_SO_SPSS","2000s",NA,NA,NA,NA,NA,NA,NA,"ssp585","dic","SO_SPSS","SO","SPSS",2077.18072406654,2076.22388137043,57.2319734784222,1571.57319819375,2212.20898331637,0.112554994418037,258552
"545","ssp585_dic_SO_STSS","2000s",NA,NA,NA,NA,NA,NA,NA,"ssp585","dic","SO_STSS","SO","STSS",2043.11843798891,2042.59693725299,56.6546011045587,1533.56915094023,2176.44595518566,0.129910313368128,190188
"546","ssp585_dic_SP_STPS","2000s",NA,NA,NA,NA,NA,NA,NA,"ssp585","dic","SP_STPS","SP","STPS",2020.39881352254,2019.42561129368,59.257289205521,1788.8431849528,2143.81771786339,0.110560031787144,287268
"547","ssp585_pCO2_Atl_EQU","2000s",NA,NA,NA,NA,NA,NA,NA,"ssp585","pCO2","Atl_EQU","Atl","EQU",393.001980791599,393.008943208514,20.2014206392495,189.170600128174,457.378255004883,0.108141922899585,34896
"548","ssp585_pCO2_IND_STPS","2000s",NA,NA,NA,NA,NA,NA,NA,"ssp585","pCO2","IND_STPS","IND","STPS",366.543350516068,367.207642466892,22.4635936360026,280.803758239746,436.634334716797,0.0528223326948811,180852
"549","ssp585_pCO2_NA_SPSS","2000s",NA,NA,NA,NA,NA,NA,NA,"ssp585","pCO2","NA_SPSS","NA","SPSS",323.013530562813,329.021948961339,35.0793039402551,150.829236602783,507.319028727213,0.116273983566275,91020
"550","ssp585_pCO2_NA_STPS","2000s",NA,NA,NA,NA,NA,NA,NA,"ssp585","pCO2","NA_STPS","NA","STPS",377.636460410241,377.932987637595,24.8872620869992,312.111514282226,520.01064453125,0.082907810518145,90108
"551","ssp585_pCO2_NA_STSS","2000s",NA,NA,NA,NA,NA,NA,NA,"ssp585","pCO2","NA_STSS","NA","STSS",354.017965254365,354.23641812218,27.7082312798612,287.290405273438,543.274126586914,0.143016059825185,37536
"552","ssp585_pCO2_NP_SPSS","2000s",NA,NA,NA,NA,NA,NA,NA,"ssp585","pCO2","NP_SPSS","NP","SPSS",355.071685003308,354.542758319244,30.4443118157586,190.263553365072,576.580902099609,0.101265236825021,90384
"553","ssp585_pCO2_NP_STPS","2000s",NA,NA,NA,NA,NA,NA,NA,"ssp585","pCO2","NP_STPS","NP","STPS",375.365350402934,375.518415058804,25.5784785712786,292.735034179687,473.517169189453,0.0558024689308368,210108
"554","ssp585_pCO2_NP_STSS","2000s",NA,NA,NA,NA,NA,NA,NA,"ssp585","pCO2","NP_STSS","NP","STSS",349.584786765642,349.626102213688,33.7611868040567,238.209153747559,487.347166137695,0.167760685988755,40500
"555","ssp585_pCO2_Pac_EQU_E","2000s",NA,NA,NA,NA,NA,NA,NA,"ssp585","pCO2","Pac_EQU_E","Pac","EQU",420.559136821975,420.586318236505,24.2109678401067,295.142951049805,573.636340332031,0.0901238665710791,72168
"556","ssp585_pCO2_Pac_EQU_W","2000s",NA,NA,NA,NA,NA,NA,NA,"ssp585","pCO2","Pac_EQU_W","Pac","EQU",391.711698373479,391.795393042661,22.6437863805928,327.034158325195,448.481004842122,0.0990181511864273,52296
"557","ssp585_pCO2_SA_STPS","2000s",NA,NA,NA,NA,NA,NA,NA,"ssp585","pCO2","SA_STPS","SA","STPS",374.040522978525,374.643786685373,26.4539442473096,297.824756876628,577.95248819987,0.0865506836092227,93420
"558","ssp585_pCO2_SO_SPSS","2000s",NA,NA,NA,NA,NA,NA,NA,"ssp585","pCO2","SO_SPSS","SO","SPSS",367.615237412163,368.211909991236,12.7379091386674,256.23696085612,415.198764038086,0.0250509497552223,258552
"559","ssp585_pCO2_SO_STSS","2000s",NA,NA,NA,NA,NA,NA,NA,"ssp585","pCO2","SO_STSS","SO","STSS",359.118292288045,358.778792399357,20.6099260374936,238.705882263184,905.134934082031,0.0472590380626526,190188
"560","ssp585_pCO2_SP_STPS","2000s",NA,NA,NA,NA,NA,NA,NA,"ssp585","pCO2","SP_STPS","SP","STPS",372.65464498813,373.467676593931,29.42493097683,306.013478393555,696.872084960938,0.0548999346367291,287268
"561","ssp585_pH_Atl_EQU","2000s",NA,NA,NA,NA,NA,NA,NA,"ssp585","pH","Atl_EQU","Atl","EQU",8.05049515683644,8.05048584218858,0.0168383942734352,7.99776918093364,8.24577035903931,9.01390237740373e-05,34896
"562","ssp585_pH_IND_STPS","2000s",NA,NA,NA,NA,NA,NA,NA,"ssp585","pH","IND_STPS","IND","STPS",8.07376464388482,8.07288667241996,0.0262421838632337,8.00467929840088,8.1552680015564,6.17075517446299e-05,180852
"563","ssp585_pH_NA_SPSS","2000s",NA,NA,NA,NA,NA,NA,NA,"ssp585","pH","NA_SPSS","NA","SPSS",8.11260430243254,8.10583451760883,0.0529280145168443,7.56952986717224,8.31022529602051,0.00017543538208764,91020
"564","ssp585_pH_NA_STPS","2000s",NA,NA,NA,NA,NA,NA,NA,"ssp585","pH","NA_STPS","NA","STPS",8.07613862001459,8.07571995128564,0.0270713725517249,7.95160698890686,8.15615205764771,9.01838144404395e-05,90108
"565","ssp585_pH_NA_STSS","2000s",NA,NA,NA,NA,NA,NA,NA,"ssp585","pH","NA_STSS","NA","STSS",8.09534687752529,8.09538336150413,0.0321653848170083,7.93807077407837,8.17757015228272,0.000166021661679749,37536
"566","ssp585_pH_NP_SPSS","2000s",NA,NA,NA,NA,NA,NA,NA,"ssp585","pH","NP_SPSS","NP","SPSS",8.07056958007339,8.07158185647752,0.0373325925240646,7.84434847831726,8.27320995330811,0.000124177345381298,90384
"567","ssp585_pH_NP_STPS","2000s",NA,NA,NA,NA,NA,NA,NA,"ssp585","pH","NP_STPS","NP","STPS",8.06254828128614,8.06228076098028,0.0278467004030342,7.96600944201151,8.16369457244873,6.07508624774691e-05,210108
"568","ssp585_pH_NP_STSS","2000s",NA,NA,NA,NA,NA,NA,NA,"ssp585","pH","NP_STSS","NP","STSS",8.08827656506848,8.08832663976151,0.0367973627984092,7.9593283812205,8.22769117355347,0.000182847565799922,40500
"569","ssp585_pH_Pac_EQU_E","2000s",NA,NA,NA,NA,NA,NA,NA,"ssp585","pH","Pac_EQU_E","Pac","EQU",8.02495175212035,8.02493278199847,0.0169836504487416,7.91873788833618,8.10610778808594,6.32206137747483e-05,72168
"570","ssp585_pH_Pac_EQU_W","2000s",NA,NA,NA,NA,NA,NA,NA,"ssp585","pH","Pac_EQU_W","Pac","EQU",8.04601446488852,8.04594925885199,0.021364102939282,7.99191319147746,8.10320971806844,9.34222721963708e-05,52296
"571","ssp585_pH_SA_STPS","2000s",NA,NA,NA,NA,NA,NA,NA,"ssp585","pH","SA_STPS","SA","STPS",8.07581248572377,8.07531965649965,0.0263632957629065,7.89578086535136,8.15914910634359,8.62541044594414e-05,93420
"572","ssp585_pH_SO_SPSS","2000s",NA,NA,NA,NA,NA,NA,NA,"ssp585","pH","SO_SPSS","SO","SPSS",8.05875724547587,8.05841252920911,0.0210456558240002,7.99276628494263,8.20843365987142,4.13893411291742e-05,258552
"573","ssp585_pH_SO_STSS","2000s",NA,NA,NA,NA,NA,NA,NA,"ssp585","pH","SO_STSS","SO","STSS",8.07919682622644,8.07979860303026,0.0270365021058237,7.72168278694153,8.22074314753214,6.19953259306067e-05,190188
"574","ssp585_pH_SP_STPS","2000s",NA,NA,NA,NA,NA,NA,NA,"ssp585","pH","SP_STPS","SP","STPS",8.07145364971548,8.07097510120464,0.0293015219960839,7.82770372390747,8.15180702209473,5.46696827805096e-05,287268
"575","ssp585_tos_Atl_EQU","2000s",NA,NA,NA,NA,NA,NA,NA,"ssp585","tos","Atl_EQU","Atl","EQU",28.2910541127112,28.2913789143011,1.62204061036483,23.3566398620605,32.0072479248047,0.00868308193559725,34896
"576","ssp585_tos_IND_STPS","2000s",NA,NA,NA,NA,NA,NA,NA,"ssp585","tos","IND_STPS","IND","STPS",25.2649598642744,25.5135851290206,4.30734439645848,11.4637117385864,31.656078338623,0.0101285654658793,180852
"577","ssp585_tos_NA_SPSS","2000s",NA,NA,NA,NA,NA,NA,NA,"ssp585","tos","NA_SPSS","NA","SPSS",6.65069485843612,7.46887120334142,4.73105590282053,-1.89003276824951,26.6640071868896,0.0156815744472176,91020
"578","ssp585_tos_NA_STPS","2000s",NA,NA,NA,NA,NA,NA,NA,"ssp585","tos","NA_STPS","NA","STPS",24.940475809128,25.073895012625,3.13616608306717,14.3413467407227,30.7453956604004,0.0104476202508509,90108
"579","ssp585_tos_NA_STSS","2000s",NA,NA,NA,NA,NA,NA,NA,"ssp585","tos","NA_STSS","NA","STSS",17.8781287806444,18.0650045185631,4.23476300391075,4.54455280303955,30.1651000976562,0.0218577329240415,37536
"580","ssp585_tos_NP_SPSS","2000s",NA,NA,NA,NA,NA,NA,NA,"ssp585","tos","NP_SPSS","NP","SPSS",8.83696510132867,9.11173433662363,4.30154272982125,-1.68000090122223,27.7749900817871,0.0143079845550268,90384
"581","ssp585_tos_NP_STPS","2000s",NA,NA,NA,NA,NA,NA,NA,"ssp585","tos","NP_STPS","NP","STPS",25.5995521577501,25.7862474513363,3.99409000183665,11.5269041061401,31.6332588195801,0.00871357858964768,210108
"582","ssp585_tos_NP_STSS","2000s",NA,NA,NA,NA,NA,NA,NA,"ssp585","tos","NP_STSS","NP","STSS",18.5408514841103,18.6699793492399,4.44769689902133,5.29030323028564,31.0058250427246,0.022100783576726,40500
"583","ssp585_tos_Pac_EQU_E","2000s",NA,NA,NA,NA,NA,NA,NA,"ssp585","tos","Pac_EQU_E","Pac","EQU",26.9385589888323,26.9375527690129,1.89824442520139,19.7148551940918,30.8084716796875,0.00706610030734695,72168
"584","ssp585_tos_Pac_EQU_W","2000s",NA,NA,NA,NA,NA,NA,NA,"ssp585","tos","Pac_EQU_W","Pac","EQU",30.0530515375425,30.053597626975,0.765642629475366,26.3615913391113,31.5291233062744,0.00334804949869787,52296
"585","ssp585_tos_SA_STPS","2000s",NA,NA,NA,NA,NA,NA,NA,"ssp585","tos","SA_STPS","SA","STPS",22.5059100585228,22.6785067692824,3.55052285162804,12.7035503387451,31.4538917541504,0.011616422001412,93420
"586","ssp585_tos_SO_SPSS","2000s",NA,NA,NA,NA,NA,NA,NA,"ssp585","tos","SO_SPSS","SO","SPSS",3.81709855379536,4.02623797544141,2.6448171504065,-1.84682583808899,12.6620454788208,0.00520141734607434,258552
"587","ssp585_tos_SO_STSS","2000s",NA,NA,NA,NA,NA,NA,NA,"ssp585","tos","SO_STSS","SO","STSS",12.2810918627599,12.4734748508359,3.67031312917236,2.86370778083801,25.2910671234131,0.00841611306890961,190188
"588","ssp585_tos_SP_STPS","2000s",NA,NA,NA,NA,NA,NA,NA,"ssp585","tos","SP_STPS","SP","STPS",21.4083896108224,21.9392016237152,5.85295987835181,5.67168807983398,31.0991096496582,0.0109202334240285,287268
