"","scenario","biome","loc","type","period","month","n","seas_areaW_mean_abs_aqueous","seas_areaW_mean_abs_bicarbonate","seas_areaW_mean_abs_carbonate","seas_areaW_mean_abs_dic","seas_areaW_mean_abs_pCO2","seas_areaW_mean_abs_pH","seas_areaW_mean_abs_tos","seas_sd_abs_aqueous","seas_sd_abs_bicarbonate","seas_sd_abs_carbonate","seas_sd_abs_dic","seas_sd_abs_pCO2","seas_sd_abs_pH","seas_sd_abs_tos","seas_min_abs_aqueous","seas_min_abs_bicarbonate","seas_min_abs_carbonate","seas_min_abs_dic","seas_min_abs_pCO2","seas_min_abs_pH","seas_min_abs_tos","seas_max_abs_aqueous","seas_max_abs_bicarbonate","seas_max_abs_carbonate","seas_max_abs_dic","seas_max_abs_pCO2","seas_max_abs_pH","seas_max_abs_tos","seas_se_abs_aqueous","seas_se_abs_bicarbonate","seas_se_abs_carbonate","seas_se_abs_dic","seas_se_abs_pCO2","seas_se_abs_pH","seas_se_abs_tos","seas_areaW_mean_delta_aqueous","seas_areaW_mean_delta_bicarbonate","seas_areaW_mean_delta_carbonate","seas_areaW_mean_delta_dic","seas_areaW_mean_delta_pCO2","seas_areaW_mean_delta_pH","seas_areaW_mean_delta_tos","seas_sd_delta_aqueous","seas_sd_delta_bicarbonate","seas_sd_delta_carbonate","seas_sd_delta_dic","seas_sd_delta_pCO2","seas_sd_delta_pH","seas_sd_delta_tos","seas_min_delta_aqueous","seas_min_delta_bicarbonate","seas_min_delta_carbonate","seas_min_delta_dic","seas_min_delta_pCO2","seas_min_delta_pH","seas_min_delta_tos","seas_max_delta_aqueous","seas_max_delta_bicarbonate","seas_max_delta_carbonate","seas_max_delta_dic","seas_max_delta_pCO2","seas_max_delta_pH","seas_max_delta_tos","seas_se_delta_aqueous","seas_se_delta_bicarbonate","seas_se_delta_carbonate","seas_se_delta_dic","seas_se_delta_pCO2","seas_se_delta_pH","seas_se_delta_tos","p_s"
"1","ssp245","Atl_EQU","Atl","EQU","1850s","1",2910,8.22985010956784,1662.60381605741,268.313073934622,1939.14674010159,310.786170862483,8.13115992857533,27.7236995538681,0.420725891284507,57.8470422057578,16.3000930887184,71.2316617913045,16.5542481354743,0.0164557634383296,0.81670553477424,6.41368774564111,1352.41177198925,203.056987030949,1562.29850691313,236.059799194336,8.08556318283081,24.9196281433105,9.51431022980202,1746.08545074147,294.456650950984,2041.3860528524,355.23787902832,8.18182210922241,29.6602478027344,0.0077992482587157,1.07234532635412,0.302164604728647,1.32046404963363,0.306876029309158,0.000305050359392883,0.0151397604756968,-1.97485796794297,-74.3170855527915,28.4668294477719,-47.8251140729625,-82.9591847105108,0.0813627911317267,-0.926185679779074,0.173092790416416,14.5083276590758,2.4896002245935,15.3013983518069,6.90722396168141,0.0046153960435336,0.280522990825744,-2.28472334456156,-101.44939159667,22.2131089548562,-81.3327485620498,-97.9946356201172,0.0670995521545414,-1.70788192749023,-1.28970296309023,-10.1437386799562,35.0797274967906,22.5544156562285,-51.762417602539,0.100597095489501,-0.157609939575195,0.00320872490193044,0.26894957400044,0.0461512129840109,0.283651201229602,0.128043354525272,8.55583654381537e-05,0.00520022297902247,"Historical , 1850s"
"2","ssp245","Atl_EQU","Atl","EQU","1850s","10",2910,8.32184344116951,1670.68667810749,262.747365098689,1941.75588664735,305.030542403964,8.13827214961708,26.5440518797413,0.546619090042135,66.7762991774855,16.4398181129165,75.8841035815825,15.1358642677441,0.0152737764775195,1.44070219794438,4.54596000556561,1146.90827496479,185.907999374097,1337.38614562608,157.086668395996,8.077552318573,23.4840087890625,10.2343115224956,1761.57562410856,298.297868850822,2043.20896213066,362.196313476563,8.30632133483887,29.8599891662598,0.0101330060129553,1.23787231989319,0.304754771329397,1.40670915430456,0.28058259660215,0.00028313915797436,0.0267071609839368,-2.02168167976771,-77.8909732211156,28.0566145637258,-51.8560403371575,-81.388483749654,0.0810522745280212,-0.762135653717199,0.159399698232272,14.401321054032,3.10174318565909,14.6872190832658,6.99017151840846,0.00511225742548648,0.31082107638682,-2.37448234991334,-116.120905691425,14.4689111777319,-98.0681064451587,-101.090557861328,0.0472955703735352,-1.86918067932129,-0.902365817936285,31.7216065970269,37.3759419247969,66.7927453169766,-32.0839317321777,0.0994708061218255,0.106277465820312,0.00295488783702444,0.266965928364774,0.0574988743047813,0.272265791655487,0.12958100314821,9.476898296442e-05,0.00576187676822284,"Historical , 1850s"
"3","ssp245","Atl_EQU","Atl","EQU","1850s","11",2910,8.24944558113887,1663.95397182729,265.640978457831,1937.84439586626,307.065798745279,8.13536705717853,27.1736108290604,0.546255473413418,70.9547650323477,17.175115923864,82.4344532819597,16.2867128438232,0.0152867997864979,1.25945313857701,5.1846984922774,1195.04348390928,182.987630727394,1387.74184593507,187.399935913086,8.04880275726318,24.2629776000977,11.1671502450358,1776.48360439187,297.414800063485,2039.9565214572,397.102786254883,8.24706773757935,30.0797119140625,0.0101262654333592,1.3153310482903,0.318385427988442,1.52813691654346,0.301916567101627,0.000283380578866148,0.0233472384311579,-2.02683164631358,-78.8221639748916,28.5715536300261,-52.2774419911791,-82.4749516281369,0.0814120422846074,-0.74352076960895,0.156483348025353,13.7379711238793,2.74379591357563,14.2192393133905,6.79141185917025,0.00462725367982436,0.304497642261944,-2.32249433864181,-114.500208648029,12.6079258041965,-93.8664817488404,-98.2685870361328,0.0442315578460697,-1.70829391479492,-0.965488096616321,25.7050147967632,38.8806649303535,61.1669835067826,-35.2295959472656,0.0945839691162114,0.214893341064453,0.00290082570359197,0.25466901273672,0.0508633909738514,0.263590569899654,0.125896476100246,8.57781775559933e-05,0.00564465547614363,"Historical , 1850s"
"4","ssp245","Atl_EQU","Atl","EQU","1850s","12",2910,8.19533238028071,1660.34671894442,267.735817414042,1936.27786873874,307.81473013822,8.1343071610222,27.5278126374484,0.498910710096623,66.7138488933316,16.9697913050871,79.5653045666016,16.5799635095779,0.0152742196138654,0.899683431344004,5.60177375578132,1242.44567447875,188.831018069192,1436.87846630372,202.056231689453,8.09202124277751,25.1821212768555,9.37494860447979,1747.51135103643,296.347954368403,2040.24048352735,346.547293701172,8.21940593719482,29.8162479400635,0.00924860715154897,1.23671464150916,0.314579202346901,1.4749497854783,0.307352730626699,0.00028314737265866,0.0166779715265018,-2.02319212662801,-77.8717816518886,29.0355390501402,-50.8594347283764,-83.4740043391224,0.0822386986327125,-0.814707907603078,0.169790580257204,14.5107952655486,2.63130449000607,15.5485522266861,6.84810969331644,0.0043099116142408,0.262335060228653,-2.30523302927428,-107.131328494189,22.0678690934739,-84.3853945412648,-95.6934362792968,0.065017013549804,-1.81939697265625,-1.0622633225087,25.8890874626065,40.1538181363209,64.9806422764191,-42.4603204345703,0.0976425170898434,-0.0343341827392578,0.00314750985106794,0.268995317502053,0.0487780699665876,0.288232840886722,0.12694751786734,7.98954172988022e-05,0.00486306239780434,"Historical , 1850s"
"5","ssp245","Atl_EQU","Atl","EQU","1850s","2",2910,8.31829782595084,1664.93690820012,269.075276315563,1942.33048234164,318.68661797126,8.1223211476644,28.3163774300702,0.38409555922558,52.8652748121907,15.9406670031909,66.3007103437075,17.2017894741847,0.0186696985342606,0.954031773942168,6.62193232130132,1369.87246445054,206.256128741176,1582.75052551302,248.005827331543,8.0753938293457,25.0339241027832,9.58274085347336,1746.02450368279,295.173260077609,2043.36911885687,367.955389404297,8.17308311462402,30.4109001159668,0.00712020981719138,0.979995315398096,0.295501707745701,1.22905604435478,0.318879891593373,0.000346091402503236,0.0176854593592061,-1.97597967682495,-73.3940951759853,28.3532414774143,-47.016833375396,-84.1814930831172,0.0807421727293606,-0.930041972535013,0.160156743911286,13.7030535464754,2.32726477386073,14.2397018356912,6.45624943389108,0.00446736211987469,0.242748060267627,-2.28410955268365,-100.821642504155,21.9205604159584,-80.0541183598561,-99.4252502441406,0.0650060335795093,-1.68332290649414,-1.35469485791176,-14.459743831472,34.9607988780666,19.0326998088703,-56.9841807047527,0.0950524330139171,-0.214076995849609,0.00296892164696133,0.254021724655793,0.0431419033415976,0.263969895951909,0.11968336914416,8.2814171783224e-05,0.00449996642842366,"Historical , 1850s"
"6","ssp245","Atl_EQU","Atl","EQU","1850s","3",2910,8.34324999822336,1662.45209379907,270.225234212494,1941.02057800979,324.276255281013,8.11561441474098,28.9373185215744,0.344211012342915,50.8844401941438,15.8718064575542,64.6358042007957,16.6360493072178,0.0190515575028422,1.04492012691645,7.08583897112646,1421.39327236892,212.069097827014,1640.54820916706,268.668809509277,8.0761639213562,25.5218925476074,9.45112922725511,1744.90905620213,296.757808576335,2043.31838044107,366.400005493164,8.17149095535278,30.906810760498,0.00638084604313277,0.943275395693514,0.29422519849876,1.19819268033317,0.308392426705889,0.000353170151297832,0.0193703112862126,-1.96601978954763,-73.978273354991,28.1103824769535,-47.8339106675852,-84.2787882540699,0.0794036080323202,-0.856176155637571,0.138801588123067,12.8714550955402,2.37123297726256,13.5621446590597,5.60519192456512,0.00420517813500969,0.206799788232725,-2.35900054069549,-105.514593316816,21.6652606531269,-82.4200475098762,-99.28939453125,0.0661965688069674,-1.47165489196777,-1.34998589679444,-12.2962118845969,36.3545721935893,22.3834189034264,-57.3489654541015,0.0936400413513176,-0.307846069335938,0.00257304831221751,0.238605885258305,0.0439569683065172,0.251409612072327,0.103906805506937,7.79539099600725e-05,0.0038335717427625,"Historical , 1850s"
"7","ssp245","Atl_EQU","Atl","EQU","1850s","4",2910,8.30094603253649,1660.55118855367,271.232063945338,1940.08419853155,323.001643718588,8.11670935131734,28.9907785203794,0.287252764344843,48.3806705129598,15.3734618496851,61.6847986231593,13.356988929511,0.0156018971288921,1.00417349793146,6.84181049263614,1459.97529131399,224.014351297135,1691.51778106886,247.029304504395,8.08309774398804,25.0946025848389,10.1489185494542,1783.30563623147,297.368611180323,2041.11576178254,362.966979980469,8.19107093811035,30.9949703216553,0.00532497682823327,0.896861514991805,0.284987085523834,1.14348811950243,0.247606517231734,0.00028922172734287,0.0186149665790221,-1.96800635954552,-75.711500474923,28.0973990029582,-49.5821078315103,-83.9460233586516,0.0791316950741679,-0.797576684478331,0.116900819352044,11.3742802809706,2.32647399742435,12.0781582260777,4.65664245335953,0.00390163292487521,0.217890988347274,-2.26856249145088,-119.372964359449,16.6782809329978,-100.861566205806,-96.6293453979492,0.0647133509318056,-1.39653396606445,-1.34955221439899,-15.1654510981139,35.1583384793517,17.4884755831022,-57.2387135823568,0.0960491180419929,-0.157587051391602,0.00216706062227419,0.210851857499579,0.0431272442443748,0.22390006525538,0.0863229748826331,7.23269102896816e-05,0.00403917597338488,"Historical , 1850s"
"8","ssp245","Atl_EQU","Atl","EQU","1850s","5",2910,8.24188601831882,1658.47726634458,270.435737132849,1937.15488949575,317.550919506566,8.12254312590438,28.5808679619719,0.312526462943911,50.7932886568475,15.2673991729914,63.4628118004909,12.5744812875843,0.0127236305020599,0.934139409683374,6.30363365510867,1389.01439002181,212.621273988248,1608.41557165111,225.064895629883,8.06588354110718,24.9362258911133,10.7695985701904,1807.31462851114,297.152733499082,2052.1358274653,385.685549926758,8.2124960899353,30.7302284240723,0.00579349054196806,0.941585664960835,0.283020938054296,1.17644821647897,0.233100703612573,0.000235865572082483,0.0173167026686362,-1.97184090916454,-76.388969755242,28.4332765105934,-49.9275341538131,-82.7546862529164,0.0793480339030293,-0.738183715471678,0.136262283765752,12.8518868526369,2.41899454896847,13.6964830046129,4.87850904004533,0.00435505569751606,0.250715024674472,-2.48040753597163,-151.897044276084,12.9242571965033,-140.222842360683,-103.17967956543,0.0493248939514164,-1.38530158996582,-1.27176572947284,-16.2064861366703,36.4621550886903,17.4671397224881,-54.9911661783855,0.109156322479249,0.182163238525391,0.00252597570390554,0.238243136999757,0.0448423532154981,0.253899922579331,0.0904358489075558,8.07322802543976e-05,0.00464765482736586,"Historical , 1850s"
"9","ssp245","Atl_EQU","Atl","EQU","1850s","6",2910,8.20228591982611,1658.40832748709,266.911643694106,1933.52225710102,308.628841688755,8.13273287781289,27.616598520128,0.392157113014014,58.0323405228052,15.8153397210773,69.9429898850967,13.519506775017,0.0121165355282739,1.14336562744241,5.84265970793704,1325.16865808624,207.660658059377,1538.67197585356,210.872907511393,8.08440675735474,25.0587959289551,10.0600454888768,1769.9936107018,297.045318059907,2041.57496705821,363.765841674805,8.23511194229126,30.0340461730957,0.00726965167624842,1.07578031242584,0.293178440727809,1.29657516537727,0.250619208035485,0.000224611488330424,0.0211952545912498,-1.97274506237815,-76.1562010986869,28.5245147002997,-49.6044314607653,-80.7307208560201,0.0798150001370331,-0.712995184274468,0.157867558834766,15.209582459576,2.9141949760564,16.6529803359648,5.58450390185802,0.0052806698982407,0.252698396769422,-2.82150715883994,-198.844762772589,5.36654846825516,-194.386579687299,-118.290950012207,0.0504129409790028,-1.54405784606934,-1.30456645184055,-13.9282060744031,39.3387728407571,20.5070820901894,-54.4242167154948,0.12666784286499,0.217159271240234,0.00292648564981503,0.281949154950924,0.0540221806249529,0.308706287343442,0.10352329921836,9.78909460099178e-05,0.00468442178580214,"Historical , 1850s"
"10","ssp245","Atl_EQU","Atl","EQU","1850s","7",2910,8.2730984257563,1665.00260560722,262.119118412866,1935.39482244585,303.340713444347,8.13944269721439,26.5809683097633,0.513265761684757,61.628857286853,16.2680160726686,70.712737133331,14.749058708957,0.0130434048059027,1.40750949340091,6.63836933767819,1423.52775768814,221.050456198045,1653.96284472637,245.282252502441,8.09055442810059,22.9748687744141,10.1605237993167,1775.71520296983,299.381916208062,2041.74584978904,358.669973754883,8.19258327484131,29.2531318664551,0.00951471535506529,1.14245110138965,0.301569973837719,1.31084443192304,0.273412149897238,0.000241793420199492,0.0260918479060505,-1.97077033128789,-74.6140993686709,28.1189378681291,-48.4659318318297,-79.1926593210968,0.0799231763902158,-0.747487627802718,0.153454840312332,15.1558322396479,2.98517172953792,16.0053321055835,6.02746168696564,0.00516294424319384,0.257583227616763,-2.67212175335329,-154.74087100104,14.9511754661066,-140.592466696594,-112.378660888672,0.0517992019653306,-1.59736442565918,-1.19041467109111,-1.42560813858813,36.6285642619176,32.1031502956603,-47.9633724975586,0.110168075561523,-0.00653076171875,0.00284468443918067,0.280952754876996,0.0553379192863175,0.296700443544192,0.111734673430766,9.57085949135137e-05,0.00477497482584427,"Historical , 1850s"
"11","ssp245","Atl_EQU","Atl","EQU","1850s","8",2910,8.37012431225904,1673.61973625819,259.611878574365,1941.60173914482,302.452807924034,8.14135458733044,25.9820079188084,0.590169083856083,61.6068472003704,16.4555474231531,68.1634085237876,15.7711341028865,0.0150482145455988,1.46962943477437,5.99475621364896,1364.10736711667,213.643348997097,1583.74547232742,210.002333068848,8.09111448923747,22.4436111450195,10.2816814507272,1804.90044878306,300.663429224977,2060.14965717509,362.388617960612,8.23142700195313,29.6703605651855,0.010940318375842,1.1420430872117,0.305046354989959,1.26358599803352,0.292358974662511,0.000278957781117816,0.0272434025277765,-1.98954231332602,-75.1837685269559,27.7836304792688,-49.3896803610131,-78.8912975304882,0.0798183879593013,-0.73444036674772,0.149772913366011,14.8762244798788,3.10865005204844,14.8363144571671,6.41929153776119,0.00519280823405236,0.284487009815693,-2.51196375001263,-130.714484916406,12.0352185331981,-113.411657271631,-105.102017822266,0.0478339195251465,-1.4616527557373,-0.929735194944224,28.00889217806,37.8545660808142,64.8175488194363,-36.4443490600586,0.103286393483479,0.241752624511719,0.00277643035042673,0.275769498085156,0.0576269110307737,0.27502966205037,0.118998258450932,9.62622016287802e-05,0.00527370637722858,"Historical , 1850s"
"12","ssp245","Atl_EQU","Atl","EQU","1850s","9",2910,8.38354255360061,1675.46037233956,260.099881175953,1943.94379606912,303.371995149471,8.14054812907905,26.0267030082277,0.575161212181158,63.4355259809776,16.190096718954,70.4814707742232,15.4284454592943,0.0155215390190767,1.47163997459217,4.96919205133918,1210.79057100793,190.601682015324,1406.36144507459,169.783378601074,8.08741426467896,23.2336349487305,10.2010605352225,1783.02616384052,300.147950594871,2052.83840888306,352.68310546875,8.28905506134033,29.8657493591309,0.0106621084547213,1.17594240287268,0.300125536030663,1.30655730867739,0.286006349682246,0.000287732080850856,0.0272806731105903,-2.00766612555742,-76.3473022834253,27.7897583173544,-50.5652100916284,-79.7395299001123,0.0802082878647258,-0.737886555423599,0.156827581075093,15.1430172894726,3.06463614782227,15.2674969736162,6.77547324715496,0.00514705166909683,0.278427303995872,-2.4189347996948,-119.060086136648,9.19058343949175,-98.3897302952016,-102.659564819336,0.0456235885620124,-1.37425231933594,-0.790120614922569,46.7077310108625,41.512879188673,84.8296512158693,-29.1686758422851,0.0992509206136063,-0.0362014770507812,0.00290720695815555,0.280715196457344,0.0568109988822554,0.283022751043153,0.125601012487044,9.54139847328228e-05,0.0051613739749624,"Historical , 1850s"
"13","ssp245","Atl_EQU","Atl","EQU","2090s","1",2910,15.39253793272,1876.84680152055,194.302957548767,2086.54229700204,625.70499405414,7.88700588981268,30.8675927816828,0.788844577040687,73.8092406033843,14.3730055420168,85.6276251774556,30.8482919695733,0.0156679224843138,1.13597584691609,12.004020610825,1494.692806403,125.33193146388,1633.14086752691,488.009045410156,7.84142525990804,27.0078163146973,17.2056491384144,1959.00536190986,214.191236339363,2171.07223198278,699.795734863281,7.93293161392212,33.0553321838379,0.0146232851871754,1.3682461744761,0.266441026730825,1.58733065969459,0.571853295487708,0.000290445678967837,0.0210582657961789,5.18782985520924,139.925899910358,-45.543286938083,99.5704428274843,231.959638481146,-0.16279124763092,2.21770754803561,0.320709834689676,13.8427484950676,3.40619075111442,14.0844140961325,11.1247197900167,0.00385352828855838,0.492720245652462,3.87982115106918,65.6111522159645,-54.4649147435031,17.9484171308086,173.034197998047,-0.186603927612305,1.08139610290527,5.9946126202808,192.078750109142,-37.8915718027528,159.457815851324,258.696040039062,-0.152000923156739,3.11618041992188,0.0059451906135841,0.256611333726993,0.0631426014771175,0.261091233959761,0.206225604956447,7.14351657861885e-05,0.00913385079821554,"SSP2-4.5 , 2090s"
"14","ssp245","Atl_EQU","Atl","EQU","2090s","10",2910,15.5619128781204,1886.88709142233,189.89174022656,2092.34074452701,612.924341712625,7.89471589361438,29.4848014925498,0.912088913922178,76.1001995907773,13.7405973657681,84.8809767571563,29.280642426096,0.0153712899157355,1.6590553792634,8.70308317409382,1185.11663676876,108.538487474336,1302.65020499398,311.396684265137,7.84751868247986,24.6738395690918,17.2234266438657,1974.26903214351,217.338318254484,2171.85900073378,675.001181640625,8.0669303894043,32.7130737304688,0.0169079393996483,1.41071505567251,0.254717696958212,1.57348958998026,0.542792835398329,0.000284946823081171,0.0307549049057288,5.21838775718313,138.309440093721,-44.7990103084032,98.7288175425006,226.505315559007,-0.162503981474676,2.17861395909134,0.394186811195583,15.5067074800484,4.15195093111245,15.2165916375068,12.4931477953934,0.00468726254095671,0.532059220160016,2.81263827220676,1.36898748399722,-55.3161046866772,-46.4295387994462,119.75653889974,-0.195433664321899,0.681146621704102,6.16530637407248,175.168790974624,-31.0224189411728,142.896260683818,252.56469930013,-0.152549378077188,3.08819389343262,0.00730727740914541,0.287457139713795,0.0769672053480876,0.282079088287341,0.231592975872289,8.689059781676e-05,0.00986310096984386,"SSP2-4.5 , 2090s"
"15","ssp245","Atl_EQU","Atl","EQU","2090s","11",2910,15.4729148264581,1881.08636855513,192.097940123902,2088.6572235055,619.154233263068,7.8908439364392,30.1818487501887,0.964110151789697,83.3424884301903,14.7765070892607,94.1079188065767,32.0303768408625,0.015496642187438,1.43229021226697,9.07297253391751,1199.95528979314,109.73065956552,1318.75892189258,349.354828898112,7.84451498985291,25.7119483947754,18.5605188000506,1972.29477199917,216.387375921642,2172.21053942438,701.370654296875,8.00583391189575,32.9125595092773,0.0178722882958281,1.54496970885645,0.273920976990418,1.74453495039891,0.593766311931523,0.000287270553346064,0.0265512229587142,5.19663759900568,138.310232752949,-44.9714847039026,98.5353856480525,229.613482889651,-0.163111078454717,2.26471715151933,0.406866581208571,16.227191295372,3.90105550468171,16.7954095076797,13.7345210563959,0.00506159681460727,0.45525899812115,2.8815047352007,13.2170513714598,-55.0149053505183,-34.2117366566151,120.762356567383,-0.210616016387939,1.03003883361816,6.14919138422142,192.514430642047,-30.3845204016899,157.190520218383,257.216304931641,-0.146761369705199,3.08866119384766,0.00754232991302814,0.300813180448392,0.0723162063051349,0.311346582349047,0.254605056765933,9.38298568270225e-05,0.00843940917807687,"SSP2-4.5 , 2090s"
"16","ssp245","Atl_EQU","Atl","EQU","2090s","12",2910,15.3846208520281,1876.94721848585,193.688832362526,2086.0206717004,621.860854346295,7.8891623030421,30.6256395604757,0.909437631342807,82.0970219055835,14.9541633406353,93.9958801958531,32.3097264299228,0.0151895261798987,1.17451562263773,10.5521832248766,1361.18668599732,118.122606464571,1494.60050918754,410.483340454102,7.84679562250773,27.2873229980469,17.1584189810188,1965.13936413744,214.626447301872,2168.10454600039,687.511878662109,7.96471152305603,32.7734146118164,0.0168587909838534,1.52188174867964,0.277214297505951,1.74245802345503,0.598944782858045,0.000281577359661901,0.0217727007404381,5.16609634511936,138.728717889536,-45.011446001376,98.8833682332795,230.572119868952,-0.162906159347384,2.28311901542427,0.365716595421617,14.6704635089376,3.60677381429163,14.9156362395048,12.7742943818974,0.00445939054965637,0.451032446499802,3.49818940046232,45.3812011189866,-53.6990629476944,3.43974890000777,142.64841003418,-0.189805889129639,1.09101295471191,6.07662323240357,193.7937976482,-33.0036163628735,159.976234789335,256.223920694987,-0.152127332687377,3.34592056274414,0.00677950793880823,0.27195518352176,0.066860930057839,0.276500097518192,0.236804758818522,8.26663980035913e-05,0.00836105905497764,"SSP2-4.5 , 2090s"
"17","ssp245","Atl_EQU","Atl","EQU","2090s","2",2910,15.4884957650145,1878.28824496669,195.22978248309,2089.0065232148,637.038323698094,7.88066040251771,31.3841619314326,0.701258738725851,66.3712640572552,13.7684571096391,77.6779495434458,29.7731623747587,0.0170519841400309,1.21591073975047,12.9606233729369,1562.42373587768,134.683793642765,1723.71258202004,532.537261962891,7.83975628217061,27.0670738220215,17.1499799501792,1960.23600860003,215.04250654357,2174.88950657219,711.340393066406,7.9250376701355,33.778247833252,0.012999653955735,1.23036394087109,0.255234149744635,1.43996275310674,0.551922973171078,0.000316102860239354,0.0225400668611092,5.19421826223869,139.957241590585,-45.4922523550593,99.6592074977643,234.170212643716,-0.160918572417322,2.13774252882738,0.299197985201627,11.9643736265171,3.34890035867047,11.940530530824,10.2894173849697,0.00407617438724225,0.478794931096943,4.32150383174283,81.432696179226,-53.2151471754456,40.5416043390935,194.343473307292,-0.190638828277588,0.99627685546875,5.88355897964661,180.952982373659,-37.7770543450555,146.950894038411,257.106596069336,-0.147427549362181,3.17049217224121,0.00554641255371908,0.221790771868938,0.0620805751013567,0.221348778099553,0.190741103139424,7.55624900926829e-05,0.00887570888789096,"SSP2-4.5 , 2090s"
"18","ssp245","Atl_EQU","Atl","EQU","2090s","3",2910,15.4874513285745,1878.02731622866,196.990961254991,2090.50572881222,644.052894127735,7.87679684048372,31.8714175602989,0.596403729135194,61.0213726401055,13.2461561589283,72.0269354760101,27.1582474402207,0.0168151971440916,1.2492302199815,13.3869205560223,1592.32107523517,139.846517443597,1756.78910735489,554.197941080729,7.84758769671122,27.3002738952637,16.8810210623496,1961.47761358411,216.376774956859,2176.36621678669,701.265906982422,7.92329661051432,34.0541229248047,0.0110558937358189,1.13118979403612,0.245551943669987,1.33520651504669,0.503448726227017,0.000311713397636688,0.0231577300559742,5.17818154080349,141.596949074598,-45.1238904805504,101.651240134851,235.497850592652,-0.159413966224942,2.07792288308686,0.2736964150468,12.2560532894427,3.53766163702716,12.9781227432439,9.84492870923612,0.00412598351190138,0.411527833501189,4.38805953023969,75.9983662672021,-54.3226347188126,33.0239020671579,200.373912556966,-0.18775405883789,1.0107307434082,5.93184369861041,182.48477765228,-34.6377264809703,152.969858682568,259.271347045898,-0.147676916122436,2.8200569152832,0.00507367464824501,0.227197812772054,0.0655797561644513,0.240583247438405,0.182501349889035,7.64858317191746e-05,0.00762873834326675,"SSP2-4.5 , 2090s"
"19","ssp245","Atl_EQU","Atl","EQU","2090s","4",2910,15.4027633826972,1877.39259524408,197.94529118218,2090.74064980895,640.138682615608,7.87898848839998,31.8359463895703,0.520054956477634,57.9858203797429,12.9045339604687,68.6036694762149,22.0352967607409,0.0137314887982564,1.2210019848441,13.5445107030601,1620.67011419314,148.640013115501,1789.57175272022,528.357858276367,7.85734933217366,26.8825225830078,18.1215035851695,1977.41795939139,217.343116318477,2181.68813303376,679.754010009766,7.93210492134094,34.0263404846191,0.00964057073207755,1.07491794062441,0.239219088022951,1.27174737944059,0.40848151599797,0.000254548845977616,0.0226344463258718,5.13381099061517,141.129906215482,-45.1893737602001,101.074343445897,233.191015538369,-0.158589167843198,2.04759118471261,0.254960373339858,11.5244427618645,3.43711108105312,12.2536878782919,8.91313664034474,0.0036926054890177,0.354692847378625,4.10323295332311,70.2944201101975,-54.1007367863593,25.8480068954902,195.06442565918,-0.178360795974731,1.06941223144531,6.14292164876369,177.185223477824,-35.2892203202425,146.9613788822,253.620504760742,-0.148137474060058,2.87552070617676,0.00472635340254758,0.213635509496988,0.0637157901836577,0.227153963726437,0.165228161284933,6.84520433064346e-05,0.00657515410770378,"SSP2-4.5 , 2090s"
"20","ssp245","Atl_EQU","Atl","EQU","2090s","5",2910,15.3216094273169,1875.39124242154,196.620397921923,2087.33324977078,629.014266148034,7.88486872696431,31.2968823399958,0.576357118146407,58.906127416172,13.1915113427521,69.151261417765,20.260849578057,0.0106389659512652,1.24235771821168,13.1541381629662,1578.58358709961,144.589319651343,1742.68833928733,520.036767578125,7.85827322006226,27.2779293060303,18.2219351518306,1977.88133788924,217.125458136134,2185.51188119234,690.345684814453,7.93372564315796,33.4698638916016,0.0106842776810758,1.09197822429138,0.244538959928699,1.2818984197856,0.375587524003615,0.000197220894622409,0.0230303303675509,5.10788249983357,140.525006321719,-45.382062700333,100.25082612122,228.708660388552,-0.15832636503704,1.97783066255221,0.281948968807361,12.2314048633361,3.27687079486768,12.6822760891152,8.42602455991682,0.00315081590849691,0.439891839202713,4.02714878980908,72.8304936187753,-53.7695243130762,28.3346672643711,183.441833496094,-0.179155604044597,1.0444393157959,6.04343167848182,196.804369171762,-29.8975306255325,171.043018703421,249.019056396484,-0.146694151560466,3.13447189331055,0.00522665718837465,0.22674089010964,0.0607453198634396,0.235098960519395,0.15619827241007,5.84085648089118e-05,0.00815453893377099,"SSP2-4.5 , 2090s"
"21","ssp245","Atl_EQU","Atl","EQU","2090s","6",2910,15.2800427126405,1872.91073274494,193.256921448996,2081.44769690658,614.486894725134,7.89255058471847,30.4174914318138,0.659270396646998,61.873456035769,13.7750372288598,71.7327225099289,20.5344404815539,0.00980929368912581,1.4600092875659,12.3759587895777,1592.88166209407,150.887697518666,1758.26716370562,504.218525187175,7.85982572237651,26.7392463684082,17.3821851758221,1968.31589228485,217.012913924187,2186.02449077343,672.486721191406,7.94938999811808,32.9804191589355,0.0122212908679653,1.14698537514386,0.255356129362331,1.32975251278314,0.380659242720958,0.000181840762142234,0.0270650680874234,5.10501173043628,138.346204159159,-45.1302075448103,98.3210083447855,225.127332180359,-0.160367292957386,2.08789772741138,0.313309255708504,13.7012190015057,3.62334778537517,13.9236382005045,8.95122107853811,0.00412260618904616,0.465275697048903,3.54758646668083,67.7813326772387,-55.980751271801,20.4979728872463,161.464311726888,-0.199286762873331,0.925487518310547,5.92350272406523,217.713617143756,-28.1595222708912,195.05246295336,252.12177734375,-0.142263491948447,3.20920372009277,0.00580800164107714,0.253987716595065,0.0671681717032691,0.258110834725971,0.165934155364254,7.64232242592028e-05,0.00862509473555907,"SSP2-4.5 , 2090s"
"22","ssp245","Atl_EQU","Atl","EQU","2090s","7",2910,15.4084967081639,1878.12057531463,189.38483773849,2082.91390976129,605.886117612076,7.89761940171358,29.4482861608535,0.74844425872342,62.0563597137967,13.5398792464158,70.4479090675901,22.4635419397231,0.0116283491699422,1.61069558376672,11.6487487930008,1512.60682179501,150.958679182295,1675.2142497703,460.083064778646,7.86466261545817,25.3541374206543,17.3262714071596,1979.52501801009,216.785598197272,2183.07124165526,657.995204671224,7.95292008717855,32.3794708251953,0.0138743602485996,1.15037597035542,0.250996864760147,1.30593515518639,0.416420153803889,0.000215561684921552,0.0298584303634377,5.16462795111971,138.503870338741,-44.6153428062472,99.0531554836134,223.352744846632,-0.161900119110596,2.11983022328753,0.32408032079716,15.1202871611521,4.06590631400044,14.5986257071692,9.05407787079483,0.00459179897746596,0.543078608206733,3.57923087726345,62.953466433218,-54.6680650861007,22.515214270685,157.209173583984,-0.184301137924196,0.450569152832031,6.03020397879741,200.895578654029,-33.497534046224,169.207911747801,246.404341634115,-0.143973398208619,3.20021057128906,0.00600767133666145,0.280293834431862,0.0753721446587304,0.27062348309172,0.167840873430633,8.51209324675397e-05,0.0100673739770816,"SSP2-4.5 , 2090s"
"23","ssp245","Atl_EQU","Atl","EQU","2090s","8",2910,15.597263030091,1887.64721440046,187.309682843518,2090.55416027407,604.973255910211,7.8989054172171,28.8362816013956,0.835143607358344,61.7510353137924,13.0464464967368,68.460583074918,25.7712219760079,0.0146221922850874,1.69268656873334,10.6610037937181,1402.74459702183,136.524026233008,1549.92962704856,417.699357096354,7.86030648549398,24.5828227996826,17.3188360713782,1976.58864932584,217.86484173465,2176.29993491841,665.521958414713,7.9736031850179,32.2749786376953,0.0154815580889994,1.144715988775,0.241849805847328,1.26909490097592,0.477736603059297,0.000271060350885217,0.0313783464417635,5.23759640450594,138.843709615308,-44.5185652515785,99.5627407682357,223.629150455688,-0.162630782154037,2.11983331583946,0.34190580001315,15.1789925431928,4.25821470103262,14.2734172646161,10.347220077068,0.00466734657750474,0.576311010674752,3.31640175016909,51.0358777700083,-54.3196337339596,10.3150305553615,143.573187764486,-0.181602382659912,0.576471328735352,6.09338550450409,185.885536646259,-33.1164789439352,153.546565388896,254.687756347656,-0.147605848312378,3.27363395690918,0.00633811293917761,0.281382091318692,0.0789370806034091,0.264594899085259,0.191812626321227,8.6521403653788e-05,0.0106834229592118,"SSP2-4.5 , 2090s"
"24","ssp245","Atl_EQU","Atl","EQU","2090s","9",2910,15.6342048612467,1890.7572574028,187.837489337278,2094.22895160133,607.432945280118,7.89795569894461,28.8928020811484,0.861156973909601,67.0159045399711,12.922020411949,74.0184116082481,27.0967813239047,0.0152276736025468,1.71698858033906,9.71855315207867,1276.8097909058,120.221876034746,1406.75022009262,371.655923461914,7.85768659909566,24.4672946929932,17.2492586389464,1972.70356818513,217.201862129964,2173.07509080557,669.732993164062,8.02286138534546,32.4803123474121,0.0159637834713232,1.24231402824739,0.239543244864934,1.37212370288415,0.50230929195264,0.000282284521321847,0.0318288474107447,5.24299618208871,138.949582779815,-44.4726335213202,99.7199454405834,224.321420230535,-0.16238414226971,2.12821251749715,0.373693770659107,15.4466065962374,4.37598724369483,14.3534808634588,11.4973206906318,0.00522548295618441,0.589030097060386,3.21594396863999,31.5430885433759,-54.5481084232184,-13.0016239460681,134.512756856283,-0.185654306411743,0.582221984863281,6.43848721476787,209.116170772162,-31.4240613018022,178.209808170445,260.768702189128,-0.148467922210694,3.28166580200195,0.00692738562204401,0.286343013573426,0.0811203008836691,0.266079086050682,0.213132731390825,9.68679125559455e-05,0.0109192042942819,"SSP2-4.5 , 2090s"
"25","ssp245","IND_STPS","IND","STPS","1850s","1",15087,8.1602750549485,1655.66771512867,258.967916166267,1922.79590634988,291.618304353464,8.15178450539539,25.6873112918899,0.651190442636174,58.199745907042,21.2736345933282,57.6240034206854,13.1582727511717,0.020361776260265,3.31365264233623,6.74898430886991,1435.75551071469,180.466468194554,1661.47613788308,235.431712341309,8.09387814203898,15.9181518554688,10.979693968645,1821.33286739892,304.9961580592,2047.15931565013,333.982033691406,8.23325729370117,29.9571437835693,0.00530159530186842,0.47382682433363,0.173196954115415,0.469139480262059,0.107126629064011,0.000165773159879482,0.0269777382013096,-2.21476678789634,-81.3441601272056,31.3413191466843,-52.2176077684177,-86.0544788735627,0.0895127954438091,-0.797343474893818,0.328621138941347,8.96531555339979,3.39302655355694,6.86612269592129,6.53613114684004,0.00704730935199844,0.306387479519785,-3.16664338663541,-113.959288227333,21.3602256232213,-76.8389473501643,-108.358613077799,0.0659873644510895,-1.56756782531738,-1.38955758585887,-39.114221719324,40.3841758858534,-12.098608741624,-54.1014923095703,0.111893939971925,0.453100204467773,0.00267543282615326,0.0729901296236128,0.0276239521615685,0.0558997820658836,0.0532131921964391,5.73748932802486e-05,0.00249441993558394,"Historical , 1850s"
"26","ssp245","IND_STPS","IND","STPS","1850s","10",15087,8.12835485482123,1663.61048003778,253.704174296949,1925.44300918955,274.536246966024,8.17507007844399,23.4881914634499,0.712926944207141,62.4536603587083,24.6112869234003,60.6744347445687,22.0097718719123,0.0330188316939167,4.63954444096091,6.09351566291021,1355.18798894287,160.255486799357,1577.56035786728,227.309849039714,8.10186738967895,11.5623264312744,11.5612940189136,1858.53974754974,305.84869908086,2064.97810310348,339.882714233398,8.25478134155273,29.7182579040527,0.00580421623309314,0.508459600546079,0.2003700831324,0.493974231076127,0.179190134730709,0.000268819183329839,0.0377723403178856,-2.24096926659863,-81.6861440516555,31.4808587891963,-52.4462545290579,-82.3293052497426,0.0914515133950007,-0.802016602739779,0.321948458645513,8.74929569231646,3.35474191578817,6.7580011495476,3.78097916556784,0.00739671486483347,0.265679181527682,-3.54576082279925,-109.64651345591,22.2603470945156,-82.09882122567,-97.6353692626953,0.0659726142883308,-1.4987964630127,-1.35238104168524,-49.2013588964526,44.4416869461328,-17.0611844360262,-50.8816787719727,0.11310739517212,0.191819190979004,0.00262110793409242,0.0712314277053332,0.027312261997771,0.0550195223987347,0.0307824256441618,6.02195397983917e-05,0.00216299780888885,"Historical , 1850s"
"27","ssp245","IND_STPS","IND","STPS","1850s","11",15087,8.13558688891995,1660.82614446696,255.884222896314,1924.8459542522,280.555962583377,8.1667583542111,24.2922352299654,0.677511777113463,60.5732447012997,24.084682158393,59.1425338952882,19.7320383364837,0.0298096191281504,4.39109948199469,6.55971744160283,1405.18990970714,161.38322986379,1635.77715258453,229.178077189128,8.09112882614136,12.5036096572876,11.5717569907638,1839.21739884799,307.030665932855,2054.22226735317,335.894770507812,8.25203142166138,29.7550106048584,0.00551588754890876,0.493150403478445,0.196082788409827,0.481502428952319,0.160646217898251,0.000242691732514549,0.0357496530347368,-2.24699694594117,-82.4319209496065,31.7471546643903,-52.9317632311573,-83.8246965750575,0.0908915685059443,-0.759716343762612,0.323914249182771,9.20067221284133,3.48935732103941,7.10495262380166,4.5075553437177,0.00738914217396322,0.303235138191435,-3.41952658613933,-114.897076948887,19.1019880887559,-77.2449923008869,-99.3560780843098,0.0659253756205249,-1.49021911621094,-1.35600205114471,-36.5279650762423,45.251818989809,-1.65051601287087,-52.9635482788086,0.111847991943359,0.387178421020508,0.00263711220134578,0.074906259957018,0.0284082185003725,0.0578441896319258,0.0366977656128121,6.01578875693177e-05,0.00246875549568735,"Historical , 1850s"
"28","ssp245","IND_STPS","IND","STPS","1850s","12",15087,8.15020556271053,1658.19897035674,257.679139578211,1924.02831549766,286.733359208435,8.15834205007288,25.072603200704,0.656231085598686,59.0177767430599,22.7435376889209,57.9707634211027,16.0421644397794,0.0246694550534844,3.86192758083093,6.6892938581624,1417.75069669764,171.171748763338,1644.03581483349,234.31612294515,8.0884667078654,14.3438081741333,11.0854743734617,1823.46318184097,305.962863348019,2046.53560379338,339.218206787109,8.24417241414388,30.2255859375,0.00534263314164424,0.480486732331449,0.18516400835265,0.471962588632088,0.130605515771141,0.000200843652559992,0.0314414582557511,-2.26259422273473,-82.8702983598093,31.8190707393811,-53.313821843163,-86.5950755932964,0.0915315306853971,-0.815691298735719,0.333209946316625,9.00017636820294,3.50030858142529,6.89234852176584,5.85105221610981,0.00745452382914927,0.306314640986014,-3.26172546410205,-114.48980097781,18.3249180600018,-77.2155154374143,-108.983388264974,0.0684079806009912,-1.66093826293945,-1.50506062014522,-45.6361005120032,40.1787523996434,-18.0672056028513,-60.7164581298828,0.113890902201335,0.0281620025634766,0.00271279209623632,0.0732739451096503,0.0284973769812253,0.0561132967399047,0.047635697499396,6.06901851174198e-05,0.00249382692867973,"Historical , 1850s"
"29","ssp245","IND_STPS","IND","STPS","1850s","2",15087,8.144579246353,1652.68053610002,259.777287702353,1920.60240304872,293.593891229569,8.14893508652608,26.0366058004065,0.628978059909154,58.2589457501485,20.3282546955836,58.0701210805759,11.7332996642871,0.0188799297649484,3.13240350197932,6.7603926059327,1450.12656042285,185.069685625547,1674.95420045057,235.195572916667,8.10044857660929,16.3667335510254,10.9625623430763,1820.66238431319,305.001031701623,2046.10928289217,328.900537109375,8.22796827952067,30.0413932800293,0.00512075563316544,0.474308793339217,0.165500247750878,0.472771498078816,0.0955253675465155,0.000153708869768194,0.0255021182780597,-2.2103879476611,-81.3288381354152,31.4174945203491,-52.1217315627272,-86.6880961019955,0.089487237916598,-0.802095686384964,0.322183656513007,9.01570802178888,3.34316368301983,6.99293160919088,6.9195270502666,0.00712057391759823,0.304584784410415,-3.15163679116006,-109.124472560582,20.5447689304549,-72.8656862821422,-110.87986328125,0.0629367510477685,-1.59737205505371,-1.29627897224437,-33.4746584742959,39.5215246031883,-7.61775289560137,-50.8401392618815,0.112136402130128,0.0151634216308594,0.00262302277163866,0.0734003943575049,0.0272179990902871,0.0569321828734009,0.0563345677377222,5.79713686756872e-05,0.00247974349180222,"Historical , 1850s"
"30","ssp245","IND_STPS","IND","STPS","1850s","3",15087,8.12291685973676,1649.72724741986,260.389021378872,1918.23918565847,294.547434181357,8.14739993828006,26.2834669778999,0.588641660859134,58.5538331586549,19.9707736419183,58.4797451240313,11.7070545004546,0.0199586292527695,3.30876173431105,6.84015107690921,1462.76319104257,187.083392266857,1688.54845439809,243.071177164714,8.10210472742717,16.21826171875,10.91747282943,1820.59015036039,305.760437362075,2044.380002223,325.75835144043,8.22789974212646,30.4186496734619,0.00479236128076651,0.47670958671264,0.162589855106068,0.476106407134797,0.0953116954343946,0.000162490982898738,0.0269379194120424,-2.20682311389345,-81.5979887039189,31.3904311353889,-52.4143806824234,-87.1358515433372,0.089611300749588,-0.815232102941931,0.305141303937733,9.04831931813818,3.29843500645832,7.24410719228664,6.08085494027212,0.00699176103541754,0.287944175758618,-3.13489917469617,-110.922209630107,21.7440352348728,-76.0069911906055,-110.03283589681,0.0619264284769692,-1.65511322021484,-1.27641305337471,-33.8615949398168,39.1965918720277,-9.46501151606662,-51.3867095947265,0.110742362340293,0.0319766998291016,0.00248427433426895,0.0736658956366904,0.026853845494056,0.0589771012322972,0.049506611080135,5.69226527758888e-05,0.00234426580835918,"Historical , 1850s"
"31","ssp245","IND_STPS","IND","STPS","1850s","4",15087,8.09891610448225,1649.21234948176,260.441096403562,1917.7523619898,292.782074289574,8.1497388989712,26.1597071647101,0.558564763767549,58.5056328091001,20.341400422662,57.9957922705142,14.9349835272301,0.0241815004983673,3.72803924488629,6.96912738994196,1465.65420595651,185.159929714299,1699.6518648275,243.907278442383,8.10122467676798,15.6722412109375,10.8829059870266,1821.17300693788,307.526823629872,2042.94630709148,331.673016967773,8.23030093510946,30.6852874755859,0.00454749353413618,0.476317168872917,0.165607272240728,0.472166358254249,0.121591524256574,0.000196871024266399,0.0303514211078691,-2.19589061741265,-81.5959681800384,31.2881513698433,-52.5037074276077,-86.4291005519461,0.0895098671987583,-0.818543159729276,0.290874063668662,9.08591356810845,3.35229023535736,7.32289123516856,4.84483581390814,0.00681349295247774,0.292081646764602,-3.14151252070097,-113.680724097287,21.8960304954006,-77.8820451468728,-104.958235677083,0.0632091522216793,-1.882568359375,-1.3391095045635,-37.825058109725,39.1536609771762,-12.2465031376737,-55.6646189371745,0.109047285715743,0.284568786621094,0.0023681191682396,0.0739719650842283,0.0272923019114388,0.059618512844412,0.0394436974310599,5.54713028034281e-05,0.00237795057307738,"Historical , 1850s"
"32","ssp245","IND_STPS","IND","STPS","1850s","5",15087,8.07331650846628,1652.10067272883,259.295159787371,1919.46914902467,286.785567916778,8.15790188620375,25.4445029637448,0.565787661283036,58.4342937827864,21.2615484898639,57.2511474918629,18.6426637544992,0.0283081342008969,4.11258860318221,7.23068556616062,1462.79671837411,179.564969151254,1699.64797749834,241.681278991699,8.09224551518758,14.7246723175049,10.9199627880945,1823.89452525823,309.936849415254,2045.19067277711,340.76767171224,8.23362531661987,30.6370639801025,0.0046062979591197,0.475736370043601,0.17309855643457,0.466103914763714,0.151777194663753,0.000230467558271561,0.0334821873749921,-2.18416847120053,-81.183386864336,31.1503106667554,-52.2172446687811,-84.6529148512818,0.0896966987862017,-0.834652193352949,0.289041256789039,9.01125276123616,3.36762673136473,7.10831804612164,4.1686734374441,0.00693867771323504,0.282830670500016,-3.18975548553823,-110.320460479011,21.5265475675821,-75.0762147098653,-99.5796813964843,0.0664173762003557,-1.75486373901367,-1.44748961719575,-43.7816356174201,40.4398426580975,-17.5464632725329,-61.824604288737,0.107098960876465,0.157449722290039,0.00235319757279526,0.073364122344176,0.0274171623053516,0.0578715888472585,0.0339387958789885,5.64904807520627e-05,0.00230263476822085,"Historical , 1850s"
"33","ssp245","IND_STPS","IND","STPS","1850s","6",15087,8.06947381663015,1657.39151804556,257.024287359281,1922.48527922147,279.410689175442,8.16810399476781,24.4301880560496,0.606558376731993,59.077762619299,22.2861925677586,57.2359891103235,20.2050943664146,0.0303336604337962,4.32999484874217,7.16977737682651,1465.3878190957,173.306769328,1702.74363800487,237.357145996094,8.0933936436971,13.6056003570557,11.0326560954556,1833.30373888153,311.13198587091,2053.87185723805,333.982624308268,8.24114456176758,30.7256469726562,0.00493822825066848,0.480975100739254,0.181440583395934,0.465980504469134,0.164497551489158,0.000246958157114931,0.035252176389867,-2.18704630370177,-80.9524245331355,31.058186689355,-52.0812841474823,-82.7788104951073,0.0901968684352721,-0.84199752373282,0.295848466090133,8.73882191630019,3.39331911499107,6.74129411783701,3.63773276226744,0.00688856185320737,0.273808928920478,-3.26740722066285,-108.477059856111,20.0933275071025,-76.2603836352857,-95.4552722167969,0.0677481015523274,-1.68199157714844,-1.52515777190927,-48.6136960667698,40.1497354766099,-20.6620326965965,-65.0201121012369,0.106627877553306,0.24578857421875,0.00240861771794268,0.0711461566109112,0.0276263340182775,0.0548835039392707,0.0296162008210938,5.60824679946945e-05,0.00222918525231714,"Historical , 1850s"
"34","ssp245","IND_STPS","IND","STPS","1850s","7",15087,8.09377057965854,1662.23283656268,254.293086043011,1924.61969318535,273.917355150072,8.17578329066031,23.5531030619184,0.667557054629062,61.197374141791,23.1712515381646,58.8132178377756,20.9897209824895,0.0315843378676188,4.47664260744734,7.08390444198699,1461.1919844428,167.997317410903,1698.29282114805,232.635493469238,8.10823262532552,12.2340145111084,11.1826324201204,1853.68180483373,307.831946195074,2063.65966542361,329.117698364258,8.25020971298218,30.256160736084,0.0054348422716761,0.498231684610384,0.188646193571024,0.478821338523119,0.170885502707644,0.000257140409760509,0.0364460929735218,-2.20024468255363,-80.9584146767576,31.0501351305638,-52.1085242287474,-81.1383545622541,0.0903485143582088,-0.805386789195573,0.308669929816603,8.36998605177707,3.35627018014119,6.36578073857339,3.43954628561651,0.00699713120042487,0.266650378208409,-3.58073826108396,-109.88635749452,21.0744467714152,-73.8802573137245,-92.744266764323,0.0697888692220037,-1.5090446472168,-1.55721668012076,-50.473713800912,43.635009954565,-18.4451230018669,-65.7920115152995,0.107004928588868,0.492816925048828,0.00251300225341,0.0681433200235063,0.0273247041937608,0.0518263031007058,0.0280026874389672,5.69663733831169e-05,0.00217090469974998,"Historical , 1850s"
"35","ssp245","IND_STPS","IND","STPS","1850s","8",15087,8.12671992986194,1665.43705864408,252.432526279606,1925.99630485355,271.444728397027,8.17936227566386,23.0617354161802,0.721207427780554,62.7137270697024,24.0412276102523,59.9586202675923,21.8905580110294,0.0328036872701256,4.60036006377704,6.61115620516932,1401.00035549201,163.760283262989,1631.11655964041,229.737901306152,8.11072196960449,11.4752216339111,11.3343097490598,1868.03140466704,304.272755942181,2071.27199737308,323.717891235352,8.25491991043091,29.8431434631348,0.005871630878542,0.510576905043973,0.19572900798987,0.48814650631287,0.17821956820609,0.000267067608687901,0.0374533250246886,-2.21834674810799,-81.0234188963895,31.1280458780597,-52.1137197664378,-80.5017114961597,0.0905777024766677,-0.778729201743534,0.322012445950303,8.31677412770552,3.30438467576857,6.26377895789524,3.47276958811168,0.00714143232425194,0.26830388294831,-3.87919490754299,-108.072517213829,21.8932879989801,-74.3603503763109,-92.5252868652344,0.0655402183532718,-1.59126281738281,-1.55017839260421,-51.7910613184818,41.998029347464,-22.3618868266394,-61.9900634765625,0.109256076812743,0.454421997070312,0.00262162887969027,0.0677101010015577,0.026902284071771,0.0509958668322675,0.0282731712988161,5.81411850972429e-05,0.00218436652656241,"Historical , 1850s"
"36","ssp245","IND_STPS","IND","STPS","1850s","9",15087,8.13541260854914,1665.71087616723,252.232914493676,1926.07920326945,271.457670103842,8.17937314437167,23.0269262662953,0.740281271866169,63.2134504627415,24.5990107977638,60.7587925621538,22.3952680065256,0.0335202683301335,4.65821407764032,6.22586577529989,1349.20997812383,161.205945377301,1570.14247752335,228.253266906738,8.09917850494385,11.4049549102783,11.4800003950299,1870.20476467677,304.55164795887,2072.48803012758,328.046129150391,8.25378475189209,29.707103729248,0.00602691848040468,0.514645348035925,0.200270138406959,0.494661020961395,0.182328609072993,0.00027290157450252,0.0379243371096481,-2.23285591499597,-81.3921850486564,31.2526918114993,-52.372349152153,-80.9821989921595,0.0910756248311915,-0.78442080365305,0.32194509451131,8.53432817821076,3.33829963707483,6.4260537845598,3.53092122014637,0.00715638016399794,0.274086526043744,-3.77787817166699,-110.621055383837,20.8789940926552,-74.141879740411,-97.1874291992187,0.0637902259826664,-1.6342887878418,-1.54068854853091,-47.7345607999487,42.8089310187127,-21.1364661319476,-61.662109375,0.110612201690673,0.362506866455078,0.00262108054536415,0.0694812933541233,0.0271783989956886,0.0523170094693946,0.0287466064093546,5.82628812889893e-05,0.00223144527873669,"Historical , 1850s"
"37","ssp245","IND_STPS","IND","STPS","2090s","1",15087,15.9708305064321,1865.66924812544,176.84269517691,2058.48277380878,609.035992552669,7.89065048628525,28.4685422500008,1.58156385374419,70.4650125653515,18.2149712730295,69.2055548974911,24.120382175057,0.0166837987106342,3.39541557876421,12.990652320584,1619.60632762411,118.716024053065,1776.84343820029,483.492713419596,7.83615565299988,18.8090496063232,20.8676738102295,2044.23256521154,224.250064187713,2218.47532911735,680.204020182292,7.96454706192017,33.1551895141602,0.0128761280074557,0.57368314259994,0.148295183408758,0.563429406645524,0.19637343616543,0.000135829310552451,0.0276434021472956,5.59578866358723,128.657372869569,-50.7839018426732,83.4692596904829,231.363209325642,-0.171621223666331,1.98388748321711,0.703900800738452,15.6979073598115,3.84813976021509,14.2074788390243,14.0331631080062,0.00923972885156763,0.523471255491206,4.16536440199626,68.2977103833009,-61.4006527018554,23.573184440027,175.926601155599,-0.201196257273358,-0.0820369720458984,7.88560724257546,166.73355390859,-33.6838784590952,117.407792484585,274.919752807617,-0.143254671096803,3.30008888244629,0.00573073087969349,0.127802784652416,0.0313292062320512,0.115668624925519,0.11424945259113,7.52242352816249e-05,0.00426178359980306,"SSP2-4.5 , 2090s"
"38","ssp245","IND_STPS","IND","STPS","2090s","10",15087,16.0224424415435,1873.3228538068,171.30762470112,2060.65292094946,575.766948639635,7.91080494290348,26.101431130911,1.65965702394603,72.2390408625497,21.4473571323801,70.6161009534242,27.1450176242971,0.0216437097885831,4.80321479138746,12.0180268182554,1511.6382476973,99.5870288902994,1669.30421095683,469.057730102539,7.75654670397441,13.9249420166016,22.8964009493319,2065.5334677934,225.393967655006,2217.72407096721,833.377834065755,7.96418399810791,32.6424903869629,0.0135119149557009,0.588126198686165,0.174611297042712,0.57491321207874,0.220998172705851,0.00017620988057754,0.0391048444580935,5.6531183201236,128.02622971736,-50.9156908066327,82.763657230851,218.901396423869,-0.172813622145509,1.8112230647213,0.777788631185208,17.8674464689614,4.51329114871284,15.5446784045211,9.91422055611347,0.0101209780920099,0.597311359506448,4.06263885385984,57.7752888462469,-82.8410561094565,12.0329639490999,167.417678833008,-0.281948630015056,-0.760385513305664,12.1234846233008,245.230240953246,-33.6061907308598,174.512669467091,454.694701131185,-0.138743181228635,3.19829368591309,0.00633228051727107,0.145465848474001,0.036744463037749,0.126555287981259,0.0807155352421916,8.23988289596132e-05,0.00486294467789247,"SSP2-4.5 , 2090s"
"39","ssp245","IND_STPS","IND","STPS","2090s","11",15087,16.0230998701921,1871.28378578114,173.173556430945,2060.48044208228,587.519708846891,7.90348840961114,26.9092907006303,1.62642263444293,71.5491212955819,20.9510394696365,69.7830181772392,22.5471548681214,0.0187247322769517,4.49465139706371,12.6171765711061,1566.39180863105,102.501918757117,1729.45492380057,489.981768798828,7.80037500063578,14.8475799560547,22.4043240551483,2053.4117285542,226.614157316806,2221.0626359861,742.987333170573,7.95694737434387,32.7082366943359,0.0132413408321974,0.582509294482079,0.170570581429037,0.568130760367057,0.183565179236081,0.000152445346504716,0.0365927095516705,5.64051603533098,128.025720364571,-50.9635118009788,82.7027245989235,223.139049688457,-0.172378376094017,1.85733912690227,0.77057411569412,17.9891257213314,4.25888662107553,16.2476047685253,10.2732829686579,0.0108014730006064,0.553097178211725,4.02510531149836,50.1731069892037,-69.9893856998464,1.99017290550296,178.885240681966,-0.247773424784343,-0.443471908569336,9.77153564873369,243.047227051414,-32.7297581001704,182.829377000301,377.699278767904,-0.14168384552002,3.05836868286133,0.00627354433361645,0.146456486712007,0.0346732565823287,0.132278085591552,0.0836388023462306,8.79390033450907e-05,0.00450297978823725,"SSP2-4.5 , 2090s"
"40","ssp245","IND_STPS","IND","STPS","2090s","12",15087,16.0213819175019,1868.84537391113,175.1605271345,2060.02728296313,600.709604395263,7.89556570652854,27.7988567949904,1.6190639923381,71.1499725058622,19.7640787882794,69.4440771213091,22.0997159263298,0.0168162521409253,3.94544174816936,12.7979830548313,1588.45923854775,110.62196518385,1747.43162293665,487.764593505859,7.83914957046509,16.5664291381836,21.4847689208594,2049.99573474233,225.648552226834,2220.79695190158,685.631981201172,7.94954605102539,33.4127197265625,0.0131814312575833,0.579259668551211,0.160907071709345,0.565371309072817,0.179922404348181,0.000136907665573917,0.0321213796554087,5.60858213205661,127.776105194586,-50.6995417043301,82.6851456223122,227.381169593532,-0.171244812858949,1.91056229555071,0.750517780454179,17.1983132021174,3.96191857467822,15.7953053940211,12.8714897307115,0.01050687324516,0.536773579146875,4.0760033237182,60.4792781191381,-60.6928779970281,13.6218250549623,173.846613566081,-0.200533103942872,-0.103097915649414,8.20512171929562,178.889273470491,-32.6979973956103,131.236917021541,283.735977172852,-0.143143701553345,3.32245635986328,0.0061102578881792,0.140018173644095,0.0322555239245651,0.128595740025787,0.104791816673688,8.55405518673884e-05,0.00437008300344807,"SSP2-4.5 , 2090s"
"41","ssp245","IND_STPS","IND","STPS","2090s","2",15087,15.8906754604264,1862.08870176777,177.94356694296,2055.92294417115,611.933075716483,7.8887414095992,28.8617179638612,1.4768815854002,70.0987931565761,16.9558001792652,69.4475773628888,22.5091850962405,0.0155792498275099,3.18065132107946,13.238145895471,1642.47152948173,123.440938832386,1807.39061475149,492.980836995443,7.83927060763041,19.5951690673828,20.0613661477699,2038.52236002559,224.249126002219,2214.23508283256,678.626457519531,7.95977425575256,33.2498741149902,0.0120238688437697,0.570701607598971,0.138043780565797,0.56539980590431,0.183256052518247,0.000126836747415698,0.0258949225858612,5.53570826641234,128.079327532337,-50.416226239044,83.1988095597058,231.651088384918,-0.170706439010278,2.02301647706971,0.62205284066919,14.4088201641079,3.79817082885095,12.9288173972611,12.554668515059,0.00790687027553368,0.493479970371015,4.20286645030985,66.834661166745,-62.3022098522237,18.44899394257,178.420751953125,-0.201290353139242,0.0228424072265625,7.59928779233901,169.069580947063,-32.9177416131809,115.281189262208,266.561991373698,-0.143979148864748,3.39785575866699,0.00506437472309193,0.117307823158856,0.0309223896782223,0.105258543559937,0.102212451623986,6.4372913913715e-05,0.00401761285361316,"SSP2-4.5 , 2090s"
"42","ssp245","IND_STPS","IND","STPS","2090s","3",15087,15.8025449520086,1858.76196468429,178.726661973801,2053.2911716101,611.457833053396,7.88872453798578,29.0735721517329,1.35585112093659,69.9382458992862,16.5082073004327,69.4606622338984,16.9974801145835,0.0141442388425465,3.35266454410057,13.3538105222081,1648.04936658448,124.722273786039,1819.01041891201,517.475845336914,7.84873379071554,19.5658855438232,19.9252896017873,2035.49064008414,224.946390659798,2212.50408039486,663.320948486328,7.94844303131103,33.3047714233398,0.0110385126410809,0.569394529777726,0.134399752416425,0.565506334941176,0.138383113170819,0.000115153763456023,0.0272953493048656,5.47280497837836,127.436728560511,-50.2719282696818,82.6376052692073,229.774547328702,-0.169064099544694,1.97487307089114,0.560027375552332,14.0212170387718,3.74221698160826,12.5611231590395,10.0172117620299,0.00774968487844314,0.509936941776695,4.26850167805682,55.0594692734824,-62.4328453778027,4.50061344670962,183.93149210612,-0.199984916051229,-0.0187530517578125,7.51610117897257,168.328890898989,-32.7974591957429,114.352341942071,266.131586303711,-0.143539409637452,3.36452102661133,0.00455940122696913,0.114152194983552,0.0304668475906229,0.102265001397388,0.0815540268072855,6.30932063071906e-05,0.00415159547463281,"SSP2-4.5 , 2090s"
"43","ssp245","IND_STPS","IND","STPS","2090s","4",15087,15.7178804457581,1857.2769118497,178.964885591207,2051.95967788666,606.138441035075,7.89185681201777,28.9489246047767,1.28192264177282,70.0324999194703,16.8729560449871,69.1179836255378,17.4074971648679,0.0157316080182299,3.80132885806032,13.6855021681875,1641.25573632695,122.725330449841,1812.84789003807,542.915063476563,7.84075326919556,18.8953437805176,19.8592438294805,2034.33742433812,226.159669849444,2209.93591867411,672.520909423828,7.93973579406738,33.5983352661133,0.0104366320664486,0.570161888507021,0.137369314166539,0.562716454775275,0.141721221848634,0.000128077154852964,0.0309481004253761,5.42307372386322,126.468594187901,-50.1880594425115,81.7036084692525,226.927266193554,-0.168372219754669,1.97067428033732,0.537115297361952,14.3508666350603,3.73939727226979,12.9729679102891,8.29698917125526,0.00781221446507391,0.493833408742577,4.39595680323898,71.7102261175248,-61.9441340616889,24.5493585899681,193.254729207357,-0.197031323115031,-0.0654163360595703,7.42629611206424,166.924063173899,-32.8604310824352,116.399796268704,267.983146362305,-0.147500791549684,3.18866920471191,0.00437286506467777,0.116836000881978,0.0304438912374538,0.105617990101407,0.0675490239566616,6.36022840531222e-05,0.00402049033320667,"SSP2-4.5 , 2090s"
"44","ssp245","IND_STPS","IND","STPS","2090s","5",15087,15.6675753784381,1859.17290491008,178.034319726013,2052.87480001453,594.568834585283,7.89908448344415,28.2806256571047,1.29509741599916,70.0091532304868,17.9092778071919,68.5831684868444,23.4552976380434,0.0185422067866754,4.24457231904089,13.818271732109,1647.17596774742,117.273951859408,1818.54929306187,530.193712158203,7.84248501459757,17.4722232818604,20.1331498851991,2037.02863076108,228.20274394613,2209.04511416139,673.078440348307,7.94953150749207,33.8254661560059,0.0105438930404561,0.569971814008802,0.145806413709166,0.558362316199181,0.190958723623731,0.000150959335319105,0.0345567182681159,5.41009039877133,125.888845316914,-50.1105293946021,81.1884063210836,223.130351817223,-0.169120703973391,2.00147050000694,0.554334844822482,14.8088656392634,3.77953235989517,13.2125537214147,8.16883676571822,0.00740623151539482,0.465879133979813,4.46174909563055,75.7413522477725,-62.0912321575892,29.5111366694741,193.517004394531,-0.194623184204103,-0.123180389404297,7.58173852546071,169.937797822182,-33.1068740347534,121.890155019298,270.714525756836,-0.149118223190308,3.02258110046387,0.00451305611469915,0.120564749355488,0.0307706466350506,0.107568551607678,0.0665056852547484,6.02970185612884e-05,0.00379290368259576,"SSP2-4.5 , 2090s"
"45","ssp245","IND_STPS","IND","STPS","2090s","6",15087,15.6875217152487,1863.93134810017,175.969917443495,2055.58878725892,580.817220380372,7.90782667529118,27.2687546037652,1.38936279042383,70.095823003487,19.1552425777967,68.2139819274526,25.7538370701922,0.0197203034355058,4.52337316696254,13.8072341041098,1657.90518006101,111.280346091582,1832.62695707709,520.212702636719,7.84850176175435,15.8232192993164,20.8977866920753,2049.60715124338,230.374450879871,2211.69600780113,669.328489176432,7.95847749710083,33.7801742553711,0.0113113442090506,0.570677426424567,0.155950298725953,0.55535662446811,0.209672029373902,0.000160550679493787,0.0368265446794414,5.4310015949168,125.587405521478,-49.9961832264316,81.0222238899631,218.627720709823,-0.170080451041355,1.99656902398279,0.606563873317784,15.4286895255927,3.96808331313016,13.4802783230018,7.49138305810022,0.00750116641575171,0.513879738053521,4.45617921272037,80.4901176570445,-61.9481554206515,34.25536646609,191.411489257812,-0.193648989995321,-0.193275451660156,7.94264854739421,170.899764293379,-33.1519607044081,116.197585822874,250.846369018555,-0.146940212249756,3.06234741210938,0.0049382730005166,0.125610977292198,0.0323057134640211,0.109748201978809,0.0609902704722443,6.10699206015547e-05,0.0041836953164745,"SSP2-4.5 , 2090s"
"46","ssp245","IND_STPS","IND","STPS","2090s","7",15087,15.7981739730223,1869.29424267037,173.216130349143,2058.30854699253,571.115078418487,7.91395723812678,26.3132841914472,1.52642458341968,71.120024702355,20.0704607901141,68.9614597880702,26.6947598333936,0.0205299226765899,4.66872177261607,13.7188084885912,1651.16243240806,106.035975464482,1821.24271122176,506.978012695313,7.85412797927856,14.3171291351318,21.6934483819791,2062.07588957794,228.256412206023,2215.95811439747,647.453350830078,7.96572971343994,32.8836517333984,0.0124272177081622,0.579015851805786,0.163401447048959,0.561442133183592,0.217332448468223,0.000167142105417449,0.0380098843515446,5.50415871081012,126.102991430928,-50.0268205633047,81.5803295784336,216.059368706161,-0.171477538175328,1.95479434033316,0.670612388495506,15.6125729842375,4.16862642489478,13.2328775441533,7.06688484384221,0.00794221632995778,0.522474563399703,4.41979783661708,85.5453583725366,-59.4065300854715,39.6881926327749,189.892887573242,-0.198048798243204,-0.269308090209961,8.35346506250603,165.299913505788,-33.4346221860431,114.779681964313,246.794178263346,-0.14817395210266,2.99085998535156,0.00545971693600073,0.127108044227788,0.0339384131314937,0.107734015773139,0.0575342649921099,6.46606799247083e-05,0.00425366914086178,"SSP2-4.5 , 2090s"
"47","ssp245","IND_STPS","IND","STPS","2090s","8",15087,15.9245142213037,1872.91634396488,171.114937126946,2059.95579531313,567.570953597986,7.91613470698837,25.7568768836125,1.62675054515252,71.8233782403806,20.7473864618716,69.7550643674647,28.6490135411533,0.0219739447546036,4.78489197135123,12.9103212448953,1577.23213638665,102.061442491439,1743.85428510558,495.863782958984,7.8419207572937,13.5738353729248,22.3769768775081,2070.16548728086,224.756078191974,2218.30571726266,664.264768473307,7.96862115859985,32.7015914916992,0.0132440104811412,0.584742127206349,0.168912562885635,0.567903177502097,0.233242789894266,0.000178898452199199,0.0389556712358517,5.57944754333374,126.455866424412,-50.1895432746012,81.8457706931446,215.6245137048,-0.172649866198829,1.91641226568876,0.705551693863111,15.6532697626608,4.3306174854455,13.1563896344331,7.9943185073354,0.00816486585701393,0.514201422709858,4.32808667187427,82.9418048688583,-60.9009512286042,39.9966873377882,180.55725402832,-0.200776274998983,-0.229680061340332,8.48079262856924,164.923623576412,-33.5377482148568,114.292160627667,280.413873291016,-0.146620283126832,2.95833396911621,0.00574417144432793,0.127439372569181,0.0352572455180436,0.107111297876389,0.0650848640661157,6.64733565386734e-05,0.00418631427669114,"SSP2-4.5 , 2090s"
"48","ssp245","IND_STPS","IND","STPS","2090s","9",15087,16.0102185630871,1874.35691499651,170.385953609481,2060.75308716908,569.306388256744,7.91495121378518,25.6757216742858,1.67858852085375,72.1819389878302,21.3024511610424,70.3617348903586,29.4701099437903,0.0227547623899135,4.85430722689393,12.2431127364083,1512.20561124879,99.839213385171,1670.55811637557,485.390985107422,7.78091778755188,13.4548110961914,22.8044554505156,2071.47783399296,224.085095879994,2218.84247041904,780.813098144531,7.96563596725464,32.6570205688477,0.0136660436536851,0.587661310059244,0.173431561029163,0.572842318778397,0.239927655865238,0.000185255393020101,0.0395208078972152,5.64195003954197,127.253853780623,-50.594269072696,82.3015347474694,216.866519160743,-0.1733463057553,1.86437460433737,0.75686636948534,16.5437972675789,4.5071370121397,13.9845955655025,9.46180104287862,0.0089769948994223,0.549956542311947,4.11290983348329,69.0966527888077,-76.1645897350233,19.7829704996893,173.434475708008,-0.259304857254028,-0.419281005859375,10.5504786676278,220.02316904145,-32.9229631827376,154.409057974055,403.804639689127,-0.142375144958496,3.1345329284668,0.00616194422688658,0.134689504215994,0.0366943598123221,0.113854045290436,0.0770322115801772,7.30852157335244e-05,0.00447741064679878,"SSP2-4.5 , 2090s"
"49","ssp245","NA_SPSS","NA","SPSS","1850s","1",7616,13.1683199006645,1845.45896361455,148.342060146305,2006.96934366152,251.108386373656,8.20489483732934,4.98889514999217,1.21201446458976,126.26847664124,25.8561189554923,143.520393624152,27.5416748480562,0.0457421953356563,4.11784369369298,8.32711094238552,502.515898975887,3.91143661276606,526.882639787489,187.699361877441,7.72518215179443,-1.88651347160339,23.2108537016301,1980.30016144452,244.539778434509,2137.63476612977,337.340091959635,8.30963983535767,16.4197731018066,0.0138881479758236,1.44687653448833,0.29627831731853,1.64456161410197,0.315592649235661,0.000524147521437088,0.0471852640625681,-3.75771315865757,-65.467614218824,22.6558936649165,-46.5694337125651,-79.6209859737032,0.10294724061922,-0.7544772718641,0.710427814587026,9.72934913391408,4.35952549436799,8.31924048703859,7.50427760796373,0.0132122167370694,0.664815991856367,-7.25473432466195,-107.174576980893,0.800365435703768,-98.6946916486329,-123.895797220866,0.0574346542358395,-4.81968992948532,-1.84867544539098,80.3771558394728,58.4105429480371,86.8582421383298,-49.5688995361328,0.203700923919677,4.0683296918869,0.00814060137348704,0.111485996601522,0.0499546308555413,0.0953279406360565,0.0859895000562852,0.000151395240316031,0.00761794775668814,"Historical , 1850s"
"50","ssp245","NA_SPSS","NA","SPSS","1850s","10",7616,12.1469796670903,1809.73759524328,161.145910926233,1983.0304858366,256.28020476391,8.19740296986064,8.02770271335305,1.23401825311051,117.045773916738,32.2869037366044,136.970006898935,24.2897047234681,0.0476400193720527,4.56930745687928,7.51413680315774,504.702150122845,5.84269675933454,526.127691247761,183.322051086426,7.76879816055298,-1.75773906707764,20.2350323103271,1941.00858265998,279.39279449687,2124.33532433584,377.095327758789,8.31010882059733,22.911205291748,0.0141402834741473,1.34119606291222,0.369966951612997,1.56950249327747,0.278329197665778,0.000545894176959444,0.052358465977263,-3.44540325212966,-68.4515606302981,23.3134243975527,-48.5835394848751,-82.5133406811683,0.102766370133087,-0.923419324238666,0.68500078762793,9.90912150680304,4.68746503506443,8.61755453122216,7.73188377435437,0.0129468752713775,0.569798445810122,-5.95920189356966,-112.519665741693,1.26572004435198,-89.8304533242413,-110.890005493164,0.0692620277404785,-3.24093580245972,-1.93743356663024,31.7620483907376,60.9453733771887,46.1943471832965,-54.0893966674805,0.157714891433715,2.25904226303101,0.0078492399060208,0.113545959901953,0.0537124019064481,0.0987462410853751,0.0885975779393433,0.000148354763781043,0.00652916723603937,"Historical , 1850s"
"51","ssp245","NA_SPSS","NA","SPSS","1850s","11",7616,12.5702649836722,1824.48648955443,155.482345161453,1992.53909969955,254.124632268305,8.20017845167233,6.74751180671838,1.22424097910258,121.600976757551,29.5597634856974,140.07330348354,24.2971944926559,0.0464417310365161,4.37391195394124,8.00443455298979,503.554880803474,4.4490490099379,526.850130394195,185.657212524414,7.70303177833557,-1.83815836906433,21.1430098500029,1954.12475213677,275.973679843263,2128.56087694787,364.168389892578,8.30479154586792,20.3845634460449,0.014028248319296,1.39339290788512,0.338717384498103,1.60506233471422,0.278415020917748,0.000532163313007034,0.0501194814288958,-3.61640419381204,-67.9795901127754,23.3459278448463,-48.2500664617411,-82.1358329395736,0.103775007170843,-0.840330029726169,0.678682949604578,9.91388939817928,4.50652473073775,8.37071460853784,6.77495224128806,0.012993337432316,0.59290602915227,-7.55940469962695,-113.639889445592,0.97907476729963,-94.4125670971798,-130.379431152344,0.0781204859415681,-3.24075376987457,-2.02097151468168,17.1960160736314,58.5718760449021,24.2245651038015,-55.4382604980468,0.176498317718506,2.88509750366211,0.00777684549826487,0.113600593887686,0.051639055593597,0.0959177687587341,0.0776323567128335,0.000148887161194806,0.00679395082253564,"Historical , 1850s"
"52","ssp245","NA_SPSS","NA","SPSS","1850s","12",7616,12.9204222568347,1836.7603806989,151.215543900252,2000.89634685598,252.539778236682,8.20259853947447,5.73059287416879,1.21941720691767,124.453802829274,27.339873104035,142.126409392449,26.0222272206641,0.0461619940967971,4.2170487214775,8.13567361341622,503.461452996395,3.99895424057294,527.80027512848,188.300205993652,7.68792905807495,-1.87044501304626,22.4646405357843,1970.25984811559,265.806740518359,2133.93499108525,360.270767211914,8.30437631607056,17.9550876617432,0.013972974010397,1.42608267503801,0.313280257292636,1.62858832347593,0.298181707281367,0.000528957882604489,0.0483220278109146,-3.74432408632295,-67.1486724875842,23.2064158092482,-47.6865807646589,-81.721695413803,0.10442389992555,-0.797795368059795,0.69687276444637,9.7938862482391,4.41974411546973,8.1718948165831,6.92630863459946,0.0130361484587967,0.636486877428409,-7.45699530046758,-101.197964048447,0.787711920802142,-87.7838428024556,-117.434826660156,0.072895431518555,-3.75827491283417,-2.07640285755347,63.6108761110208,56.933466232807,72.6905816063313,-54.3407144165039,0.184796333312988,3.70483183860779,0.00798527769734853,0.112225510047826,0.0506446598487548,0.0936395462029294,0.0793667089411356,0.000149377721240195,0.00729333204896003,"Historical , 1850s"
"53","ssp245","NA_SPSS","NA","SPSS","1850s","2",7616,13.3262700482037,1851.0223859995,146.669809807582,2011.01846585529,250.614003749266,8.20587090086477,4.56638398342196,1.19971971015276,127.389896898249,25.0017085637823,144.407912285504,28.7306325253912,0.045296908998769,4.06522624848339,8.62771312182377,503.199687858934,3.84786214539309,527.159191292997,183.421899719238,7.72529311180115,-1.89662384986877,23.6989447274526,1990.5442576802,228.527918278817,2143.67929372859,324.089537556966,8.32121137619018,15.3783750534058,0.0137472656894019,1.45972658779005,0.286487858294458,1.6547314518888,0.329216595683699,0.00051904510498994,0.0465823349008045,-3.77612367327021,-64.5133035987989,22.3903386468074,-45.8990886252617,-78.5136816036036,0.102137500071852,-0.721420628291397,0.728786949846329,9.40361084156534,4.37424140943834,7.94866783593401,7.52462840791685,0.0132332048332195,0.664057175297065,-7.8916440644671,-107.590011304829,0.771000513920022,-100.539571130044,-129.607835388184,0.0543270111083984,-5.14131283760071,-1.78409784451314,15.4796148844991,56.674513021889,20.6573346211615,-47.5880798339844,0.171108150482177,3.79015755653381,0.0083509737697238,0.107753449063764,0.0501232565708836,0.0910816482322149,0.0862226944029145,0.000151635737268485,0.00760925268169524,"Historical , 1850s"
"54","ssp245","NA_SPSS","NA","SPSS","1850s","3",7616,13.3678832549204,1852.83914288101,146.140285077755,2012.34731121369,249.867196135068,8.20707989992603,4.38238955441657,1.1810263564169,127.548670603471,24.8165819293143,144.561813038965,29.1318341756466,0.0444936062796319,4.07290261789975,9.010585938142,501.842003232652,4.30433707727247,524.439124049522,181.150080871582,7.7694185256958,-1.9025719165802,24.3505864742787,1994.66503727792,224.637888340754,2145.97490291227,332.82079671224,8.31621639251709,15.4316120147705,0.013533063573476,1.46154593300186,0.284366541949748,1.65649495925616,0.333813857556129,0.000509840275048794,0.0466702963546371,-3.77275262998509,-63.9266957860101,22.2309610176085,-45.4684873983867,-77.9353236580482,0.101838255891379,-0.721664881344981,0.74805470272149,9.39739402853657,4.3764619054767,8.04280826316714,8.01984889521304,0.0136958843377813,0.668729259737368,-7.07538140375365,-108.726626966636,0.870973626114243,-102.262503987609,-127.059518941243,0.056713962554932,-5.08877521753311,-1.73956578790146,17.9811142187267,54.3127022283591,13.8213250682094,-42.3848983764648,0.184061336517335,3.62940868735313,0.00857175777099594,0.107682212274267,0.0501487006381464,0.0921603780841425,0.0918972928579394,0.000156937457348954,0.00766278884150042,"Historical , 1850s"
"55","ssp245","NA_SPSS","NA","SPSS","1850s","4",7616,13.1072638255401,1846.73358926728,148.675296584179,2008.516149677,246.1291551457,8.21257862749531,4.55343767205754,1.22089762669305,125.322263540165,26.5583847258792,143.123568232592,27.1208874461954,0.0440487500411138,4.18175921698803,7.70764567474721,501.145619387332,4.83348507544178,522.938532699887,169.324336751302,7.80547245343526,-1.90471935272217,25.5909370108323,1990.45855359586,238.045863649254,2144.29918438638,353.031936645508,8.34936650594076,16.5692100524902,0.0139899377426854,1.43603413289303,0.304325392021381,1.64001449860164,0.310770959499983,0.000504742786983255,0.047917654864335,-3.68474272441306,-64.2007794057917,22.345728683322,-45.5397934468827,-76.4788532874579,0.101136138110145,-0.719982415285187,0.767776289657595,10.0677908798184,4.36850128882543,8.98788856065297,9.20595958958834,0.0143874002912593,0.687547836239904,-7.24429094676152,-127.128419741202,1.23503951177307,-119.800272850294,-132.126366170247,0.0367985725402828,-4.82099771499634,-1.79421217784137,51.3292680437114,55.1284776395112,56.6882279164674,-18.8662673950195,0.174044418334961,3.69351381063461,0.00879774213478767,0.115364109599048,0.0500574820716509,0.102989799187595,0.105488616493476,0.000164861352789258,0.00787842585145149,"Historical , 1850s"
"56","ssp245","NA_SPSS","NA","SPSS","1850s","5",7616,12.1830120838333,1821.80776416074,159.122977032929,1993.1137532775,234.697947487993,8.23040225935349,5.43005468890335,1.53016629868612,116.77238273961,33.6418475188378,137.376533792721,24.1963737903765,0.0514811799815998,4.48738941455547,6.93377893545123,501.907526214518,4.69539340402216,524.457932943283,161.605348205566,7.76796394983927,-1.88079988956451,24.4450758175237,1953.72618046462,265.50898045787,2123.11898175127,356.735548909505,8.37409658432007,18.8155879974365,0.0175337643276098,1.33806334689754,0.385492888222136,1.57416077568416,0.277259743589637,0.000589909003929643,0.0514197891487913,-3.39603572875812,-66.0757893938684,22.8026618241639,-46.6691632984626,-72.6432211004307,0.0993558189535128,-0.751677512587963,0.876764404093232,12.6424608675443,5.04027832254518,11.1581789952604,12.5446085668428,0.0164184405439219,0.6936173479917,-6.5192567704191,-146.779588524879,-2.98930310386581,-130.780106896083,-111.816401977539,0.0354509353637695,-4.81155467033386,-0.726516303216119,15.7201156585727,55.2727394404177,18.7841612613194,-14.5909088134766,0.159003766377769,2.99000453948975,0.0100466076435013,0.144866560950198,0.057755194536013,0.127858573931587,0.1437452977379,0.000188134497127003,0.00794797475520856,"Historical , 1850s"
"57","ssp245","NA_SPSS","NA","SPSS","1850s","6",7616,11.5186111663967,1794.72485800881,168.18712431648,1974.43059349169,235.138413424852,8.23060367297477,7.14541081959324,1.78531652817188,108.16686482692,39.5363281291375,130.729386323662,31.3771763691729,0.0648345348783199,4.86625002547335,7.26658262516344,504.498945437938,5.50018566020238,526.297280615653,149.522091674805,7.7340692838033,-1.83075678348541,23.1868587621381,1937.00762378431,282.737851857325,2118.16576739267,390.664841715495,8.39809913635254,22.241138458252,0.0204574622261849,1.23945503018864,0.453036157174931,1.49799289950401,0.359542630232624,0.000742921508480987,0.0557610510564364,-3.14899344741967,-66.7679603092724,22.6599210950162,-47.2570326616758,-72.5999084897081,0.097889062704686,-0.878038381230524,0.939092357439271,13.812315486058,5.61060228436893,12.6837058022377,15.6425648440587,0.0171786393072358,0.69479727341383,-6.63315592845025,-137.347563831354,-4.2722058040938,-136.219101544952,-126.669055175781,-0.102255249023438,-4.7372100353241,1.66949301951333,77.8123307612304,60.4538646159582,110.203805204366,37.2788703918457,0.148124046325684,2.17670440673828,0.0107608069079407,0.158271610581861,0.0642903835188006,0.145339175570742,0.179243946027687,0.00019684541042416,0.00796149520347197,"Historical , 1850s"
"58","ssp245","NA_SPSS","NA","SPSS","1850s","7",7616,11.4764144397301,1786.67597475902,170.120462517415,1968.27285171617,249.693253624888,8.20934701620919,8.93008650912094,1.62127257151123,107.473780494761,38.6153453737894,131.278808214713,36.3312462019598,0.0667328631869693,4.95595008401359,7.42376443030228,508.751972868023,7.15920464484789,529.626756607899,150.508838907878,7.72893161773682,-1.78745996952057,22.7062030570643,1932.04505668132,290.124901537445,2116.5291550172,440.139617919922,8.38424558639526,24.8822536468506,0.0185777266197176,1.23151316311859,0.442482863329725,1.50428857727602,0.416309984856231,0.000764673942323551,0.0567888999170262,-3.2029074357529,-69.3150739295557,22.9681446425188,-49.5498367227898,-79.6187942144484,0.100965963222918,-1.0226422684995,0.884915945040318,13.4184026876905,5.70190616192504,12.9514655436702,14.8151428800471,0.0174959736475637,0.724655772191658,-5.57737617911916,-137.737718052019,-2.10362929338949,-132.82813832946,-129.165990600586,-0.0319809913635254,-4.49290347099304,0.490563984254596,37.2832276580502,61.4961497422197,68.2770930211088,6.78920516967776,0.159797172546387,2.55112838745117,0.0101400139601845,0.153757869704065,0.0653366101104072,0.148407362477439,0.169762740142467,0.000200481659334586,0.00830363571538639,"Historical , 1850s"
"59","ssp245","NA_SPSS","NA","SPSS","1850s","8",7616,11.5491107082499,1786.25983014587,170.141265257542,1967.95020611166,259.130575075317,8.19546030294137,9.83646725803072,1.47686339683497,108.677829073142,37.2165389392162,132.116433809727,35.3473475093426,0.0622549011773186,4.89281136682969,7.45568583199435,509.558794583954,7.87479778425123,530.194974336992,162.146254475911,7.75235020319621,-1.76640772819519,21.3874585519963,1927.51568149816,291.251864351676,2117.64992725047,438.417767333984,8.35522416432699,25.7530937194824,0.0169229807024325,1.24531003214548,0.426454316377142,1.51388670382629,0.405035754196853,0.000713362179273597,0.0560654103276915,-3.22260348749529,-69.7578982214494,22.9453920698882,-50.0351096390565,-83.2303020799513,0.101596355440384,-1.07951053859065,0.820635992208274,12.4705290364824,5.5825671164387,11.8675760685114,13.4649410694749,0.0163136202566568,0.700061070923215,-5.30730988578504,-136.314228721148,1.56805849543301,-119.407227025481,-126.673289794922,0.0546577453613271,-3.97070598602295,-1.40753053857226,3.75155640024559,64.2109359505242,4.8559421162704,-37.8407661437988,0.167303676605226,2.74851417541504,0.00940344725830725,0.142896440311126,0.063969136064981,0.135987364317154,0.154291140512013,0.000186933389629578,0.00802181164429089,"Historical , 1850s"
"60","ssp245","NA_SPSS","NA","SPSS","1850s","9",7616,11.7652195741694,1795.23579642562,166.892330800148,1973.89334679994,259.228681613196,8.19425463273365,9.31094659929648,1.31621587478454,111.598430496983,35.0253413240085,133.516452573049,29.419805593319,0.0539801863406823,4.78941361449154,7.40851783257968,507.008744430113,7.1968737476375,527.601824291007,176.616826375326,7.78860567410787,-1.71584069728851,20.2640839876688,1934.17243644803,288.113006319007,2121.16202375747,404.020277913412,8.33623542785645,24.9438648223877,0.0150821639272458,1.27877641884115,0.401345971870234,1.52992914252816,0.337113644628221,0.000618544446097578,0.0548806032756356,-3.30179855376892,-69.3657246192689,23.2535605865133,-49.4139625865245,-83.1540378736802,0.101873524480752,-0.998231825330524,0.723501275794739,10.7693799237819,5.07767728282718,9.69032611493691,10.0864681466688,0.0140932869668747,0.596046058427687,-5.2514910510489,-133.589425157463,1.54250098075307,-117.577974214908,-111.510526123047,0.0608971595764149,-3.35593295097351,-1.86606895854489,7.91350436771586,67.5608274996734,7.76765950726769,-54.4892852783203,0.154881801605223,1.99714469909668,0.00829040665148788,0.123403429875708,0.0581837391695246,0.111038842315949,0.115578127379678,0.000161491187259016,0.00682993157400312,"Historical , 1850s"
"61","ssp245","NA_SPSS","NA","SPSS","2090s","1",7616,27.7538736135405,1974.65137151843,81.927350276303,2084.33259540828,555.925026621952,7.89344431382169,6.70211665136387,3.58484780452561,139.130377299327,15.8586218045766,146.679764930858,20.7286905180624,0.0374257764170841,3.37865972615989,16.1466384421838,522.560168657498,2.17783142596677,563.609603896554,444.701457519531,7.42609343528748,-1.73941445350647,43.023895095459,2157.17792032643,168.992383516402,2271.67300392345,667.364636230469,8.00655283927917,19.5772151947021,0.0410778074310439,1.59425759701577,0.181719684664927,1.68076400070711,0.237524493040884,0.000428851912395686,0.0387151536617565,10.8278405542183,63.7247936850622,-43.7588162050852,30.7938180341953,225.195654274593,-0.208503282888429,0.958744229507601,2.4377599195438,37.2027405123278,15.5132119011172,43.914258023807,18.0644828171367,0.0211184863818527,2.83727576652165,5.23474865345613,-51.8425911303646,-73.0922412573233,-70.1645652022557,178.414203898112,-0.292132072448731,-6.42551100254059,17.6622148529319,162.103777302872,-0.781654987372685,132.409857150931,281.555890401204,-0.161555290222168,7.95338702201843,0.0279336356795177,0.426296203912268,0.177761725422929,0.503201679106662,0.206996053100764,0.000241991059071939,0.0325115803853121,"SSP2-4.5 , 2090s"
"62","ssp245","NA_SPSS","NA","SPSS","2090s","10",7616,25.4746227883854,1946.78336504255,90.7492489802111,2063.00723681114,581.295188153605,7.88106559124226,10.575379927597,2.99609095285658,133.604235691781,17.9145628475542,142.601014961612,26.0524731717821,0.0392450201584387,3.84369772927319,15.6634114832258,529.53462499621,3.30594270608986,563.76555645439,508.679824829102,7.48086156845093,0.434836059808731,35.784479847054,2129.20843901644,195.298433411584,2261.56458379172,681.444392903646,7.95099139213562,25.4907779693604,0.0343314009180431,1.53093502569073,0.20527816046588,1.63402670112508,0.298528287505506,0.000449698137438533,0.0440438991431935,9.88223986916542,68.5942091689695,-47.0832375484688,31.3932114896661,242.501642708526,-0.213571008485294,1.62425789000528,2.2834252569297,33.6080385639616,19.8445691150987,42.1426418370691,14.7794428118024,0.0230197261845169,2.48179644957602,5.16050339981692,-19.2902506403907,-96.5964090781023,-58.6382241148885,199.065141601563,-0.310021591186525,-3.49384832382202,16.3882000443323,164.384639924939,-1.15964871879632,122.999704100069,309.24754119873,-0.155240726470948,7.65514516830444,0.0261651562637965,0.385105480495622,0.227393583524793,0.482901205410493,0.169353662656171,0.000263776854941845,0.0284382384407036,"SSP2-4.5 , 2090s"
"63","ssp245","NA_SPSS","NA","SPSS","2090s","11",7616,26.32415208776,1956.80224498538,86.9625717026974,2070.08896877583,568.549507236654,7.88730098701725,8.92255720406227,3.24325592974808,136.207844477964,17.0544841953871,144.442467054003,20.3598184613381,0.038553590852729,3.5758576817078,15.7931330186713,526.512541887538,2.64599515634376,564.765309717776,483.497082519531,7.42706732749939,-0.564628303050995,37.2056449329082,2140.22242121296,185.929083953921,2264.85929621824,692.641967773438,7.97551550865173,23.0212001800537,0.0371635979534737,1.56076907895503,0.195422750368784,1.65512740569314,0.233297687290949,0.000441775234871715,0.040974792030104,10.1374829102758,64.3361653181704,-45.1738456139093,29.299802614537,232.289042028776,-0.20910245748424,1.33471536761772,2.30355029824729,34.8338979162186,17.6219263226913,42.8982504552168,14.8655922135953,0.0214005802574167,2.53684618945552,5.30116233848821,-20.2164959870082,-83.7406076099777,-59.1101447696728,190.841394042969,-0.300694255828856,-4.48236227035522,17.6405023342593,168.404603732114,-0.80457044000254,126.692048275037,292.675309143066,-0.142462539672851,7.97945153713226,0.0263957637029022,0.399152273317897,0.201924917184412,0.491559521467963,0.170340825495464,0.000245223496968819,0.0290690386133202,"SSP2-4.5 , 2090s"
"64","ssp245","NA_SPSS","NA","SPSS","2090s","12",7616,27.1299436221291,1966.51111793748,83.9381954897612,2077.57925704937,561.084625191434,7.89083485530138,7.63409729862906,3.4265870050062,138.011771666134,16.2777577873129,145.797461291714,19.919418876616,0.0381999027964689,3.41134943462097,15.7407460241807,524.279489136222,2.3853510742711,565.031072942931,466.266876220703,7.4198525428772,-1.38233757019043,40.2771666855921,2149.39379491995,176.01679128842,2268.99056852631,686.597283935547,7.99395270347595,21.236177444458,0.0392643394678198,1.58143979573182,0.186522451232738,1.67065392045803,0.228251266823366,0.000437722418501835,0.0390897362444386,10.4651972789715,62.6020647510047,-44.0709326012425,28.9963294287337,226.823151540949,-0.20733978424753,1.10570905640047,2.34703096067276,36.3115327826568,16.2091736055818,43.7032064729346,16.6363674796788,0.021233287054508,2.66301593217591,5.24186380849225,-20.98793824959,-74.5996901997717,-60.9590998967442,183.020719401042,-0.29500928878784,-5.65783095359802,17.2783944861495,170.398509502623,-0.750222207414045,122.916571256597,282.73990834554,-0.152271842956544,8.20984253287315,0.0268939969265925,0.416084094083151,0.185736563528828,0.500783296113159,0.190631663307882,0.000243306529122951,0.030514783782348,"SSP2-4.5 , 2090s"
"65","ssp245","NA_SPSS","NA","SPSS","2090s","2",7616,28.1863911235737,1979.97752921988,80.6343243498715,2088.79824469333,553.455516177542,7.89455972739757,6.12591857322858,3.68619789727151,139.458157906637,15.641483240707,146.954535119201,21.609203050487,0.0367643395476936,3.38765844127618,16.5944823353917,520.328753067488,2.15742133781133,562.07512588794,434.459337768555,7.45579090118408,-1.78352093696594,43.364933761241,2160.98633367403,161.683822842153,2273.3524909274,641.435514322917,8.01007590293884,18.3162288665771,0.0422391509022168,1.59801354689171,0.179231552225601,1.68391251844064,0.247614049479486,0.000421272685095069,0.0388182675195351,11.0839974020998,64.4418396215785,-43.6451468109031,31.8806902127753,224.327830824673,-0.209173673395358,0.838113961515222,2.49190629183737,37.7805381849908,14.9914874927849,44.1906818191201,19.7925607425368,0.0217082351505268,2.91589949578653,5.44571760707777,-64.4622115636819,-74.0297080016603,-68.9979269080441,152.996649169922,-0.286183319091796,-6.9392808675766,18.1360453751384,160.176813467293,-0.803778755590582,120.969995885959,288.380727640788,-0.135669851303101,7.54108154773712,0.0285540844057808,0.432917032138725,0.171783425660664,0.506369145077991,0.226797633562788,0.000248748831695287,0.0334125085659105,"SSP2-4.5 , 2090s"
"66","ssp245","NA_SPSS","NA","SPSS","2090s","3",7616,28.3750131262862,1982.09215723607,80.0533630907401,2090.5205334531,552.161403555359,7.89515827218165,5.86669497814571,3.72276971615554,139.165811497404,15.5985884066685,146.694238932564,22.1903086330988,0.0369966663070246,3.42216302376766,16.9306872364216,520.034571879079,2.22711096194009,561.567287396716,441.952900390625,7.46686588923136,-1.81995487213135,43.9535417130835,2162.34793433702,155.80821802692,2274.10543062867,635.861920166016,7.99549612045288,17.4956302642822,0.042658217544774,1.59466362796727,0.178740031851933,1.68092985440224,0.254272782156922,0.000423934854983796,0.0392136462559167,11.2343772413807,65.3263185690482,-43.8559609694068,32.7047348410221,224.358883762243,-0.210083371853005,0.76264054238416,2.50814152320991,37.8293799207438,14.8839977389561,44.1815427131001,21.2605767040711,0.0226269942146418,2.97528459573484,5.24674835238902,-96.7973192434496,-75.494718376795,-92.8298974078716,159.971135457357,-0.294562864303589,-7.66158452630043,18.2568082077,159.020476480837,-1.02550009191158,127.287125924445,286.416309102376,-0.157882642745972,7.77255988121033,0.0287401195582571,0.433476696460687,0.170551729463404,0.506264422518582,0.243619233882188,0.000259276644860352,0.0340929864642665,"SSP2-4.5 , 2090s"
"67","ssp245","NA_SPSS","NA","SPSS","2090s","4",7616,28.0187369380393,1978.82097130154,81.0367455553732,2087.87645379495,549.235174864077,7.89761864052778,6.07916797755175,3.65153536065995,137.367195428317,16.147469932964,145.305810002834,23.9811031237198,0.0400313347387535,3.49129523376219,17.1239340273786,521.036475378808,2.21091038305495,563.562406310436,405.755586751302,7.45940632820129,-1.81431543827057,43.6918305754688,2158.39775644076,153.228781146464,2275.15137469655,642.148862711589,8.01512859662374,17.5732612609863,0.0418419622120294,1.57405376987648,0.185029517729455,1.66502022048831,0.274793014882406,0.000458708304863108,0.0400058136683945,11.2267303880861,67.8866026284683,-45.2928223454835,33.820510671071,226.627166430919,-0.21382384885738,0.805747890209026,2.50750257499555,36.8537205802858,16.2451627225324,43.8547209248143,22.1114100328057,0.0237486424395044,3.01508624401665,4.6743014146851,-34.1848432111492,-77.5778332141559,-60.4328933756369,142.759176635742,-0.290989036560059,-7.83557486534119,18.4031435410238,167.055235844979,-1.21592034926201,134.997117599226,297.398267211914,-0.133773883183796,7.7414043545723,0.0287327980224098,0.42229687832307,0.186148953146552,0.502519459492111,0.253368704303094,0.000272129310384426,0.0345490628537562,"SSP2-4.5 , 2090s"
"68","ssp245","NA_SPSS","NA","SPSS","2090s","5",7616,26.6365496196721,1966.77811931791,85.2249613152115,2078.63963025279,543.30465672588,7.90417488136069,7.17739131556317,3.28511882441454,133.077760737722,17.1976192930494,142.291317351782,36.9068409308769,0.0487009612712349,3.60544267037066,16.3117156656866,521.940882609587,2.31589568831276,563.553118924233,381.476538085937,7.44642140070597,-1.64175224304199,40.1529410762395,2138.68620390192,172.42437733917,2273.64399890724,679.716994628906,8.05425634384155,19.5912322998047,0.0376432936112487,1.52490229070187,0.197062896980022,1.63047795945678,0.422905570142426,0.000558051225014627,0.0413137984631271,11.0575018070807,78.8945657633031,-51.0953538935541,38.8567136768297,235.963488137456,-0.22687155903929,0.995659114071853,2.35666590092212,35.2205794980076,21.9595655905482,43.0265348433796,25.6595148534859,0.0277468378351538,2.99716580916736,4.70800487276413,-22.6805132290023,-102.647571735996,-60.6323594139171,139.696644592285,-0.323914642333985,-6.75082659721375,18.0902395389419,189.828053794923,-1.24386616250035,153.097616166151,329.397321472168,-0.139461342493693,8.23006543517113,0.0270044011171618,0.403583153628578,0.251628759653099,0.493029497790726,0.294025483758295,0.000317943556759638,0.0343437174076008,"SSP2-4.5 , 2090s"
"69","ssp245","NA_SPSS","NA","SPSS","2090s","6",7616,25.7860134785617,1954.53440702525,89.1220399451175,2069.44246044893,566.739909183842,7.89110276580677,9.33896305323128,3.07888686344325,130.763974264124,17.8135760465315,140.658122811378,49.9814372713625,0.052525309857455,3.76510476088171,16.0549760209881,528.999128450055,2.87262144024523,565.199466998988,395.092910766602,7.42522115707397,-0.8979252576828,40.162571304456,2136.72771972478,180.948705986872,2270.30792658161,765.085060628255,8.03538541793823,22.8295440673828,0.0352801370029791,1.49838923341698,0.204120979856915,1.6117636222,0.572723855324598,0.000601873407528377,0.0431433234431753,11.1184088647453,93.0415887071682,-56.4051632763468,47.7548342955666,259.001587269281,-0.241611844463313,1.31551385240751,2.74937900050957,33.1364936298643,28.3505124741038,38.7586519548222,28.0668088191887,0.0385327050084447,2.96742189895742,5.44674703079145,-42.7845407123872,-118.260638094233,-83.1203700642011,173.248645019531,-0.495242261886596,-5.62947654724121,17.9910056041874,208.204044418809,-0.958035698348772,171.669981592454,349.369200134277,-0.160125160217286,8.82272405922413,0.0315043949691006,0.379702173841019,0.324860902187382,0.444124974922813,0.321610018261606,0.000441535909595908,0.0340028899352859,"SSP2-4.5 , 2090s"
"70","ssp245","NA_SPSS","NA","SPSS","2090s","7",7616,25.5504469158715,1947.44654347833,91.6834160201221,2064.68040641432,604.586009135196,7.86867836199048,11.6006914149833,2.94417677001458,130.457514718764,17.8486491429501,140.378251521034,50.915690996448,0.0481549508169375,3.93463306871718,16.0310870789374,537.59019991708,4.03359519294469,568.952726714944,448.772607421875,7.42906282424927,0.671925604343414,38.40493702744,2128.50055941028,191.366417137447,2266.86089502432,823.789668782552,7.97592101097107,26.9399299621582,0.0337365302507217,1.49487759585908,0.204522873041577,1.60855665230975,0.583429217644959,0.000551794637979425,0.0450859027556318,10.8711250403885,91.4554947897485,-55.4689018547739,46.8577179753631,275.273961295859,-0.239702690995792,1.64796263736285,2.79784169020841,33.7062780584595,27.7095533202506,40.6950322460671,27.5330200107838,0.0386573439849594,2.9207182960749,5.31279270782642,-45.754085552976,-120.667672391081,-95.1409047563175,194.564573669434,-0.437353515625,-4.74278163909912,17.8732975787034,224.282035089096,0.341989038432928,194.331094515589,390.62740447998,-0.144261980056762,9.26835507154465,0.0320597159042116,0.38623118045756,0.317516323524961,0.466313436206054,0.315493475781665,0.000442964114126435,0.0334677259031832,"SSP2-4.5 , 2090s"
"71","ssp245","NA_SPSS","NA","SPSS","2090s","8",7616,25.144077976276,1940.7708558886,93.8950150199582,2059.80994888483,617.606609672748,7.86154801114785,12.7916548255607,2.78507640961109,129.844027635023,18.0797755985235,139.826003996055,48.5125584062777,0.0451202518773485,4.07307722583197,15.8347739358765,539.232358367152,4.48161069178811,569.075929180377,480.353289794922,7.46200292905172,1.60579299926758,35.6842173528573,2122.66417361996,200.444797119147,2263.18937015732,804.107529703776,7.9582633972168,29.219762802124,0.0319134419849901,1.48784781226394,0.207171288972172,1.60222859635805,0.555892367225351,0.000517020838518746,0.04667229714,10.3723637805308,84.7531275212786,-53.3008581676959,41.8246331341135,275.24573251748,-0.232315936353131,1.87567702893934,2.61635510889083,32.0371161450114,26.1482110664011,40.2029003516119,24.9542443607229,0.0345709742695746,2.79112748801002,4.98786605071595,-46.4092182263309,-119.078642586547,-82.9603061192606,202.418109130859,-0.343873367309571,-3.90377426147461,17.1918211926066,199.180114396235,-0.0040852750137077,172.877329008331,376.029060974121,-0.14430947303772,8.38428644835949,0.0299801099501538,0.367104702740628,0.299625322306829,0.46067422910622,0.285943978749367,0.0003961395019215,0.0319827796659115,"SSP2-4.5 , 2090s"
"72","ssp245","NA_SPSS","NA","SPSS","2090s","9",7616,24.995649639988,1940.43068333967,93.6475958234883,2059.07392880314,600.579817297165,7.87103283750977,12.1338175073649,2.7713493685764,130.78157339896,18.2531843515215,140.492961436297,38.9739598164886,0.0422210048334698,4.06251745280822,15.580661314875,533.9171473268,3.9784354271895,564.992424748585,500.693994140625,7.495028368632,1.33584141731262,34.4457861761032,2120.54826014969,202.422881015247,2260.18479470132,739.016219482422,7.95789456367493,27.9782161712646,0.0317561475114259,1.49859089717264,0.209158333262733,1.6098710823962,0.446592129837663,0.000483799145923283,0.0465512955392522,9.92863151204974,75.8291622947758,-49.9911743901466,35.7666194166789,258.197097810289,-0.221348270743124,1.82463908273794,2.37709732067029,32.0307452094602,22.9117118998456,40.9029352390593,20.2056520672271,0.0280037451787289,2.58933120317549,5.09566227958365,-24.2152150002917,-111.172928587557,-54.3468701398433,205.770178222656,-0.321449632644653,-3.45879411697388,16.559406182019,171.66638804746,-1.62800775778858,143.771639030873,335.69264251709,-0.153996925354003,7.56903576850891,0.027238519264353,0.367031699902572,0.262539148286648,0.468695740721099,0.231531136018776,0.000320887388956273,0.0296704502782403,"SSP2-4.5 , 2090s"
"73","ssp245","NA_STPS","NA","STPS","1850s","1",7527,8.26532895183987,1722.81244365255,271.117132915334,2002.19490551973,277.740275023091,8.18105452052618,22.8596962419378,0.574111667979684,53.6399988959878,23.7615271276108,59.4783399781301,12.8668277949267,0.0205021453185537,2.96580612408642,7.42498243511507,1574.5281663235,181.915431179944,1839.47415878822,243.692477722168,8.11961568196615,14.4559020996094,10.456698093724,1862.33322855215,312.79525607458,2109.98044117752,320.058240763346,8.23301258087158,28.6006355285645,0.00661736995602506,0.618269470788891,0.27388193707481,0.685563805714971,0.148306617733658,0.000236313400392096,0.0341847020980927,-2.2101418038077,-91.2440001887273,30.2789703564558,-63.1751716360792,-81.4216349152587,0.087458677292664,-0.735269453289755,0.153130814384716,6.03327375307918,3.39458717024745,6.26898740913793,4.85582988902535,0.00343592025862685,0.232025491228052,-3.0612834865826,-109.853644160187,16.827763984258,-87.5079240834671,-97.6277913411459,0.0688449859619134,-1.43965721130371,-1.81423574159625,-55.9513300559604,38.3093945474773,-35.1822552682743,-60.2653778076171,0.100025634765624,0.333230972290039,0.00176502814168014,0.0695411828339874,0.0391269510904601,0.0722580836615163,0.055969639029078,3.96033677050084e-05,0.00267439001908388,"Historical , 1850s"
"74","ssp245","NA_STPS","NA","STPS","1850s","10",7527,8.36014630242996,1712.99579890738,279.38978481005,2000.74573001986,304.636345045456,8.14650537869803,26.0526555260753,0.600034518214095,50.8833569399302,23.456967720127,58.6313364779092,10.2938379259187,0.0157451117021058,2.2068243275511,7.19234299781141,1512.09470299949,189.736193734887,1764.35931563122,271.768748982747,8.08679132461548,18.1849403381348,10.7962849901597,1820.76762034273,318.201693941271,2094.26037255911,352.292535400391,8.18922538757324,29.956033706665,0.00691616390132038,0.586495652772394,0.270371501065035,0.675801008984618,0.118649624493569,0.000181482514540116,0.0254364678822006,-2.26132652226355,-93.7478129353476,30.4809895853278,-65.5281498722834,-90.5588788452968,0.0880693857037457,-0.809067312984151,0.16403219065707,6.2759556704077,3.53489748513699,6.81620101250418,4.79868947988382,0.0038110499360123,0.236052617129852,-3.09402966063837,-125.784199029182,15.6045136273194,-101.456798089145,-105.167412719727,0.0636945724487301,-1.3175048828125,-1.55800160020726,-53.0863714442573,38.6331580092159,-35.4622711936784,-63.5686676025391,0.102133274078369,0.314487457275391,0.0018906804212756,0.0723384017692018,0.0407442066072097,0.0785654190814475,0.055311022861149,4.39272161742085e-05,0.00272080778663331,"Historical , 1850s"
"75","ssp245","NA_STPS","NA","STPS","1850s","11",7527,8.2744429928372,1712.90770385025,277.572389311973,1998.75453615506,294.291103151686,8.15906663779637,25.0765458723746,0.565771932873118,51.0400858222388,23.5141443084993,58.6192414096339,11.2585511173384,0.0184113677815971,2.56930848698864,7.11707867751658,1529.38484033473,187.471163153806,1787.04808922987,259.524349975586,8.11017541885376,16.7056579589844,10.62632623983,1826.75932859798,317.185404904365,2095.52072823593,327.011224975586,8.21540403366089,29.9754600524902,0.00652124386137591,0.58830215324064,0.27103053424479,0.675661597880672,0.129769175697861,0.000212214519931303,0.0296145606122056,-2.24045618347789,-93.7045398326652,30.5898479567601,-65.355148059383,-87.253088268946,0.0878865245499835,-0.760755038076567,0.158499305679674,6.17273214812993,3.53341978551263,6.59683425113954,5.0334199118173,0.00377695775982107,0.252381655702137,-3.08974393151865,-136.329131871741,16.2575847695028,-112.666249698948,-102.351593017578,0.0666348457336419,-1.28597640991211,-1.65530196343914,-65.1701827080628,39.3776933810882,-42.3944500723469,-63.4976287841797,0.10095920562744,0.329227447509766,0.00182690685794008,0.0711486188869278,0.0407271742324233,0.0760369370857528,0.0580165907753276,4.35342603172805e-05,0.00290902080386612,"Historical , 1850s"
"76","ssp245","NA_STPS","NA","STPS","1850s","12",7527,8.24717293929328,1717.34752415186,274.448774855944,2000.0434719471,284.589169502752,8.17172737595256,23.8789917380844,0.55225463944627,51.9291146514478,23.416256668818,58.784955221942,12.4359570350788,0.0202354017130135,2.81174482740622,7.40437351652344,1561.80924012406,184.886498938646,1824.77191941454,250.252388305664,8.11676219304403,15.4408340454102,10.5221321178648,1842.29206712284,314.879935549963,2102.43013095533,323.204507446289,8.22351713180542,29.0055389404297,0.0063654397967688,0.598549345542357,0.269902254221892,0.677571661138443,0.14334028212306,0.00023323883978009,0.0324089489599874,-2.23504156637853,-93.0393989599553,30.589374108053,-64.6850664182809,-84.598946064877,0.0883063566831906,-0.761526846990674,0.154725599569368,6.0188389895374,3.35349585872487,6.29487713116499,5.01210919656884,0.0034535740716587,0.22934961168637,-3.10057361932029,-115.646808855418,17.0022884853986,-94.0530442692939,-96.6617138671875,0.0712003072102867,-1.5355396270752,-1.7991893614746,-66.5395367026106,38.7205257295395,-42.1067739650953,-64.6419067382812,0.099411315917969,0.304641723632812,0.00178341007703493,0.0693748037549489,0.0386533212628692,0.0725564957619263,0.0577709575741721,3.98068504392601e-05,0.00264354709100443,"Historical , 1850s"
"77","ssp245","NA_STPS","NA","STPS","1850s","2",7527,8.29696167235092,1726.89892748755,269.180641010545,2004.37653017044,274.903073071601,8.18517075927573,22.3307096069773,0.599796494939106,53.8145869360807,24.2606787197856,58.8367980937807,13.2121773760784,0.0207873500790378,3.06003691436813,7.41042170885389,1588.08736361297,180.160358914925,1852.65519911817,242.203470153809,8.11573702494303,13.9050693511963,10.7915341422846,1868.62196118485,311.870020319357,2111.65380949424,321.612191162109,8.23335542678833,28.6281318664551,0.00691342037918592,0.620281820851828,0.279635296453801,0.678169216425461,0.152287212572779,0.000239600749384643,0.0352708322628689,-2.21892810332652,-90.8882407116969,30.2750632105363,-62.8321056044872,-80.6507687438056,0.0876706960489069,-0.732433400677311,0.155981916208308,6.47519832927545,3.37263308790569,6.45471199818115,4.9221651716617,0.00371582601568274,0.240008372820512,-3.08944452377384,-107.841314497834,15.03567666734,-84.9970416099529,-102.174536132813,0.0616953849792488,-1.47676277160645,-1.58311832014191,-46.9882737054588,38.0005500385775,-33.5357153582604,-59.5326110839844,0.101012134552004,0.274436950683594,0.00179789073026923,0.0746349277906807,0.0388739022621517,0.0743987966694135,0.0567342378533572,4.28296389176772e-05,0.00276640292137925,"Historical , 1850s"
"78","ssp245","NA_STPS","NA","STPS","1850s","3",7527,8.30244585503961,1727.95083145501,269.180985667323,2005.43426297737,274.684867538392,8.18567705790034,22.2727475997248,0.594361590905633,51.5337348901657,24.665848096803,56.5562051424628,13.8658282211413,0.0219026747216665,3.14468548921825,7.39794566310026,1602.28844623817,179.6520547085,1864.61125522627,243.130905151367,8.10518086751302,13.7154893875122,10.6777803334419,1865.62560525086,311.977334116864,2104.18305553141,334.654123535156,8.23280000686646,29.2557983398438,0.00685077617132381,0.593992089002465,0.284305390813687,0.651882470972122,0.159821373094322,0.000252456289853483,0.0362465151609445,-2.21796852994745,-90.9226075120838,30.2576192191942,-62.8829568228371,-80.4833759976599,0.0875566572798509,-0.728161430716469,0.159721364527601,6.79857549048117,3.42904806112745,6.50151108757914,5.31630424391861,0.00407439719771436,0.243794123460864,-3.13846538716207,-107.831858356027,17.1166051016838,-85.146106029976,-100.284216308594,0.062314510345459,-1.60076522827148,-1.71442077491275,-55.7165123516795,37.6657828126455,-40.3704186870277,-60.3026947021484,0.10276206970215,0.164417266845703,0.00184099264639519,0.0783622624371925,0.0395241568549234,0.0749382159242797,0.0612771938682152,4.6962629587284e-05,0.00281003853087075,"Historical , 1850s"
"79","ssp245","NA_STPS","NA","STPS","1850s","4",7527,8.28943087484623,1726.67593126113,270.945860020764,2005.91122215674,277.256016144299,8.18241702545954,22.6647195660222,0.556080982526823,47.522885045297,24.4722904031995,53.6673630980268,14.7710325975853,0.0235258128409326,3.13313664136426,7.40326221877208,1614.38932050695,180.399550814452,1877.02048408194,245.361860961914,8.10290807088216,14.1122226715088,10.58082916354,1847.43413929807,312.761257244104,2095.08836237508,337.865347290039,8.23090047836304,29.7660675048828,0.00640954328595897,0.547761923789205,0.282074391275014,0.618584878153943,0.170255009229645,0.000271165028978586,0.0361133999447278,-2.22222196012437,-91.4026808616714,30.4573325911675,-63.1675702306283,-81.3534080523134,0.0875863136869273,-0.723724269908258,0.168265865958289,6.59201303037768,3.28753436960437,6.36278250158337,5.51618618162069,0.00394723660938894,0.233035865700017,-3.1942014208945,-109.049789379472,17.5921327156489,-85.7105601455387,-97.364599609375,0.0688836097717296,-1.38042068481445,-1.79613078870068,-63.634135948723,38.3695393383752,-43.6695050419016,-60.4131383260092,0.102925529479982,0.298586845397949,0.00193947893436007,0.0759813663611007,0.0378930308860916,0.0733391918524632,0.0635810883944429,4.54969414577669e-05,0.00268603587484335,"Historical , 1850s"
"80","ssp245","NA_STPS","NA","STPS","1850s","5",7527,8.32296449906915,1725.06538847255,273.351495866818,2006.73984883844,284.949545320314,8.17237202101789,23.5533546580102,0.561274611022252,45.4625719419217,24.2164547467767,52.2581524507748,13.9250195189179,0.0225409463137315,2.90833965033119,7.46076643501929,1586.67666861533,181.648594362288,1846.1670011467,245.447987365723,8.1064356803894,15.1914539337158,10.7631886032626,1836.42454057175,314.047040089196,2094.21592040298,333.868551025391,8.2325590133667,29.9774436950684,0.00646940648520269,0.524014184820132,0.279125558703035,0.602341926270294,0.160503628372191,0.000259813184849152,0.0335223276191959,-2.25601705658529,-92.662110797083,30.8562090892031,-64.0619187644651,-84.3374878807992,0.0881358588411967,-0.726891643560414,0.188603611648792,6.37340197219351,3.44458757524078,6.36312292527258,5.49602782781727,0.00405361344183072,0.282072528642147,-3.23978215435532,-121.857223111187,16.7859690010837,-99.547805977505,-98.2244213867187,0.0722890218098957,-1.5207576751709,-1.79439707504284,-66.6819074274315,39.5073471744142,-44.5142123460766,-64.5404134114584,0.102325916290281,0.466581344604492,0.00217389741914582,0.0734615948093858,0.0397032695947613,0.0733431156701087,0.0633487376301898,4.67230702655901e-05,0.00325124602157121,"Historical , 1850s"
"81","ssp245","NA_STPS","NA","STPS","1850s","6",7527,8.41636694886279,1724.23146041074,275.256095492644,2007.90392285225,296.549008293151,8.15758080877916,24.68895814713,0.606465926403426,46.3288427086566,23.976691696491,52.5946214367156,11.248975044547,0.0186607181035058,2.50443880017158,7.54223411211045,1548.43856723663,183.437908253721,1802.03096625521,262.34623819987,8.09605881373088,16.693452835083,10.9416941776057,1834.82122079573,315.23038823688,2096.11855848414,341.846408081055,8.20991878509522,29.6680088043213,0.00699029409184024,0.533999061396054,0.276361983437078,0.606220160911533,0.129658799232931,0.000215088600743021,0.0288668546509061,-2.29270223850933,-93.7343141224652,30.9394072816938,-65.0876090792807,-88.090724001505,0.0882485222597294,-0.73225111251373,0.210751727942125,6.40859922034848,3.51157811880621,6.56691761086213,6.0084014220636,0.00501449894124204,0.322583103225771,-3.2927937544698,-111.007391480578,16.1619503600419,-88.1635532337466,-108.293279418945,0.0663848876953121,-1.46548080444336,-1.79319854836218,-66.6333057079632,39.7407340545778,-41.0664047651408,-68.1528249104817,0.103121185302735,0.440925598144531,0.00242918273647408,0.0738672880315686,0.040475421137836,0.0756921096112414,0.069254497463913,5.77985024325769e-05,0.00371818211449952,"Historical , 1850s"
"82","ssp245","NA_STPS","NA","STPS","1850s","7",7527,8.48132787114392,1722.39685396023,277.066337037195,2007.94451886856,306.229977050181,8.14565705307677,25.6631306366119,0.642971184876625,47.8521488105494,23.6414275135459,54.3070342305904,11.6793297077906,0.0169885581330647,2.13102233352938,7.21894928691326,1497.10093830352,185.958360483095,1739.44859838448,267.225061543783,8.05856650670369,18.1360664367676,11.1643327397198,1828.61824197588,316.338472596549,2096.101301024,382.801811523437,8.18552891413371,29.3764095306396,0.0074110638029098,0.551557109062927,0.272497635688566,0.625957904640687,0.134619186171251,0.000195814822195716,0.0245627531228205,-2.3152736830029,-94.0721083342588,30.8598558829278,-65.527526134334,-91.630322462063,0.0887241284660522,-0.788917508898284,0.212386464429729,6.63231965016894,3.55977475192807,7.17215288756564,6.52620679027233,0.00461046810586827,0.268120172337805,-3.24850480073714,-135.530952043218,15.86343726401,-119.756502335703,-117.245639648437,0.0702710787455239,-1.54872703552246,-1.7851075279383,-60.3569580934036,38.9778231468285,-31.2276549633207,-69.7814687093099,0.10569652557373,0.336372375488281,0.00244802516160219,0.0764459516146527,0.0410309488683984,0.0826682188940892,0.075222865427433,5.31415312187386e-05,0.00309042730184546,"Historical , 1850s"
"83","ssp245","NA_STPS","NA","STPS","1850s","8",7527,8.48826406609909,1719.64568068936,278.715322356684,2006.84926711214,311.108080019726,8.13968551822414,26.2662242786816,0.64794721410848,48.9979749066594,23.422196883445,56.1653223933071,12.8334560815917,0.0168876248869265,1.96295574225935,7.01264277682291,1489.1237533961,188.962957489477,1731.17938417133,257.545080566406,8.03998864491781,19.2157745361328,11.2719480788414,1821.47479147468,317.326961571311,2095.30953267975,403.163824462891,8.1800784111023,29.6482334136963,0.00746841889282647,0.564764217725098,0.269970722779487,0.647377048238433,0.147921966130981,0.000194651437670002,0.0226255710836616,-2.31373295465837,-93.9240358518277,30.6768663349987,-65.5609024714873,-93.5465333706284,0.0890862569121485,-0.854136259308213,0.196451248841313,6.48599383551642,3.51419643679168,7.16061401398568,6.65162115543887,0.00441699174755921,0.248351672451781,-3.20135100894411,-128.688882571636,15.6962788841811,-110.064446053482,-116.84682006836,0.0685516039530434,-1.5057430267334,-1.75866744696227,-62.1365928924192,38.2950252082276,-32.5797738327158,-69.8675323486328,0.103335475921631,-0.137067794799805,0.00226435145706202,0.0747593597829976,0.0405056005954898,0.082535218644115,0.0766684261055977,5.0911469173177e-05,0.00286257010172653,"Historical , 1850s"
"84","ssp245","NA_STPS","NA","STPS","1850s","9",7527,8.45133336487238,1716.28084473403,279.757054487497,2004.4892325864,311.422435800528,8.13892974657244,26.4935240953515,0.634437197841456,49.9753746865278,23.3569082505675,57.5478952683347,11.9405667841478,0.0158299885090332,1.94901935098641,7.15886877869356,1509.28136367696,190.73708837555,1758.44913778243,266.966991678874,8.05111195246379,19.4172248840332,11.1077948951422,1818.86399717716,318.205008086266,2093.40860937338,390.743367919922,8.17272265752156,29.9032936096191,0.00731269870677727,0.576029998058543,0.269218187929963,0.663312965788095,0.137630277004101,0.000182460828104273,0.0224649363813057,-2.29058277896579,-93.8265911723835,30.5567887081395,-65.5603852432098,-92.9000104625824,0.0883981101481187,-0.832959921600754,0.171916513829874,6.62417272495368,3.51375626011943,7.21240669175548,5.22850999490196,0.00384912953232698,0.243900983019566,-3.11911678757509,-121.908679363044,15.470672185461,-101.649006921354,-107.939462280273,0.0628087997436531,-1.40465545654297,-1.60024220347808,-50.5103262127675,37.6889556876763,-34.4622101479508,-66.4428802490235,0.10338919957479,-0.112405776977539,0.00198155731195248,0.0763520479001661,0.0405005269973578,0.0831321953804041,0.0602652530592102,4.43661321388971e-05,0.00281127022371503,"Historical , 1850s"
"85","ssp245","NA_STPS","NA","STPS","2090s","1",7527,16.0516278397524,1970.54858321522,193.227878164388,2179.82808921936,578.097780351903,7.92686551559132,25.4557505947135,1.09984360978946,56.9455847507626,19.9456746420327,62.8672842121475,19.563845935694,0.0183379390714678,3.05306821204364,14.5119915022692,1820.97749709682,116.164115730588,2001.99864108293,520.2767578125,7.87043633460999,15.9477062225342,20.2548265605759,2100.73681472969,223.742387978269,2289.63720051793,643.302795410156,7.97733626365662,31.8506889343262,0.0126771018003495,0.656370568088349,0.229899365385322,0.724625714760903,0.22549830205462,0.000211368160298813,0.0351905090714645,5.57615708410486,156.492139373938,-47.6102843944899,114.458012063553,218.935870413554,-0.166730327642194,1.86078489948597,0.495509545504042,19.1421508726811,6.36190182431532,18.5392009866604,6.71719154208946,0.00746160274352266,0.567929379150877,4.79521376384164,73.4949988899157,-68.1973275766694,35.2323236517038,191.071657307943,-0.195231771469118,0.317571640014648,7.49010258252317,187.39239968357,-33.4940677545825,154.144932797215,238.246808878581,-0.149120299021403,3.64722061157227,0.00571138014122038,0.220637728064884,0.0733290409225665,0.213687960827471,0.0774242085270794,8.60044980317805e-05,0.00654611118419207,"SSP2-4.5 , 2090s"
"86","ssp245","NA_STPS","NA","STPS","2090s","10",7527,16.135724778842,1964.06152606534,201.807660061939,2182.00491090612,628.807665519426,7.896827493995,28.6954598010715,1.07814752825145,53.6067660076556,18.9962786239869,60.7253116041864,18.4385537611327,0.0165576303880331,2.31012425449135,14.2764886186924,1765.74465017106,123.64946284411,1964.46461849332,552.477331542969,7.82222191492716,21.4430332183838,20.3612538688132,2069.22372193334,228.730093357128,2287.17342305856,717.900852050781,7.94522018432617,32.7649383544922,0.0124270267607003,0.617886419321612,0.218956364159978,0.699936745744771,0.212527873054462,0.000190847829758121,0.0266271314257573,5.5142519541485,157.317914222608,-47.1011351627823,115.731031013975,233.612441628673,-0.161608498999291,1.83373696201204,0.46792036734635,18.8434317727702,7.64235126233517,19.0736574776185,10.2765930801968,0.00761817140008553,0.697499900920063,4.69345880313636,78.2361207123836,-77.0130702194294,36.6187688353248,185.337805175781,-0.197966400782267,-0.118309020996094,7.67356092884738,192.75084970652,-32.1099696018164,160.942703042053,269.565387980143,-0.141248512268067,3.45068359375,0.0053933796391672,0.217194609056352,0.088087855477197,0.219848254239577,0.118450855629702,8.7809151693742e-05,0.00803957687347021,"SSP2-4.5 , 2090s"
"87","ssp245","NA_STPS","NA","STPS","2090s","11",7527,16.000450235067,1963.42647446615,199.831535533496,2179.25846023471,608.831890075524,7.90829458609556,27.6933315885696,1.03975522077702,54.3444029413697,19.2141880138464,61.1007013247784,18.5256786659344,0.0176736576340966,2.65521716435561,14.4130389460037,1785.85996396516,121.21860860063,1988.40416480579,541.959051513672,7.84949040412903,18.8315200805664,20.2393336113154,2078.03342990965,227.374190999618,2286.9697913457,667.940415039062,7.96184549331665,32.8112258911133,0.0119845064006495,0.626388626741975,0.221468048088413,0.70426359154393,0.213532098816822,0.000203711468628578,0.0306047678005921,5.4855510587519,156.81423078323,-47.1510058217172,115.148776020265,227.287698654892,-0.162885527150827,1.85603067811846,0.464704233618207,18.8424296455374,7.3107863517449,18.831910367377,8.4913911098239,0.00762678991367258,0.640626338890678,4.73064411652976,79.1919223348414,-73.1097008602941,38.2921098205932,191.551312255859,-0.198004372914632,0.0669364929199219,7.43194086451293,192.062580049571,-32.4530608350386,160.497970768872,261.404131062826,-0.14952410062154,3.55334281921387,0.0053563095918329,0.217183058260553,0.0842661465655261,0.217061810149532,0.0978741237096671,8.79084910663021e-05,0.00738403645919893,"SSP2-4.5 , 2090s"
"88","ssp245","NA_STPS","NA","STPS","2090s","12",7527,15.9855035205861,1966.52683492142,196.58065771327,2179.09299615528,590.716426945825,7.91915157376737,26.4861305301744,1.0458991299762,55.5969774294028,19.5408343907855,61.9927594140317,19.2520296587381,0.0182151703841186,2.90393314471156,14.4709510323351,1809.04021312054,118.36483353867,2003.67444611086,532.825262451172,7.86851868629456,17.0280990600586,20.2263630381163,2086.46831365715,225.432706655904,2289.07351476634,650.174696044922,7.96874151229858,31.9956245422363,0.0120553227982508,0.640826146909371,0.225233064620141,0.714545699935189,0.221904221359153,0.000209953094435296,0.033471537016035,5.50328901491426,156.139911809602,-47.2787430346214,114.364457789895,221.528311378196,-0.164269445501997,1.8456119450994,0.473825601758685,18.9372495743518,6.78773188732906,18.6784722190092,6.76862272517731,0.00744587792999438,0.579787342241965,4.73049533228812,79.4956481105792,-70.1581033390313,37.8452346340748,196.822286987305,-0.194856373469035,0.318077087402344,7.55665421592869,186.395810514023,-32.6609812953167,156.332888998052,247.751426188151,-0.149938135147094,3.6780834197998,0.00546144500512811,0.218275978999086,0.0782372760665683,0.215293239591316,0.0780170185756297,8.58232494796089e-05,0.00668278934817148,"SSP2-4.5 , 2090s"
"89","ssp245","NA_STPS","NA","STPS","2090s","2",7527,16.16423086598,1974.24033872057,190.921991608451,2181.32656119501,573.821886400267,7.92950587550139,24.8971835120042,1.16878175733113,57.059216607396,20.5809240854586,62.5963582454308,19.7429839517972,0.0184011856999516,3.18061185770572,14.6144293764442,1834.93814783134,114.308969645516,2002.13449397655,518.071923828125,7.86201457977295,15.1189785003662,20.5055595360289,2104.43707090819,222.662768328753,2289.95025170865,662.126843261719,7.97902388572693,31.5185432434082,0.0134717019658045,0.65768032031265,0.237221426259473,0.721502947096615,0.227563096400143,0.000212097158440624,0.0366606124258454,5.64834109030255,156.453170521331,-47.9835861915577,114.117925420076,218.268044584861,-0.167994187725433,1.83404050434952,0.545335158965668,19.5841362252009,6.28246910604952,18.5875165352789,7.15825087683074,0.00779005818667161,0.56436980826529,4.85590886708197,65.5122179320888,-66.5342722543336,32.2625701781146,180.411983235677,-0.195926694869996,0.381597518920898,7.74998608933609,192.994451922974,-34.1938635837123,152.172321326062,247.993651326498,-0.137981414794924,3.5020751953125,0.00628568394995807,0.225732173546301,0.0724134774308381,0.214244859210954,0.0825079804713288,8.97903663612563e-05,0.00650508258514353,"SSP2-4.5 , 2090s"
"90","ssp245","NA_STPS","NA","STPS","2090s","3",7527,16.2080577750314,1975.7802634361,190.640227012697,2182.62854822383,574.723834596518,7.92908955949436,24.8543224777994,1.17300796197416,55.612118831366,20.9111369966835,61.2538659048699,21.1210164643063,0.0193410968773543,3.26520131928376,14.6346309259253,1841.76550816154,113.348524364309,2005.11672145134,521.488221435547,7.85507957140605,15.0890598297119,20.6195092164059,2099.30203438458,222.097941193277,2290.27973834211,681.014582519531,7.97402200698853,32.1467132568359,0.0135204143700154,0.641000670898399,0.241027551652328,0.706029008878491,0.243446680474985,0.000222930834768026,0.0376356139679891,5.68764339004436,156.906824469008,-48.2831394354314,114.311328423621,219.555591060466,-0.169030841126126,1.85341344735819,0.55534858113189,19.382366588365,6.25853478730694,18.3931479624619,7.35137911910327,0.00798054145648624,0.546243579296779,4.78901161118186,68.1554775195398,-68.4846769136909,34.0750255253292,181.756087239583,-0.19914065361023,0.252309799194336,7.70078598762629,193.097145194203,-34.3469740204314,152.306151285802,251.688942871094,-0.139692910512289,3.49249458312988,0.0064011014248074,0.223406520877484,0.0721376038497935,0.212004513254076,0.0847340300351209,9.19859292405694e-05,0.00629615465407682,"SSP2-4.5 , 2090s"
"91","ssp245","NA_STPS","NA","STPS","2090s","4",7527,16.2264193268475,1975.94696214233,191.72388072587,2183.89726219505,580.901474594789,7.92544536165475,25.2300711083194,1.16886030403147,54.3968162853625,21.083902635445,60.4037577851449,21.905040837462,0.0201181763670252,3.2654604477838,14.6763125696441,1832.06159338098,112.614699317584,2009.12031067195,525.473148193359,7.85843192736308,15.6902637481689,20.9356289831136,2093.74582494938,222.573039042694,2293.56174340838,672.534323730469,7.96841087341309,32.6786270141602,0.0134726073168084,0.626992757448904,0.243018896213216,0.696230427444608,0.252483562358904,0.000231887668003077,0.0376386007547879,5.71476649187686,157.868350019534,-48.7646467037264,114.818469807685,222.292050398177,-0.169385350117861,1.84162727238886,0.584158058631834,19.1243656740583,6.41874589223553,18.2799617590385,7.39546283156682,0.00919836773173108,0.526291592655064,4.60466056844326,77.0946189452079,-71.1644282826313,38.4606090595582,196.123743693034,-0.204425430297852,0.348302841186523,7.83184540695551,192.786621750695,-34.3552596689725,151.88896623962,248.860486857096,-0.150669860839844,3.46972465515137,0.00673316743476638,0.220432730943954,0.0739842413795737,0.210699897751998,0.0852421511040288,0.000106022931891678,0.00606618253483647,"SSP2-4.5 , 2090s"
"92","ssp245","NA_STPS","NA","STPS","2090s","5",7527,16.3369384589865,1976.39652110101,193.361585990407,2186.09504555041,597.236828551961,7.91556106179827,26.0764721503687,1.243110624038,54.3195542852566,21.1629089334117,60.1461211195295,19.7696594505577,0.0190244042666484,3.04355275964122,14.4264254734012,1813.44176157646,112.916260015639,2014.43081147041,526.162898763021,7.84402211507162,17.3365821838379,21.3049331378476,2093.31036376236,224.046849008133,2297.39335827838,660.555090332031,7.96477176348368,32.7488594055176,0.0143284370521028,0.626102214255379,0.243929544666576,0.693260835942291,0.227870565580626,0.000219280548100355,0.0350808313339133,5.75795690333206,158.669021831383,-49.1337007872079,115.293277947507,227.949795350847,-0.16867510037842,1.79622584879805,0.650064716344752,18.9626932848452,6.93758987778795,18.1897910882771,9.08975320035116,0.0107536961986711,0.53044498730113,4.47614393860422,85.0704945150255,-79.7510115265024,41.8071557143292,202.289520263672,-0.216499535242717,-0.135971069335938,8.36456657952933,192.840171390514,-34.5714246443765,151.363077118491,267.867705281575,-0.149662981033325,3.43696022033691,0.00749282580956696,0.218569250247136,0.0799645807340081,0.209660565648348,0.104771010746667,0.000123950078199464,0.00611405571087401,"SSP2-4.5 , 2090s"
"93","ssp245","NA_STPS","NA","STPS","2090s","6",7527,16.4840022808006,1976.22199512296,195.465517571866,2188.17151497562,619.885148938764,7.90222976258249,27.2305790305423,1.32686002773362,55.0552675343911,20.8749053309763,60.6319200172008,21.303761948812,0.0185987262206501,2.66043437735452,14.4076930776288,1779.8172099943,115.057748719614,1976.09776699078,563.32299601237,7.81384851137797,18.9418296813965,21.5104133912438,2089.76603977953,225.86041589274,2300.22946875307,725.061293945312,7.94037963549296,32.4361305236816,0.0152937558546289,0.634582248754947,0.240609935447189,0.698860288469415,0.245553055499591,0.00021437406514654,0.0306649028413494,5.7749330934285,158.256220589751,-48.8511706390838,115.179983044096,235.245416644108,-0.16710252393694,1.80936977089853,0.664461635030619,19.0430655560591,7.21598758077362,18.7308931852945,12.8739542056334,0.0101765346823657,0.552755706844287,4.53475871649331,83.5003144514576,-81.8896892567204,40.8043691525268,189.470455932617,-0.222754462560019,-0.468847274780273,8.34916656217615,189.718875951705,-34.2280146374443,153.450657909577,299.985533650716,-0.134318828582765,3.42948913574219,0.00765876867832356,0.219495643286142,0.0831734696981476,0.215897458154898,0.148388758715518,0.000117297554847669,0.00637121523825608,"SSP2-4.5 , 2090s"
"94","ssp245","NA_STPS","NA","STPS","2090s","7",7527,16.5289891283787,1973.78897288167,198.036113404113,2188.35407541416,638.228062001242,7.89182855992216,28.3116430713428,1.33439259524163,55.0919302367044,20.1035170918112,61.319875730073,28.1550634905609,0.019876031328741,2.25733248618653,13.9136535166859,1735.61429034711,118.608167330025,1924.26698278252,554.91465250651,7.78780326843262,21.4672107696533,21.3928185576346,2079.78091019254,227.192042265864,2296.9590635058,794.746096191406,7.92750409444173,32.9950141906738,0.0153805783121738,0.635004833207286,0.231718701140377,0.706789856390332,0.324523052994297,0.000229096637284295,0.0260186388954886,5.73238757423191,157.320010587185,-48.1703677501536,114.882030411263,240.367762488998,-0.165104364688563,1.85959492583268,0.618794800263711,18.8099346391112,7.29609525472054,18.8941726547436,15.3284592580954,0.00880330783172028,0.607420184628534,4.40605715746947,80.6149377583747,-82.2817605579093,39.2441725429987,194.923983764648,-0.210143915812174,-0.614707946777344,8.23397527829475,188.087153188854,-33.760706597914,154.344026638459,307.034561157227,-0.140123414993285,3.52487945556641,0.00713240010365807,0.216808511824313,0.0840968129158335,0.217779462503234,0.176680063172421,0.000101469362161313,0.00700129313620967,"SSP2-4.5 , 2090s"
"95","ssp245","NA_STPS","NA","STPS","2090s","8",7527,16.4522939055715,1970.87610332406,200.473324574925,2187.80172180456,645.206783294036,7.88802440835985,28.9486673735616,1.2424270089338,53.7404371210949,19.3887633346778,60.8893294149913,29.6028939402489,0.0200118494380566,2.09473810904336,13.9968202936666,1749.2184782866,122.173842085825,1940.31340948175,558.047420247396,7.78034620285034,22.3187980651855,20.9917403655339,2069.63412203702,228.635015600174,2293.40243827118,817.954868164062,7.92856960296631,33.2336006164551,0.0143205575152386,0.619427149565215,0.223480251545623,0.701827260419892,0.341211147407879,0.000230662114396495,0.0241445311106528,5.65029688481404,157.306386782871,-47.5651314467601,115.391552220925,240.552169903682,-0.162574852952141,1.82830683557175,0.533946458612308,18.7136019806537,7.46508966780973,19.0440621903311,14.6086127750417,0.00746386766633758,0.694227322023192,4.55905561458798,78.2134960312335,-81.2509622194212,36.4079420798123,189.981735229492,-0.201713085174561,-0.73729133605957,8.05971689371433,192.590045491841,-32.7122465491124,164.595372583331,306.104917399089,-0.133666133880616,3.4351978302002,0.00615441463815032,0.215698154945304,0.0860446892860314,0.219507130768555,0.168382913409427,8.60306041589054e-05,0.0080018562235014,"SSP2-4.5 , 2090s"
"96","ssp245","NA_STPS","NA","STPS","2090s","9",7527,16.3185453539405,1967.50346628854,202.00569872693,2185.82771036942,643.013894380153,7.88910312118616,29.1553327406081,1.14732517396902,53.0778416761472,18.9712176345323,60.3896718934589,24.5447209198553,0.0181281587461951,2.09649072266121,14.1525508073823,1759.99817697842,124.20466484968,1954.83841207608,567.152435302734,7.7951832930247,22.5070991516113,20.6145852615957,2064.31735576188,229.360195984919,2289.33637150797,782.726685791016,7.93472027778625,32.9549751281738,0.0132243874484058,0.611789891110208,0.218667504260529,0.69606806955912,0.282909245453304,0.000208950174218318,0.0241647322202037,5.57662921010234,157.396030382135,-47.1945670524273,115.77809253981,238.691448117043,-0.161428515238161,1.82884872365584,0.483286463445411,18.731365313959,7.7064237489177,19.2012726443593,13.0117526445736,0.00743567584704948,0.756484034307433,4.53456375834309,76.8319981453751,-79.9703717423661,35.5805328563872,186.61911315918,-0.200994253158569,-0.494617462158203,7.89569393868271,193.51043473459,-31.9562853608451,159.0568464552,294.685116577148,-0.133591651916504,3.6970043182373,0.00557049351498363,0.215902900040534,0.0888263726879882,0.221319181965703,0.149977061654977,8.57056574484175e-05,0.0087194443172609,"SSP2-4.5 , 2090s"
"97","ssp245","NA_STSS","NA","STSS","1850s","1",3133,9.98368913074918,1793.07457175993,214.834756981578,2017.89301787226,267.728997631462,8.19384965313948,15.1438606746565,1.12912635413734,73.2235475876029,29.6558636644819,79.077829801941,15.9496453033919,0.0163561396435025,3.21283304044672,7.3966950189552,1625.67820904988,119.890782898849,1833.69588322042,226.228968811035,8.10443572998047,5.1982684135437,13.2968672224037,1919.44696119703,287.154731926993,2133.77796757056,357.325848388672,8.24725431442261,22.5227203369141,0.0201726218126735,1.3081892277641,0.529822477386827,1.4127800210458,0.284951424234028,0.000292213726244778,0.057399480257203,-2.62227537855428,-77.6585062889392,27.3320142738036,-52.9487673936899,-75.9177061670026,0.0886233871140096,-0.553602759419908,0.406592923872364,7.78772833615539,3.99488393791983,6.8771823458071,4.90611185830757,0.00724121630933724,0.432285806253739,-4.42621798895062,-99.6786685672596,-1.96523815745363,-77.31845164779,-106.426875813802,0.0504812240600589,-4.07509231567383,-1.3807055603939,-28.9201890800723,41.7409962496355,-18.7567842283056,-49.121060180664,0.113781642913819,1.36258602142334,0.00726406327771243,0.139133143008719,0.0713713594319124,0.122865610292794,0.0876510752987647,0.000129369328363278,0.00772308435861967,"Historical , 1850s"
"98","ssp245","NA_STSS","NA","STSS","1850s","10",3133,9.25330362621545,1752.12531400765,237.820187085529,1999.19880471939,282.020103164847,8.17365833725077,19.603341217867,1.06079568685491,52.0354336773953,36.3488784762974,62.3927857365895,11.4532838716148,0.0209458956004051,3.48695745904189,7.55074307484706,1624.09480714672,128.275467172521,1822.91873289548,262.425158691406,8.07993176778158,9.86014556884766,13.467748459547,1865.08150300166,303.957174857529,2097.34707863094,359.698366088867,8.21160545349121,27.1181240081787,0.0189518472693771,0.929648945475658,0.649397807544211,1.11469019024447,0.204620823177755,0.00037421288496763,0.0622969022380796,-2.46538520754308,-82.3274813740006,28.6533562468144,-56.1395103347293,-82.4446338287738,0.089410990194922,-0.719368478249497,0.382979072341032,8.42631221627287,4.04734380017449,7.01096791568746,6.6936064281923,0.00606691464282888,0.323029773886764,-4.26866989228386,-102.932087926711,8.24380459623868,-77.9438361579212,-102.76915222168,0.0694540977478013,-1.64566898345947,-1.70271314029766,-54.1283148393031,40.7489981647594,-31.9048819217953,-64.6778503417969,0.107395076751709,0.388227462768555,0.00684218551820683,0.150541884875453,0.0723085910869264,0.125255781858005,0.119585899792381,0.000108389618408174,0.00577114991513034,"Historical , 1850s"
"99","ssp245","NA_STSS","NA","STSS","1850s","11",3133,9.36801556874036,1762.7430850397,230.628326736988,2002.73942734543,270.945775113201,8.18835232039949,17.7448141520116,1.0435014248821,58.8727200440996,34.2978529890493,68.3191494441035,9.59438561221823,0.0172571855195706,3.38015158823004,7.55325634176881,1620.63951018578,124.70175751137,1824.15109196532,248.467365722656,8.11662584940592,8.0515251159668,13.1003941653772,1885.27672224189,297.891491645031,2108.69312781917,323.501318359375,8.22207593917847,25.3773612976074,0.0186428733400833,1.05180178655946,0.612754821282484,1.22056876916345,0.171410322477243,0.000308311532860654,0.0603887416222496,-2.52652154493733,-82.0517629744935,28.744571232617,-55.8337132868138,-79.5336970163037,0.0902231312851865,-0.64827429271462,0.381224899177349,8.54434780509982,4.00553019647122,7.22458077103063,5.16448629877108,0.00581639417355998,0.379694313799106,-4.25411502637658,-101.265161313358,12.4191742568642,-76.4710009563073,-95.3584545898438,0.0768519401550289,-1.87604904174805,-1.78182928444774,-53.0336082631131,43.8355824748826,-30.4125680977861,-66.3109161376954,0.11070343653361,0.95672607421875,0.00681084600363855,0.152650672156095,0.0715615621906117,0.129072122987033,0.0922671130472713,0.000103913897277073,0.00678350103921171,"Historical , 1850s"
"100","ssp245","NA_STSS","NA","STSS","1850s","12",3133,9.65239737713106,1778.19850095511,222.189007792062,2010.0399061243,266.991285129846,8.19422194189998,16.2020729653321,1.07222899292335,66.6926400266354,31.786785712821,74.335202414744,11.8752953073001,0.015598131669779,3.2703158770024,7.4498848691547,1620.39381487759,121.876343561036,1828.97523479806,237.92317779541,8.1230544090271,6.49374103546143,13.0987146089049,1897.35805480232,291.69760842905,2121.46905697212,340.198529052734,8.23173080444336,23.7329044342041,0.0191561111753093,1.19151005555438,0.567892870869295,1.32804970868546,0.212160348813225,0.000278671390500966,0.0584264508157313,-2.60075570300805,-80.492924101469,28.2969570790211,-54.7967227254559,-78.1121730534262,0.0905763478644615,-0.615766833429019,0.397253539339218,8.23547440646086,3.92301000420826,7.06851035788366,4.50576404943818,0.00635934700325145,0.385934394880996,-4.34072035816682,-100.952508680952,6.53091296551685,-75.5642795923482,-101.512501017253,0.0665788650512695,-2.93206977844238,-1.83121713741286,-48.2558799973117,42.4829863317171,-28.6191386679075,-60.2585296630859,0.114104747772217,1.0466423034668,0.00709720872555363,0.147132435657666,0.0700872819877538,0.12628381731245,0.0804985853119156,0.000113614124408743,0.00689498439559972,"Historical , 1850s"
"101","ssp245","NA_STSS","NA","STSS","1850s","2",3133,10.2175483129699,1802.78450824904,210.542753594565,2023.54481015657,269.753522250257,8.19164288492595,14.6114271507953,1.17932320484571,76.350578685578,28.5061607572081,81.322286745544,19.1448063487721,0.0187656320472718,3.20746621445856,7.43669588638574,1631.06536713713,118.16339639524,1838.07445220302,224.961331176758,8.10449018478394,4.30339765548706,13.5532742600723,1925.56693387822,284.583342628381,2128.20162298247,356.592233276367,8.25038398742676,21.9235324859619,0.0210694232041359,1.3640557970854,0.50928224124728,1.45287879381134,0.342035182099448,0.000335260971438947,0.0573035982059189,-2.6474087101906,-75.9295721115779,26.7743362593481,-51.8026445624204,-75.2917532493605,0.0877731823008808,-0.533602416083788,0.422596904705436,7.696068164098,3.90647922739398,6.8267217988336,5.19425153980841,0.00789594511480489,0.456053849600325,-4.4532203194432,-98.3452039767938,0.528204988680756,-72.1286838164681,-110.357849121094,0.0435456275939945,-3.78381252288818,-1.00716137490273,-24.8858527788825,37.8852956075269,-20.3301584234073,-45.98359375,0.113571548461913,1.32191467285156,0.00754998544369491,0.137495570757019,0.0697919482478918,0.121964097785512,0.0927988896269332,0.000141066510467094,0.00814771686135161,"Historical , 1850s"
"102","ssp245","NA_STSS","NA","STSS","1850s","3",3133,10.2632998838012,1805.51308391749,209.839848418284,2025.61623221958,269.845321413845,8.19177429309594,14.4672600983022,1.17185573900029,75.1787020199854,28.302170711328,80.5317977598895,19.4190743938486,0.0194283670309535,3.20039986766638,7.51003260771187,1631.8510781742,118.496198740271,1843.07287257299,230.861118062337,8.11146745681763,4.06436538696289,13.5749545873447,1926.56327227521,285.200122891419,2124.07710942791,349.263244628906,8.24060735702515,22.0171966552734,0.0209360117716184,1.34311941144576,0.505637818252448,1.43875616236601,0.346935170066567,0.000347101189443648,0.0571773530422014,-2.60112323504433,-74.556571236186,26.0766186249519,-51.0810758462785,-74.0225090656918,0.0864807681380914,-0.558860215058255,0.434924975574257,8.07215987254866,3.96897159179446,6.94896750538049,5.52613785322924,0.00890140053653903,0.449909139186828,-4.47709515782737,-98.0864421007172,3.35531309226874,-71.78942370254,-105.850812784831,0.0545117378234856,-3.55587959289551,-1.63299158461476,-45.0136552962254,36.2722413746279,-29.1824815249538,-54.8790649414063,0.115623251597087,1.35053062438965,0.00777023494048976,0.144214708764611,0.0709084174797111,0.124148101725689,0.0987282677349802,0.000159029665695758,0.00803793736779388,"Historical , 1850s"
"103","ssp245","NA_STSS","NA","STSS","1850s","4",3133,9.87495548775601,1793.71670021317,216.511644223411,2020.10329992434,262.335147909519,8.20184537048801,14.8141705559366,1.02819628981646,65.3221015083566,29.7871931132388,74.5083714847605,12.8053384873997,0.0164113489783899,3.18917765777885,7.45341307680336,1634.52158647029,119.668113748114,1849.15296058872,234.392782287598,8.12761182785034,4.55436563491821,13.4603490714118,1916.85289531634,289.387297766501,2116.33099285591,333.982702636719,8.23772354125976,22.9347476959229,0.0183694365361866,1.16702443876965,0.532168768652576,1.33114349366913,0.228776212284004,0.000293200079126484,0.056976860515272,-2.52158558301032,-76.1474120890672,26.689741263394,-51.9792564086835,-72.3898502113659,0.0863501078861513,-0.549817447416328,0.444263011513409,8.1653590871778,4.02951072679046,7.00551090848514,6.66967639779654,0.00932103467241199,0.425607284026253,-4.43388037850173,-97.6306739609931,3.83887441181764,-71.3908679502706,-100.742821248372,0.0594406445821143,-3.28340530395508,-1.77143801130377,-48.2771968794507,39.7265073677602,-22.9424088294127,-48.1942418416341,0.115228443145751,1.13645648956299,0.00793706539908586,0.145879777074338,0.0719899909198011,0.125158288657073,0.119158373279187,0.000166526719228904,0.00760376794848634,"Historical , 1850s"
"104","ssp245","NA_STSS","NA","STSS","1850s","5",3133,9.28674108524448,1769.42383819891,228.296788320156,2007.00736760431,254.734220703251,8.21187324351522,15.9064359614156,1.06749461395934,51.8278695124951,33.8603937306979,64.6280625730078,12.3730821692935,0.0251055589297361,3.28323017168735,7.46667093107233,1636.84853911117,121.289873199721,1851.06099747818,225.303595987956,8.13074833552043,5.6151967048645,13.5013562307914,1901.67960222599,295.313478040083,2104.28840416432,329.693499755859,8.25761137008667,24.8190002441406,0.0190715282267235,0.925940668377128,0.60493930963063,1.15462495405763,0.221053654751497,0.000448528141983085,0.0586571736057028,-2.41069731805629,-78.8745758092082,27.5944111246707,-53.6908620025937,-71.8963842204516,0.0869767485575916,-0.602085158071403,0.502280186484332,8.36406015425574,4.61447953961451,6.7794060562041,9.64789156315278,0.00928575772389111,0.422394021512654,-4.68128871143826,-101.580431335959,4.54904092654081,-76.1234360477101,-97.6208770751953,0.0600238164265967,-2.81338405609131,-1.50839228857297,-52.5869330108374,41.7670749842862,-29.8525574946725,-46.4868667602539,0.117878036499024,1.23077297210693,0.00897358228228472,0.149429708811606,0.0824408625960042,0.12111876937886,0.172366243228694,0.000165896472190024,0.00754636079539478,"Historical , 1850s"
"105","ssp245","NA_STSS","NA","STSS","1850s","6",3133,9.19562774761395,1758.88539527613,234.494859755583,2002.57588277933,266.256958468248,8.1956031334819,17.7597793166868,1.09653084185181,48.1266555003071,35.5605313181201,60.7217111472795,15.6268792732618,0.0278611491898193,3.45433663001716,7.52737985346806,1638.42893474157,125.637775607656,1846.40662108664,234.589967854818,8.08945970535278,7.46351766586304,13.6396221199233,1880.83403437873,299.826558296163,2094.8022533381,348.365623168945,8.24885473251343,27.277307510376,0.0195902804832759,0.859815924904392,0.635313441325378,1.08483528907473,0.279184986283186,0.00049775866431007,0.0617141086076586,-2.43730998668233,-81.1269141726487,28.1080652509827,-55.4561589083484,-78.0191163016169,0.0895086613917768,-0.75186390967378,0.496088237181564,8.39264386660728,4.8104045988085,6.51526016143106,10.4015225488703,0.00845786135168175,0.357871008764459,-4.90764498928206,-103.303186469723,2.98284644399038,-78.2203386018859,-110.393965454101,0.0704155921936032,-2.72483158111572,-1.45748635752296,-54.3575364677793,45.8055910811997,-33.1585675514586,-59.5046798706055,0.119719076156617,0.971749305725098,0.00886295883335867,0.149940376565624,0.0859411990359994,0.116399620614772,0.185830381060113,0.00015110553195958,0.00639361262897892,"Historical , 1850s"
"106","ssp245","NA_STSS","NA","STSS","1850s","7",3133,9.36529882760339,1756.58362039064,237.71380574954,2003.66272496779,288.458053781731,8.1664186075307,19.9571011898552,1.10842666253065,46.898595703648,36.3366369506142,58.4714831304421,17.0103723792933,0.0272495551776809,3.53077398073493,7.60453785555589,1636.49557818247,129.781254925141,1840.87161304712,254.268663533529,8.04650004704793,9.61768436431885,13.9803812543255,1868.519872495,303.359710275409,2092.56098935559,396.117445068359,8.22020788192749,28.8650093078613,0.0198028075320215,0.837875788842047,0.649179104236905,1.04463341210178,0.303902045721354,0.000486832115067324,0.0630797146470026,-2.53513626302131,-82.8721723623505,28.5943784828942,-56.8129301424776,-87.0007009860334,0.0918290028133618,-0.863889518692625,0.488085745103437,8.349306892381,4.75427812554955,6.76878938463283,11.179574785467,0.00933574149441773,0.355589848787101,-4.83647778177227,-103.709822861834,1.69913639236071,-79.322545031453,-123.550712890625,0.0588287353515629,-1.98156261444092,-1.38734700933407,-55.4007412558385,45.4087503282927,-29.7795440460025,-58.4142333984375,0.116884851455687,0.439393997192383,0.00871998878783679,0.149166131603252,0.084938460844137,0.120929095211987,0.199730821397777,0.000166789466756938,0.00635285813117729,"Historical , 1850s"
"107","ssp245","NA_STSS","NA","STSS","1850s","8",3133,9.43393580966542,1753.36110072049,240.419483573032,2003.21452010319,301.674765716743,8.14984595629917,21.3393434960208,1.11641732552039,46.0135800039969,36.9550704121803,56.8921224439759,16.924428117297,0.0265465535384744,3.51291927269478,7.62493635845947,1632.08953654472,131.963604571305,1833.97692514411,262.669965108236,8.02526423136393,11.2880086898804,14.0879346670926,1855.99683948371,306.397965056506,2091.77701323235,421.52737487793,8.20906982421875,28.9274387359619,0.019945566242713,0.822064372394346,0.660227844965313,1.01641704312133,0.302366592148892,0.000474272505463458,0.0627607279618102,-2.55196859397362,-82.8813772993834,28.6731303731843,-56.7602155201727,-91.3351407781725,0.0921469019259787,-0.9250920888962,0.445929808182027,8.36070475813838,4.49490117999788,7.08802678375268,10.0523212091088,0.0077058655711734,0.33187342590089,-4.64645464640111,-103.404409678567,2.61619010755331,-79.5542056359654,-121.746751708984,0.062359714508057,-2.12936592102051,-1.5001973752018,-54.4530162330213,44.2312344175442,-29.3183103791521,-63.7905700683594,0.111590099334716,0.244587898254395,0.00796684387224915,0.149369762343561,0.0803045126501479,0.126632491733828,0.179591658053005,0.000137670608198093,0.00592914786360631,"Historical , 1850s"
"108","ssp245","NA_STSS","NA","STSS","1850s","9",3133,9.33794033830948,1750.24427044099,241.085600782072,2000.66781156137,296.686433936765,8.1555630246054,21.1099677486314,1.0977689317043,47.5202312332885,37.1677662003759,58.2657647361262,15.4430630758038,0.0251240221236027,3.51994409934486,7.59640152448274,1628.45616997605,131.248336253092,1826.26135111056,266.976471964518,8.03710590998332,11.1701383590698,13.8606926907865,1849.26754312595,307.194900148519,2094.70822019033,407.655406494141,8.20343446731567,28.5085563659668,0.0196123998132098,0.848981736727161,0.664027802056647,1.04095811096897,0.275900983017497,0.000448857999687638,0.0628862313395255,-2.48577635318451,-82.4009777594123,28.54992193846,-56.3368321741368,-87.5084458652469,0.0900080156793213,-0.823399986429565,0.40708987522395,8.34173552561848,4.25595326695662,6.81884591355415,7.87560368833656,0.0065620893132869,0.284704875997595,-4.43200232446504,-102.172511632454,6.00254595920285,-77.9526227224624,-110.463699951172,0.0627430915832523,-1.7108736038208,-1.64519028484971,-54.8301457447899,41.9612690475277,-32.564399745017,-62.4671051025391,0.109647512435915,0.121311187744141,0.00727294165668047,0.149030863909122,0.0760355432252055,0.121823389657852,0.140703096840468,0.000117236255741332,0.00508644915662382,"Historical , 1850s"
"109","ssp245","NA_STSS","NA","STSS","2090s","1",3133,19.9128856185981,1988.00294458424,137.500117874754,2145.41594807759,561.487397886143,7.92192884922478,16.9573569152786,2.50606792857454,75.4014440258905,26.7547405255711,86.6687142052747,19.3577994908571,0.0208575966403722,3.54678372231924,14.5102319146769,1806.29281915382,75.8121939730878,1914.88916174919,486.563044230143,7.87102119127909,7.09370422363281,28.7586531877903,2128.2068025289,204.256156252797,2290.66117127767,667.673767089844,7.98932861328125,25.3173522949219,0.0447726336160385,1.34709885115192,0.477991909710496,1.54839641130282,0.345840451623298,0.000372635363089171,0.0633657397327828,7.30692110929462,117.269866535371,-50.0026248330205,74.5741628116446,217.840694087679,-0.183297416800692,1.25989348120224,1.25837136417801,40.5317010433586,11.3386574901297,44.3097038608256,9.68332129962238,0.0104506261040138,1.35621381242245,5.00203260120241,1.30950543861286,-77.3100543856814,-42.7709613157922,174.544299316406,-0.219253412882487,-2.28825283050537,11.95517387463,188.932102304977,-10.6656432011621,138.873902622759,257.698971557617,-0.133379777272542,5.52213001251221,0.0224816731417585,0.724126820329771,0.202572943739832,0.791623448820215,0.172999219929756,0.000186707649971548,0.0242296960254943,"SSP2-4.5 , 2090s"
"110","ssp245","NA_STSS","NA","STSS","2090s","10",3133,18.659348340151,1960.69014434119,154.54167651101,2133.89116919236,605.132731150998,7.89743767771931,21.9402892879163,2.18203948437714,56.880897511337,31.1058750328762,73.8692131840584,24.1897759394491,0.0264473151995479,3.60813079311422,14.9421493052322,1805.09897059437,87.5437497555465,1917.27484766378,546.375592041016,7.81607778867086,12.7151508331299,25.4029775702693,2092.52192163811,221.024358278543,2272.65427773501,731.739036865234,7.95558376312256,30.0160636901855,0.0389836417663734,1.01621650195057,0.555727931503203,1.3197244893821,0.432167046647875,0.000472499544029029,0.0644617475036828,6.94065950639245,126.237348959548,-54.6251543277045,78.5528541382355,240.667994157377,-0.186809669336533,1.6175795917998,1.33821116707773,35.9124503000542,18.5616071652378,42.4223990898984,15.3221194860274,0.0188865276134836,1.54320832190403,4.518311050956,9.38456710285686,-98.7390152100303,-40.7567378827111,207.638494873047,-0.232631238301593,-1.99596977233887,11.0536448565677,182.929325795347,-4.9179641241072,140.533358644337,278.771243896484,-0.149196338653564,6.81860256195068,0.0239080663382266,0.641600716886032,0.331615926072176,0.757905446180682,0.273740242292345,0.000337420854189964,0.0275704820296437,"SSP2-4.5 , 2090s"
"111","ssp245","NA_STSS","NA","STSS","2090s","11",3133,18.8220668671988,1967.09344128604,149.134398490292,2135.04990664353,576.079121946974,7.91436268864906,19.8347876927546,2.28373140364885,63.1843906848505,30.1089563853541,78.3495030617916,19.9261440805984,0.0250702214118038,3.65555494948437,14.6451332295094,1806.05705901327,83.3145215464947,1920.38984481729,529.911901855469,7.85285092989604,10.414662361145,26.391512833438,2107.2937857026,216.235930940262,2277.32123388966,653.291568603516,7.96866788864136,28.0696678161621,0.040800438107506,1.12883275913217,0.537917291639226,1.39976796103033,0.355994320077541,0.000447896812829856,0.0653090127966544,6.92752975352115,122.298593271846,-52.7493570140799,76.476766011287,225.59964981747,-0.183766500465241,1.44169924802835,1.28504530699134,38.0587679006296,15.7568134474967,43.7971826094882,11.2079225235156,0.0144974622101262,1.44823246467294,4.61742828670039,2.91084123947985,-89.1930874738912,-43.2892949545126,192.793606567383,-0.222303088506063,-2.07032108306885,11.2277902234179,184.813930635369,-5.62605482533405,139.227682588847,253.513421020508,-0.150134706497193,6.27720832824707,0.0229582215445608,0.67994616253757,0.281506350006369,0.782466902844378,0.200237273307967,0.000259007170753567,0.0258736727733217,"SSP2-4.5 , 2090s"
"112","ssp245","NA_STSS","NA","STSS","2090s","12",3133,19.3673334887982,1978.0946718702,142.582727052234,2140.04473241123,564.431058021173,7.92073725788123,18.1075899192995,2.41404843959908,70.1145043319286,28.4345641373186,82.9974902725165,17.3097951492622,0.0226918010917456,3.62810525559271,14.4883105095736,1805.71834665346,78.8699572124683,1917.82866571783,511.340107421875,7.86702315012614,8.49607372283936,27.682318467036,2119.89635559104,209.81505239004,2283.44476212863,644.310321044922,7.96963868141174,26.4517154693604,0.0431286419195418,1.25264402366347,0.508003118205998,1.48280746130285,0.309251440214321,0.000405404691861899,0.0648186050652955,7.11418040865909,119.403246813616,-51.3093236608073,75.2081035614674,219.3275998379,-0.182908336154293,1.28975012053836,1.279724667209,39.7635291913383,13.3407308634692,44.4019337082987,8.23382217929355,0.0113220612019103,1.39437311158307,4.90935674064079,-0.771740752597907,-81.6235827058585,-44.8022182262407,190.586906941732,-0.217266925175986,-2.15843772888184,11.5336295764734,189.104656705884,-7.24811103451029,137.956001880104,241.622595214844,-0.148186937967935,5.84938144683838,0.0228631646417286,0.71040289988352,0.238341366692335,0.793271198716493,0.147102917478702,0.000202276439593491,0.0249114382483937,"SSP2-4.5 , 2090s"
"113","ssp245","NA_STSS","NA","STSS","2090s","2",3133,20.3142442683225,1995.07603853422,134.328440111287,2149.71872291383,562.685313115471,7.92079643830501,16.3290152079421,2.51956070826758,77.7868099142515,25.4629591820362,88.4455864542726,22.0601235697102,0.0196750631739399,3.48881785257051,14.6532253139841,1813.54937469314,73.9081998989876,1916.7673912652,480.425051879883,7.86924521128337,6.26974391937256,29.4903610268776,2130.05150057243,201.001981924667,2290.02460388005,646.683386230469,7.9929432964325,24.7732696533203,0.0450136914400385,1.3897150594925,0.45491334422284,1.58014146070064,0.394119336850127,0.000351508586345576,0.0623301394527972,7.44928724516199,116.361958173605,-49.4399772239302,74.371268194837,217.640037615853,-0.183073264320059,1.18398564106311,1.20834230912604,41.822748511886,10.190608279854,44.6895714239723,12.5007041148016,0.0106264866935518,1.34010384997227,5.07512136306249,2.22790069851339,-73.4993676084126,-42.4985135497936,168.3849609375,-0.219914531707765,-2.27865409851074,12.0900810273116,192.9459633686,-10.7638419441355,139.211048927925,254.8666208903,-0.126721620559694,5.64838123321533,0.0215878695355361,0.747192274633785,0.182062252038791,0.798410045078625,0.22333370891222,0.000189849520809569,0.0239418804247573,"SSP2-4.5 , 2090s"
"114","ssp245","NA_STSS","NA","STSS","2090s","3",3133,20.3880121919482,1996.69475960877,133.777430908122,2150.86020270884,561.914930754528,7.92124475390519,16.1600138342612,2.52011956196359,76.4172408114519,25.4816153543753,87.7253808908904,21.0206855978232,0.0202647844051891,3.48975051672185,14.7665531642232,1816.50040840138,72.9753031857127,1915.93143458129,491.187289428711,7.86591765085856,5.96759271621704,29.7705139882052,2128.79765204335,201.390016788987,2284.03216904533,631.428900146484,7.98173930168152,24.6937980651855,0.0450236757471241,1.36524676198455,0.455246649621026,1.56727449111459,0.375549059903018,0.000362044363257791,0.0623468021417286,7.5235890731026,116.625104455089,-49.9857988852104,74.1628946429814,218.047100274991,-0.184048771052664,1.13389352090068,1.21600108725531,41.9232424208631,10.1024417583689,44.932732073949,12.7188840144148,0.0108788090788009,1.34674652037933,5.17388113105167,3.50877634251697,-73.5849140326085,-41.8749701202032,173.496365356445,-0.222545957565309,-2.33495044708252,12.3008410263697,194.371563399558,-11.5229183745079,139.432356830505,256.910604858398,-0.132448498407999,5.45781707763672,0.0217246988940775,0.748987667693955,0.180487096266419,0.802754277957195,0.227231643440005,0.000194357434413613,0.0240605563173684,"SSP2-4.5 , 2090s"
"115","ssp245","NA_STSS","NA","STSS","2090s","4",3133,19.9553830877594,1990.84075295987,136.86181278941,2147.65794883704,554.831909803529,7.92640705966805,16.4775956503266,2.50435948841123,70.581165171419,27.1979023274486,84.2380154159009,16.7458555590183,0.0239611743666408,3.51809109337425,14.9560886054957,1820.0570219502,73.5459174569743,1920.80891881708,499.422082519531,7.85871370633443,6.26000070571899,29.0311487020299,2118.77930452687,205.701959953374,2279.03989027372,621.8669921875,7.97050820350647,25.874698638916,0.0447421111530938,1.26098124172177,0.485909301239212,1.50497029938993,0.299176270117104,0.000428082921733824,0.062853126108632,7.55884201699307,120.976640657627,-52.9600901706073,75.5753925040133,220.106911682644,-0.189088202933804,1.11360764697369,1.45135941275831,37.3951087821333,14.0565301562065,43.2087723972507,12.8307140270238,0.016183177543602,1.42909391578249,5.21655456226534,13.6893478900297,-87.3675804021333,-35.1129342725312,163.025545247396,-0.239468495051066,-2.62338542938232,12.8944173674125,189.233291322051,-11.3387473167716,140.931384518519,250.565161743164,-0.140332492192585,6.67990875244141,0.0259295378595655,0.668089434226426,0.25112961521143,0.771954548191873,0.229229563817473,0.000289123638925113,0.0255317493850351,"SSP2-4.5 , 2090s"
"116","ssp245","NA_STSS","NA","STSS","2090s","5",3133,19.3813646176585,1979.93024984107,142.404098328163,2141.7157127869,557.601840712912,7.92573928710825,17.6625018949768,2.57529226661392,63.4837001343022,29.9192297438232,79.2416284402366,29.2692626605479,0.03211958188588,3.58234318590078,14.9122394708028,1819.17420753333,76.4147579362293,1921.41211531069,479.057588704427,7.84140367507935,7.50842571258545,27.3198236029527,2102.54937930008,211.31911564902,2280.29720621751,664.702718505859,7.99589193662008,28.0765171051025,0.0460093742043563,1.13418012907587,0.534527694209879,1.41570639679787,0.522915583560299,0.000573838504247902,0.0640010340982572,7.68392621435771,131.631835832951,-58.2982788673214,81.0174831799877,230.97123578921,-0.199157207849369,1.15398077548979,1.83818620215569,30.7442174667969,20.595922375028,37.9409611792442,23.1405700867638,0.0284384299681106,1.53860230818211,4.35746960048002,36.9274880193673,-106.406128948264,-21.8850945172712,136.952828979492,-0.281141010920207,-2.80230903625488,13.8796535735835,190.547456137462,-6.71997894708377,141.700584833647,278.543307495117,-0.118036047617596,6.89984893798828,0.0328404654992679,0.549266669413732,0.367960371691126,0.67784146413177,0.413422259767017,0.000508072183941886,0.0274881924147252,"SSP2-4.5 , 2090s"
"117","ssp245","NA_STSS","NA","STSS","2090s","6",3133,19.472954328905,1976.54238220461,145.91457885676,2141.92991539027,594.359632138726,7.90328574531809,19.7437412212901,2.54896295197108,60.2916804611397,30.9480779422071,76.6990944589884,34.4668887299163,0.033021494617923,3.68630513988563,15.0873662549401,1817.64123038058,79.5339315372135,1922.71616465831,512.151216634115,7.80351166725159,9.54129505157471,27.2754963943219,2092.31522971161,215.960685851228,2280.46210648336,746.138454589844,7.97388259569804,30.9182472229004,0.0455389828217351,1.07715249399377,0.552908777542671,1.37028227197636,0.615774761487438,0.000589951797844204,0.0658583861766658,7.84001659460872,136.530072755827,-60.4722156478401,83.897873702596,250.083557368861,-0.20280872677203,1.23209799492951,1.8188200349345,30.9749215909537,21.5600334579006,38.1369457747686,23.9934132144426,0.0287026069841549,1.65171027820845,5.28856255535212,45.9988288035554,-110.045898339183,-18.0657244384129,183.364714558919,-0.286349360148114,-2.60557842254639,14.0729815046104,191.383338450662,-10.8948908398415,144.460280837171,310.030042521159,-0.145953035354614,6.48528909683228,0.0324944755523656,0.553388357859128,0.385184881763832,0.68134286422941,0.428658891005996,0.000512791888708971,0.0295089443836966,"SSP2-4.5 , 2090s"
"118","ssp245","NA_STSS","NA","STSS","2090s","7",3133,19.662303943209,1973.76683295383,149.918480074117,2143.34761697116,643.506788291593,7.874925720824,22.3051650076814,2.41237330935917,55.6233388339583,31.4273647667223,72.864570463884,33.3411433512232,0.0303008618056283,3.76052922214569,15.2503664198607,1819.06271984834,81.6852889776537,1926.77582638572,579.916054280599,7.77030715942383,11.8434391021729,26.9483690463589,2083.82897502072,219.442603169592,2278.18819111623,835.430555419922,7.92922196388245,32.4034156799316,0.0430987145613742,0.99374934801952,0.561471567539835,1.30177585362785,0.595662543135144,0.000541345814454948,0.0671844506470756,7.76186885258434,134.311040200837,-59.200947192529,82.8719618608923,268.048033523829,-0.199663883893339,1.48417429913353,1.68447396699831,32.0791349414102,21.6474432527479,39.5548388953044,22.409497159779,0.0266084386709862,1.76912867251538,5.25736873208165,31.5304145228893,-109.043982072589,-27.4017097768046,219.908416748047,-0.268107891082765,-2.37890625,12.9098241762797,188.469213300844,-6.84226495661653,143.873553878739,336.548033650716,-0.150969505310058,7.92873764038086,0.0300942903024454,0.573115891662271,0.386746518092412,0.706674503674858,0.400361137227887,0.000475378126078381,0.0316067050581562,"SSP2-4.5 , 2090s"
"119","ssp245","NA_STSS","NA","STSS","2090s","8",3133,19.4470526530251,1967.45296804988,154.427879351211,2141.32790005411,664.269398905114,7.86390503572128,23.9250211345202,2.27279474011302,52.1684271154652,31.669090672816,70.2033888276498,31.9741800203869,0.028744520266921,3.71030519899756,15.2390742463295,1812.18172778897,85.8401466104605,1922.90212622866,592.00048828125,7.7609890460968,14.0598478317261,26.3397282312804,2078.74422648108,221.888086110577,2272.88715713886,865.258719482422,7.92462425231934,32.549617767334,0.0406050470632776,0.932024965059225,0.565790167728455,1.25423200654122,0.571240799542223,0.000513540698440556,0.0662871638012184,7.46114824938607,131.21049003,-57.3184738486371,81.3531644307486,271.259492410198,-0.193794018651909,1.66058554960326,1.58300747990061,32.8995651985163,21.8116142168609,40.4767728844133,22.8705712948417,0.0258634149288793,1.80938224755931,5.01017082260841,25.0197612726176,-108.554001441245,-32.0134234718075,222.804043579102,-0.25930619239807,-2.1886157989502,12.1459673466412,184.457920744599,-4.63549730228631,144.052366529059,339.307136027018,-0.153265857696534,8.20573234558105,0.0282815214627293,0.587773444592138,0.389679545702244,0.723145490850383,0.408598544954795,0.000462067762596105,0.0323258629655009,"SSP2-4.5 , 2090s"
"120","ssp245","NA_STSS","NA","STSS","2090s","9",3133,18.9858952789751,1961.92726290817,156.395252866812,2137.30841105396,644.045115859452,7.87525750515156,23.6475447486049,2.17940470373252,52.9685330656873,31.5465300003791,70.8771348167217,27.8438987463433,0.0273974521930195,3.61849171917337,15.1547566075698,1807.09386434087,88.3422170675075,1920.0476537793,570.047680664062,7.77753399213155,14.3329563140869,25.5643304193538,2082.40975595211,222.841485350873,2270.15356643643,823.708133544922,7.94012250900269,31.9074096679688,0.038936569591228,0.946319410215658,0.563600536705215,1.2662689437587,0.497450473228472,0.000489474397347529,0.0646468526004281,7.16217858748115,129.282014707769,-56.1404259768004,80.3037673184495,259.850236057441,-0.190297503774525,1.71417701354389,1.4693772876328,33.9071509345511,20.9525104697586,41.0830563003396,20.3932973140656,0.0237379911164915,1.67633371295106,4.64449935136102,17.8863535981575,-105.975124392197,-36.0807844218461,219.522317504883,-0.249835538864134,-1.87735557556152,11.4445404198146,182.490488422073,-4.5127354615537,143.598574501809,309.262738647461,-0.151161756515505,7.42679405212402,0.0262514396328962,0.605774659356453,0.374331064175226,0.733977162625612,0.36434033509417,0.000424095598894632,0.0299488590442408,"SSP2-4.5 , 2090s"
"121","ssp245","NP_SPSS","NP","SPSS","1850s","1",7558,13.8416441313815,1820.39176317212,136.964314279062,1971.19772158257,270.664643684733,8.17209911486204,6.17136334757653,2.47711043795654,81.4849863351092,22.451108137678,76.8806974956417,27.1101634724356,0.034936464583074,3.26445228238078,7.95732685619448,1424.14089013857,86.9426781406765,1526.88414338991,157.57298634847,8.03895382881165,-1.50271999835968,23.2164052872497,2007.593482577,215.822734155599,2131.0625438761,384.366662597656,8.352151927948,14.7692537307739,0.0284932458625218,0.937290366297037,0.25824643675582,0.884329007806602,0.311837753116286,0.000401860675922871,0.0375497353945501,-4.02147147275826,-55.4985070961288,23.7148763367315,-35.8051022321556,-84.3470239797646,0.103372233099516,-0.475610224598882,0.691667190682056,11.6222990588039,4.25014375287581,8.25709410970961,8.29173465532814,0.00913353261257619,0.411753156861697,-6.42586747999222,-96.2318196004198,7.05752412893402,-72.6123620398776,-111.063706461588,0.0362998867034907,-2.65476417541504,-1.15221580183238,8.42953345648357,37.43407945484,31.0158946290344,-33.328347269694,0.156311225891113,1.07580947875977,0.00795598089498235,0.133686822959512,0.04888776416511,0.0949781685034684,0.0953766253376881,0.000105059502529964,0.00473623773625861,"Historical , 1850s"
"122","ssp245","NP_SPSS","NP","SPSS","1850s","10",7558,12.0097886678953,1773.318170228,157.951406689718,1943.27936558561,274.903422061261,8.16787163247868,10.7839926620992,1.68636566860772,64.5653993122402,25.1276429240082,63.1935227220088,15.7891352632385,0.0245105351269178,3.48514069409167,8.11181023966519,1399.87368978917,96.0746006203538,1522.7247464926,177.369337463379,8.02419061660767,2.1429431438446,18.3770603101599,1958.9855055303,237.819234606715,2097.35965231161,410.876864624023,8.28769683837891,21.1960258483887,0.0193976137977094,0.74267088323005,0.289033583972966,0.726890715991826,0.181616332529443,0.000281935231022389,0.0400882290674746,-3.46713139296667,-61.1647937426667,26.1235359882988,-38.5083891473346,-85.0635217664872,0.100808566611936,-0.487052209692707,0.483351820376038,13.7724814633746,4.94981040961566,9.72614351470867,7.69363626803922,0.00958959009075134,0.546705144329575,-5.51684970686789,-104.292572897791,-4.61708325857958,-66.0041513984963,-111.235218505859,-0.00632146199544081,-3.0868034362793,0.377341709887848,19.5516240608315,41.5604452732335,36.1404762833515,6.48948364257808,0.149369544982909,1.4466438293457,0.00555980954463749,0.158419541761198,0.0569357598324904,0.111876077147122,0.0884969302954843,0.000110305355784615,0.00628853839255485,"Historical , 1850s"
"123","ssp245","NP_SPSS","NP","SPSS","1850s","11",7558,12.6949281997856,1792.6713827161,148.998022115391,1954.36433303127,271.50921866023,8.17181297265449,8.75786238464254,1.97980463803744,72.406332163467,24.0389874876787,69.1273457023771,19.849058615577,0.0276393622245532,3.32592229935702,7.88590940770111,1421.11653998189,95.3664997158154,1539.94014451975,174.371155090332,8.03515162467957,0.35333251953125,19.8201616766375,1984.27579136198,227.983951678824,2115.2427325153,389.683538818359,8.32348787307739,18.7886161804199,0.0227729290737225,0.832862109304665,0.276511200420097,0.795145192858749,0.228316064801616,0.000317924922232034,0.0382568012887628,-3.74378206268923,-59.6648872114,25.487968560486,-37.9207007136032,-85.7076866972117,0.10340822166188,-0.481410636715719,0.575382384465776,12.8617396225252,4.57503247125113,9.17175721025506,7.38174366931709,0.00869740790091885,0.477013138093948,-5.59007579279029,-100.095014933197,2.06161952683743,-78.174792427194,-104.807208862305,0.0170435269673668,-2.77286815643311,-0.138286412682124,8.21538882426921,40.26455558519,18.3123769281617,-8.42331542968753,0.147099475860594,1.18942832946777,0.00661840162405995,0.147943629669845,0.0526248337720122,0.105499185332543,0.0849093500399097,0.000100042928199824,0.0054868981273908,"Historical , 1850s"
"124","ssp245","NP_SPSS","NP","SPSS","1850s","12",7558,13.3420313295094,1809.10511837039,141.826970136317,1964.27411983621,270.422268655981,8.17284699788956,7.19264819471537,2.25697405663625,77.6156211939846,23.0376758334477,73.3416823191339,24.0977951838604,0.0319570180273824,3.2628460702546,7.82100844328662,1432.91112909147,93.504633601659,1545.97700408675,160.268203735352,8.03330521583557,-0.725220620632172,21.4200755167066,2001.4884334381,222.720907797257,2127.29676137073,389.616156005859,8.35365940093994,16.572940826416,0.0259611019822437,0.892782551623709,0.264993498701255,0.843621081349106,0.277187642665157,0.000367589251466076,0.037531259756033,-3.95369742336076,-57.7373575421651,24.7094503858185,-36.9816045797073,-86.1057721254384,0.104885410501471,-0.499979091205265,0.640206564833399,12.2500975063638,4.41274735435961,8.70638821827012,7.78275077948988,0.00876425712704375,0.43151238045445,-5.86477327752792,-98.7779830148727,6.19786847998327,-71.9080402109419,-103.766496785482,0.0345251750946058,-2.70124530792236,-0.826387735444925,0.641506658156914,41.8068541486997,14.1086055568051,-23.8458333333334,0.147045135498047,1.21636009216309,0.00736404916594946,0.140908146338696,0.0507581306712685,0.100146225326303,0.0895219801462196,0.000100811869061931,0.00496352046344508,"Historical , 1850s"
"125","ssp245","NP_SPSS","NP","SPSS","1850s","2",7558,14.1488068856649,1827.05477122936,134.278166359376,1975.4817444744,271.24753682361,8.1710420628259,5.62060142788436,2.60843833441264,83.2547069660837,22.2156537734185,78.5667185960602,28.4317355786935,0.036124896340654,3.31494488093697,8.08253345652278,1458.2098716929,83.829531762584,1558.03874569356,155.16050974528,8.04268312454224,-1.69086813926697,24.2404419431774,2015.96477822134,207.822978756808,2136.95210655342,380.521151733398,8.35124351501465,13.5416622161865,0.0300038599978441,0.957646780074022,0.255538096026456,0.903722658169343,0.327039287279502,0.000415530748011982,0.0381305322790386,-4.06933756051004,-54.2280153624009,23.209726556797,-35.0876263661139,-83.7706473515338,0.102841947511332,-0.47399380150314,0.729817716155079,11.5619692549728,4.30163237072001,8.28016080290756,8.91745910560267,0.00997853689223773,0.415045123081564,-6.54405932509161,-96.4347235848386,8.2695598496793,-70.5075008270665,-123.32976175944,0.0398945045471208,-2.8403959274292,-1.27813532323171,46.4098939196294,37.8303685217288,72.0271444129571,-30.6307515462239,0.157018629709878,1.15270566940308,0.00839481167355029,0.13299287249729,0.0494800178752702,0.0952434957777206,0.102574092326108,0.000114779260812175,0.00477410395386301,"Historical , 1850s"
"126","ssp245","NP_SPSS","NP","SPSS","1850s","3",7558,14.1941018263159,1828.18800866218,133.904587349212,1976.2866978377,270.425211246659,8.1720203855054,5.46119419020089,2.64623601229548,83.2126163148765,22.4572201828002,78.6513291858737,27.9499991552225,0.0358672499742534,3.37329642401812,8.11438328487703,1465.71904827406,82.0108495768504,1563.55216324342,160.51450958252,8.05392818450928,-1.7259556055069,24.9682867888015,2017.23488028556,200.997246001198,2137.74863858559,380.754125976562,8.35220590591431,13.8441495895386,0.0304386321066875,0.957162627548974,0.258316741253238,0.904695901146801,0.32149805902235,0.000412567141242195,0.038801727570937,-4.09478898605815,-54.4077836680447,23.2407981824139,-35.2617744716889,-83.5669593952507,0.102962437192553,-0.45758646449204,0.763663107955104,12.090949178168,4.47794683262732,8.59495003691675,9.14622719489115,0.0105435625594139,0.434424714510321,-6.4771355713823,-93.5833828355792,6.7217141861132,-70.0025094596149,-120.194085693359,0.0309434318542507,-2.81871700286865,-0.731070805820512,-0.942545797463254,35.7004598336816,4.76990098367378,-17.4617899576823,0.156627750396726,1.27030277252197,0.00878412216011342,0.139077524508352,0.0515080951201376,0.098864394911672,0.105205523413603,0.000121278533112188,0.004997019918704,"Historical , 1850s"
"127","ssp245","NP_SPSS","NP","SPSS","1850s","4",7558,13.7741264879291,1819.61947822888,137.452582422923,1970.84618713974,265.49134877037,8.17893355748013,5.81244976004523,2.55079222590213,80.8938595940292,23.7018190488418,77.0548519926499,25.4180558045612,0.0353947091333409,3.435796796955,8.19008796627899,1469.16885788588,81.8579578971112,1567.56363285313,165.159933776855,8.04882427215576,-1.66854071617126,25.0822541917035,2014.96456083497,206.760399584936,2128.64752065557,372.878317260742,8.33973104476929,14.6864566802979,0.0293407790477019,0.930490863411974,0.272632881925429,0.886332239808407,0.292374091315895,0.000407131686224166,0.0395206452523218,-3.92999968217927,-55.1807696614455,23.4365972872585,-35.6741720563663,-81.3796122060926,0.101837329321918,-0.468414632019413,0.707517123993732,12.408452607108,4.5996197682667,8.7929286201503,8.61770029842312,0.0109920407836722,0.434810075678895,-6.27387092574565,-93.6073291762928,1.814655637595,-70.7283587600227,-111.328131103516,0.0167725880940761,-2.63004589080811,-0.167196188849012,7.19544984959248,36.0532945092702,8.84290929833855,-7.94378662109375,0.149120299021405,1.27741575241089,0.0081382965640111,0.142729643979637,0.0529076519654301,0.101141666187571,0.0991260823942343,0.00012643720513261,0.00500145257957927,"Historical , 1850s"
"128","ssp245","NP_SPSS","NP","SPSS","1850s","5",7558,12.7830312582475,1797.85844575201,146.667330994159,1957.30880800442,257.395512225733,8.19119895133682,7.03286472012401,2.17999452564999,73.2807757980687,25.582939238342,72.5576226784541,22.287376407775,0.0376490949118193,3.45155064304895,7.61631917915613,1449.42296084286,88.9485860809242,1550.91090659018,182.048216247559,8.05738269805908,-1.49979078769684,20.4716228176574,1988.50854108137,229.618701161343,2117.813340743,360.251625366211,8.30456611633301,16.0171241760254,0.0250756361309178,0.842920497130998,0.294270681853557,0.834602345740693,0.256363093823612,0.000433063016241147,0.0397018556671491,-3.66046846300328,-58.3262734395472,24.653512432719,-37.3332294698315,-78.8071597008189,0.100829468633734,-0.432103841869973,0.635831775781123,13.1299364500546,5.16512005937405,9.01572309655255,9.64958062175506,0.0124837883592873,0.483193346691076,-5.81710085692782,-99.8954536782073,-2.18032794571289,-80.4468042207284,-114.368558349609,0.000380388895672823,-3.14436149597168,0.309554003982779,19.7060024030559,38.1810270498711,17.8352284613259,1.37756296793629,0.150247020721435,1.578369140625,0.00731372765498526,0.151028594324326,0.0594123836814457,0.103704385110259,0.110995403722374,0.000143596202077407,0.00555798668296804,"Historical , 1850s"
"129","ssp245","NP_SPSS","NP","SPSS","1850s","6",7558,11.9146969742955,1773.63870588239,156.892034799475,1942.44543765616,259.079275552956,8.19038339139118,9.17501092369841,1.9432293414845,60.8087108536935,26.6357969779481,64.4003489412313,27.4467576039941,0.048328035716195,3.31940931771674,7.73240894661853,1420.00626667151,92.0209976162443,1529.23060538232,183.090436808268,8.02227857589722,0.210907936096191,18.4935826994858,1958.1258139428,238.911981682204,2096.81579665897,364.532692871094,8.32468086878459,19.4086799621582,0.0223522175458032,0.699459144973207,0.3063812983094,0.740772372477845,0.315709465575861,0.000555898753085162,0.0381818849732319,-3.41060933021913,-60.8617851437638,25.7983912652608,-38.4740032087222,-79.10353620913,0.0994908827109209,-0.426410747205284,0.598383166552923,13.202731471842,5.17891095220179,9.24078088743134,12.2323041517619,0.0115842674460729,0.537933823385353,-5.85933599102668,-107.094383501868,-5.89005006121315,-68.2226081450922,-128.964476318359,-0.0196535746256501,-3.05705106258392,0.825665565131928,33.9894900302838,44.5440228103952,43.9565497390208,17.3900588989258,0.152633476257325,2.07528400421143,0.00688297074822868,0.151865927380444,0.0595710150020294,0.106293138066335,0.140703476244208,0.000133249359988348,0.00618764527112868,"Historical , 1850s"
"130","ssp245","NP_SPSS","NP","SPSS","1850s","7",7558,11.5735882382051,1759.8254305805,163.530134648303,1934.92915346701,273.743311472675,8.17078505208743,11.6802916628734,1.67945676294264,56.0373264615981,25.7353420601517,60.57039253846,26.9282458894223,0.0446853068597197,3.34445133708853,8.10130369828015,1411.75835735267,96.6834245983117,1530.78016714547,196.595867411296,7.95655564308166,3.26574087142944,17.1743711601906,1946.51941038201,243.460565112611,2090.08871320627,427.376040649414,8.29707454045614,24.7364730834961,0.0193181433208426,0.644575750795301,0.29602371272591,0.696717861320513,0.30974522533065,0.000513997848172874,0.0384699336625117,-3.25458617797451,-61.5218964096402,26.1899463292533,-38.5865362583614,-82.267699182438,0.0974521218032138,-0.439411970104638,0.522960985675157,13.334973002022,5.16942300563664,9.3721136857351,13.1501585329707,0.0111421473591984,0.560886225369891,-6.08607736974362,-102.208388199882,-8.52822845266351,-68.9008772350287,-132.86111907959,-0.0278221448262528,-2.80901908874512,0.949602133598994,28.6013109445184,42.3511258372204,33.582280479377,25.554047648112,0.155631465911867,2.31900978088379,0.0060154184944783,0.153387050692073,0.0594618788125124,0.10780380858572,0.151261201143769,0.000128163823169703,0.00645165789763893,"Historical , 1850s"
"131","ssp245","NP_SPSS","NP","SPSS","1850s","8",7558,11.4715392657115,1753.39196404573,167.016696396857,1931.8801997083,285.301802698829,8.15550503504648,13.2816874179912,1.48646696998413,53.800331325242,25.48613417188,57.5104989635617,23.0982226164681,0.0363324933008655,3.65933887642141,8.08903058078727,1400.43508420351,97.9559682644685,1526.22039294826,208.46414642334,7.94263474464416,4.17681217193604,16.8715398831427,1939.04296613005,248.139134896243,2085.4449177302,446.480824584961,8.26376463572184,27.7637023925781,0.0170982561751326,0.618844458626495,0.293157170515033,0.661521085832919,0.265689944991397,0.000417918655768125,0.0420919635646818,-3.21727246511392,-62.1582678306711,26.4363556333575,-38.9391846624275,-86.2432272010694,0.0977845471914036,-0.516500549447605,0.453815000381471,13.4481414110478,5.14927364720909,9.40408729749223,12.5267735633914,0.0121250149942999,0.631499397127867,-6.03506978967587,-101.226194732968,-9.15899671945439,-70.7429022566428,-137.331912231445,-0.0247693379720051,-2.95256233215332,0.831619019257232,22.1273523558611,39.0299214469272,37.0578429610582,23.5287892659505,0.156543502807617,2.44017219543457,0.00522005889759065,0.154688783248213,0.0592301085148094,0.108171588708459,0.144090644299369,0.000139469370450981,0.00726389397448186,"Historical , 1850s"
"132","ssp245","NP_SPSS","NP","SPSS","1850s","9",7558,11.5549952486145,1757.48131940713,165.31679044055,1934.35310509629,281.725719961825,8.15956933475855,12.7075102927679,1.49958975325041,56.9472090553566,25.7504530519942,58.3590109992587,17.5221585237279,0.0285870546166213,3.68976204994147,8.04149213511716,1401.08236703825,97.2399380881775,1527.66211933995,188.28265838623,8.00225493431091,3.91235494613647,17.3951352887814,1935.7987606677,247.399812155555,2087.77455301555,432.893780517578,8.27031831741333,24.2563133239746,0.0172492024891431,0.655041779298809,0.296197528636254,0.671281192479746,0.201550630609155,0.000328825862260979,0.0424419095944358,-3.24072124992137,-61.3964872814587,26.2496825794604,-38.3875259519197,-85.5971164739767,0.0985037596333527,-0.554884991849238,0.428802481517651,13.6663649565093,5.04672036256213,9.6339115146681,9.73019113404411,0.0109274980913265,0.555704373878618,-5.7657216554102,-104.729407550319,-6.39283011424413,-71.2495784360981,-125.330340576172,-0.024053255716959,-3.24770736694336,0.815297707945877,38.4589299548838,40.206864814768,44.8147089092099,23.9482828776041,0.153839235305785,2.20310592651367,0.00493234954127477,0.157198924515453,0.0580504776397865,0.110815168027657,0.111922635351034,0.000125694795438857,0.00639205305875023,"Historical , 1850s"
"133","ssp245","NP_SPSS","NP","SPSS","2090s","1",7558,26.9667704735559,1940.22553906033,82.1635672984345,2049.35587683232,580.715648640688,7.87693182259471,9.01353332934913,4.13552310111738,83.7650013334933,14.051792326755,84.5808163735897,37.1682892238736,0.0271690452349714,3.28720106399671,16.2059209053998,1481.43221159247,47.3742489022544,1552.69767837725,409.997708129883,7.78488612174988,-0.190216109156609,40.4274987320383,2108.13597822423,145.999288820398,2207.8103285151,723.756097412109,8.01105207443237,19.6134986877441,0.0475693270209956,0.963516499344535,0.161632346883015,0.972900505063306,0.427532493875726,0.000312515047318047,0.0378114058545034,9.10365486941617,64.3352687920804,-31.0858706438965,42.3530530176001,225.703980976191,-0.191795059167815,2.36655975717372,1.29387985848373,20.0031181744465,6.36909437964659,15.0841274019727,10.1654060590182,0.0112284990791612,0.87786333683809,5.2620503823575,-7.03415010051367,-55.5618322468645,-26.1371667255994,176.411549072266,-0.303408638636269,0.252594947814941,13.8792757746737,143.059491672717,-16.354970885187,126.707342456303,266.721676635742,-0.145259265899657,5.01025199890137,0.0148830009189072,0.230088152481307,0.0732612358739171,0.173506899046684,0.116928744755891,0.000129157093695656,0.0100977233420629,"SSP2-4.5 , 2090s"
"134","ssp245","NP_SPSS","NP","SPSS","2090s","10",7558,22.6907919803122,1901.6115957208,100.026116287767,2024.32850398888,579.813992284658,7.88498058661557,14.2415760361135,2.56473505597716,70.1360283178042,15.8972061375993,73.243365346742,21.1097444215958,0.0218317651425629,3.39543215040021,15.4907918074987,1416.97954818,56.5566032737715,1505.24914426346,436.713516235352,7.78696532249451,6.58978891372681,32.2642474998909,2061.32252278732,156.506727433356,2170.51484299275,729.683569335937,7.95957851409912,25.0266914367676,0.0295011580438336,0.806747679900999,0.182859430110622,0.842490179139863,0.242817247339087,0.000251122373184555,0.0390563462930117,7.21387191945027,67.1286317501363,-31.8017544136526,42.540749255934,219.84704845691,-0.182082479251179,2.97053116432166,0.899305796777988,19.9829755977908,7.48874981264166,14.6765430060236,10.1790034266465,0.00905587342742732,0.924489137164335,4.44284353822471,-51.0106660327258,-59.6941882767859,-79.9567881536386,177.977258300781,-0.282025512059529,1.26554727554321,10.8695144591303,144.108315170917,-11.3019792206326,108.845457221871,298.054021199544,-0.140712022781372,6.04649543762207,0.0103443676876694,0.22985646019171,0.0861402004306829,0.16881861295917,0.117085150030755,0.000104166218878971,0.0106340419380673,"SSP2-4.5 , 2090s"
"135","ssp245","NP_SPSS","NP","SPSS","2090s","11",7558,24.335391434389,1917.79726815714,92.1682668613169,2034.30092645285,577.196445497943,7.88358922940994,11.924366674989,3.27077731764372,76.8355870079591,15.4565281830543,78.4674893286136,27.9923205112287,0.0238920212923332,3.33253702715003,15.7452912013074,1451.7006662122,53.6531223958728,1534.54638672142,447.391781616211,7.79588027000427,4.04203367233276,35.0018798881832,2082.40430363902,154.37104962429,2187.66090780781,719.149755859375,7.98301264762878,23.0695381164551,0.0376224898353996,0.883810119267431,0.177790481583886,0.902581262181989,0.321984865255712,0.000274820704964871,0.0383328879510415,7.89668117191419,65.4609982296448,-31.3417866935884,42.0158927079706,219.979540140502,-0.184815521582679,2.68509365363073,1.08461560482485,19.8961348381561,6.8056396842204,14.8612571972274,9.32155796221253,0.00868779962393935,0.87171383854418,4.93111736637539,-28.0897841723825,-57.4196468446905,-55.686748071322,176.879656982422,-0.279301373163857,1.18066310882568,11.3588943988358,132.951290210472,-14.6609424359021,122.183117714243,266.53180847168,-0.13842746734619,5.57742309570312,0.0124759149293708,0.228857564431051,0.0782826481221381,0.170943309050076,0.107222285599093,9.99324078959663e-05,0.0100269880352576,"SSP2-4.5 , 2090s"
"136","ssp245","NP_SPSS","NP","SPSS","2090s","12",7558,25.8645577359431,1931.35553951884,86.0747911727648,2043.29488842754,579.063059418359,7.8798613282028,10.1710288329661,3.79803156387274,80.9746002388545,14.6747504647418,81.9779811526466,34.2261769802274,0.026264510178525,3.3026472342783,15.8166617340962,1477.26728560759,47.9343634540824,1554.52468543713,411.441603393555,7.78848633766174,1.48325991630554,36.988704850088,2100.63130772646,151.530328586664,2200.74339168092,715.513165283203,8.00551545143128,21.2422313690186,0.0436872920499732,0.931419591905002,0.168797994048249,0.942961095518391,0.393690511609282,0.000302110529473514,0.0379890771931422,8.56882898307294,64.5130636062842,-31.0427285777333,42.0391640116238,222.53501863694,-0.18810025918529,2.47840154704551,1.22404023440169,19.7751445471569,6.40129218201684,14.9192700578054,10.0245093164017,0.00954968602561956,0.876579453033508,5.08705242152871,-8.03323702397324,-56.3511195068361,-31.233983953832,174.823120727539,-0.285762564341227,0.434128284454346,12.6785231559794,138.420120850383,-15.5182967060452,129.63328758586,258.182540893555,-0.141286525726317,5.19397115707397,0.014079662662597,0.227465859783735,0.0736315947748005,0.171610608607781,0.115308063874214,0.000109846354715753,0.0100829553218962,"SSP2-4.5 , 2090s"
"137","ssp245","NP_SPSS","NP","SPSS","2090s","2",7558,27.5397326869172,1944.91725956343,80.2935682057754,2052.75056045612,580.959336669783,7.87581115993678,8.41180728524928,4.32358548609787,85.0282112862783,13.747389327454,85.8718947295914,37.9149608433002,0.0274794919994039,3.28284092981949,16.5729249894978,1513.22132636503,42.6205336460142,1582.64991996404,409.293477172852,7.80350036621094,-1.05397915840149,41.9394908932417,2108.29979985201,140.848369272547,2208.31461263459,694.908227539063,8.01694414138794,18.1202068328857,0.0497325360934024,0.97804671616861,0.15813091660059,0.987751281379796,0.436121169497488,0.000316085996699495,0.0377612529129142,9.32158824074217,63.6344729716623,-30.7748715968033,42.1811896156012,225.941152494639,-0.192388955377789,2.31721205586179,1.33930497100829,20.0733662729539,6.32308927898619,15.2330956192003,10.2358223788322,0.0122950097271859,0.902849820360438,5.5052479119899,-6.92139129575753,-56.0620017874201,-26.5895581712423,173.732651774088,-0.332759380340576,-0.12363338470459,14.1885747038639,142.093804395968,-16.3005708960614,132.820652867699,272.867547607422,-0.145204448699952,5.3079674243927,0.0154055084662747,0.230896189261371,0.0727320569467441,0.175220422987372,0.117738716520755,0.000141424754290649,0.0103851332238886,"SSP2-4.5 , 2090s"
"138","ssp245","NP_SPSS","NP","SPSS","2090s","3",7558,27.5237886175993,1945.32801634793,80.2188195465444,2053.07062451207,577.135351895928,7.87810286823255,8.23713378739334,4.30920256977975,84.8934596344077,13.7160060553222,85.9615468697324,35.8834072675566,0.0274749049021615,3.27860253131583,16.8602560889251,1521.47600275013,40.361126046528,1590.55790298322,407.0296484375,7.80606336593628,-0.73695307970047,41.9390813804088,2108.15435068133,136.436898005017,2208.40142445182,686.549304199219,8.01732064247132,17.2286796569824,0.0495670949549725,0.976496719895413,0.157769926926848,0.988782515365975,0.412752992354647,0.000316033233089315,0.0377125002498202,9.23489780522531,62.7322240177074,-30.4449696202536,41.5221522026791,223.143181254018,-0.190955080080298,2.31835313270041,1.27342154526382,19.6929023520356,6.36128534372736,14.8987630814991,11.1617091611063,0.0134731438500877,0.898756767575242,5.63913939186714,-6.82508224844264,-59.9926801300381,-26.6487384916295,150.743293253581,-0.35787353515625,0.128105640411377,15.0628352915254,146.218705366661,-15.5776966039364,138.618978184251,288.124548339844,-0.142608070373536,5.64812678098679,0.0146476768334021,0.226519859536851,0.0731714115459475,0.171374724769565,0.128388835031401,0.000154976376660202,0.0103380524165294,"SSP2-4.5 , 2090s"
"139","ssp245","NP_SPSS","NP","SPSS","2090s","4",7558,26.4409473317861,1938.52184568465,83.3481610687635,2048.3109540852,561.841595009587,7.88951045263602,8.61894166426098,3.99113727235385,83.2318598325765,14.2461762301638,85.0573477387756,31.7628325958036,0.0298112143559302,3.28249536151888,17.0847391253918,1515.03855704179,41.8834536816416,1585.38476862925,405.486431884766,7.7735519250234,0.271108061075211,39.9791082525096,2098.30591940809,136.100889930943,2202.04857475564,669.124188232422,8.00466989517212,17.7470817565918,0.0459085125272272,0.957383978310201,0.163868269943479,0.97838186154277,0.365355611350516,0.000342906899542426,0.0377572779740496,8.73682116167766,63.7215977943237,-30.6678240669011,41.7905948891002,214.970634033124,-0.187585775522199,2.33807727219634,1.14116311598828,20.4653441131457,6.81309288186731,15.2554174471884,14.2500131899303,0.014839157809346,0.934698762354644,5.81373821717711,-6.54769464178753,-63.1367764836224,-25.7236507626658,156.976610310872,-0.365817737579345,-0.364062786102295,14.9190962081402,142.640136810209,-13.554850573816,124.023119238922,321.127813720703,-0.128385305404663,5.475905418396,0.0131263591379958,0.235404959157983,0.07836837937972,0.175477182364435,0.163912405011627,0.000170689108315757,0.0107514793184336,"SSP2-4.5 , 2090s"
"140","ssp245","NP_SPSS","NP","SPSS","2090s","5",7558,24.0187068402949,1920.24290830473,91.561407650767,2035.8230227958,537.585578646906,7.9104456143812,10.04593470544,3.29709462917159,76.8941421194013,15.2986034103575,81.2036839381573,47.6028802768225,0.0464400313666746,3.19142599390858,15.147263659415,1483.37005533523,48.6060561176277,1557.31022837075,373.469763183594,7.75419557889303,2.01886296272278,34.038680496768,2085.53304240695,141.967674317688,2190.00893729447,703.026879882813,8.06688146591187,19.7593326568604,0.0379252077184274,0.884483656127663,0.175973933840481,0.934054653332749,0.547557569783043,0.000534181767319774,0.0367097421669641,7.57520711904412,64.0581891131758,-30.452410910673,41.180985321547,201.382906720354,-0.179923868321885,2.58096614344606,1.30718240913128,22.08015106055,7.95001651723657,16.1495467507154,33.0182036206035,0.0231592437058045,0.975384263691265,2.82271851403931,-8.72710820649695,-64.9263244561271,-24.704022167926,85.7241923014322,-0.358794514338175,0.148870468139648,14.4524714575271,145.61935212443,-8.42832130693644,105.851083548714,360.246014404297,-0.0800593058268237,5.7411937713623,0.0150360150277622,0.253979460588309,0.0914459734074663,0.185762006846986,0.379795660009717,0.000266391847044135,0.0112194689465346,"SSP2-4.5 , 2090s"
"141","ssp245","NP_SPSS","NP","SPSS","2090s","6",7558,22.5004460427253,1903.13700075658,98.8063465105951,2024.4437933099,549.116422163114,7.90629217942335,12.5819367896274,2.76555568864436,70.3798357833271,15.0819688207524,76.3833265952211,59.978626701837,0.0532838820680979,3.0355371867844,15.7774685005459,1450.6061154829,56.6675657627217,1531.91494051766,373.615144856771,7.70553935050964,4.3963041305542,32.0002613756787,2066.83438179369,150.970888348306,2173.19903680067,782.843513183594,8.05283705393473,23.3369483947754,0.0318111203180931,0.809552103132123,0.173482069719543,0.878607942191846,0.689911007165939,0.000612903942033516,0.0349166133502011,7.17513973821061,68.6365097304223,-32.2872970236188,43.5243524450141,210.933610401028,-0.18460032925691,2.98051511872366,0.939838336441627,22.7988157960071,8.858577157616,16.2994196931826,31.1666763195533,0.0169964353319847,1.05753938168467,4.55586347316596,-26.8199580107714,-65.9506652191901,-46.1063383363035,122.863499450684,-0.354717699686685,0.90909481048584,14.1103634866691,153.297986313863,-8.83749686354912,126.168189093696,412.491206359863,-0.135222053527833,6.68129253387451,0.0108105978566486,0.262245983826973,0.101896795991177,0.187485937493122,0.358498255662451,0.000195503439523753,0.0121644675788046,"SSP2-4.5 , 2090s"
"142","ssp245","NP_SPSS","NP","SPSS","2090s","7",7558,21.9682812221897,1894.19297889355,103.652231001646,2019.81349111739,585.59780487025,7.88409144371782,15.4029374465944,1.94766903944491,66.0740038374459,13.6831007630669,72.427806039024,52.8513951820707,0.0426951357477969,3.08003412121293,16.4728592644819,1445.1924664787,62.0371992877961,1535.81331035846,446.132847086588,7.69787185668945,6.20104026794434,29.939901205684,2046.54227326597,156.980576897769,2155.29091317782,827.102879638672,7.99007762273153,29.2554626464844,0.0224032856789,0.760023779163691,0.157391430042719,0.833109115011997,0.607929212208366,0.000491105677548748,0.0354284444229595,7.14010680601014,72.8456519034071,-33.6879573174032,46.297801392014,229.586794215137,-0.189241486566393,3.28323381361635,0.764856491698224,22.5785459168419,9.85461887539401,15.303636578032,25.2513663567708,0.0163030727113794,1.14209145082875,4.11677391650564,-34.2616852271028,-63.1779872905023,-60.6212515320792,166.347406005859,-0.340855471293131,0.896282196044922,13.2131715516732,164.214849731537,-8.81212317219328,128.458444650757,441.448828125,-0.140493202209472,6.812744140625,0.00879784919298206,0.259712304372479,0.113353879663792,0.176031828426778,0.290456726895721,0.000187527956752348,0.0131370374155756,"SSP2-4.5 , 2090s"
"143","ssp245","NP_SPSS","NP","SPSS","2090s","8",7558,21.6261087259613,1887.66232678337,107.314353086257,2016.60278859559,607.058938369993,7.87167189578677,17.1910113640932,1.66033858379906,62.2214325458194,14.3569353548756,68.4682259354688,44.5596392547641,0.0345890613871779,3.38128078918605,16.1309817485753,1420.14583434058,61.0437492276092,1515.66942215603,459.432824707031,7.70541796684265,7.60288858413696,29.5501839024323,2038.38932059145,163.260585665113,2149.16229349652,817.968474121094,7.97272772789001,32.2744674682617,0.0190982342806825,0.715709137663185,0.165142289431497,0.787563592424794,0.512552342187316,0.000397864630965642,0.0388935686436239,6.93729699513586,72.1120949069702,-33.2659876772419,45.7834042248642,235.513908470095,-0.186048592068309,3.39282339665446,0.751404530836108,21.8566230356547,9.438367686545,15.1579014826802,23.2301150723896,0.0144643317338599,1.17520821144,3.90370630145518,-42.6828766907383,-60.5147546370197,-69.2868471958166,163.880346679687,-0.313476244608561,0.826830863952637,11.2611126063868,149.759634734756,-7.02333271726981,113.37018831495,410.852553304037,-0.129172801971436,6.92880439758301,0.00864311647606151,0.251408303940259,0.108565902800627,0.174355493839903,0.267207053036479,0.000166377628552538,0.0135179667386319,"SSP2-4.5 , 2090s"
"144","ssp245","NP_SPSS","NP","SPSS","2090s","9",7558,21.6143456851698,1888.62102740239,106.654618984654,2016.88999207221,593.941949447488,7.87885360921956,16.5490697100312,1.85294862651493,63.1314547441267,15.3635456327586,68.4110349679875,30.2750057441581,0.0266237041118452,3.44778493266609,16.0085047169111,1414.80300600675,59.2812864249324,1509.14875121089,434.552487182617,7.7483195400238,8.46362209320068,29.2230029001959,2034.45749700495,162.1340815423,2149.48193244673,746.048931884766,7.9672728061676,29.3506412506104,0.0213137533058339,0.726176771983968,0.176720939174349,0.786905746786347,0.348241712981184,0.000306242198735245,0.0396585401531769,6.81862918663394,69.7432207137981,-32.4124888764359,44.1493610239961,226.619113011686,-0.182211965905635,3.28667442541406,0.743122510391021,21.0309759486411,8.69832980929297,14.9056806831579,17.4655601425977,0.0118947992400722,1.09023449333468,3.98105314077052,-48.3717983307133,-59.333330992778,-75.567140629026,171.545059204102,-0.294563468297323,1.18973827362061,10.0631139179667,155.995501395547,-8.58928287057829,108.0148844556,355.296904500325,-0.135221529006958,6.60551357269287,0.00854785158953712,0.241911203978354,0.10005353255624,0.171454295273092,0.200899601262925,0.000136821287432103,0.012540546836504,"SSP2-4.5 , 2090s"
"145","ssp245","NP_STPS","NP","STPS","1850s","1",17525,8.19799637247698,1652.98213326186,247.325640588348,1908.50577022269,276.876853199247,8.16934349230711,23.5986469768794,0.820529571781029,58.0637061570451,24.7426567154327,54.7642718106689,19.4640343375604,0.0275838517362379,3.83067530078436,6.67687479142771,1418.09896462086,153.664127212193,1627.39010009567,230.295266723633,8.07525447209676,12.2236213684082,11.1759117985801,1799.25923176364,277.658832182066,2013.52220038726,366.25448811849,8.24501838684082,29.7200927734375,0.006198194841748,0.438607182936986,0.186903449307568,0.413683599863672,0.147029286182592,0.000208365540288799,0.0289365218589214,-2.20154565769273,-77.4156347759465,30.9972837373134,-48.6198966963259,-79.9272127345366,0.0887645795311152,-0.684515780182851,0.345088647284868,10.1345062299065,3.35453225274074,7.86058024266757,3.6362017254081,0.00656942763012306,0.313707682764623,-3.63386869898329,-105.288451993955,19.5438835853578,-80.5124691909921,-94.7925198364258,0.0636178970336925,-1.61572074890137,-1.58587945307217,-42.3769130981468,44.1165376090237,-18.2534600547974,-66.6395135498047,0.114202251434326,0.690305709838867,0.00260676366471977,0.0765550034979517,0.0253397869138148,0.0593780036562173,0.0274674887451762,4.96247714288741e-05,0.00236971513032477,"Historical , 1850s"
"146","ssp245","NP_STPS","NP","STPS","1850s","10",17525,8.22130842994476,1640.2016448253,254.552680266621,1902.97563352187,298.494513460081,8.14033544975728,26.4865451366632,0.837207969327244,60.6563346072802,23.5474291874347,58.3204992767611,14.0337964475499,0.0183936776080615,3.02335028116564,6.47104632333427,1383.50998008194,162.000669714483,1592.91147747737,247.95042368571,8.07655309041341,15.3851442337036,11.4201566948331,1762.69549414615,284.71660888152,2012.25781148152,364.733404541016,8.17723970413208,30.6531372070312,0.00632418171802254,0.458191627958188,0.177874825168317,0.440546971391612,0.106009835285447,0.000138943923036923,0.0228380728275801,-2.22228415582574,-78.6268736632688,31.2716481707736,-49.5775096483209,-87.7424965848628,0.0895270886829053,-0.801483899349695,0.32913461459573,9.47954925244123,3.11520182397747,7.67201454902811,6.06557769999862,0.0060117939580957,0.31169127925359,-3.6997077171441,-107.2495941343,21.2420569027906,-81.5435300401671,-111.790465698242,0.0695346832275412,-1.55898475646973,-1.61873546412269,-49.0988863411221,39.4058243128667,-22.7691304446519,-71.9316314697265,0.117960755030314,0.596717834472656,0.00248624856505767,0.0716075267720605,0.0235319098060903,0.0579535980651918,0.0458187415850822,4.54124648059175e-05,0.00235448342842054,"Historical , 1850s"
"147","ssp245","NP_STPS","NP","STPS","1850s","11",17525,8.1572054927766,1641.67409807919,253.034970375377,1902.86627394734,289.558408208809,8.15164250565772,25.5796560902504,0.810155082856002,60.4070609394677,23.7871053074307,57.9498395888827,14.2561736242846,0.0203126987826715,3.33695036535661,6.45686884732217,1387.21705438004,159.313116019588,1596.39722797315,247.817314656576,8.08974854151408,14.3409757614136,11.2423589695996,1768.61804285514,283.832519958783,2012.55645789873,354.448816935221,8.20240001678467,30.3709354400635,0.00611982703399026,0.456308640659309,0.179685313591574,0.437747046752132,0.107689649294792,0.000153440008924302,0.0252069751694971,-2.20856741070532,-78.4461269421426,31.4199815534069,-49.234712799441,-84.8889667963123,0.0894953693240062,-0.760616486238351,0.325121205828924,9.7656605535706,3.13953920677241,7.95603411018476,4.71442203031096,0.00589948715500418,0.305402348916791,-3.61803159015741,-102.359277264449,20.4255917239919,-79.0374185652533,-104.20364440918,0.071245606740316,-1.57842636108398,-1.67495991796702,-48.9207792154323,39.0334434077154,-18.9832607496737,-72.2969655354818,0.116145801544189,0.556407928466797,0.00245593169364712,0.0737687817125456,0.0237157518584539,0.0600990522199952,0.0356122525196381,4.45641109237971e-05,0.00230697750430248,"Historical , 1850s"
"148","ssp245","NP_STPS","NP","STPS","1850s","12",17525,8.15373477574585,1646.68458837605,250.252088966667,1905.09041211846,281.747908730137,8.16219985114802,24.5050609044325,0.802324787707391,59.2835832152248,24.2056170185903,56.5207492938102,16.132492529478,0.0235001228743188,3.6077974408609,6.49597114549715,1382.68663290535,155.980606804454,1592.17894350785,242.684651184082,8.0815421740214,13.0868883132935,11.1168969129746,1780.06514059878,280.438170324167,2012.07435383152,359.355645751953,8.22399158477783,30.2558746337891,0.00606067780077721,0.447822007057419,0.182846707426155,0.426951847651526,0.121863166690881,0.000177517478210911,0.0272529257409668,-2.21475759404566,-78.308925890341,31.4871200411585,-49.0365634432282,-82.5271606080719,0.0896784667787087,-0.720090842222931,0.33385490575612,9.99091753304895,3.1944018906381,7.9499994064294,3.99812311626643,0.00621846046977295,0.294340529837207,-3.6332372706503,-104.901043243047,19.1887572515126,-74.1692315971679,-99.3073710123698,0.0685321172078446,-1.61040306091309,-1.68606841649927,-46.6059717026581,40.3644355755434,-15.9162300871005,-70.8437286376953,0.116218910217283,0.549309730529785,0.00252190515237405,0.0754703494515851,0.0241301788527214,0.0600534666969692,0.0302014051999692,4.6973602089318e-05,0.00222341767621413,"Historical , 1850s"
"149","ssp245","NP_STPS","NP","STPS","1850s","2",17525,8.25229106214393,1657.64176208795,245.627206363162,1911.52125951326,275.731153311418,8.17147990987081,23.1679726684993,0.837624690418532,57.3283955668227,25.2291967861973,53.6956410436816,22.2054943667419,0.0308299792997277,4.0174900134678,6.72862680415376,1441.48566964468,152.195754752016,1652.43359970174,224.285626220703,8.06866213480632,11.6994953155518,11.3601611160069,1812.77584934714,278.778477471148,2021.47181880832,374.36803894043,8.25567569732666,29.3404350280762,0.00632732958570128,0.433052723397513,0.190578722278378,0.405611274458877,0.167737989434869,0.000232886449481634,0.0303477007223519,-2.22919210598651,-77.7747919309716,31.0242898778904,-48.9796941590677,-79.7714765257758,0.0891090621732706,-0.662815815245735,0.371612163458988,10.3918945445738,3.68908391805641,7.80786431476463,3.8594825569816,0.00719367743879673,0.358816681100204,-3.68132039531518,-111.766062093195,15.332290505229,-87.0740173159509,-93.4254431152343,0.0577646255493161,-1.68363571166992,-1.44625104802406,-40.8325900544201,46.4047782055323,-22.7381755338401,-62.5050994873047,0.114369029998779,1.11291027069092,0.00280711954071656,0.0784992879931884,0.0278669553152617,0.0589797930326846,0.0291541288689637,5.43402894030586e-05,0.00271046380095845,"Historical , 1850s"
"150","ssp245","NP_STPS","NP","STPS","1850s","3",17525,8.288870869466,1659.5863973273,245.583766650431,1913.4590348472,277.576293046108,8.16942800622924,23.2337978668418,0.832511268022388,56.2049176365106,25.4735172547183,52.7803085098312,24.1328837412585,0.0331059134813514,4.14883956548788,6.70582552830036,1427.05084933818,151.184973958672,1649.16022752454,224.542294311523,8.06212778091431,11.4323606491089,11.2561953644457,1808.35065541641,278.900822956117,2019.40541926055,382.620103963216,8.2552960395813,29.7034149169922,0.00628870332601553,0.424566088238998,0.192424293626201,0.398696947925244,0.182297287831925,0.000250078619014389,0.031339901544596,-2.24567206588936,-78.3124041658964,31.0994081116779,-49.4586681201078,-80.3160343514089,0.0891543964607465,-0.64255045003006,0.370559688695205,10.4472243642848,3.75423655646212,7.8456370585858,3.8374210650987,0.00748380397495322,0.341771758414506,-3.73985469152621,-116.062852004579,14.0327846415961,-91.7099878734316,-94.0837628173828,0.0547986984252926,-1.68986320495605,-1.42948173165334,-40.5791101693173,43.4610548742568,-25.2719792014932,-62.9393859863281,0.115737113952635,0.746278762817383,0.00279916925607564,0.0789172436829304,0.0283591115533556,0.0592651244015503,0.0289874786592789,5.65318750103343e-05,0.00258170823199198,"Historical , 1850s"
"151","ssp245","NP_STPS","NP","STPS","1850s","4",17525,8.32176535891057,1659.64817522562,246.826515549264,1914.79645613379,282.694563975223,8.16292377096395,23.763030847411,0.800920120722076,54.5848105183112,25.2547639915705,51.7364230038671,25.0041406589393,0.0341896951762024,4.20208260503511,6.73197068066821,1409.90366035842,151.190486827664,1618.87116746898,233.157965087891,8.06142374674479,11.488883972168,11.2166124922107,1797.50890483782,280.834207548508,2008.1475355076,383.474510701497,8.24111032485962,30.2125587463379,0.00605006709281229,0.412327967970759,0.190771854282284,0.390811545642426,0.188878671756072,0.000258265392948722,0.0317420939145363,-2.26036300156124,-78.6740700431882,31.1301084420906,-49.8043246026588,-82.2112625882059,0.0895336461004016,-0.674718009591189,0.3695372590877,10.2622876176919,3.91817645727611,7.49433075930946,4.23949545714669,0.00796983045590545,0.355301918713876,-3.8259707142942,-106.428796266364,16.3126112903865,-78.402036259904,-99.6467370605469,0.0506735324859608,-1.52221488952637,-1.40815293933575,-41.6380999841842,43.7661220228441,-26.6264901626078,-58.7250823974609,0.118134002685547,0.583351135253906,0.00279144592941292,0.0775202507795622,0.0295974964727148,0.056611393241902,0.0320247066989478,6.02032683772451e-05,0.00268391365232015,"Historical , 1850s"
"152","ssp245","NP_STPS","NP","STPS","1850s","5",17525,8.36187077614227,1657.98851005918,248.729609391053,1915.07999022637,290.410031272337,8.15272715895578,24.6387945730395,0.791511631767326,53.9583840071253,25.1349110892224,51.1512728934929,22.5311725509779,0.0311535588395318,4.03833379594089,6.79999594030028,1408.89869862491,155.622819693625,1619.44309136469,236.108668518066,8.06312967936198,12.3241024017334,11.3897189813543,1790.06909219555,282.009412503299,2008.50417024561,380.30380452474,8.23465264638265,30.6555671691895,0.00597899634812067,0.407596007412727,0.189866497953091,0.386391382712896,0.170198128485336,0.000235330735590855,0.030505152482106,-2.27856898680561,-79.2706119053882,31.1977000620941,-50.3514808300996,-84.8955508533173,0.0897118113657028,-0.697696571860374,0.377383571943826,10.0330760692688,3.85732215614124,7.3643650745438,5.18946091054015,0.00817962590088055,0.33757556611995,-3.90726866240129,-110.792047592449,16.9474505833007,-80.687467242306,-102.816555786133,0.0563086509704558,-1.52389907836914,-1.45852297257709,-43.92120005172,43.6668101267969,-28.1618049501103,-65.046802775065,0.119483795166014,0.64613151550293,0.00285071615871863,0.075788810638994,0.0291378094262461,0.055629646008624,0.0392006466961884,6.17880412965738e-05,0.00255001063286871,"Historical , 1850s"
"153","ssp245","NP_STPS","NP","STPS","1850s","6",17525,8.40038050292373,1655.03343566111,250.735956998601,1914.16977316263,298.782984541146,8.14163543467166,25.6183358717525,0.827078465110197,55.0739681558609,24.9666081046143,51.8013018313167,17.1089428983628,0.0242507122360416,3.55236269799925,6.78062789053619,1405.69009796414,158.613060139209,1616.78180462258,254.991434224447,8.07495110829671,13.9567394256592,11.5641148893947,1787.29165512173,281.914045229498,2011.38825863771,367.782284545898,8.20663477579753,30.8528327941895,0.00624766449920825,0.416023013768171,0.188595154753619,0.391301633541103,0.129239170978585,0.000183187351997426,0.0268341774726833,-2.29191505713308,-79.5752828038103,31.2268519260547,-50.6403459348886,-87.7290430329559,0.0897475744472711,-0.725448711548843,0.392383093753236,9.81620028249945,3.68934510075789,7.25628356412002,6.50215600679133,0.00793844014369717,0.338231830205284,-3.99185641397446,-110.196289341412,17.7028063979435,-79.4988156396646,-111.571009318034,0.0584133466084804,-1.62891006469727,-1.54025643600958,-48.0982076870744,43.9827574490531,-29.6388930185046,-66.2218119303385,0.124500719706219,1.0758171081543,0.00296402098270684,0.0741505535559054,0.0278689282621594,0.054813209546812,0.0491166085995617,5.99661492313892e-05,0.00255496798335118,"Historical , 1850s"
"154","ssp245","NP_STPS","NP","STPS","1850s","7",17525,8.40201245910221,1651.17114046605,252.610383238217,1912.18353616337,304.428340438419,8.13433489534396,26.3727811094618,0.864698742564247,56.2585343153815,24.4266163297067,53.0031064729402,15.545182942215,0.021090026424525,3.07760308304706,6.74900465699735,1393.93537211405,160.011265391469,1603.91772810244,262.935992940267,8.08016729354858,14.8073749542236,11.6984064723611,1778.27437961656,282.018875648259,2011.75048053724,364.372961425781,8.17173681259155,30.6689147949219,0.00653184415303192,0.424971103041436,0.184516113182267,0.400379940510992,0.117426691298067,0.000159311860891352,0.023247892836921,-2.28428026564883,-79.3266955187027,31.1919062210577,-50.4190695632938,-89.5094975649942,0.0896422692253275,-0.763517242511235,0.388020018284441,9.65856194609622,3.47281195416724,7.31679503305567,7.60406245559947,0.00718454434557037,0.31088246361925,-3.98830791370437,-105.772516769879,19.3982548377267,-75.8481058576008,-120.808316650391,0.061003494262696,-1.58603477478027,-1.62573388303766,-49.9666601193715,41.435079603692,-26.8329562222509,-67.6140055338542,0.123153750101725,0.891019821166992,0.00293106276548361,0.0729597699971418,0.0262332594472592,0.0552703068745896,0.057440295035709,5.42712989689881e-05,0.002348373719441,"Historical , 1850s"
"155","ssp245","NP_STPS","NP","STPS","1850s","8",17525,8.35696060048768,1645.80027711348,254.055748548304,1908.21298626227,306.158471723083,8.13166676966345,26.8292848113157,0.872263068378292,57.6281803854473,23.890348413208,54.7350467209409,15.5575172058697,0.0195080786749032,2.84825098657209,6.70952381843301,1387.59760831405,161.591391121564,1596.4238476217,259.650085449219,8.06580940882365,15.3436336517334,11.6940172010439,1765.84146982947,283.667735047719,2011.55627640633,373.036567179362,8.16549412409464,30.4922180175781,0.00658898428162003,0.435317266663638,0.180465201249109,0.413462836582699,0.117519863039819,0.000147361992515082,0.0215153910110214,-2.26208050622937,-79.0372340091526,31.182492550265,-50.1168219651169,-89.8671634809101,0.0893650787662252,-0.782532977170782,0.369227694844682,9.47439835013952,3.33630828287904,7.35447504088033,7.99234764958508,0.00685158980542744,0.325143347271455,-3.89564264790769,-107.136923599488,20.4216278026026,-75.9234198355628,-127.538217163086,0.0645602862040207,-1.65803146362305,-1.660703344643,-50.9025454942132,41.2635329861514,-25.488470693723,-69.6009735107422,0.121484867731732,0.867002487182617,0.00278910751339447,0.0715686173930755,0.0252021249454012,0.0555549377254057,0.0603733609107936,5.17561950845894e-05,0.00245609894779566,"Historical , 1850s"
"156","ssp245","NP_STPS","NP","STPS","1850s","9",17525,8.2981964164606,1641.77857549094,254.802077240945,1904.87884914834,304.687604237196,8.1329590051222,26.9331904116211,0.857854572559615,59.3336734451146,23.5761965518794,56.8674614808608,14.6448745689166,0.0181349865388428,2.83804297565748,6.60169827015344,1386.51022076173,162.449706916319,1595.94237575168,253.829391479492,8.06557534535726,15.5905714035034,11.5665359268862,1760.98664187041,285.014197489049,2011.26963772434,375.292874145508,8.16593542098999,30.7288017272949,0.00648014400634899,0.4482003834319,0.178092130840219,0.429570875366377,0.110625855706915,0.000136989797669622,0.0214382807607984,-2.24201419725222,-78.6789957243602,31.1891848173859,-49.7318251042265,-89.5900447639379,0.0894872138360752,-0.812030125491133,0.349074318463051,9.31095846982846,3.21044461957154,7.40585238397107,7.5505059858924,0.00652856811271287,0.310513498885487,-3.79548006441857,-106.722889150915,21.0647462448023,-77.0961051522531,-120.261337280273,0.0666064898172998,-1.62569618225098,-1.63358634078337,-52.7157640280438,39.9112355984189,-24.8755970873794,-69.6998555501302,0.120405371983846,0.885332107543945,0.00263687100927762,0.0703340095764662,0.024251363954566,0.0559430368188199,0.0570357350470177,4.93161228941255e-05,0.0023455865983082,"Historical , 1850s"
"157","ssp245","NP_STPS","NP","STPS","2090s","1",17525,15.9122395653842,1846.91239311084,165.914908934386,2028.73954161061,572.044766799941,7.90880182289859,26.2230705010278,1.63705516420382,68.1947221015297,19.8710400051791,69.3987746185918,20.6028455953465,0.018968162847599,3.92843938479776,13.8790878581059,1590.5274447627,93.3967670493689,1740.54648882728,498.24416809082,7.85569523175557,14.0678176879883,22.1645785663996,2015.84340931151,190.078993799189,2173.83020950424,672.757871500651,7.97123508453369,32.0141677856445,0.0123661440408547,0.515135821182737,0.150103764563817,0.524231108369339,0.155631747698285,0.000143283524644008,0.0296750215572622,5.51269753521445,116.514625073029,-50.4134479166489,71.6138746915942,215.240700866157,-0.171777089877411,1.93990774396551,0.627230714355647,20.8501576947969,5.41883833327045,18.5742855752537,6.48220736310053,0.00940142593083871,0.439555494308975,4.34453852298176,59.5929309731634,-62.0997710218956,13.1193092034985,192.955083211263,-0.202180929183958,0.665054321289062,8.08319216052426,159.461281515143,-31.0764110230702,108.34272186056,238.678565673828,-0.141070874532064,3.34014701843262,0.00473803542493478,0.157499917514259,0.0409333398339804,0.140308216791991,0.0489659186248473,7.10173913453434e-05,0.00332035637859368,"SSP2-4.5 , 2090s"
"158","ssp245","NP_STPS","NP","STPS","2090s","10",17525,15.8118960329146,1835.71669108127,173.773250101483,2025.30183721567,614.504141350903,7.8831194672526,29.3966781810387,1.51102837496274,67.4075593376264,17.7108224652727,69.8588953066353,22.6674230421079,0.0172320750209407,2.84486687917905,13.7137509391982,1549.09275569686,101.585053221605,1699.85760697639,553.871946207682,7.82124629020691,19.1222591400146,21.7394198702791,1981.82154220474,195.623167640571,2173.44082377833,706.371146240234,7.91250143051147,32.9864501953125,0.0114141508137239,0.509189675729074,0.133785706478673,0.5277068120774,0.171227350490674,0.000130169298195523,0.0214898278165811,5.36830344714406,116.888172592704,-49.5077819943643,72.7486940454835,228.267131305959,-0.167688893821775,2.10864914502576,0.467845447276005,20.3681437485594,5.76409436115349,17.6904129675666,10.5979089212319,0.00700785139470908,0.527528575925598,4.17694052153099,61.9117223451028,-62.6550818852837,16.0894827138229,193.135618082682,-0.190699275334677,0.480535507202148,6.79294785474968,162.368588418604,-28.917519218503,112.203112272305,270.381262817383,-0.139633591969807,3.81073951721191,0.00353405573396601,0.153858834416261,0.0435413678742886,0.133631535260773,0.0800554991166417,5.2936578839128e-05,0.00398489586558044,"SSP2-4.5 , 2090s"
"159","ssp245","NP_STPS","NP","STPS","2090s","11",17525,15.7168930680779,1836.66730446206,171.895165458368,2024.27936298851,595.875691999284,7.89409652069458,28.374188311085,1.48764907620495,68.8720805073197,18.2455713712506,71.0028624153932,17.9495191702979,0.0164829420673133,3.3000644767088,13.4577994759682,1529.82966444972,99.3183358380383,1678.92435019529,542.765100097656,7.83977382977804,17.2762107849121,21.5508711968848,1987.12564795849,194.794893579968,2175.43349200973,676.287963867188,7.93301944732666,32.8125801086426,0.0112375460282928,0.520252515962755,0.13782514396472,0.536348220353816,0.135588796503348,0.000124510425963925,0.0249283430121527,5.35112016459599,116.547079440732,-49.719823363602,72.1783762417264,221.428316994163,-0.168050615639136,2.03391573459628,0.481592355390062,21.0752263571285,5.51946655748594,18.5361739321279,8.01340884966705,0.00699793848417502,0.475034695636397,4.2391572773229,58.1705834290794,-62.8322693748988,8.04457418149173,187.400654093425,-0.192480357487996,0.380754470825195,6.92098069756808,165.205795021905,-29.981205830068,114.761514672501,253.619828491211,-0.141046063105267,3.43726348876953,0.00363789844468951,0.159200062725205,0.0416934749488098,0.140020325413109,0.0605324550204986,5.28616977464142e-05,0.00358836256657255,"SSP2-4.5 , 2090s"
"160","ssp245","NP_STPS","NP","STPS","2090s","12",17525,15.7655511119593,1840.94569222389,168.853997147629,2025.56524048348,580.771664045642,7.90328764553614,27.2003392181643,1.53420473521659,69.2311086703353,18.9454176136726,70.9469809010453,17.4957031537322,0.0171862943535205,3.65278348701156,13.5742857650671,1536.98966849532,96.2422470509477,1685.84934932434,518.104483032227,7.85150208473206,15.3848266601562,21.5693307271539,1995.45902695942,192.667583605876,2176.54668845044,672.216630045573,7.95560526847839,32.5473785400391,0.0115892226228533,0.522964577276054,0.143111709518209,0.535926097220302,0.132160717626344,0.000129823475806648,0.0275927456436139,5.39705874216775,115.952177957503,-49.9109717778796,71.4382649217908,216.496594707432,-0.16923373883318,1.97518747150886,0.539645810144667,21.2363360486094,5.41678568126637,18.893369305015,6.88568599560586,0.00782062649865963,0.435707083087084,4.19762214896065,49.588149709087,-62.0950228218789,-2.28663514624304,183.029430135091,-0.195189189910888,0.593591690063477,7.49653600302153,159.602122088974,-30.6869864960169,110.232736991523,238.244745483399,-0.140448172887169,3.33165168762207,0.00407642818960121,0.160417068538323,0.0409178343147387,0.142718542020854,0.0520137541505332,5.90761972393188e-05,0.00329128588143576,"SSP2-4.5 , 2090s"
"161","ssp245","NP_STPS","NP","STPS","2090s","2",17525,16.0753314858142,1852.16922266347,164.143537017939,2032.38809116722,570.639856917994,7.90983472023478,25.7262909719521,1.73301613157488,67.3612921710892,20.7258706815074,68.1114374070319,24.0538952412843,0.0208025405564631,4.16540212661335,14.111883453674,1620.72134031345,91.4146835109941,1772.04892027026,493.491729736328,7.85034348169963,13.2378873825073,22.6894956851402,2026.11732011657,189.513052448047,2173.66153319892,677.687089029948,7.97528381347656,31.7028007507324,0.0130910231840615,0.508840178376589,0.156561066373288,0.514506697283263,0.181700616937987,0.000157140222615562,0.0314650134046247,5.59384831768372,116.752668644546,-50.4593794673325,71.8871374948974,215.137227080801,-0.172536127462763,1.89550248820707,0.694633169199718,20.8664941403568,5.39136274732045,18.4362567446155,6.42210063273237,0.010450732625277,0.464334964242676,4.32282076653034,60.1203889547862,-61.1994105924608,21.2770520601771,190.993780517578,-0.204428787231444,0.617879867553711,8.42953452267557,161.011455570384,-30.6050699447039,111.378174583054,240.631450398763,-0.140628592173256,3.23191261291504,0.00524718654185171,0.157623321320879,0.0407257921221537,0.139265561395406,0.0485118786500129,7.89437447207153e-05,0.00350753791111413,"SSP2-4.5 , 2090s"
"162","ssp245","NP_STPS","NP","STPS","2090s","3",17525,16.1782338049859,1855.21099132607,163.88988523457,2035.27911036563,574.528233902288,7.90759482289278,25.7354664422452,1.73491350072737,65.9138483414841,21.2083858796028,66.7843803536317,26.2028128080824,0.0221126816128046,4.31855127291333,14.1821998944631,1629.4892514102,90.0904050148491,1787.05433453717,499.965155029297,7.8356502532959,12.942024230957,22.7994567673109,2024.62248990331,189.483091764913,2172.81660814173,672.549770507812,7.9705605506897,31.76416015625,0.0131053557128311,0.497906338589554,0.160205935875564,0.504482246652877,0.197933316204338,0.000167036891567727,0.0326218860893644,5.64369086963052,117.312189832874,-50.5944733041828,72.3614073983213,216.635906504771,-0.172678786875713,1.85911812537336,0.719865527363875,20.501755771071,5.3981150740202,17.8725777284645,6.80422687875894,0.011228470193146,0.457551471353104,4.33880903535374,60.7068261621855,-62.6254494044838,26.6785509407739,190.146570841471,-0.205202379226684,0.449827194213867,8.45985331250994,162.379331182453,-30.5475151682656,111.179157969344,244.062135823568,-0.13454432487488,3.0882453918457,0.00543778914484961,0.154868125704727,0.0407767984940865,0.135007588873192,0.0513984204743099,8.48186932261489e-05,0.00345629611303253,"SSP2-4.5 , 2090s"
"163","ssp245","NP_STPS","NP","STPS","2090s","4",17525,16.2459888175705,1856.9538834413,164.93291934532,2038.1327916042,584.418599724575,7.90178909288475,26.2234674705604,1.65208299117971,63.9375155176636,21.0792226657129,65.2911316367477,27.2303557323883,0.0229598565344875,4.31846854936102,14.1103550879978,1607.85435657953,90.543432631956,1759.66375426897,509.440560913086,7.81349765459696,13.1648225784302,22.6851137360527,2009.62106058666,191.135157766815,2176.22202963769,698.315897216797,7.95365142822265,33.1173782348633,0.0124796626791196,0.482977326479006,0.159230250423621,0.49320240152268,0.20569526832909,0.00017343636260475,0.0326212612042745,5.66386045709872,118.631638172497,-50.763487761853,73.5320108677425,219.512773161146,-0.171601031978798,1.78571861355815,0.683186338352734,20.395328952377,5.48205335739407,17.6716157112912,8.63674178687397,0.0118999099704331,0.478358954259466,4.32125404067603,60.0268543021427,-65.1345148409445,28.5987059270346,191.470719401042,-0.207596435546876,0.251806259155273,8.36915144656213,166.774682772442,-31.5673378165371,114.280568696587,260.231098429362,-0.131341409683227,3.09736251831055,0.00516071837501143,0.154064188611733,0.0414108595357914,0.133489542746557,0.0652410470432108,8.98906793034967e-05,0.00361347366964397,"SSP2-4.5 , 2090s"
"164","ssp245","NP_STPS","NP","STPS","2090s","5",17525,16.3319895276225,1857.12123893626,166.750585205267,2040.20381366915,600.949799654884,7.89190707381704,27.1369563304192,1.67546485187954,62.9011326358901,21.0207959041343,64.1200743631106,24.9413064051326,0.0223190079941925,4.10209069181113,14.1077777371717,1586.44085126512,91.8365683624299,1738.68690200031,514.391035970052,7.81436818440755,14.4281997680664,23.0367254849991,2007.60107156561,191.945806946846,2177.98144983128,689.333881835938,7.95005578994751,33.6250534057617,0.0126562868171937,0.475148598237145,0.158788900757879,0.484356356965024,0.188404028353538,0.000168595459542381,0.0309867654265987,5.69154976467464,119.862116971691,-50.7813241236916,74.7723426126737,225.644217529229,-0.171108273773039,1.80046518551925,0.692088295148818,20.0351210209044,5.41922849203652,17.2825330882547,11.1653065809767,0.0121979672294884,0.486103154902691,4.37147539929865,64.2282536781829,-64.6901901912358,29.9951343508822,196.81200764974,-0.209580764770508,0.219743728637695,8.169496742354,163.915321191323,-33.0707928598342,112.746730082435,260.625302124023,-0.130141941706341,3.20330047607422,0.0052279628285845,0.151343215450505,0.0409362870526237,0.130550453175558,0.084341561884881,9.21421727647405e-05,0.00367197255393904,"SSP2-4.5 , 2090s"
"165","ssp245","NP_STPS","NP","STPS","2090s","6",17525,16.37765825841,1854.78383025254,169.010245610001,2040.17173412095,618.994885315376,7.88129759088917,28.2414770591425,1.76462654302722,63.0723799042479,20.5646575427538,63.8812652720995,24.4925760934518,0.0215523262030578,3.55664756533772,14.0670678006394,1583.08647793509,93.7953702031708,1736.45160500268,558.446562703451,7.8126439889272,17.2100696563721,23.2162250301553,1999.12014685512,194.934355108721,2177.81091014388,687.826616210937,7.92072857220968,33.3719787597656,0.0133298049366608,0.476442182249108,0.155343279130257,0.482552417988328,0.185014366361029,0.00016280402522179,0.0268665449138436,5.68536269835316,120.175111787624,-50.4988594625446,75.3616150234321,232.482857741274,-0.170590269335226,1.89769247584116,0.695965387244219,19.789871158368,5.51586971456892,16.8817966547752,14.3196922696262,0.0110539884385528,0.515595219666425,4.03452005896818,64.5617129380173,-63.792666848091,23.8871391959444,186.590880330404,-0.211013237635296,0.330940246582031,8.06740641912159,164.056255567871,-32.423866096455,112.730575851198,278.266367797852,-0.135034004847209,3.69578742980957,0.00525724997807081,0.149490623557183,0.0416663047723998,0.127523331935427,0.10816946251963,8.35006762423722e-05,0.00389475253649871,"SSP2-4.5 , 2090s"
"166","ssp245","NP_STPS","NP","STPS","2090s","7",17525,16.2934289375074,1850.02232683167,171.269520596318,2037.5852763655,628.873638304816,7.87563289228571,29.0967249706461,1.75865572296179,63.4913051233112,19.4540474555527,64.6841675350283,29.8219558400204,0.0220897576646457,2.96627982350099,13.9865307513008,1580.09132508558,96.7631849989105,1734.57754893782,569.648828125,7.79266119003296,18.3346748352051,23.0245403402253,1991.44888595731,196.035562874669,2176.80278693102,734.955498046875,7.90769023895264,33.1320457458496,0.0132847019843684,0.479606699679284,0.146953846317079,0.488617457976724,0.225271945357478,0.000166863726453248,0.0224069685402045,5.60713621275639,119.52449084692,-50.1489564208414,74.9826706388355,234.935800301402,-0.169059733832923,1.96042661867308,0.637154238742142,20.1041593549951,5.67691149734918,17.0999610907995,15.891544591923,0.00959320142291894,0.554267457211585,3.82355811136475,55.6429059487687,-63.3479251939965,10.2411849572977,181.241330973307,-0.2047678788503,0.444215774536133,7.56784131816911,161.945175860439,-31.4818382888376,112.079290978787,294.420343017578,-0.133372131983439,3.94089698791504,0.00481299669358331,0.151864723828704,0.0428827976102727,0.129171323340641,0.120043071090375,7.24660434191563e-05,0.00418687858717959,"SSP2-4.5 , 2090s"
"167","ssp245","NP_STPS","NP","STPS","2090s","8",17525,16.1284355320041,1843.30250393211,173.085691771224,2032.51663123534,631.061926103955,7.87410954861938,29.6614891918815,1.68370830512952,64.2405576404743,18.3071103961137,66.0444905732578,32.1656146858682,0.0217988212989319,2.60204913683936,13.9410204544764,1572.16948385422,99.7706034478561,1726.58260009536,572.616349283854,7.78754714330037,19.256031036377,22.588514026488,1983.28062663424,195.724664160116,2174.4486743023,753.609188232422,7.91017007827759,33.1237716674805,0.0127185570036312,0.485266475081366,0.138290003342847,0.498893196388398,0.242975699943215,0.000164666023477924,0.0196556079056668,5.50939442528704,118.464992809478,-49.7875642268152,74.1868230079499,235.036290899962,-0.168192142277837,2.04967140339503,0.568186045747221,20.4255415412468,5.82744990081102,17.4256850941414,16.0904597493539,0.00860099410443275,0.593789128424362,3.76900050157657,50.6426203717401,-62.9954338679183,6.24017964286077,180.497212727865,-0.197720909118653,0.544570922851562,7.18902683967956,162.214079383009,-29.8464887365302,113.268100212785,292.902713623047,-0.133248138427734,4.12659645080566,0.00429201815390932,0.154292411358272,0.0440199490157935,0.131631808503857,0.121545655451909,6.49710127768885e-05,0.00448542117122879,"SSP2-4.5 , 2090s"
"168","ssp245","NP_STPS","NP","STPS","2090s","9",17525,15.9685232710844,1838.04357656233,174.120056607629,2028.13215644104,627.69431658195,7.87569789146872,29.8638502718768,1.58776278199254,65.5387217221159,17.6840312838239,67.8971916625381,29.1634185843532,0.0196795814949285,2.55822467579505,13.829248476532,1558.15659780586,101.420380128451,1710.41267001865,560.223725382487,7.80326353708903,19.509204864502,22.0979578685881,1980.12753217431,195.742079566958,2173.63882543278,740.022308349609,7.90967063903809,33.1100883483887,0.0119937945245585,0.495072671215295,0.133583328687096,0.512888307265331,0.220297423583309,0.000148657506937699,0.0193245624958132,5.42831265737154,117.586005347029,-49.49283581593,73.5214821884704,233.416667580816,-0.1677738998174,2.11862973476456,0.505614549447889,20.4926381875301,5.87334852800907,17.5872139818448,14.1922432845457,0.00770321280156193,0.595197127543733,3.9655908799626,51.8400026421066,-63.0122191634562,4.46520049128708,186.770724487305,-0.190703058242798,0.446035385131836,6.9011600039101,159.312320419956,-28.997615607966,111.758486481576,288.048081054687,-0.136323213577269,4.25275421142578,0.00381935959419263,0.154799252429203,0.0443666624605323,0.132851980881537,0.107206726173398,5.81892664122897e-05,0.00449605704978698,"SSP2-4.5 , 2090s"
"169","ssp245","NP_STSS","NP","STSS","1850s","1",3381,9.36379493348423,1719.67766718773,206.362520104515,1935.40398222573,251.249492634972,8.20618817629111,15.4844420375447,1.16147995791597,62.7123729732225,25.385314915671,56.7334749783543,15.539410334396,0.0212022792269032,2.85387128017197,7.37449147022954,1563.7682965065,141.404929178884,1792.46160211673,200.50689239502,8.11832968393962,8.09155750274658,12.3667998921308,1842.38644938326,260.321395687635,2028.11436738314,314.569568888346,8.28783111572266,22.5981941223145,0.0199751079393911,1.07852607420205,0.436576113139136,0.975701111969903,0.267246452793725,0.000364636353156203,0.0490808183800684,-2.73393119856551,-76.3109131857103,30.5583071421054,-48.4865372421704,-77.2929875932095,0.0962429838428526,-0.438966673306388,0.45775956550177,8.43742005856833,2.71546431493146,6.10963899231972,6.59121938704234,0.00659196552247427,0.275210586640799,-3.91514222734282,-98.1664637718654,17.8442400163267,-65.4859142809864,-97.117179260254,0.0762805175781267,-1.67856597900391,-1.86405941942945,-39.2039299313055,36.8442889092699,-20.7998461786324,-59.6037771606445,0.120981922149658,0.751283645629883,0.00787253940015737,0.145106573084818,0.0467004982967125,0.105073443162356,0.113355652683508,0.000113368484705006,0.00473306589299823,"Historical , 1850s"
"170","ssp245","NP_STSS","NP","STSS","1850s","10",3381,8.87062845107788,1682.10438823428,227.177985421521,1918.15300210688,280.041808432555,8.16553983962966,21.1471594920664,0.943019456989357,49.0913330315928,27.1830349861451,44.45867820016,16.1833248032332,0.022284953775602,3.43691440528773,7.2425764866493,1535.85845650633,152.705380493848,1752.65359141,244.623352050781,8.06986001332601,13.9044322967529,11.9721246631569,1768.53309494519,275.214462241379,2012.65480419349,368.203281656901,8.22109994888306,28.6716613769531,0.0162180288294489,0.844271715160844,0.467493265181056,0.76459941459885,0.278320480314473,0.000383256167321826,0.0591079818090476,-2.62414157710556,-80.9358886969051,32.431086616203,-51.1289436578077,-87.9210023088975,0.0965495295671771,-0.552532360988314,0.38613344216379,7.92447760401263,2.42220776912112,5.8460907722719,7.7769991208439,0.0077130413334718,0.389117677291639,-3.9243502178669,-100.350959890823,18.5157537099556,-67.4053768312415,-111.130588378906,0.0707376670837405,-1.72711181640625,-1.84206866101746,-43.5902275952612,39.2426571338706,-25.6651649536748,-60.5529067993164,0.122826042175292,1.00520896911621,0.00664071483426176,0.136284999516876,0.0416570783766606,0.100540946405256,0.133748667658581,0.000132648722973686,0.00669203764735814,"Historical , 1850s"
"171","ssp245","NP_STSS","NP","STSS","1850s","11",3381,8.8837231965699,1690.69078469675,221.504460589358,1921.07896848268,264.051857329804,8.18716267213254,18.9855443735232,0.982689228536526,52.24384999079,26.884889630303,47.3779796336058,14.1813488839815,0.0209971376723665,3.31017636125077,7.23859731073473,1546.65063077981,147.81560867605,1771.38921361662,228.551298828125,8.10161371231079,12.4587821960449,12.1678063368881,1789.4979769762,271.717833911401,2012.67207163095,345.602449544271,8.23662017186483,26.0755519866943,0.016900268727938,0.898488635660887,0.462365767608682,0.81480549938169,0.243890540472147,0.000361108333006741,0.0569283435876459,-2.64152362448646,-80.1336983340517,32.044107771845,-50.7311141866931,-83.6849509526767,0.0977260960418132,-0.573525719124094,0.401469965890274,8.0764515459698,2.5218417725743,5.90168749696219,6.73227490442635,0.00681335603390375,0.359719232160658,-3.91145339649649,-98.1476686507394,18.799335202025,-66.5648535370326,-104.516996459961,0.0716992568969754,-1.76140022277832,-1.9546414005251,-43.3374573945432,38.7196154248616,-24.9057406613983,-60.0471715291341,0.122493667602537,0.926345825195312,0.00690447204743075,0.138898644181065,0.043370581876955,0.10149709770963,0.11578152251104,0.000117175954074082,0.00618644380500266,"Historical , 1850s"
"172","ssp245","NP_STSS","NP","STSS","1850s","12",3381,9.0718383179339,1704.2035874443,213.915870795147,1927.19129655738,254.599340386481,8.20079668476449,17.0030230372055,1.07287764600586,57.3922972163415,26.4259967632055,51.8612381204013,13.9436109011076,0.0204849232092181,3.11027466348755,7.39740137482777,1556.15135318319,143.778352146858,1788.21500985248,212.44235534668,8.11112639109294,10.2367219924927,12.310747715397,1815.65974717165,266.290494269656,2015.11352426806,324.813565063477,8.26618096033732,23.9254169464111,0.0184513272387238,0.987031522991612,0.454473737711467,0.891908484744103,0.239801927632266,0.000352299279419742,0.0534904383850003,-2.70658693627817,-79.0417473359996,31.6216749471025,-50.1266593251753,-80.6361798463678,0.0982001094869399,-0.522272753769494,0.434942453907882,8.75153445798336,2.7462005386176,6.34234025157456,6.21471943370578,0.00639493124459198,0.329366908642416,-3.92397166729355,-98.7836510653251,18.5607522623812,-66.366086560804,-101.374649658203,0.0732732963562004,-1.8568058013916,-2.03810086172505,-41.493253515385,40.5035903610432,-23.2921759733088,-61.6839090983073,0.122455310821534,1.01786136627197,0.00748013119384546,0.150508705933404,0.0472290992265827,0.109075434535145,0.106880614387911,0.000109979893329292,0.00566444518216284,"Historical , 1850s"
"173","ssp245","NP_STSS","NP","STSS","1850s","2",3381,9.6005213314529,1730.34974564002,201.338847051524,1941.28911402299,251.428545901191,8.2062703632699,14.6697647317079,1.20001401704273,65.2067463468512,24.4282353418396,59.4416639081466,16.5939422718215,0.0218535630706362,2.66969515579311,7.4098091653378,1568.93724356368,140.823161325914,1796.58586201022,193.75435333252,8.12486139933268,6.09713220596313,12.5897076879963,1877.17324667475,259.679911893513,2048.30901838073,308.748468017578,8.3005820274353,22.2033576965332,0.02063781587951,1.12142425513044,0.420116278715327,1.02227648834569,0.285382270921319,0.000375837119031743,0.0459133612584427,-2.80046479969289,-75.3298999427952,30.1926280054504,-47.9377367370377,-76.7516527601303,0.0959563588057984,-0.384042355592182,0.493822412548575,9.11080829018933,3.06691613359906,6.52037267239792,7.06837521222977,0.00685371428274898,0.312119432254584,-4.56336490711339,-103.60377154885,18.8274376392596,-65.6929672451845,-95.1293664550781,0.0771552403767899,-1.69260787963867,-1.86038197323402,-41.6696730653964,41.0641930200612,-22.6240017524622,-57.7031332397461,0.120492591857911,0.973274230957031,0.0084927474867904,0.156687489759334,0.052744759297976,0.112137232371966,0.121561768550655,0.000117870034390694,0.00536782344523057,"Historical , 1850s"
"174","ssp245","NP_STSS","NP","STSS","1850s","3",3381,9.63074616622692,1732.22168701805,200.429250992096,1942.28168417637,250.680050994659,8.20732448264481,14.4586035501655,1.16312166911037,64.3613402004807,23.9613744850478,59.5218060526167,15.5783836270839,0.0209918231079353,2.62122815316268,7.32037411724884,1566.82961850481,140.381625573558,1795.31274377911,189.356468200684,8.12930428187052,6.24525356292725,12.680213212335,1882.25247768633,263.513630669733,2052.71589947524,306.082963053385,8.30899928410848,22.8003902435303,0.0200033420540565,1.10688497796833,0.412087215498581,1.02365477126428,0.26791671466341,0.000361016933239194,0.0450798267644177,-2.79237415512154,-74.8716244719746,29.9378642272879,-47.7261343998082,-76.01941195915,0.0954279019131512,-0.374727103288462,0.494720272617932,8.44834631031553,2.93974454282161,6.11828045280726,7.25867879219488,0.00726368990998296,0.284825013213362,-4.73743677182079,-101.631792633785,19.3383259106608,-67.5551403461591,-95.4475466918945,0.0769883791605626,-1.53982257843018,-1.89583728836416,-42.9547312020677,40.735293540569,-23.2879423330587,-55.2374852498372,0.121497135162354,2.03135633468628,0.00850818886541916,0.145294482533049,0.0505576649488306,0.105222058818456,0.124834605524852,0.000124920786623399,0.00489841459940801,"Historical , 1850s"
"175","ssp245","NP_STSS","NP","STSS","1850s","4",3381,9.29089248271141,1719.08553892373,206.296648616233,1934.67308002268,246.081717533238,8.21353811614994,15.0211425157618,1.04769309279325,58.2649295823502,24.7994743917733,55.9418254401245,12.71531416822,0.0203234266308147,2.73082244416323,7.2655319016195,1560.84216693977,139.983742957331,1786.80314243635,188.582306925456,8.13495721817017,9.06782341003418,11.9698564036214,1845.06877482342,269.016861327805,2035.06601914202,309.291333007812,8.31019099553426,24.3946437835693,0.0180182038211405,1.00203903610764,0.426500840104616,0.962086339826368,0.218677706199248,0.000349521864653809,0.046964627080908,-2.75477240247824,-77.6972317423642,31.1850513793972,-49.2669527654452,-75.9374590031585,0.0964218774738544,-0.337472364415119,0.45788505078483,9.17321345016839,3.10362468751098,6.56034710243244,7.04795321567689,0.00714860493252198,0.282468119076637,-4.14604816681195,-102.409623270607,20.5551324421579,-68.4706126104932,-98.1082510375977,0.0766470591227204,-1.21169853210449,-1.93944176738427,-44.8860497999365,40.4274710399412,-25.1692376611445,-49.6268468221029,0.123657894134519,1.31514453887939,0.00787469749342179,0.15776073239091,0.0533760722377233,0.112824711780726,0.12121055148255,0.000122941557596399,0.00485788078351051,"Historical , 1850s"
"176","ssp245","NP_STSS","NP","STSS","1850s","5",3381,8.94492883172478,1701.31365927328,214.439434631245,1924.69802273625,247.522618042173,8.21091988305336,16.4628376732668,0.982440236355861,52.188393854809,26.2790077267743,51.9839886693475,15.0521996558145,0.025159427736843,3.0464874961043,7.29315302106772,1557.97246064384,143.584455060654,1770.16498191006,210.523469543457,8.1244296391805,10.7558250427246,11.7175147647606,1816.68550542648,272.923482088561,2018.4651788073,316.78818766276,8.27012189229329,26.5391883850098,0.0168959865656407,0.897534902198185,0.451945823347892,0.894019546108623,0.258867413768937,0.000432691310178515,0.0523934280190922,-2.67076859220185,-79.808001390228,32.1070301170881,-50.3717398653418,-76.8772647769704,0.0962955507008907,-0.338672558126002,0.431864481106781,9.33750722130302,3.08027193806465,6.6458476058098,8.12134223287725,0.00727895496864206,0.352384480295315,-4.15261758096756,-101.050563666326,20.7071849144673,-71.3263392768822,-103.376729736328,0.0789861996968586,-1.34168243408203,-2.02755401396926,-49.0751177687696,39.5616174651724,-28.1804048832614,-57.7935440063476,0.125103416442869,0.832162857055664,0.00742719628221184,0.160586253218728,0.052974452142867,0.114295147643347,0.139670673272345,0.000125183314781839,0.00606030089636241,"Historical , 1850s"
"177","ssp245","NP_STSS","NP","STSS","1850s","6",3381,8.94752460758212,1693.174176807,218.991972427805,1921.11367384239,263.140874584479,8.18850347485198,18.552456211452,0.947625236849751,51.2261336248807,26.3210065177515,50.5696550802427,17.7715898536878,0.0264240769667447,3.33115737848366,7.30377647774244,1555.01855280165,149.715223097515,1753.96864890121,230.19514465332,8.09265635808309,12.1984376907349,11.5836026919565,1789.92810912309,273.522207030614,2010.04176356388,332.807895914714,8.24378808339437,28.3231315612793,0.016297238934823,0.880985970959553,0.452668117673658,0.869695866726874,0.305635429318087,0.000454440721092226,0.0572891746816728,-2.7111993451648,-81.5393570240387,32.6979299655769,-51.5526264036266,-83.5151271946181,0.0978234109389624,-0.418118629496577,0.425695459118329,8.4218109914001,2.83022437118977,6.04280379190568,10.0358703634799,0.0088992221001331,0.513066558026839,-4.19261934543786,-101.79354979978,21.826285060741,-67.6379619617373,-111.204042358398,0.0765799522399906,-1.76951789855957,-2.03645234376108,-51.4241596379031,40.1061127123991,-29.9620569575479,-64.7650304158528,0.127139358520507,1.22336196899414,0.00732110157152831,0.144838128675258,0.048674139335688,0.103924012788355,0.172596687880817,0.000153048634903465,0.00882370789683433,"Historical , 1850s"
"178","ssp245","NP_STSS","NP","STSS","1850s","7",3381,9.09696089163018,1687.57421586325,222.911553792146,1919.58273054703,287.650080793806,8.15565545187949,21.1777505944375,0.942427489775589,50.6911119204594,26.4793718745093,48.5931770660541,18.4024796461097,0.0246239331487093,3.41184805838085,7.40197797786168,1541.02097322974,153.212157055911,1729.74985470464,251.561717224121,8.06388511657715,13.5875186920166,11.7186599563875,1780.30362652777,275.611530116009,2011.79711375837,361.368178304036,8.20719715754191,29.1972198486328,0.0162078481897306,0.871784678915815,0.455391681755447,0.835704439320679,0.316485458727202,0.000423481885490618,0.0586768913010291,-2.75450324560889,-81.9815872311267,32.9378033972878,-51.7982870794478,-91.3138149112432,0.097665897656625,-0.450717298657346,0.422550130978743,7.61586412628826,2.44674760952963,5.6769484179458,9.99532371063106,0.00867339242291917,0.431390667101642,-4.19552956508728,-99.7685020084464,22.592155578407,-67.6717844542463,-121.322529296875,0.0749314308166511,-1.29036903381348,-2.00960900470376,-47.3973815141956,38.687547210086,-27.5419077354461,-67.2631301879883,0.125630769729614,1.05041885375977,0.00726700828419707,0.130977471404074,0.0420791140369701,0.0976320397454732,0.171899367396105,0.000149164820854396,0.00741904763889576,"Historical , 1850s"
"179","ssp245","NP_STSS","NP","STSS","1850s","8",3381,9.14679679639629,1682.50219693378,226.867415779726,1918.51640950991,303.019550576787,8.13627100779224,22.9424596777832,0.947414652048714,49.0982509741875,26.892193100283,45.4301227245373,16.7490565963126,0.021017032663632,3.32600893502332,7.40848254035393,1524.20070569317,155.255870415426,1719.76984503824,267.383415730794,8.04719540278117,14.4827213287354,11.7538328573979,1766.90863837755,277.723623321169,2012.09894842928,379.443208821615,8.1769232749939,29.8940238952637,0.0162936173018345,0.844390689792394,0.462491372532115,0.781306297140658,0.288049923818418,0.000361450486648973,0.0572006318590962,-2.72825874803246,-81.8623959471628,32.7721968056989,-51.8184578894964,-94.8504550940627,0.096221876259855,-0.469910224449285,0.413047479238691,7.73031805641827,2.35390411930807,5.79384172814121,10.6127144393787,0.0100266408698317,0.539321600961769,-4.11247251024332,-99.5270344775518,19.7172658199823,-68.662201583488,-129.726900024414,0.0639305114746094,-1.45817947387695,-2.0107729460255,-44.1208754224651,38.4015308751376,-25.6111212183243,-59.6957550048828,0.126636266708374,1.69837379455566,0.00710358187901091,0.13294584769232,0.0404823936407155,0.0996423684408867,0.182517240191466,0.000172437959242762,0.00927524157419505,"Historical , 1850s"
"180","ssp245","NP_STSS","NP","STSS","1850s","9",3381,9.01902937081302,1680.15425673601,228.990329137905,1918.16361524473,297.611914566368,8.14302123846915,22.8022840802779,0.941055452201219,48.6157425399348,27.2476673473309,44.0492157012503,15.9127683512748,0.02082202880146,3.40492099141906,7.33892145546159,1523.89772367747,155.067196242264,1731.19223440851,265.697941080729,8.04752680460612,14.7272109985352,11.9891913787793,1764.10050709983,278.269887490831,2011.17085816493,380.212622070313,8.18619956970215,30.1962032318115,0.0161842519163226,0.836092519866881,0.468604811172241,0.757557487136297,0.273667456132064,0.000358096814320032,0.0585577597488038,-2.67054385212917,-81.2140999914844,32.5529208137466,-51.331723029867,-93.5803397540436,0.0965612318087802,-0.574361099618883,0.39620291813444,7.64269632925707,2.36386635008259,5.67259088226502,9.06698610285786,0.00885514007590471,0.441168902990655,-3.98096095887172,-99.2998100140994,17.8334646565113,-68.6728122413942,-119.980365600586,0.0711417007446311,-1.4523868560791,-1.84596890223645,-42.8421355472492,38.5774508377583,-25.8249244220806,-61.4565979003906,0.122124799092612,1.65480422973633,0.00681388947066939,0.131438931067584,0.0406537238764908,0.0975570989382901,0.155933836701337,0.000152290513175967,0.00758721353449184,"Historical , 1850s"
"181","ssp245","NP_STSS","NP","STSS","2090s","1",3381,19.0151481155522,1903.03422867038,129.289439527534,2051.33881631347,548.461333800132,7.9186285717856,18.0329692213925,2.35604579588352,67.7963093005631,18.9567607329152,67.774807911766,27.3327912012101,0.0227412525447679,3.02688496725914,14.9346500808344,1742.67413928378,86.0409526101109,1900.65594957399,461.115141805013,7.85702433586121,8.00255012512207,25.5032857983874,2044.36128331491,177.35878602231,2173.09723532178,615.425099690755,7.97925318082174,25.6799621582031,0.040519226149511,1.16595950445928,0.326017973224973,1.16558972402601,0.470068769424698,0.000391103583977257,0.052056304139426,6.91742198350244,107.045648296936,-46.5147734348748,67.4482968455634,219.91885357195,-0.191316620662658,2.10956051054143,0.85889174354577,19.679635778275,6.01481890981109,15.2396295627579,9.76178057948433,0.00681644954544448,0.581334105850351,5.03895875712275,57.8158046702777,-58.9923933116465,34.3440471903996,192.666034545898,-0.212890450159708,-0.534454345703125,11.025987193159,149.794930688736,-27.024434126743,100.578682185317,245.734804280599,-0.162347714106242,3.43800926208496,0.0147712021792973,0.338449963083552,0.103442729373432,0.262090829374817,0.167882897528188,0.000117229156220634,0.00999777175152105,"SSP2-4.5 , 2090s"
"182","ssp245","NP_STSS","NP","STSS","2090s","10",3381,17.5591953605153,1869.32864058644,148.503806051848,2035.3916419988,599.852994191749,7.8889449348929,24.1813887799522,1.68690589208118,49.9223318277156,19.8196853910995,52.4991953143447,29.797490187568,0.0247237801044964,3.31376477990757,14.6327552191603,1694.92342727737,96.55087374657,1848.13731650748,512.774291992188,7.82081472078959,17.3934917449951,22.2130401107812,1980.72988514292,192.276786011,2172.59478256051,714.671463623047,7.95300998687744,32.1946182250977,0.0290113721276576,0.85856321501577,0.340858533385581,0.902880059176257,0.512456610863601,0.000425199051340681,0.0569900571363928,6.06442533233186,106.288363655255,-46.2430927534692,66.1096962341178,231.890183450296,-0.180045375169589,2.48169692689742,0.457966936540475,17.4521630734733,7.08586867553077,12.5196562699188,13.1795049236491,0.00837385778475635,0.757815075893917,5.04793597314639,58.7289184162,-60.7344814379181,33.7510669811197,198.913711547852,-0.200947570800782,0.0933170318603516,7.02135919837405,145.229133797372,-25.6254046717523,105.845766829721,263.260777587891,-0.148369773228963,4.02587509155273,0.00787610576292878,0.300141934256006,0.121862620765357,0.215312785770682,0.226660849068798,0.000144013430433829,0.0130328877703923,"SSP2-4.5 , 2090s"
"183","ssp245","NP_STSS","NP","STSS","2090s","11",3381,17.7198834134888,1877.4220155073,143.058416215923,2038.20031513671,569.184638496225,7.90722734670056,21.8683609021632,1.82179447631974,54.9699700343054,19.893656530592,56.8505491960724,23.6872097786552,0.0223755215563578,3.33839980925479,14.7651551564825,1720.12464376635,93.0988279734442,1875.80520586961,497.350001017253,7.84942011833191,13.8529233932495,22.1044825828463,1997.62253204884,187.442682657856,2174.94276377862,657.859291585286,7.96143660545349,29.9116706848145,0.0313311831683849,0.945372390954147,0.342130687490086,0.977714551909096,0.407372136632141,0.00038481375011445,0.0574137298540724,6.19463659243243,106.597532476496,-46.40193660159,66.3902324673385,221.447830213744,-0.182209229390166,2.30929080951594,0.544598646543884,18.8234813914972,6.63184264080691,13.9317454513358,8.94755275989769,0.00747616337180786,0.638951645857161,4.91677141449449,58.3490776376932,-64.6862176861857,32.5418633755141,194.593832397461,-0.20194444656372,-0.676216125488281,8.63295515640115,145.929579480053,-27.0340108868868,101.709913367162,246.09397277832,-0.152181895573933,3.60830688476562,0.00936599609336297,0.323725837908499,0.11405429054916,0.239597865876121,0.153879824575745,0.000128574900760524,0.0109886769952958,"SSP2-4.5 , 2090s"
"184","ssp245","NP_STSS","NP","STSS","2090s","12",3381,18.2669911021685,1889.44610464273,136.069564356428,2043.78266010133,553.061007712543,7.91656695458036,19.7366053982578,2.08618264869561,61.3691750421359,19.6636414290818,62.2532999066821,22.6771000511287,0.0215567118914262,3.21757382915061,14.8048082414069,1732.1885335017,89.0928983825703,1893.00060540338,472.890803222656,7.8575101852417,10.5629167556763,23.0431223051567,2021.67284799233,181.585161219003,2175.86183909317,622.008664957682,7.9697790145874,27.3183040618896,0.0358781254079929,1.05542578437392,0.338174892601813,1.07063094523859,0.390000290738067,0.000370731878681926,0.0553357671841059,6.48856584795644,106.20076986243,-46.2246314916168,66.4647042187694,217.825487479694,-0.186029620697194,2.21130960728273,0.691071019189707,19.3175673791975,6.22420698828338,14.6093884906154,7.63838268334023,0.00693831997884855,0.565814480132082,4.95938003327878,57.8551367560628,-59.5366516429534,32.9216278588858,191.328472290039,-0.208349800109863,-0.739999771118164,10.0582348035573,148.183053736029,-27.1606014091847,99.7916096415374,237.303110758464,-0.156381893157958,3.39333438873291,0.0118850248840007,0.332223118355217,0.107043781152414,0.25125195664345,0.13136474507564,0.000119325081376531,0.00973086555414024,"SSP2-4.5 , 2090s"
"185","ssp245","NP_STSS","NP","STSS","2090s","2",3381,19.5490605655183,1911.54354164511,125.116678012422,2056.20928022305,549.024420631496,7.91754700694424,17.1057285747273,2.47360473956593,70.8256056899125,18.2273240804436,70.6033836935021,29.9624600509388,0.0234215172100891,2.89927343960436,15.0772221031167,1749.81404231265,84.2406351299268,1902.67777037949,453.161508789062,7.8564789613088,7.32133007049561,26.0581325444344,2055.28546889581,174.8256472001,2174.28710462549,602.909265136719,7.98396172523499,25.035665512085,0.0425410023956637,1.2180572801852,0.313473136984997,1.21423551095488,0.515293759111506,0.000402802761414229,0.0498616437650977,7.1480744343725,105.863896062301,-46.0295410336518,66.982429463022,220.844221970175,-0.192766997519857,2.05192148742713,0.895973492184553,18.9683858786616,5.6963006342045,14.8854088066181,10.2514029544763,0.00619928959113762,0.531712587478782,5.15070038253704,56.7405797395459,-58.0698233253207,33.8596628249707,189.343399658203,-0.219531726837162,0.721338272094727,9.13198765271582,153.245057576483,-26.161176649135,104.433958099617,244.437796020508,-0.164550892512004,3.33646011352539,0.0154089333141247,0.326217902237534,0.0979648587545309,0.255998948245021,0.176303412857229,0.000106615252279262,0.00914438192001069,"SSP2-4.5 , 2090s"
"186","ssp245","NP_STSS","NP","STSS","2090s","3",3381,19.5784122652201,1912.69115626487,124.500710960757,2056.77027949085,545.983109559587,7.91936248781615,16.8473945879491,2.37748112591806,69.9951031422599,17.8684503062483,70.6347078497796,26.998596351267,0.0226470291616696,2.85993576281419,14.9554263074297,1751.36458803327,83.2408577331458,1901.42879617238,438.951205444336,7.85636285146077,7.01464605331421,26.5164421777593,2058.35798986406,173.276115372245,2176.56233790011,596.400936279297,7.9972519715627,25.1945190429688,0.0408878705055659,1.20377431480105,0.30730123334834,1.21477422313711,0.464321293409373,0.000389483132212269,0.0491851152252695,7.15529194387168,105.597844774848,-45.9906758040513,66.7624609146687,219.283646605779,-0.192534092915514,2.01406393449513,0.83150563084993,19.0901506194612,5.61983623391378,14.9932196867567,8.17540044923325,0.00607498447061348,0.514206039359572,5.26161305113458,56.0482542927325,-58.2617086900259,33.9138190725553,192.362075500488,-0.220224142074587,0.754454612731934,9.42451215414906,154.404759593252,-26.2581950097316,107.510507299663,238.059118652344,-0.163018544514976,3.20052242279053,0.0143002163879271,0.328312009694237,0.0966498256031467,0.257853077498936,0.140600365342675,0.000104477455425372,0.00884330467287952,"SSP2-4.5 , 2090s"
"187","ssp245","NP_STSS","NP","STSS","2090s","4",3381,18.9332214561775,1904.18522361988,128.453944211598,2051.57238928765,537.194735499939,7.92594228981308,17.3968460983911,2.00681016820344,65.7358554077508,17.6713623008119,68.640605899322,20.6539647637742,0.0218237825188934,2.90269151444467,14.7482621405656,1750.03916700326,84.1275224853974,1883.56490662573,438.116923014323,7.85838821729024,8.86099338531494,23.8318758146226,2039.73439336283,176.914963484207,2175.66746442052,609.189831542969,7.99977909723918,27.0287170410156,0.0345130791543381,1.13052386165498,0.303911717967277,1.18047969964485,0.355206452527196,0.000375324953727898,0.0499204277444636,6.8875565709879,107.402452953783,-46.6576530252382,67.6323564995328,215.175558963543,-0.191173948863006,2.03823121821423,0.644164805058408,20.4479649346754,6.2616775445149,15.7506417857448,8.72465683544376,0.00832029724876592,0.528965415740385,5.32445331978356,53.0937894216183,-60.1754963688009,31.7853879836739,192.040119425456,-0.22791207631429,0.417210578918457,9.02880322026127,153.9646795043,-27.0963031730871,109.287465364107,239.705667114258,-0.161857891082763,3.62933731079102,0.0110783327978264,0.351663671789828,0.107688198992062,0.27087920686075,0.150046465145069,0.000143092297459981,0.00909713611811069,"SSP2-4.5 , 2090s"
"188","ssp245","NP_STSS","NP","STSS","2090s","5",3381,18.328691494275,1892.30539690361,134.076177314817,2044.71026571271,543.885567784118,7.92262355355952,18.9144125481743,1.87401459208194,61.1164114342878,18.4608354183475,65.6740486221056,32.6432427153244,0.0294925912648938,3.12712756353103,14.7820352497135,1738.602079316,88.7049177313198,1869.63318668005,470.196305338542,7.84625870386759,12.3590440750122,23.522398285987,2018.23078130665,181.398846504513,2177.10916134395,632.805893554688,7.98317732810974,29.1996955871582,0.0322292636232806,1.05107876115109,0.317489060073392,1.12946090985264,0.561397803110022,0.000507212965590592,0.0537802742062437,6.71299407034838,111.183736240111,-48.2562271993406,69.6405031111186,219.485684964974,-0.19200077879295,2.11290231678144,0.591353248427159,20.5989326542114,6.57218748951508,15.6458491837831,15.6787782528219,0.00898854162063455,0.559364325788079,5.27048019439382,51.4425818342991,-61.1796881906045,30.5859305511412,176.806569417318,-0.22820528348287,0.410879135131836,8.27384045529076,155.202499715223,-27.6406603481521,110.716414714247,257.09987487793,-0.161831363042196,4.00698661804199,0.0101700807552778,0.354260011461936,0.11302834250927,0.269076985891573,0.269643299329797,0.000154584750142433,0.00961993593510629,"SSP2-4.5 , 2090s"
"189","ssp245","NP_STSS","NP","STSS","2090s","6",3381,18.4264733076025,1886.75712501464,137.702367652129,2042.88596597437,584.483941299182,7.89698030967292,21.3278795862147,1.85193312998138,57.4833226804773,19.0357282071177,61.778101902986,37.8210810406929,0.0309806705967463,3.31596643297242,14.8870957140016,1721.07147599362,90.8158401837421,1853.00944421711,497.412337239583,7.82162461280823,15.3502750396729,23.711494678576,1998.79877455439,183.510612141383,2177.47614180639,682.879554443359,7.9629434744517,31.5946998596191,0.0318495071015152,0.988596977013401,0.327376054188958,1.06245849994436,0.650446157958547,0.000532804922708358,0.0570279211195942,6.7677493548556,112.043591183601,-48.591674810099,70.2196657283581,237.827939520085,-0.1936997542401,2.35730474526609,0.594338024711843,18.7674285762047,6.38359461449252,14.1987168111717,17.450085704757,0.0102009192712742,0.600657279895886,5.25735207872537,60.4219656490077,-60.6654466034807,36.3370513139803,195.236125691732,-0.223626041412353,0.484603881835938,8.10854907435455,155.011683325337,-28.9598738453151,111.642644520164,293.331112060547,-0.158591699600219,3.86138343811035,0.010221412875178,0.322761842767521,0.109784926202772,0.244189233719451,0.300106207712423,0.000175435195533057,0.0103300912932063,"SSP2-4.5 , 2090s"
"190","ssp245","NP_STSS","NP","STSS","2090s","7",3381,18.5172692984309,1879.51486862637,142.074658852442,2040.10679677725,630.912542401359,7.86936375355516,24.0577753331543,1.81879238066292,53.088418572151,19.2471597108985,56.406017367804,37.1351494792417,0.028605190752145,3.20419729033343,14.9426108422243,1699.27241149678,93.1782826642558,1837.98961059856,547.03491007487,7.79334610303243,17.4948234558105,23.5337124685692,1991.10179526538,184.665569644532,2176.91971914825,732.058218994141,7.92796710332235,32.2486877441406,0.0312795531902862,0.913013508397541,0.331012248753509,0.970069502856258,0.638649521360867,0.000491951470196876,0.0551057177502715,6.66580516119183,109.959065531993,-47.8990915424155,68.7257791507688,251.94864669631,-0.188625800667705,2.42930744005948,0.580752617023712,17.0069759154505,6.83795706479384,12.3741610841739,19.677287288831,0.0128349558135171,0.853976543828083,5.20358896511612,62.1337078000552,-59.9006679138957,36.2008651676565,211.15837097168,-0.220395774841309,0.696083068847656,7.84834002835875,155.614129526251,-28.3072357297402,114.565818733618,310.185335083008,-0.151589727401736,4.36365699768066,0.00998777131888465,0.292485614855805,0.11759904208701,0.212810562619857,0.338409573811383,0.000220735300704059,0.0146866706777115,"SSP2-4.5 , 2090s"
"191","ssp245","NP_STSS","NP","STSS","2090s","8",3381,18.2715598886466,1871.3483344616,147.445246846634,2037.06514119688,653.898917023603,7.85682863823558,26.009876484662,1.75853124519191,49.2415516923417,19.3901685685604,51.8644690149772,33.6582149127008,0.0252396981957868,3.02758711218097,14.8747255974453,1679.1373017397,95.6209936442965,1826.07016812149,569.416491699219,7.78769947687785,18.5448799133301,23.079948976846,1983.30461836866,190.841681094347,2174.805714153,755.942403564453,7.91385817527771,33.1359100341797,0.0302431834472012,0.846855172535652,0.333471712086145,0.891964049601211,0.578853273658521,0.000434071799846735,0.0520683796130553,6.39650434421786,106.983741580654,-46.6499721273926,66.7302737974793,256.028911352752,-0.1832204932968,2.59750658242952,0.524960277392445,16.142385860015,7.24622931666089,11.3437133623109,18.5199318373078,0.0113224644253625,0.857885952756844,5.08400454053939,61.4412390089419,-59.3611779512084,35.0321165293321,210.29216003418,-0.213486490249634,1.05511093139648,7.50319967055535,151.203163476132,-26.1913327172457,111.049235794509,301.719053344727,-0.151083056131999,4.59280967712402,0.00902825583286165,0.277616413228224,0.124620499705905,0.195088944326034,0.318505399046372,0.000194723505554363,0.0147539046104187,"SSP2-4.5 , 2090s"
"192","ssp245","NP_STSS","NP","STSS","2090s","9",3381,17.8354967879352,1867.11005623562,150.368198440142,2035.3137514637,638.131458037941,7.86634573112134,26.0062422431736,1.69548990669389,48.1121816158214,19.7362781594792,50.6538704642423,31.3637190773362,0.0245018313842463,3.15710746784207,14.7079748420935,1672.82054234717,97.0517234622342,1824.11702118132,539.114227294922,7.80486976305644,18.727123260498,22.5763201803298,1979.53724205103,193.699151131923,2173.27116064913,739.555628662109,7.93346347808838,33.3986587524414,0.0291589998308079,0.82743228966259,0.339424097566706,0.871144201133408,0.539392582438219,0.000421381981908023,0.0542958679713743,6.14592356499307,105.741699508124,-46.0692098840169,65.8184131891,246.93920371753,-0.180114275539036,2.62959706327684,0.466632663258026,16.4938712549577,7.26824143342076,11.5787499876309,15.8840473176175,0.00925462033488241,0.817654203763391,5.08698982026056,59.9488558257151,-59.4510663927913,33.8933560144912,203.413970947266,-0.203827590942383,1.00914573669434,7.17771725684939,149.915657215402,-24.9839642494153,110.300260748304,281.705897216797,-0.148028802871703,4.61433219909668,0.00802513874914313,0.283661251673561,0.124999063627956,0.199131099275398,0.273173512398015,0.000159160766285675,0.014061999835603,"SSP2-4.5 , 2090s"
"193","ssp245","Pac_EQU_E","Pac","EQU","1850s","1",6022,9.35077366302563,1699.85803803745,237.984051364328,1947.1928630648,336.590160413612,8.10295304902609,25.9724392734336,0.786465707243148,62.2255780010269,13.988981751564,64.0071662941262,23.0428076956011,0.0194748458756446,1.13494611194898,7.34858604117784,1482.0117492081,185.601991914256,1697.40445582985,264.99438873291,8.0211437702179,23.3631401062012,11.914549072818,1809.66042121073,281.748480750356,2061.26552888235,431.185836791992,8.17067470550537,28.8321228027344,0.0101346654025297,0.801860026077973,0.180266791124517,0.82481818060313,0.296937480908566,0.000250959507703587,0.0146253027799836,-1.87332101824402,-59.074316091555,22.0801667207008,-38.8674703890982,-77.9254246467243,0.0733172943674593,-1.04298977383411,0.137311275248336,8.56765413298423,3.28306922311006,6.4357505915278,4.52046914017189,0.00576095523270071,0.293316539018364,-2.39041933408379,-85.0842234862148,11.5893151706139,-67.0509078654325,-91.3891229248047,0.0332575798034664,-1.80012130737305,-0.908426900706264,-14.8951606090527,31.0739674394686,-2.13047181173829,-39.0019073486328,0.0882997322082488,-0.255508422851562,0.00176943993593138,0.110405713971647,0.042306750012276,0.082933277647797,0.0582523074765667,7.4237634450759e-05,0.00377977698531759,"Historical , 1850s"
"194","ssp245","Pac_EQU_E","Pac","EQU","1850s","10",6022,9.48655300264353,1705.55241851921,234.418371788792,1949.45734331064,334.723694300156,8.10519952068547,25.3058322238251,1.10992016450464,81.3782371787447,18.3807322995753,78.5990565866923,26.0766315683788,0.0221658145391626,2.16427545132945,6.22454304547719,1307.95069640677,179.58611501237,1494.13016573213,223.04688659668,8.04104633331299,19.8966197967529,13.343771486462,1876.31555612551,276.986106236698,2080.89849617826,413.093063354492,8.20090337753296,29.424072265625,0.0143028098837342,1.04866772607963,0.236860386910773,1.01285425686635,0.336032370307606,0.000285636247912701,0.0278895917979951,-1.93703110517179,-59.3669517737938,22.681509852346,-38.6224730266196,-78.790969752522,0.07469266878502,-1.00919365681996,0.14028355915026,8.21265663553852,3.32868767790357,5.78161166947672,4.80989132454165,0.00610574835169965,0.230008973160918,-2.50549248992775,-86.5421698424993,9.59613766063498,-68.7255045969116,-93.096548461914,0.047767162322998,-1.63254165649414,-1.17783005236292,-23.2907701563952,32.0745367529883,-10.9264121831673,-51.9749145507812,0.0947955894470205,-0.357021331787109,0.00180774180027194,0.105831095113872,0.0428946049832616,0.0745038203418988,0.061981900479342,7.8680756206694e-05,0.00296397409460685,"Historical , 1850s"
"195","ssp245","Pac_EQU_E","Pac","EQU","1850s","11",6022,9.35992085996644,1699.08507822492,236.229576249861,1944.67457533475,332.378573841802,8.10731701058969,25.535670211185,1.03330984883076,79.4366624012209,17.1428292727631,78.2769213074086,25.8533920469959,0.0221421126977788,1.92552516482927,6.2996196799414,1316.05570008321,181.316127292323,1505.38786998723,227.612347412109,8.03260707855225,19.9925003051758,13.0126772440056,1862.44483822137,279.188100551908,2068.33995032679,422.180355834961,8.19559000015259,29.2410335540771,0.0133155832207197,1.02364793113756,0.220908346202605,1.0087031117626,0.333155629677977,0.00028533081789886,0.0248129741576415,-1.90614310326367,-59.2151057878131,22.4601189681868,-38.6611299228899,-78.6985518783468,0.0750118379200506,-1.07846473016974,0.132049954305408,8.32650966749283,3.51283331434076,5.86305143404631,4.68508451470403,0.0060680056339241,0.231530872114246,-2.45475757158445,-93.2707286763205,8.30956221177581,-79.1051424220623,-92.0535878499348,0.044936561584473,-1.77796936035156,-1.25026713772693,-23.8897794446796,32.4138952738322,-6.52091513660889,-55.2804321289062,0.0977929687499994,-0.221714019775391,0.00170164075938647,0.10729824412405,0.0452675684747897,0.0755532809309266,0.0603735973505314,7.81943906696916e-05,0.00298358580370795,"Historical , 1850s"
"196","ssp245","Pac_EQU_E","Pac","EQU","1850s","12",6022,9.31279064819607,1697.27294571471,237.461906489434,1944.04764285234,332.727744028848,8.10694289878149,25.7343991074737,0.951145202276351,73.7242931000199,15.5329300823902,73.6123845161039,25.7908633921719,0.0219787423280174,1.53835245317502,6.9992209723766,1410.38804270098,194.657718582176,1613.16808223792,255.196468200684,8.02089767456055,21.3328056335449,12.7974520570662,1845.67487627257,281.141719458451,2061.62502465011,434.385501098633,8.17477170944214,29.0183372497559,0.0122567815551455,0.950036391574965,0.200162636026092,0.948594299385547,0.332349864100565,0.000283225571581098,0.0198237345131559,-1.88148377474685,-58.7703660679595,22.1712016840839,-38.4806481586224,-78.7178155356769,0.0749301245975772,-1.13463084866101,0.122809904682001,8.11529347900084,3.48340528777584,5.80106696766162,4.21877451182318,0.00586472042684867,0.240805311710564,-2.6771129511645,-98.7411235074849,9.53952161912358,-73.0605201712071,-92.7992126464844,0.0467262744903554,-1.83761024475098,-0.797217031698032,-3.06053577136709,31.3921198031762,9.56305621633101,-47.0871917724609,0.0937480735778795,0.419048309326172,0.00158257032774075,0.104576440263755,0.0448883488852444,0.0747545279513908,0.0543645675739934,7.55747881415467e-05,0.00310309939627658,"Historical , 1850s"
"197","ssp245","Pac_EQU_E","Pac","EQU","1850s","2",6022,9.51551795027027,1707.77786253412,236.871775744241,1954.16515622863,343.534142323141,8.09614727477439,26.0814318389245,0.766604065212747,56.1141522020665,14.4860773944047,57.7029864313935,21.2380018066478,0.0178957288618858,1.2196077452804,7.62030164760592,1520.90554051371,166.177635625271,1740.36915778441,271.845764770508,7.98408498764038,21.1448860168457,15.0746510271368,1883.31518566351,281.916448568211,2072.18342280209,483.894729614258,8.16068670272827,28.58518409729,0.0098787215076223,0.723106108349043,0.18667253515995,0.743580368251309,0.273680136522663,0.000230610467156115,0.0157162814690014,-1.876912825359,-58.3935171336649,21.6879063352672,-38.5825236237567,-78.4294606595968,0.0724477414917523,-1.03592507157482,0.199031798104012,10.2256045650101,3.72857443094195,7.47262004741883,6.15949253819137,0.00661992715749536,0.310501492741846,-2.43705839943073,-85.5567453432657,-3.71705362589964,-59.7320990436813,-92.5392510986328,0.0101020812988279,-2.17303276062012,0.613625005690807,25.3010936256858,32.1569510812992,25.2653900781677,-4.30950317382815,0.0894824028015133,-0.306980133056641,0.00256479164910923,0.131770628840551,0.0480476821023572,0.0962947311794381,0.0793733221283971,8.53066397078048e-05,0.00400122816156271,"Historical , 1850s"
"198","ssp245","Pac_EQU_E","Pac","EQU","1850s","3",6022,9.58215552045615,1710.55419289925,237.474432611165,1957.61078103087,349.004952754837,8.09073647762249,26.4202033316668,0.736612377202191,53.1955439365276,14.0840655462002,54.8726715884184,20.4596690160725,0.0172065816906545,1.21904631030349,7.88129743779454,1546.06171400842,169.19829998127,1771.52722926414,289.641103515625,7.97973775863647,22.0391368865967,14.9149305733477,1888.90703415519,281.084455984924,2078.76139730846,488.514993286133,8.14147468566894,28.9137306213379,0.00949223838439812,0.685495926570132,0.181492073339577,0.707107965636431,0.263650274658821,0.000221729881608385,0.015709046626358,-1.88378569795273,-58.325009796206,21.8201108234808,-38.3886846706779,-78.5866604345123,0.071548922543709,-0.971425247755422,0.198752352107154,9.69299582343839,3.52028872689479,7.03749426689532,6.47839248268173,0.00688980557988407,0.294821765476161,-2.52789518996186,-88.8150868396485,6.72880330814903,-60.0022238923464,-95.8617390950521,0.0348682403564453,-1.79501914978027,-0.760597203179961,-10.3183762206729,32.4035784415903,-2.11116319092525,-38.7808264160157,0.087855186462404,-0.195989608764648,0.00256119061266206,0.124907250899746,0.0453636414643391,0.0906875519305444,0.0834827756042827,8.8784385126432e-05,0.00379917384695354,"Historical , 1850s"
"199","ssp245","Pac_EQU_E","Pac","EQU","1850s","4",6022,9.53589001312203,1707.83850579839,239.754589762762,1957.12898557427,351.789978567498,8.08777062593799,26.9181788726473,0.649405619964898,51.3628190720741,12.3934896889992,54.1726384966081,19.6696511025522,0.0166984656071284,1.07867924362069,8.10036807121926,1543.02398725689,173.004427718788,1769.92471567744,291.608319091797,7.96254200935364,22.823070526123,15.2938287404249,1897.27756773107,281.350427782966,2085.57582419028,510.5443359375,8.13873226165772,29.3017425537109,0.00836846236047244,0.661878808741509,0.159706736111861,0.69808710040244,0.253469834314386,0.000215182124414708,0.0139002287195336,-1.88125573962784,-58.839340208372,22.0912491732063,-38.6293467747935,-78.9576717393212,0.0711750632245113,-0.934468121610764,0.182492514430727,8.82877246137278,3.12191969825293,6.62941066892433,6.51537242070333,0.00649935060786707,0.303338785994811,-2.45338529426427,-87.6910932151688,11.0823472998287,-64.6873047276247,-95.6130564371745,0.0378569126129147,-1.630126953125,-1.07354831062699,-23.9275371714582,32.482925193615,-7.50292230207833,-50.7415740966797,0.0861130714416518,0.0433387756347656,0.00235166079739818,0.113770573830524,0.0402301222595814,0.085428847471333,0.083959311701157,8.37528491551846e-05,0.00390892707889746,"Historical , 1850s"
"200","ssp245","Pac_EQU_E","Pac","EQU","1850s","5",6022,9.53666414209051,1709.35918362907,240.029607766769,1958.92545553793,350.689977938453,8.08898436023419,26.806656092467,0.671453856731133,53.3367309774247,14.3801999416678,55.2887127991543,17.4802700046374,0.0148041640226307,1.56466086423705,8.00248002329919,1505.24932292209,185.554297758421,1716.38763456916,298.921930948893,8.00337929725647,21.6461505889893,12.4994012787378,1828.44902026863,282.470956751689,2066.82707589107,455.947421264648,8.13734560012817,29.6060066223145,0.00865258346109211,0.687315310944412,0.185308162184398,0.712469214608433,0.22525672258982,0.000190771507964994,0.0201627536730893,-1.91373898703364,-59.4606429495529,22.4804130154387,-38.8939689211479,-80.3338316895869,0.0724703224584154,-0.966762821256062,0.165482685215641,8.66753828768844,2.91111775055048,6.65535681371139,6.47253640963223,0.00579851889158736,0.293644719304218,-2.44798532962837,-91.7796507679639,10.3798834696706,-72.9936058709641,-97.0378499348959,0.0397444725036635,-1.64407539367676,-1.03851906811398,-16.1942239334767,31.3495418990211,-4.89151603700452,-44.8505798339843,0.087204799652099,0.176599502563477,0.00213246633531114,0.111692855264165,0.0375136564474168,0.0857631983444615,0.0834073122491956,7.4721692573834e-05,0.00378400602843823,"Historical , 1850s"
"201","ssp245","Pac_EQU_E","Pac","EQU","1850s","6",6022,9.54037948251652,1711.27274444454,238.807681849057,1959.62080577611,345.907040317328,8.09408040624217,26.2726657173715,0.831858442634509,61.297174385135,17.1425702871013,61.3832312953583,19.4637670993063,0.016115335852501,1.9611484999952,7.1353422198465,1419.05188463384,188.276643105891,1616.60141292795,258.032357788086,8.05317018508911,20.8343524932861,12.6992434968341,1854.01671935101,282.236993711078,2074.27446506541,399.653073120117,8.17139142990112,29.6367607116699,0.0107196116762962,0.789896300363161,0.220905008825015,0.791005259066199,0.25081674281222,0.000207667715464668,0.0252720286073193,-1.96276513375398,-60.8893166179975,23.0567358489031,-39.7953459028484,-80.7098461286882,0.0736981386953748,-0.927501981017805,0.172889335831731,7.64723457334318,2.735842006619,5.76237573824612,6.00499047802543,0.00538523458350177,0.316945012223462,-2.67512064743907,-93.9085322329563,14.5889417152961,-75.3060373503099,-97.6828725179037,0.0554300785064701,-1.7147159576416,-1.37234756636174,-30.6458754261237,30.6208911043951,-12.161267594081,-57.6481292724609,0.0882420158386203,0.528181076049805,0.00222791096189331,0.0985448735294053,0.0352549934166384,0.0742559395698158,0.0773823558734639,6.93959699898885e-05,0.00408426155177851,"Historical , 1850s"
"202","ssp245","Pac_EQU_E","Pac","EQU","1850s","7",6022,9.54374527004558,1712.21342889607,237.194992460109,1958.95216662622,341.699446829422,8.098528031716,25.7980574316181,0.932698440411446,68.2027534469154,18.1626524047775,67.022596564951,21.3548371911205,0.017761370004897,2.16012822018454,6.66305246500439,1362.05370678095,184.359377630738,1553.40510395189,237.664572753906,8.06247866948446,20.2004432678223,12.3884390063936,1860.97762058039,279.23433266832,2080.89259149286,391.963338216146,8.18871549606323,29.716516494751,0.0120190702887302,0.878883947958355,0.234050134989501,0.863676043772517,0.275185717144808,0.000228879073089079,0.0278361491626539,-1.99189923641926,-61.3837357320819,23.428296678323,-39.9473382901782,-80.5603137417723,0.0744814395844337,-0.901339034967718,0.183751550387286,7.28541798907297,2.6157534297234,5.43584697067929,5.70135256922052,0.00495036766031226,0.305638527416207,-2.91650402703537,-92.6865365356309,15.5077926184948,-74.2981090205467,-95.2722035725911,0.0562419891357422,-1.75909996032715,-1.43290924697193,-39.0251442357601,32.4951765387597,-17.8688759504475,-56.7850524902344,0.087973136901855,0.358905792236328,0.00236788516424846,0.0938823815925113,0.0337074910471212,0.0700481784772306,0.0734695741959912,6.37921264649086e-05,0.00393856233139929,"Historical , 1850s"
"203","ssp245","Pac_EQU_E","Pac","EQU","1850s","8",6022,9.59301689024853,1713.60248899085,234.73983283024,1957.93533871134,339.428111248975,8.1008585642876,25.3783799807931,1.04337831330229,75.2084811879306,18.8263929500971,72.4944450794907,23.0598886983331,0.0192472388874817,2.31541726891025,6.81837167856686,1376.04705431435,187.011713513896,1570.87126104302,249.278595275879,8.06139081319173,19.9283866882324,12.400625796586,1869.92575117205,278.146743102367,2085.10768647685,393.359219360352,8.17359056472778,29.5360050201416,0.0134453288887081,0.969162145599411,0.242603322088384,0.934188150425687,0.297157592536872,0.00024802648640709,0.0298372568206457,-1.9955668427282,-60.9286892587011,23.2754439289436,-39.6488121724857,-79.8839950609988,0.0744832193118655,-0.896854130569865,0.181040183961702,7.66507816513957,2.78336088860675,5.65306067069714,5.34195637031888,0.00484923019566486,0.292605753002423,-2.86905444472744,-84.8204565007968,15.3557836338155,-65.6356046541187,-98.4016560872396,0.0608040809631358,-1.64208984375,-1.45643554990146,-25.4401112089788,30.3415727027146,1.67941664756381,-61.6910321044923,0.0946601104736331,0.213531494140625,0.00233294557151877,0.0987748121405491,0.0358673379407706,0.0728472683170699,0.0688382721706595,6.24888345929024e-05,0.00377061755423495,"Historical , 1850s"
"204","ssp245","Pac_EQU_E","Pac","EQU","1850s","9",6022,9.59000683062777,1711.59711066819,233.473702647587,1954.6608201464,337.469123095885,8.1026468930352,25.1991369117139,1.1208748665166,80.1057431219385,19.0918496160549,76.6579882955766,24.9414526735831,0.0210046808788151,2.32597658092672,6.84958341554189,1383.11355678299,187.222175350637,1577.66429502449,248.918819580078,8.05891418457031,19.7931385040283,12.7184355746344,1873.22524739467,277.349874876116,2086.22454532958,392.919687906901,8.17083484649658,29.5042266845703,0.0144439759110042,1.0322699335584,0.246024087245182,0.987840988680918,0.321404067808447,0.000270673483450298,0.0299733277175485,-1.98885356484284,-60.5433422584423,23.1231951228579,-39.4090007004272,-79.5388567687543,0.0746851541367381,-0.918287092535293,0.178964112631695,7.8790535175884,3.07234820546032,5.67392843059094,5.1800610474689,0.00525282593805463,0.26369172829637,-2.78464461010061,-89.017784487748,13.8873584785503,-71.3052507533232,-101.083182779948,0.0545985221862786,-1.59580612182617,-1.24802266913721,-27.3075544678127,31.9346999136417,-6.98411487153612,-54.7067657470703,0.0944979985555001,-0.186767578125,0.00230619260811854,0.101532171528867,0.0395913270923794,0.0731161773899974,0.0667520338106036,6.76897070140839e-05,0.00339802156799224,"Historical , 1850s"
"205","ssp245","Pac_EQU_E","Pac","EQU","2090s","1",6022,16.2323450473427,1860.49957034429,173.586173520538,2050.31808891217,633.72206228962,7.87552017493396,29.3982539052011,0.855393431571384,57.6918100616614,9.45747780924705,62.8754352085749,25.7896116632396,0.0128175537409439,1.18621968432725,13.6020022249598,1631.23999722019,131.160681238266,1791.27990146867,514.556089477539,7.81353807449341,25.8739013671875,19.3290539220157,1961.29381032167,204.052547897483,2162.21663530245,703.821062011719,7.93401784896851,32.1033325195312,0.0110228915725851,0.743436345738175,0.121872285423038,0.810234307750098,0.332333733894522,0.000165171370152632,0.0152860315253826,5.00825036607308,101.567216215286,-42.3177111230892,64.2577554582697,219.206477229284,-0.154115579724665,2.38282485793339,0.447265206389185,18.9996530147831,5.97323580267603,16.1510352839452,10.5041107522122,0.00790995700309283,0.759918385370659,4.02356761359064,62.7783684479389,-57.1155207880974,18.7823769195957,182.783382161458,-0.181830625534055,0.606143951416016,6.96230877403203,157.371474224584,-27.9287223832109,123.210307098632,275.271590169271,-0.127535581588745,4.29001235961914,0.00576361203190564,0.244836010388767,0.0769731542939567,0.208127750516947,0.135359554579883,0.000101930404385653,0.00979256755638963,"SSP2-4.5 , 2090s"
"206","ssp245","Pac_EQU_E","Pac","EQU","2090s","10",6022,16.5464323629713,1869.43611026029,170.045358504867,2056.02790112812,632.277008624929,7.8765244003723,28.5715704618394,1.40775249529556,73.9537817373904,11.6547804807661,75.0301724431783,30.9705051435523,0.0160992359850768,2.20715435546745,12.8112650466891,1518.06194471333,139.324541073562,1670.19775083359,513.693645222982,7.83006011962891,22.4451789855957,21.0260760076024,2007.6119409448,199.807696750137,2176.557729727,717.378316650391,7.92355935096741,32.4242553710938,0.0181407789023736,0.952993660445065,0.150187477247474,0.966864398285363,0.399096494718732,0.000207460247080647,0.0284421439846494,5.12284825515602,104.516739967284,-41.6915034315794,67.9480847908602,218.76234457225,-0.153982451528155,2.25654458119438,0.575251076104139,19.8273410089179,6.77111157809358,16.580175987649,12.590460570689,0.00881508421055561,0.771556382778101,4.14509281669642,54.3756816535108,-59.1792127829443,9.07185173946209,176.874967447917,-0.197239398956299,-0.355361938476562,7.59879168692437,180.531303204173,-23.7798544873759,155.588547878583,261.40788269043,-0.129445791244509,3.81743431091309,0.00741288161081661,0.255501880242966,0.0872548537274717,0.213657804024162,0.162244970088984,0.000113594182360813,0.00994253876122877,"SSP2-4.5 , 2090s"
"207","ssp245","Pac_EQU_E","Pac","EQU","2090s","11",6022,16.309449742273,1861.80020247325,171.681533266497,2049.79118548202,627.854747195275,7.8786832859317,28.8762172551324,1.29073988588906,72.7874726252704,11.3298405525275,75.5992162869664,30.529016174804,0.0159865390173049,1.96922103108659,12.8959738799665,1537.96618884385,139.180838268435,1692.69717392159,514.926963297526,7.82446875572205,22.3479194641113,21.3866735446476,2007.31543290471,201.99349891788,2168.00042224591,729.187302246094,7.93312478065491,32.2353248596191,0.0166329144992723,0.937964203345541,0.146000190480498,0.974197291382987,0.393407317255602,0.000206007995507909,0.0253760539968681,5.04338577904286,103.500018460512,-42.0879240151774,66.4554802243773,216.777621475126,-0.153621886737931,2.26208231377762,0.61006480790516,20.4806996955974,6.93627675950949,17.3178014031644,13.6195820266095,0.00970866123476054,0.795909235963249,3.91622211332196,56.1126614175146,-58.7913589833541,6.55419631717723,166.164315795899,-0.188146095275879,-0.207059860229492,8.21372578736098,178.250705485567,-23.3604314597584,152.294475250651,271.552310180664,-0.124384991327922,3.78433418273926,0.00786150323534178,0.263921283169694,0.0893832286005046,0.223163096765858,0.175506580249813,0.000125109120734223,0.0102563579352314,"SSP2-4.5 , 2090s"
"208","ssp245","Pac_EQU_E","Pac","EQU","2090s","12",6022,16.204393947617,1858.20603706613,172.852540184005,2047.26297119775,628.609555368146,7.8781624952423,29.1818797061727,1.17122240708619,69.4251855406525,10.4445069369816,73.2384216531549,31.3932467062084,0.0155284859667254,1.61258679374653,13.2662382340785,1620.22648207932,144.090119450316,1782.11878503971,505.002315673828,7.82556429862976,23.5532894134521,20.7506291974538,1991.38940614007,203.389766937455,2160.76167096877,729.530816650391,7.93979104995728,32.1431846618652,0.0150927714946053,0.894636624945084,0.134591479483267,0.943775286357953,0.40454408671137,0.000200105367635547,0.0207803435504488,5.01011952467411,102.162725283459,-42.4381646213449,64.7346801867887,217.163995803621,-0.153850278941612,2.312849750038,0.577279913917158,20.6450729651703,6.50875881260203,17.9383696161363,13.0474573491762,0.00867148494457834,0.807254298084603,4.05713448807841,51.6810467100584,-56.6501097636982,0.696982174918958,171.085928344726,-0.182979027430216,0.129121780395508,8.03182042063966,164.629006427539,-25.6503784243258,133.361127671962,272.940032958984,-0.125324630737305,4.05140495300293,0.00743902590700343,0.26603945319656,0.0838740864909631,0.231159950462075,0.168133986478825,0.000111743713231231,0.0104025542760405,"SSP2-4.5 , 2090s"
"209","ssp245","Pac_EQU_E","Pac","EQU","2090s","2",6022,16.4832230797667,1869.32644198065,173.210920739554,2059.02058579997,644.968437298717,7.86983980458312,29.4709816960445,0.847474461135165,50.8592376325086,9.69173837809268,55.315705205982,22.4391135999406,0.0117717845097681,1.22071236202433,14.1336785921697,1663.33073941218,122.372065546768,1828.18056737986,545.920736694336,7.77762751579285,24.8364162445068,21.9532213254729,1970.9612505775,204.671583627745,2164.34390992023,783.633095296224,7.9154670715332,32.0348358154297,0.0109208450180253,0.655389486516881,0.12489104703005,0.712817047971145,0.289158072844547,0.000151695231080556,0.0157305159371983,5.09079230413743,103.155062312873,-41.9729486694199,66.2729059475902,223.004834315979,-0.153859728699516,2.35362478554517,0.444905555697,18.0197256282677,5.43240016182843,15.1123011888258,10.9166630291069,0.00811797974320985,0.707273549820768,4.00594611870599,58.2248858707394,-56.382687126222,20.8670120720283,194.615670776367,-0.180102411905924,0.81364631652832,7.68891566746415,153.486926957529,-30.8631122313249,118.43215039997,303.993104044596,-0.132270781199139,4.21220397949219,0.00573320476810266,0.232208331788613,0.0700037617225161,0.194742268608096,0.140675843960174,0.000104611056380758,0.00911416824596121,"SSP2-4.5 , 2090s"
"210","ssp245","Pac_EQU_E","Pac","EQU","2090s","3",6022,16.5331806351515,1872.52476625162,174.337264305151,2063.39521119192,651.899181573419,7.86650719967877,29.7759437784642,0.788901661061022,48.1216854946384,8.93299371921462,52.1708274842327,20.5143304051412,0.0115117280107353,1.1336661183145,14.2798279934754,1679.07898721879,129.119726064633,1847.4567041797,557.182403564453,7.79616243044535,24.9804744720459,21.3084100541893,1978.60369319685,204.675494841893,2163.98347153008,753.668096923828,7.9070173740387,32.2833633422852,0.0101660559344408,0.620112455765537,0.115113604513655,0.67229108078877,0.264354659965829,0.000148344054316995,0.014608808345346,5.06723941674259,103.645563556168,-41.3170574825326,67.3957454903782,224.30756838407,-0.152680355400017,2.38431519904197,0.407460795475309,17.9518781972413,5.42982370886626,15.2670000031414,11.5773045461316,0.00838504992562082,0.666113492677483,3.77970413317706,42.0085412622557,-56.8282782203156,9.34537940647942,187.779978434245,-0.181896861394248,0.695816040039062,6.51442810087248,148.817856478557,-25.0798225576245,114.016094561216,267.002189127604,-0.121095132827758,4.14688110351562,0.00525067881378604,0.231334026646582,0.069970560670701,0.196735770304124,0.149189095923231,0.000108052613861015,0.00858376570805724,"SSP2-4.5 , 2090s"
"211","ssp245","Pac_EQU_E","Pac","EQU","2090s","4",6022,16.4238236551817,1870.27274340921,176.520980056566,2063.21754712095,655.581205544224,7.86475077493173,30.2853634656766,0.67214959392199,47.1567140842036,7.60151269343179,51.5027095146033,21.5687658446277,0.0122674289060717,0.990499268259947,14.2093862618787,1669.20239992845,134.356527918737,1835.92486351849,552.67782796224,7.80741791725159,25.3523368835449,21.7882759783906,1993.25131224588,203.926306415825,2163.44822830031,774.599731445312,7.91079921722412,32.5167999267578,0.00866154896788089,0.607677504975317,0.0979556857870676,0.663681484706892,0.277942474754633,0.000158082273858027,0.0127639114748605,5.00667790243187,103.594897402446,-41.1423605329898,67.4592147718884,224.833555237405,-0.151844787781753,2.43271647141853,0.41724504104516,19.0980332991162,5.39960061972014,16.4215293490112,13.5861248880644,0.00919607327445401,0.723204293787729,3.60514384354112,34.7787645819819,-59.7478411867584,4.38294104545275,177.338107299805,-0.184210777282715,0.781719207763672,6.4657885948412,155.165027643452,-22.2233161305934,112.887564867532,275.419596354167,-0.110242938995361,4.3725414276123,0.00537676194004748,0.246103772294643,0.0695810956335027,0.211613429317137,0.175075440148778,0.000118503737410795,0.00931945724741617,"SSP2-4.5 , 2090s"
"212","ssp245","Pac_EQU_E","Pac","EQU","2090s","5",6022,16.4397713933955,1871.7428715279,176.787819602699,2064.970462524,656.146529067222,7.8646326800861,30.2809134398839,0.739613492207428,47.6051885432782,8.99040021242775,51.5884767631341,22.0377512892028,0.0128055391129497,1.36766469550511,14.4890559678545,1634.92662667201,136.388455493757,1795.63696282184,562.503279622396,7.82055187225342,25.1262474060059,19.7037731094222,1981.9680519321,202.725245472881,2169.71073361103,744.789953613281,7.91188230514526,32.9665794372559,0.00953091177617156,0.613456699849857,0.115853364169149,0.664786710730545,0.283985981185557,0.000165016545557566,0.0176241938385137,4.98936826427137,102.923044949284,-40.7613751486311,67.1510380649247,225.122719439183,-0.151881357689671,2.50749452616087,0.436200634741735,20.3474988280662,5.61870295054268,17.4122435248756,14.6285302772427,0.00925520764895827,0.77225816626324,3.71159583483814,47.0234729368544,-60.0502953561439,13.3500172772947,166.595565795898,-0.190356429417929,0.837175369262695,6.54195076057768,151.633874064971,-22.9062793635038,113.844433197301,277.284636433919,-0.116544055938721,4.52730751037598,0.00562103018703119,0.262204811349851,0.0724045230141885,0.224380110164704,0.188508231605316,0.000119265763134065,0.00995158218262834,"SSP2-4.5 , 2090s"
"213","ssp245","Pac_EQU_E","Pac","EQU","2090s","6",6022,16.5398337098876,1875.12363354989,175.006933707567,2066.67040096734,650.829973771098,7.86760803447636,29.7135412912019,1.12329028202304,57.0662134072916,11.4464149510221,58.6666657233591,26.7075251183062,0.014280895591468,1.95269556585262,13.112642677528,1538.43686851668,135.536033117514,1687.19070065545,518.416607055664,7.83179082870483,22.9544925689697,20.6517493184518,2005.10269955105,200.941114135816,2173.94245866611,732.488942464193,7.9216459274292,32.6807975769043,0.0144751017792276,0.735374693830676,0.147502407948294,0.755998668362134,0.344162279818272,0.000184028492450521,0.0251631012142801,5.03668909361711,102.961572487354,-40.7440122925863,67.2542492883852,224.213087325081,-0.152774233070438,2.51337359281258,0.508593015021308,20.606339280217,5.95876152481407,18.1506509567374,15.1327841572349,0.00902733656867575,0.703678385651877,3.6296042896956,39.9751157678952,-59.1730503420187,-0.0219267554286944,162.913269042969,-0.184130160013835,0.863702774047852,7.11852786347948,153.147103720886,-22.1840033166454,116.7290918549,270.41889851888,-0.112738370895385,4.00776290893555,0.00655390309562621,0.265540317718442,0.0767866338115972,0.233895480235819,0.195006219126683,0.000116329338656421,0.0090678397340079,"SSP2-4.5 , 2090s"
"214","ssp245","Pac_EQU_E","Pac","EQU","2090s","7",6022,16.6139778859297,1875.71250791851,172.78461448486,2065.1111002893,644.708251017165,7.87065187536816,29.1659860243378,1.36352113198006,65.604829245004,12.5864427198589,65.8851753060472,30.6044365403109,0.0154772359870374,2.25988944300922,12.7575134194786,1503.06155869564,133.327989887205,1651.46977411091,511.354946899414,7.82879508336385,22.1661033630371,21.1669428627444,2011.58309244006,198.930370778647,2175.78663410487,738.96913655599,7.92046313285828,32.7872924804688,0.0175707984653731,0.845406210423176,0.162193194692517,0.849018845404488,0.394379209814819,0.000199444942913603,0.0291217063130343,5.07833337946485,102.115343290365,-40.9820812969261,66.2115953729037,222.448490445971,-0.15339471676341,2.46658955775202,0.553403465373963,20.700280352181,5.73883539247408,18.9092370681968,15.106923729007,0.00858842271559624,0.644015993992296,3.45767299771571,35.9482472790075,-56.801309023917,-5.72644991678749,170.599621582031,-0.18689416885376,0.797035217285156,7.49855756042055,155.965679078483,-25.7433992605583,118.265397790471,266.083438110352,-0.124398708343505,3.77974891662598,0.0071313458457402,0.266750874419315,0.0739525906435215,0.24367087965609,0.194672972826377,0.000110673345012287,0.0082990098015445,"SSP2-4.5 , 2090s"
"215","ssp245","Pac_EQU_E","Pac","EQU","2090s","8",6022,16.744384400518,1877.34800298758,170.218163718586,2064.31055110668,641.125588032143,7.8722792184994,28.64394651387,1.51889912356341,71.1380303299833,12.9010709945888,70.4540396744656,32.572335510704,0.0163976383227791,2.43102393797813,13.7198161663564,1561.89590468738,137.263817374322,1717.26774692871,552.775570678711,7.82581055959066,21.8186855316162,21.2519293537334,2015.77135989585,198.372124270501,2179.1538274052,743.476346842448,7.91562883377075,33.1748199462891,0.0195730522713709,0.916708927229164,0.16624760197461,0.907894790302039,0.419738227286576,0.000211305561402802,0.0313270037969137,5.15580066754124,102.81682473803,-41.2462251827108,66.7264002228606,221.813481722169,-0.154096126476339,2.368712402507,0.581513458056917,20.4863015807895,5.79094396966752,18.5405361963785,14.3229882817029,0.00802662145177547,0.661983284589702,3.63853347524681,32.9310784636268,-55.3050447442945,-14.3655588070344,175.102674357096,-0.192755107879639,0.436870574951172,7.17737458636751,158.763868473904,-25.9377105633463,127.457399185633,271.415857950846,-0.129970423380534,3.58047676086426,0.00749358080104159,0.263993470973335,0.0746240795458267,0.238919674441309,0.184570913216608,0.000103433782270893,0.00853054243763747,"SSP2-4.5 , 2090s"
"216","ssp245","Pac_EQU_E","Pac","EQU","2090s","9",6022,16.7558039409206,1876.10665808397,169.031520804578,2061.89398282947,637.798151226572,7.87377669201137,28.4129666459149,1.53081044588566,73.7865821450318,12.4220111858306,73.2929662166189,32.4004136759679,0.016370148175304,2.39812833947078,13.7925179192067,1572.54785847398,138.826730513663,1729.45828091729,561.602179972331,7.83359743754069,21.9649124145508,21.1381907240967,2012.72742676024,198.486460654568,2180.69115015925,732.163582356771,7.91463060379028,32.8480186462402,0.0197265456343057,0.950839069458596,0.160074273850001,0.944478166210366,0.417522783873859,0.000210951313984306,0.0309030998923727,5.17694354544995,103.966205157339,-41.3189867201515,67.8241619826375,220.790171361933,-0.154185046887091,2.29554264166569,0.578751998968275,20.2316895443482,6.45687078434248,17.2812507090556,12.6023805282528,0.00794358659107978,0.729998493434553,3.84397278018655,38.9848574820578,-57.4019235369354,-6.38122507390472,182.757587687174,-0.189974641799926,0.0714988708496094,7.62502630942648,162.283916198101,-21.7784992428718,132.356918485466,265.737232462565,-0.1244579633077,3.78755760192871,0.00745799569716686,0.26071245341208,0.0832054396574592,0.222692092052478,0.162398574728588,0.000102363766729025,0.00940700962187368,"SSP2-4.5 , 2090s"
"217","ssp245","Pac_EQU_W","Pac","EQU","1850s","1",4363,8.05152901298074,1634.46225790715,270.153125643285,1912.66691256342,312.546139466419,8.12512127931821,28.981816429054,0.544770759929501,40.8465025855832,13.9646276916262,44.8402944421258,19.900701998983,0.0223564396639335,0.904415837184552,6.86469162248259,1518.65044704927,210.816408489867,1772.45391669266,267.91905263265,8.08440376917521,25.2438163757324,9.25909269377946,1738.05552021485,294.976835432485,2012.38470434145,353.748110961914,8.17362232208252,30.6760959625244,0.00824747832156704,0.61838973264649,0.211415466150105,0.678853168242682,0.301283806681949,0.000338462092751773,0.0136922730798305,-1.81572577543449,-64.4882331120612,28.758767976722,-37.5451909107736,-78.7476677022408,0.0784311748670423,-0.952982185626148,0.120010391686409,9.43644704367443,3.83542589009582,8.5787386538477,5.16179023624225,0.00514955458512564,0.271417435408034,-2.11830510968404,-104.372415742719,20.1921497224702,-74.2206799839323,-90.9344982910156,0.0653126398722339,-1.54876899719238,-1.33442405015245,-26.0017038951094,40.7454928438908,5.08006487844068,-58.2219573974609,0.0943941116333011,-0.132444381713867,0.00181688001008813,0.14286172854687,0.0580658768958816,0.12987657612746,0.0781461785492922,7.79609386745465e-05,0.00410908510382013,"Historical , 1850s"
"218","ssp245","Pac_EQU_W","Pac","EQU","1850s","10",4363,8.03132846010735,1631.63293120121,271.132507293277,1910.79676695459,313.85437542447,8.12321320850923,29.2649622541437,0.546936304367933,44.771765812457,12.5609745974724,48.6117413105513,20.3634416796967,0.0222693470783743,0.72747832821695,6.90575783163733,1514.25320184031,220.081260451101,1743.83480064477,262.637203979492,8.08282505671183,27.337381362915,9.3287699507498,1742.66690252536,292.957262472656,2014.70247821167,354.98283996582,8.18430960973104,30.7128963470459,0.00828026326915246,0.67781568894098,0.190165062647295,0.735950443970746,0.308289387315001,0.000337143567118236,0.0110135531909891,-1.85213661357431,-66.1276296840642,29.7089337305817,-38.2708325670568,-79.9381769507018,0.0790154967841856,-0.871755373063384,0.123894921327189,9.1352701294482,3.69573298704449,8.23008890726328,6.04956883796593,0.00502970545662966,0.353087744510533,-2.17653634783756,-108.730813133419,20.6592735005661,-83.0448073313237,-95.9606994628907,0.0617241859436035,-1.53201866149902,-1.35084673477245,-31.0012258560346,39.5532970374236,-1.60548971047228,-57.2708740234375,0.0925809224446628,0.300441741943359,0.0018756892861329,0.138302104107117,0.0559510163447357,0.124598243591501,0.0915865746032483,7.6146500085263e-05,0.00534552096525607,"Historical , 1850s"
"219","ssp245","Pac_EQU_W","Pac","EQU","1850s","11",4363,8.00754500956907,1629.9047685064,271.601651700065,1909.51396521603,313.436965060473,8.12357278808238,29.3345135177806,0.53889951351841,42.7480519816725,12.8073846432467,46.9825369303412,20.5242686699809,0.0226480508646635,0.653435705166958,7.01182348406159,1534.28032317204,215.11560821615,1758.90530814205,267.63778889974,8.07991422017415,26.7780246734619,9.23142570426209,1740.22081010728,294.040089327435,2013.81344320291,353.39357808431,8.17696336110433,30.6470603942871,0.00815859143361749,0.647177965377015,0.193895551983769,0.711285339314755,0.310724204330627,0.000342876898452172,0.00989259558203854,-1.86353533847861,-66.5320807838809,29.7527039434816,-38.6429121788779,-81.0031732665797,0.0801080061739881,-0.933185859487959,0.109747735430658,8.1840583861307,3.59474903260129,7.2486053771515,5.24312242445828,0.00494098758231625,0.29244512710948,-2.15067811800286,-105.783993686725,20.7233530947384,-74.0928504239939,-95.6130004882813,0.0658934593200691,-1.57386207580566,-1.48125594760886,-46.4045072874912,38.9476358040782,-16.8282286836984,-64.4305053710938,0.0927125612894688,-0.0740127563476562,0.00166151000637876,0.123901371158002,0.0544221843361966,0.109739215293765,0.0793774954783508,7.48033686271245e-05,0.0044274308085028,"Historical , 1850s"
"220","ssp245","Pac_EQU_W","Pac","EQU","1850s","12",4363,8.02147025302095,1631.62796320579,271.289658164334,1910.93909162314,313.227086437554,8.12403970790254,29.2305893659191,0.531850195589738,40.7495909017662,13.3395299452227,45.1560795024471,20.1516979593243,0.0225461161972077,0.74607559989697,6.96134588553113,1518.33118970894,210.149706670624,1763.11519689932,269.29261118571,8.08047116597494,25.7802276611328,9.17611960985609,1738.23728745708,294.832913452873,2012.56457003682,352.280544026693,8.172749487559,30.6402244567871,0.00805186930189719,0.616922552191558,0.201951889006223,0.683633950602609,0.305083723810364,0.000341333673261145,0.0112951039024133,-1.85031255813428,-65.807800379814,29.5174027836056,-38.1407101543426,-80.4190953610468,0.0797071109408845,-0.945284306389754,0.1207464582165,8.76905357847784,3.72041385681156,7.71882927109611,5.3169944501701,0.0050935140634392,0.277012485782852,-2.17767192207619,-108.481625104848,20.4284724271326,-77.4085056559618,-94.4804125976563,0.067339865366618,-1.67862701416016,-1.43940884841584,-38.9956947435803,40.5221359534998,-9.13980584644332,-64.7768920898438,0.0938362439473455,-0.240758895874023,0.0018280235831223,0.132757821470659,0.0563246688116701,0.116858102093219,0.0804958703535136,7.71125212818838e-05,0.00419379056172751,"Historical , 1850s"
"221","ssp245","Pac_EQU_W","Pac","EQU","1850s","2",4363,8.07906425256065,1635.94467249617,269.180738663384,1913.20447541211,312.550445596863,8.12520465970064,28.8469718543791,0.586697042004175,43.6515711088061,14.5742490040763,46.6756299600509,20.4627655337967,0.0226657630639189,0.989058963334849,6.83385072131448,1518.36235137416,214.043763403067,1775.25455460335,267.893031819661,8.08395964304606,25.4936141967773,9.38867687825516,1743.26728041097,294.844529020997,2013.87792596222,355.186599731445,8.17674522399902,30.640209197998,0.0088822152200003,0.660856662844406,0.220644740055055,0.706638965517941,0.30979308647391,0.00034314504973732,0.0149737154760497,-1.82151132635311,-64.7664943234561,28.6715021862276,-37.9165034635816,-78.6218098367888,0.0783065788466108,-0.934617335461835,0.114009786060639,9.56363566913827,4.08226704661709,8.55424200214979,4.93844306624231,0.00543145948700913,0.28448145841043,-2.10343803061519,-102.06031495157,18.9574468398056,-72.4556369801153,-89.9811604817709,0.0630516052246097,-1.68197822570801,-1.31217654755259,-23.7105919972719,41.0379493592597,6.26537875925828,-56.9565185546875,0.0944975535074857,0.0322780609130859,0.00172603470697161,0.144787282391571,0.0618028929713096,0.129505712603405,0.0747648462931406,8.22287972639621e-05,0.004306865995215,"Historical , 1850s"
"222","ssp245","Pac_EQU_W","Pac","EQU","1850s","3",4363,8.08096750110257,1635.00095596006,269.016701681111,1912.09862514228,312.916679205774,8.12461032321364,28.8957016312162,0.61797239453788,46.0668129220637,14.6961903866263,48.2976412323981,21.1406582755012,0.0231205074597388,0.974501038112031,6.78965105966045,1511.46294119166,220.108115226855,1769.59670324613,263.247470092773,8.08324728012085,26.107738494873,9.45930180874204,1746.69835459325,294.76060189681,2013.22627627983,356.828621419271,8.17398424148559,30.5722465515137,0.00935570390734189,0.697421867810182,0.222490854022723,0.731195171155248,0.320055945831999,0.000350029586908265,0.0147533178675259,-1.83302295090894,-65.297094646603,28.7678957017834,-38.3622218957285,-79.1299223222981,0.0786514647581473,-0.93220297987205,0.104083092856951,9.1508289920866,4.13174800121242,8.04630345224821,4.62030967692076,0.00548249935745383,0.279784010629103,-2.13008145742878,-103.235069826587,19.3262156654516,-77.7077763641391,-89.7452111816406,0.0655856450398762,-1.68528366088867,-1.45593547671314,-38.9258021406108,40.4090769491938,-1.86165807950579,-61.6251617431641,0.0949528694152821,0.0231876373291016,0.0015757509674169,0.138537655263231,0.062552002744397,0.121815850211482,0.0699485117451269,8.30015080186338e-05,0.00423574966226752,"Historical , 1850s"
"223","ssp245","Pac_EQU_W","Pac","EQU","1850s","4",4363,8.04421696241558,1631.21090801962,269.980193455275,1909.23531843731,313.160252005663,8.12388916925895,29.1289024903366,0.620859504662813,45.7772168134205,14.5845195544332,47.966842794658,21.5022134758567,0.0234871550739824,0.868358857406186,6.63373384175,1483.95370196658,227.262939383548,1751.19411445769,256.966897583008,8.0753142674764,26.3957862854004,9.44669121626104,1742.19792615929,294.764549676496,2010.09302852013,359.683452351888,8.17437114715576,30.5794792175293,0.0093994128945321,0.693037569305699,0.220800229570369,0.726187095933989,0.325529658623352,0.000355580395564955,0.0131463936367015,-1.84109869583338,-66.1487705966407,28.9272777083931,-39.0625915840811,-79.8952171088487,0.0791624234691513,-0.941357704695985,0.112043403043873,9.2779944697385,4.08228411227217,8.11766756654762,4.90749103461808,0.00549004025779095,0.27116999855243,-2.13307874031472,-104.852844179818,19.3794271701743,-74.660224640131,-91.4755535888672,0.0638974189758308,-1.59431838989258,-1.37248797986002,-37.8730276287622,39.8909601640067,-0.216813398879594,-61.1052215576172,0.0950929641723626,-0.134830474853516,0.0016962649349949,0.140462858664973,0.0618031513343325,0.122896256923653,0.0742962524760599,8.31156723913023e-05,0.00410533906924438,"Historical , 1850s"
"224","ssp245","Pac_EQU_W","Pac","EQU","1850s","5",4363,7.98141335612936,1626.8707978195,271.552624955086,1906.40483613071,312.407552867303,8.12436369043676,29.3547371696458,0.583423044086259,41.9441341475977,14.0738180384348,45.056582414106,21.3131462340545,0.0237074221855291,0.707865688493977,6.56084182627417,1469.74980649018,231.632760596896,1734.7114987271,255.170806884766,8.0716313680013,26.8278198242188,9.30036958402694,1734.6304157327,294.687320636975,2006.57795830272,362.36564839681,8.17882108688354,30.6674556732178,0.00883264900088757,0.635007167315623,0.213068537651858,0.682127628788901,0.322667302394314,0.000358915097720538,0.0107166304615738,-1.84386577636019,-66.7564897707271,29.3146283975328,-39.2857271495545,-80.2236449692127,0.0795339478110599,-0.9306100891979,0.114294962414274,9.03024768403439,3.67819595535218,7.86136353442186,5.17240675321502,0.00535547432759691,0.261519313278602,-2.17651824330539,-102.380418089174,20.5614381086808,-71.4825171913465,-93.1443255615235,0.0640753110249808,-1.60834312438965,-1.48776516380084,-42.2587788016617,38.7816065943643,-14.0402781317894,-63.0118286132812,0.0931454658508297,-0.224523544311523,0.00173035209323282,0.136712131947193,0.0556855169836363,0.119015979008294,0.0783069057762726,8.10784309060206e-05,0.00395923391192195,"Historical , 1850s"
"225","ssp245","Pac_EQU_W","Pac","EQU","1850s","6",4363,7.94025987718065,1625.49229404435,272.238130088517,1905.67068401004,310.702412447729,8.12632555619306,29.3307380327156,0.541253960714477,39.1371731937284,13.2173387440113,43.1665082233028,20.9870259655624,0.0238299320008817,0.706258499920067,6.64912904039109,1477.21514772271,232.984736476816,1743.24956916789,256.431319681803,8.08060073852539,27.2430210113525,9.18545167854146,1726.61717503641,293.550959477815,2001.13323510929,362.465134684245,8.18708594640096,30.7235813140869,0.00819423624724762,0.592511586936974,0.200101992944974,0.653513123273186,0.317730051641429,0.00036076981739461,0.0106922986620409,-1.83943159951438,-66.860918520496,29.6375479805623,-39.0628021394481,-79.5996749522665,0.0793419697176476,-0.890582839818883,0.120903591625104,9.38053717047807,3.37530114563683,8.03378546423177,5.30040889706723,0.00504917409043117,0.264609115297336,-2.16292334353153,-101.88830156019,21.5531025629547,-69.9939710240656,-94.1667553710937,0.0646517753601081,-1.56919860839844,-1.39828935201794,-40.5076978317302,37.9668746037325,-12.7928870441381,-61.5056610107422,0.092131423950196,-0.206707000732422,0.00183040248169099,0.142015289088173,0.0510998847129804,0.121626335937976,0.0802447757652416,7.64412426578073e-05,0.0040060115237944,"Historical , 1850s"
"226","ssp245","Pac_EQU_W","Pac","EQU","1850s","7",4363,7.94522652404637,1627.22958087695,271.704895189042,1906.87970259004,309.514861439838,8.12792160717744,29.1340486589243,0.524478242433393,39.6601230506243,12.7008967400833,43.8263046893002,20.526056087383,0.0233766761486845,0.836125793321508,6.69763442136715,1492.30629518441,231.112279333376,1760.62978787797,252.338724772135,8.08446276982625,26.6077213287354,9.18104086614533,1728.11686604452,291.991039939163,2001.97748033495,355.897192382813,8.19500242869059,30.636646270752,0.00794026268069669,0.600428710845337,0.192283393737678,0.6635020166761,0.310751264678501,0.000353907815815076,0.0126584058135106,-1.82755016200415,-65.9743860086116,29.6293912433719,-38.1725449272439,-78.6958279244884,0.0789173863415938,-0.880313318617046,0.129558830027785,10.1037785755326,3.46642247839533,8.54349427738801,5.62016438356538,0.00538820871795065,0.294363920618206,-2.12863552433943,-102.682233704661,20.8418988429652,-70.7779967922322,-94.1581762695312,0.062230110168457,-1.5968017578125,-1.35138150348315,-33.0459352402711,38.2373048488568,-7.20654799633894,-58.6139617919922,0.0933467229207334,-0.096893310546875,0.00196143721472868,0.152964697992239,0.0524794029834823,0.129342998975034,0.0850856678194277,8.15740084859316e-05,0.00445648010598865,"Historical , 1850s"
"227","ssp245","Pac_EQU_W","Pac","EQU","1850s","8",4363,7.97890221842086,1629.82419990116,271.039893672083,1908.84299579166,310.100788451091,8.1274743386204,29.032297938112,0.529777881126187,41.9718509800373,12.4215297653222,45.7253015620225,20.2501305838492,0.0227853101288758,0.906316279421121,6.7474595913898,1499.0442196631,228.106571628604,1767.16625964935,253.338346354167,8.08530696233114,26.4742736816406,9.27505910358325,1735.29496893141,291.34162441342,2008.71890259514,356.17450764974,8.19566278457642,30.7026920318604,0.00802049579606546,0.635426782301416,0.188053957729765,0.692251605847383,0.306573930327705,0.000344954915279234,0.0137210445508792,-1.82967666144932,-65.4840451436594,29.498102844637,-37.8156189604718,-78.8522692714109,0.0790201324107272,-0.903491124242339,0.128550034288511,10.0257241618637,3.53720002135511,8.45916689539559,5.65173983509729,0.00549535471246955,0.29641972262737,-2.12739833095987,-103.567177057521,20.1702202037196,-71.5267853592125,-95.416528930664,0.0640727043151852,-1.58652877807617,-1.37896172034909,-38.5144709820447,38.297974257099,-12.2726877396926,-59.1542724609375,0.0925469398498535,-0.131780624389648,0.00194616469718088,0.151783004458027,0.053550929383486,0.128066336741938,0.0855636998122548,8.31961298111505e-05,0.00448760362389957,"Historical , 1850s"
"228","ssp245","Pac_EQU_W","Pac","EQU","1850s","9",4363,8.02490328106157,1632.26614364959,270.754748759436,1911.04579569009,312.361879990508,8.12505106419203,29.0950974197961,0.545971620208257,44.3274709268088,12.429260866924,47.7979798331932,20.2966471361072,0.0224278557735736,0.856490565677177,6.71252344353038,1492.20515959569,224.310019086586,1746.28296029166,256.677214050293,8.08406330744426,26.9005184173584,9.37962884208653,1741.32620833893,291.797328376768,2013.35785733126,356.967173258464,8.19230670928955,30.8045310974121,0.00826565857249966,0.671089350621644,0.188171001627038,0.723630619492087,0.307278160959305,0.000339543286639903,0.0129667153464025,-1.83836022285442,-65.3811970250003,29.4684555020203,-37.7511017458345,-79.395224111184,0.0789891978874556,-0.906167767530009,0.124427193539984,9.62069094978185,3.68563565029675,8.44387725733429,5.79466538417576,0.00519666667918522,0.328614022625396,-2.12924021828344,-114.063809947812,20.2170072588011,-88.968038499542,-96.4107830810547,0.0644309997558583,-1.63039207458496,-1.37725260088042,-30.6054181277773,38.9246861413543,-4.79308195670819,-60.5620544433594,0.0932127952575676,0.316715240478516,0.00188374754450339,0.145651062581058,0.055798149171866,0.127834861472465,0.0877275005415291,7.8674185425327e-05,0.00497500458379342,"Historical , 1850s"
"229","ssp245","Pac_EQU_W","Pac","EQU","2090s","1",4363,14.7128429111246,1806.30716652091,187.140818139685,2008.16082757172,605.152020244647,7.88859543476772,31.6905620741126,0.621988272533912,40.3849004311535,7.60785282681936,45.1530055875202,25.578770733016,0.0166304127220625,0.958721939143974,13.62536029316,1668.16555292858,156.047258451214,1847.11517720146,541.709246826172,7.85170777638753,28.4096584320068,16.3886771972892,1891.40897384134,204.553070115278,2102.13612492325,671.776934814453,7.92111657142639,33.1460609436035,0.00941650171286033,0.611401373428496,0.115177990226541,0.683587413511071,0.387246109060963,0.000251773734004507,0.0145144324752744,4.84558812270941,107.356675501695,-54.2535395268781,57.948724097526,213.858213075988,-0.158094669683444,1.75576345943251,0.336005451075434,24.846274573657,6.15890665897306,26.7503250181125,11.4020518532967,0.00785477499251548,0.477915632318254,4.06165365160517,59.6750939500678,-66.6967537780237,2.69040299432459,186.585205078125,-0.183657852808635,0.537332534790039,5.51512572435225,172.739195576627,-34.5283791784652,132.723188993903,243.005936279297,-0.139681434631349,2.81079483032227,0.00508690604839295,0.376156589139361,0.0932418787693536,0.404982686130779,0.172619718968796,0.000118916232728684,0.00723533476281453,"SSP2-4.5 , 2090s"
"230","ssp245","Pac_EQU_W","Pac","EQU","2090s","10",4363,14.6927079353504,1804.11860277842,187.370681683879,2006.18199239765,606.505974819902,7.88753488321473,31.8529757647854,0.62105936989661,43.9068115123662,7.20331098319864,49.1194335338624,26.2298398273819,0.0173972322400321,0.864852019946676,13.4579453285696,1672.78682535954,161.206030184439,1852.82714160842,544.398266601562,7.84545636177063,29.2158107757568,16.4608357774856,1904.69094265943,203.469308639208,2113.85506035128,679.969262695313,7.92057452201843,33.2228622436523,0.00940243872540303,0.664720838108551,0.109053487351496,0.743636577136792,0.397102875680228,0.000263382887461692,0.0130933023769424,4.80924286166872,106.358041893151,-54.0528918788163,57.1143928760037,212.71342244473,-0.156662828510316,1.71625813757829,0.407012095530411,29.295210595807,5.79414023908501,30.8992193389219,14.1809997047399,0.0095196693323965,0.457173822815165,3.77780144097161,40.7239628893894,-70.7607470051627,-19.3011729310144,175.381678263346,-0.18294610977173,0.247491836547852,5.68393766108249,171.741445999382,-37.6938571506425,121.310707209158,243.733687744141,-0.133376328150431,2.82002258300781,0.00616190089742894,0.443510614163518,0.0877195501831946,0.46779427310688,0.214691199024937,0.00014412166037984,0.0069213171304274,"SSP2-4.5 , 2090s"
"231","ssp245","Pac_EQU_W","Pac","EQU","2090s","11",4363,14.6919438229099,1803.42755152465,187.608443960461,2005.72793930802,608.031403046136,7.88656797385325,31.9738542375129,0.609862930495534,42.9755146000718,7.36851999185797,48.3182971021701,25.7563562929478,0.0168763904845606,0.820973326549462,13.5986962186752,1682.11297335649,159.502109447361,1855.93126898262,551.664138793945,7.84683713912964,29.4184722900391,16.4292246045995,1899.43290893732,204.306001567629,2109.64556007271,682.871206054687,7.91694362958272,33.1198997497559,0.0092329318464893,0.650621602870441,0.111554645302084,0.731507887715475,0.389934640023877,0.000255497678850689,0.0124290072289814,4.82086347486222,106.99070223437,-54.2405037961223,57.5710619131103,213.591264719084,-0.156896808055142,1.70615486024442,0.376553412873694,27.6176498261322,5.82281967018319,29.2852569993902,12.7514146519528,0.0089255485111892,0.462356091021579,3.9136787184725,48.9969081551872,-66.4139667742359,-4.4167824807671,180.454062906901,-0.182574828465779,0.13787841796875,5.64497903391263,163.598306536817,-34.8901456740512,122.492167672869,243.133410644531,-0.135863987604777,2.92386245727539,0.0057007760658626,0.418113424925985,0.0881537382924971,0.44335992312665,0.193048202375809,0.000135127053925681,0.00699977333225159,"SSP2-4.5 , 2090s"
"232","ssp245","Pac_EQU_W","Pac","EQU","2090s","12",4363,14.6995630323999,1804.46879176398,187.53161230911,2006.69996710549,607.382534396558,7.88707494173125,31.90051468612,0.607645914532037,41.5785982315186,7.5082918266255,46.7781996189892,25.4875018047904,0.0165000224016969,0.856578086763429,13.6873713268413,1678.319342911,156.689147236899,1854.74479156472,549.998293457031,7.84674375851949,29.1024684906006,16.4014941018206,1899.74635945484,204.630631833462,2111.06186954325,680.557565917969,7.91402975082398,33.1613464355469,0.00919936765317635,0.629473189052901,0.113670700828559,0.7081918040709,0.385864356290182,0.000249799708561775,0.0129680403592604,4.82778022124467,107.033028178378,-54.2406430716178,57.6201653280048,213.736352597958,-0.157257655230406,1.72464101381123,0.348573385356883,25.6585310597939,5.92955110447287,27.3625472854163,11.4135640511148,0.00814432602020666,0.445007796250671,4.08003532114644,61.1986301165343,-66.1707091366344,3.80441930537813,187.471631876627,-0.183075793584189,0.250762939453125,5.61162220102485,165.113665019282,-33.0320870065917,124.642667656315,242.495084838867,-0.13878262837728,3.04813194274902,0.00527717647617167,0.388453629020563,0.0897695834429377,0.414251336816477,0.172794006226708,0.000123299848736598,0.0067371313265431,"SSP2-4.5 , 2090s"
"233","ssp245","Pac_EQU_W","Pac","EQU","2090s","2",4363,14.7383921143582,1807.23584407804,186.583258778469,2008.55749497087,604.313632584606,7.88909545111722,31.5509788433795,0.659733986941486,41.4255806906162,7.50841453000294,45.6955221612425,25.8934788589108,0.0166416377101137,0.980103563153472,13.6128594135674,1671.89944247703,158.076424838196,1850.9793499376,553.442885742187,7.85415156682332,28.1582145690918,16.4319663998965,1900.74231444597,204.269261920636,2100.74385205942,668.542027587891,7.91486450195313,33.0879325866699,0.00998794751026109,0.62715660206946,0.113672558478638,0.691800764905783,0.392010587327517,0.000251943673091589,0.0148381364870702,4.83781653544444,106.524677258415,-53.9259776986871,57.4365160951719,213.141377150955,-0.157802629736812,1.76938965353866,0.34502939315683,24.7564881471184,6.4679241790016,26.7558761864683,12.2588603305257,0.00814904782574358,0.489172483943498,3.94955055861639,54.4596170410255,-67.2817502660963,-2.90973027669907,186.807238769531,-0.182288138071695,0.557826995849609,5.58698296393169,181.912495657057,-35.117504452722,142.903912531762,242.300003051758,-0.138483492533365,2.9305248260498,0.00522352271757874,0.374797280488977,0.0979202049294245,0.405066727243191,0.18559124729127,0.000123371333830272,0.0074057562438799,"SSP2-4.5 , 2090s"
"234","ssp245","Pac_EQU_W","Pac","EQU","2090s","3",4363,14.7316618360239,1805.99754566988,186.608302113888,2007.3375096198,604.938128589573,7.88855156722725,31.6224482843958,0.686321862466648,42.6772395617794,7.31186357653322,46.671821119984,26.1938415274226,0.0166738782188068,0.941393475221245,13.5445608356878,1678.88934935272,161.243134727068,1861.91766161511,556.785479736328,7.85350039800008,28.6483860015869,16.4491327138401,1903.26939572175,203.50817938265,2104.51083637022,668.070646972656,7.91229826609294,32.9865951538086,0.0103904708157312,0.646105910962712,0.110696903676544,0.70658130213328,0.396557884611753,0.000252431773621356,0.0142520906958307,4.81767138401234,105.699495063219,-53.6405038654395,56.8766625817921,212.891527061501,-0.157407291228248,1.79454367330758,0.354528712098447,24.607755133207,6.77817616287676,26.6860577393293,12.9980044989386,0.00882864257792255,0.494163909696458,3.96159983628596,53.7333066581643,-67.7485893225035,-5.64640612678454,184.483338419597,-0.182989915211996,0.514078140258789,5.59041046379076,187.315666360501,-37.4380979497459,149.456547739152,243.597954101562,-0.135877895355224,2.89751052856445,0.00536733628615349,0.372545558483753,0.102617220076795,0.404009720935989,0.196781413786782,0.000133659960530376,0.00748132321391437,"SSP2-4.5 , 2090s"
"235","ssp245","Pac_EQU_W","Pac","EQU","2090s","4",4363,14.691134218247,1802.59569399323,187.105763293486,2004.39259150497,606.423238030488,7.88732565540291,31.864795968291,0.692554755718464,42.7632792100916,7.17011593305336,46.8048895513041,26.7585221307624,0.0168991839915462,0.849374853080597,13.4338128970285,1682.39691371678,164.361703151125,1866.17283995764,550.586968994141,7.84272648493449,29.3910942077637,16.4507452709335,1902.16093241854,203.843108544187,2105.72595557484,673.831683349609,7.90897340774536,33.1431503295898,0.0104848328038483,0.647408495804713,0.108550935679134,0.708595872450415,0.405106785135081,0.000255842757861099,0.0128589880421867,4.805818559998,105.236015376971,-53.9471524533955,56.0946814835734,213.367768915976,-0.15740109038689,1.79453577325845,0.365733737733837,24.7042563821066,6.97136988133913,26.7632095887638,13.5150166276395,0.00919496988968182,0.472417029475751,3.82722849085027,48.6629855457927,-67.6160196123278,-3.46735945169053,182.690812174479,-0.182873821258547,0.612010955810547,5.73947408594349,183.196763003178,-38.7436564734325,144.862664470261,247.63733581543,-0.131924597422282,2.88557052612305,0.00553697315512282,0.374006525218471,0.105542048503871,0.405177750229195,0.204608644315821,0.000139205920013817,0.00715208945840736,"SSP2-4.5 , 2090s"
"236","ssp245","Pac_EQU_W","Pac","EQU","2090s","5",4363,14.6145504161971,1798.70934789771,187.703166498924,2001.02706481283,605.627675046468,7.88752950917596,32.0474081291622,0.660252703557168,40.1998411725158,7.02832136695259,44.5736873891821,27.7091284191341,0.0176559189109981,0.74371459573185,13.1532603384251,1668.19711578537,166.790644990884,1849.97516521823,525.890466308594,7.83588795661926,29.7184791564941,16.4112209474026,1898.96081284691,204.152574946439,2105.22254070483,678.528492431641,7.91915564537048,33.5834655761719,0.00999580054562486,0.608599695482312,0.106404257303474,0.67481690923015,0.419498351886397,0.00026729923699401,0.0112593598204962,4.78927128370752,105.082060307485,-54.53483005863,55.3365015325623,212.996477209952,-0.157300233449732,1.76206087031849,0.359766975536862,24.8153071373918,6.9689497698238,26.8472336112612,13.3749287355776,0.00887664445682966,0.499973563815054,3.71203457006449,53.8874603804929,-66.7348399518685,-6.77137547652706,177.910948689779,-0.183372338612876,0.631153106689453,5.77351671000408,186.118759422892,-38.9829204561061,148.487648591556,249.503375244141,-0.129210821787519,3.13780784606934,0.00544664021971369,0.37568776210594,0.105505409574753,0.406449819794985,0.202487803885538,0.000134386678050479,0.00756927763423812,"SSP2-4.5 , 2090s"
"237","ssp245","Pac_EQU_W","Pac","EQU","2090s","6",4363,14.5573503099474,1797.38292185418,187.822300466334,1999.76257263046,602.377384551387,7.88943429918337,31.9806018608342,0.604501896810158,38.7965840998399,6.9270659378604,43.57111126188,27.2711691261334,0.0179270741960622,0.810108142828943,13.1173023897637,1651.67454511032,165.189515446465,1829.98136294655,524.817727661133,7.8477276802063,28.9277896881104,16.2967736867737,1901.23394441068,204.005006941017,2109.15042023807,684.412607828776,7.91769711176554,33.3268585205078,0.00915176925048827,0.587355287489531,0.104871315343655,0.659638552600445,0.412867930357863,0.00027140435331052,0.0122645153476506,4.77765883325242,105.029709289333,-54.7782816416216,55.0290864809638,212.075297151392,-0.157549287292044,1.75928098829963,0.370536513758553,26.0664019167386,6.59555574458802,27.8655842270845,13.5414180783777,0.00910529425668671,0.45515433988,3.57711083568613,41.0812819510586,-66.4397473668467,-10.2435175934249,172.681786092122,-0.184993108113608,0.566734313964844,5.82120796875675,182.983486599902,-41.1177080076995,144.920354191652,250.595001220703,-0.127468379338582,2.84329605102539,0.00560968408981454,0.394628531012523,0.0998524646022047,0.421866992017746,0.205008345270126,0.0001378482887063,0.00689074345989724,"SSP2-4.5 , 2090s"
"238","ssp245","Pac_EQU_W","Pac","EQU","2090s","7",4363,14.534054451727,1797.97224147522,187.373582008792,1999.87987793573,598.125754081883,7.89200991986002,31.7318838820335,0.558062667622585,39.4021882051155,6.88447354927217,44.3630489403904,25.4076263256091,0.0172450361704482,0.932564251518897,13.2677169971266,1670.80143570154,164.074992251387,1850.97976038744,529.949816894531,7.84898529052734,28.3838386535645,16.2504184330463,1895.98174294967,202.734721131871,2104.38761442806,682.667073567708,7.92114656766256,33.0715866088867,0.00844870924035785,0.596523743466057,0.104226494021764,0.671627978825142,0.384655092997382,0.000261078737024757,0.014118421937451,4.76127776567648,104.768274589654,-54.7019219368778,54.8276304184523,209.915064717556,-0.156994300975827,1.7175219044922,0.383005514340635,27.1055374799938,6.24817405575155,28.6823733583806,13.3573422581793,0.0091331541645647,0.434578226391541,3.46090972901145,35.3975327847663,-66.1935584964376,-12.8226764533435,169.176350911458,-0.185356140136717,0.660463333129883,5.68104657771178,176.843923346914,-40.2463724979349,138.170818151621,243.078372192383,-0.127071364720662,2.70249938964844,0.00579845672512565,0.41036037394812,0.0945933296435684,0.434232653226376,0.202221555948307,0.00013827006976205,0.00657923435841733,"SSP2-4.5 , 2090s"
"239","ssp245","Pac_EQU_W","Pac","EQU","2090s","8",4363,14.5756161786363,1800.14200142979,187.059369661857,2001.77698727028,598.602573194662,7.89185631942209,31.6342020202707,0.561494439443019,41.5316374451388,6.91485295990423,46.5507040707941,24.5218639582773,0.0169307154056848,0.97564379100014,13.3262798991618,1675.87311872103,163.636101301682,1856.702825303,528.987591552734,7.84938939412435,28.1973609924316,16.2863252760718,1892.72818763836,202.332151129001,2102.64786180813,677.85947265625,7.92258696556091,33.0046119689941,0.00850066405470446,0.628762233002908,0.10468641872595,0.704747668041584,0.371245221433104,0.000256320123156164,0.0147706184100014,4.76703729876616,104.833756384972,-54.4824211655889,55.1183725181488,209.64951547216,-0.15659788678758,1.69841295791638,0.406262418432703,28.754097431879,5.95459012066451,30.122853947524,13.9152658226242,0.00925569088586195,0.455263185315579,3.58833360590931,32.8715845065144,-66.1572367925653,-17.2677396440467,168.625342814128,-0.185952472686767,0.352476119995117,5.56822555220957,169.351339103177,-39.7203872707799,130.311399214611,241.127776489258,-0.129680124918621,2.70635795593262,0.00615055126917004,0.435318509488905,0.0901486580159941,0.456040601276186,0.210668159256175,0.000140125196774788,0.0068923913096652,"SSP2-4.5 , 2090s"
"240","ssp245","Pac_EQU_W","Pac","EQU","2090s","9",4363,14.6507480386806,1803.09889690598,187.160864149768,2004.91050909443,602.879283244464,7.88958165452845,31.7146876843151,0.602308038238567,43.3352845772222,7.00158840399026,48.3191472928488,25.4004991167155,0.017283286312838,0.954800495832243,13.275229270748,1662.41093394598,162.963249714435,1841.78939668275,530.929556274414,7.84693112373352,28.5687217712402,16.3830497691116,1900.70600693743,202.748583347734,2109.69073350406,677.498905029297,7.9226806640625,33.0998153686523,0.009118555645169,0.65606828853265,0.105999537467682,0.731520759054591,0.384547191646637,0.000261657819536816,0.0144550643500341,4.78748453476458,105.451556231396,-54.125429107647,56.1136116585131,211.122179142771,-0.156480211776128,1.71342249698901,0.428727594133883,30.5592052758364,5.78037038878878,31.8972379762135,14.6980926090482,0.00955195214099547,0.495959117689172,3.6820904866402,33.2952060777993,-69.1921318923272,-17.9819593774318,168.676355997721,-0.185316944122315,0.0944766998291016,5.68357734792207,169.294196842299,-38.7802655032611,121.354258273066,243.004591674805,-0.130376768112182,2.5695686340332,0.0064906595554695,0.462646679255314,0.0875110835213199,0.482903632274116,0.22251965244463,0.000144610401302928,0.00750850150631122,"SSP2-4.5 , 2090s"
"241","ssp245","SA_STPS","SA","STPS","1850s","1",7787,8.93520350231489,1735.04055540094,254.920998499552,1998.8967574028,305.390406595733,8.14577371470847,23.5920227441231,0.544016731200328,42.2883621796802,22.6889872507653,50.9029363817146,17.3095133254832,0.0214805490683891,2.60478508500218,8.03175155816319,1573.29226109822,158.224548134051,1823.36382034751,250.614849344889,7.97028503417969,16.5286083221436,15.0308515246256,1880.80960803671,296.723104589515,2086.09384807555,472.454296875,8.21867173512777,28.7093963623047,0.00616491608173511,0.479220930386694,0.257116545059013,0.576843161449779,0.196155174918663,0.000243422260385311,0.0295179918907318,-2.40441859962428,-83.4053411681281,31.2157676417572,-54.5939921259951,-89.5560746123764,0.0894460458920848,-0.741440089797624,0.257675015900169,8.17923363793083,3.26941948243365,6.77576965706467,7.95070078930383,0.00734352537692229,0.220578264700856,-3.26531141013373,-110.631053836041,6.32334363507917,-82.5128714958519,-113.264036051432,0.0367242495218925,-1.448974609375,-1.00263641663144,-17.9567889608013,40.1522465410086,-12.6360817423536,-45.2404897054037,0.110433235168458,-0.0614738464355469,0.00292002940034457,0.0926888569759455,0.037049773636045,0.0767844974782379,0.09009907296214,8.32184289496552e-05,0.00249964093629096,"Historical , 1850s"
"242","ssp245","SA_STPS","SA","STPS","1850s","10",7787,8.88385285692744,1742.67821656195,244.017008152797,1995.57907757168,275.184558837089,8.18349237068122,19.9852441680357,0.665397919452472,50.2169382837498,25.2114625354527,56.6434416025054,17.8795831147993,0.0238712371584693,3.27425902065537,7.72126459857874,1585.94347008576,147.313027598534,1834.97402273969,229.273839111328,7.9916256904602,12.7804431915283,15.466922814263,1872.32794217748,291.852870035916,2089.87748912008,442.435535685221,8.23939434051514,26.5256843566895,0.007540434143146,0.569069281597129,0.285701784365968,0.641895816861412,0.202615329929175,0.00027051405850047,0.0371046163371977,-2.38444635910371,-81.4442990589761,30.8191558716995,-53.0095895463803,-80.0561868226239,0.0895092450000662,-0.652402422862754,0.2371887381731,8.79413042767558,3.3787324855345,6.59472616224118,5.06551172703422,0.00645599810364466,0.24028202316179,-3.48620637475132,-102.532480429118,12.1282021987187,-70.2341558053163,-105.623749796549,0.0519682502746583,-1.43473625183105,-1.21310804955799,-26.0530921653688,41.7835684118543,-11.1951333692948,-56.1506896972656,0.1117041015625,0.105350494384766,0.00268787443934578,0.0996570013183826,0.0382885323949389,0.074732873164647,0.0574034821306104,7.31607765904432e-05,0.00272292821853762,"Historical , 1850s"
"243","ssp245","SA_STPS","SA","STPS","1850s","11",7787,8.85001058305032,1739.27076988608,247.676941390971,1995.7977218601,281.783424029551,8.17503648872832,20.9535473735663,0.596420388581736,46.9113404326636,24.2328529167686,54.6880318576805,18.7902515740753,0.0246319638808648,3.17300120143475,7.86634739784722,1598.32804592981,153.898970692218,1850.34209514886,231.165358479818,7.99053867657979,13.5964794158936,14.974789957642,1898.1257297771,293.158737448008,2101.05688854346,445.131948852539,8.24795977274577,27.1661262512207,0.00675876574040198,0.531609526808068,0.274611967031389,0.619736687755852,0.21293522324814,0.000279134779400642,0.0359571406764082,-2.39813068416107,-82.7686112633641,31.2706599587071,-53.8960819888181,-82.7186818246531,0.0900219127450809,-0.666461062437222,0.245484547593419,8.79538189968147,3.40579007907171,6.70281940520692,6.17773067236331,0.00720542994877481,0.268773686257274,-3.2194608146566,-101.463209617479,13.525920900257,-69.5699764138537,-102.993259684245,0.0557625579833969,-1.4793815612793,-1.32713763540071,-30.3640125329553,41.2837770235138,-15.3421096480802,-54.8021642049154,0.113811607360841,0.137876510620117,0.00278188435847729,0.0996711832717169,0.0385951549378936,0.0759578093360329,0.0700073894540872,8.16535014814833e-05,0.00304580195005903,"Historical , 1850s"
"244","ssp245","SA_STPS","SA","STPS","1850s","12",7787,8.88640416736366,1737.28646008595,251.411114339847,1997.58397859316,293.306669912689,8.16051930486973,22.2721935096873,0.553603668028936,43.9371786560577,23.4178329254715,52.4997323895577,17.9129281686613,0.0227374981269221,2.88450117338381,8.00296653760806,1593.54657627642,158.155763264854,1842.98321507892,241.417928568522,7.98373154004415,14.9077663421631,14.7932718933857,1898.72718407499,295.014474062235,2098.60859111555,454.688957722982,8.23244663874308,27.7465152740479,0.00627355733785762,0.497905677799925,0.265375982983257,0.594938401583814,0.202993203341903,0.000257666280873017,0.0326877955248575,-2.43367452413286,-84.1617926294635,31.610043708763,-54.9854234448333,-87.3339144931777,0.0909162949773913,-0.718230165212609,0.255842863484402,8.53023247133437,3.32510392037852,6.75111112903812,7.05367772283108,0.0074219038278684,0.226123720056755,-3.2322290377047,-104.253234815885,10.5317163121481,-72.8538776951245,-106.812611897786,0.049784755706785,-1.39382743835449,-1.49900765592133,-30.4046271236471,40.3161746164648,-21.5100897340217,-58.5792492675781,0.113902282714845,-0.0646820068359375,0.00289926705013664,0.0966664522016389,0.0376808018145925,0.0765050616681529,0.0799338122063108,8.41066306261607e-05,0.00256248324415287,"Historical , 1850s"
"245","ssp245","SA_STPS","SA","STPS","1850s","2",7787,8.93183780285547,1731.98115533768,257.326125231666,1998.23911837221,311.260642829801,8.13863679168034,24.343576031453,0.526866637354127,42.5647661670884,22.2894231405665,51.1305973704243,17.3269770864359,0.0212418493358395,2.58419782590664,7.54371742585485,1536.34532103689,155.890238177672,1788.59748661928,254.913421630859,7.95647371610006,17.3757019042969,15.4277784180223,1873.84886281566,297.982659103572,2073.58866836982,490.415782674154,8.2119226137797,29.4266395568848,0.00597056748307634,0.482353200571232,0.252588597539433,0.579423065357116,0.196353078061287,0.000240717263028606,0.0292846925868724,-2.39485945004432,-83.686291753292,31.0022212893437,-55.0789299139926,-91.3601436412428,0.0893399627418355,-0.7893986296499,0.257749974137987,8.10460144584753,3.23873492848682,6.92587286338332,8.36904831932381,0.00772625501690478,0.251724263256053,-3.4242332875985,-109.355302919612,6.57406231648457,-86.9897054400346,-116.194432576497,0.0339022477467861,-1.64116859436035,-0.81025508578356,-13.4344718610901,40.3461422103279,-7.67066463038918,-38.2106984456381,0.113749103546141,0.178544998168945,0.002920878843421,0.0918431087207874,0.036702049587797,0.0784854997038718,0.0948398782860568,8.75556045862918e-05,0.00285259417534111,"Historical , 1850s"
"246","ssp245","SA_STPS","SA","STPS","1850s","3",7787,8.87750530700727,1729.22719241068,258.264078108228,1996.36877582592,309.731216526686,8.14023320066623,24.3942104148503,0.511283945607254,44.6325353435729,22.3285135315496,52.81717138549,17.9026023336205,0.0222083579402676,2.78953939035994,6.8887445889777,1447.11283250684,154.000945401131,1684.33378776476,255.954850260417,7.95341095924377,17.3900718688965,15.6036579976967,1875.0882017027,298.690764824885,2070.62891870182,493.991367594401,8.21104170481364,29.9840126037598,0.00579398102637848,0.505785611227608,0.253031578363719,0.59853568942214,0.202876188730313,0.000251669949034103,0.0316116679174907,-2.36692363846515,-83.3134179689842,30.7796294332361,-54.9007121742133,-90.713965555243,0.0891748525845305,-0.819793866124021,0.249178934730639,8.30172508295501,3.25312624714203,7.19914679925727,7.629720168979,0.00756709038463605,0.221077318729184,-3.29774959279673,-132.365903206364,6.07493785451257,-109.892982336892,-113.40158996582,0.0333963871002183,-1.65986061096191,-0.908859296910988,-18.8618733253818,40.3732082210343,-10.8357430649089,-39.3959576416016,0.114802665710446,0.0510654449462891,0.00282374995813294,0.0940769567089047,0.0368651351451457,0.081582299462716,0.086461650664852,8.57519163082641e-05,0.00250529632523112,"Historical , 1850s"
"247","ssp245","SA_STPS","SA","STPS","1850s","4",7787,8.7970281863887,1727.70077778125,257.523459706417,1994.02126567406,302.074889559106,8.14913007222258,23.7850319560314,0.506541532272478,46.8557697674085,22.8038460519833,54.4814772008728,17.7424122385106,0.0223813706413039,3.01638491251564,7.396939594613,1522.61784349483,155.346566345338,1772.65695204175,254.137073262533,7.96471665700277,16.6559562683105,15.3184432523809,1866.59448141403,298.896850746174,2072.05328824356,479.117838541667,8.20835622151693,30.4084587097168,0.00574023896559795,0.530979787926421,0.258418150010014,0.617395965398469,0.201060879684029,0.000253630566643435,0.0341823307802332,-2.33665658764442,-83.0052393803179,30.6834111363682,-54.6584848315942,-87.9803874192469,0.0887770139767015,-0.796924887472896,0.238403118040168,8.13952491396056,3.24110357139642,7.05058322698436,6.73989164163869,0.00742139039956353,0.225152956694527,-3.13932162290756,-117.776439636391,2.11574369260177,-94.8861923457353,-107.649485270182,0.0278278541564942,-1.59672927856445,-0.729371833382558,-16.3915335472891,40.3227844386811,-4.1594948334714,-37.2952014160155,0.112281036376954,-0.0200881958007812,0.00270163605648447,0.0922388690675785,0.0367288915651255,0.079898744705412,0.0763779199934015,8.41008123447881e-05,0.00255148234230532,"Historical , 1850s"
"248","ssp245","SA_STPS","SA","STPS","1850s","5",7787,8.74623388966049,1728.96971837691,255.072758931289,1992.78871119786,292.263979334432,8.16107509479161,22.7576159854002,0.527508228446573,49.2379988134675,23.5830871343099,56.0634665642461,17.0711316548072,0.0218650623833798,3.19527460427099,7.70556224447082,1547.3096446823,157.297832656465,1801.37712769079,245.455692749023,7.99008938471476,15.1349563598633,14.6890988435238,1858.63456344616,297.527950446561,2078.58859056168,446.57702738444,8.21578840255737,29.7802314758301,0.00597783813307086,0.557975726312399,0.267248679669248,0.635323413412568,0.193453781908381,0.000247779649015616,0.0362095477283699,-2.32491729651512,-82.6379811924029,30.6662834697846,-54.2966150191335,-85.0092474780591,0.0888148662727871,-0.768187932902051,0.236895639696424,8.18851601601995,3.24690693054795,7.02974584386872,5.81410214839751,0.00712409646555814,0.221467872578369,-3.03660736865682,-124.11238919327,3.25776669647328,-100.211564502447,-101.848593139648,0.0307471561431889,-1.58321380615234,-0.778152329699939,-17.553460013416,39.9989680042821,-6.75386253167403,-37.1428546142579,0.111236667633056,-0.0889644622802734,0.00268455298357289,0.0927940469061009,0.0367946564949695,0.0796626109416812,0.0658866718242671,8.07318127356984e-05,0.00250972216651051,"Historical , 1850s"
"249","ssp245","SA_STPS","SA","STPS","1850s","6",7787,8.7523742043742,1732.94542021516,251.179636277702,1992.87743069724,283.099772138404,8.1727068659151,21.557443034714,0.587212293455366,52.044654604435,24.4627238157665,57.8820649799204,16.3474615576885,0.0208689928013619,3.2801547746568,7.29486237109965,1491.77614897967,156.670577046551,1730.55468932902,236.727582702637,8.00879993438721,13.4370784759521,14.4010600513388,1853.7133395273,295.425937945865,2083.25601682053,423.171075439453,8.22831716537475,28.2014465332031,0.00665441760095881,0.589781361009431,0.277216914123417,0.655932166739457,0.18525299475657,0.000236491971573857,0.0371714283056038,-2.33705105715531,-82.2563249390989,30.7750369931358,-53.8183390031184,-82.2887952139735,0.0889936093912185,-0.712723039550164,0.242591204564016,7.90611189397648,3.10975032485739,6.64151910886325,5.00020324668632,0.00682950393398527,0.229086608971922,-3.09641620452896,-100.96970640047,7.87905425628699,-73.5580266534405,-97.5942362467447,0.0386423492431636,-1.61784172058105,-1.13594197029987,-25.8294153469574,39.5838550782679,-19.0863030609701,-42.577706298828,0.1098903465271,0.0010223388671875,0.00274909636511432,0.0895937818890808,0.0352403679673497,0.0752631410270079,0.0566633922074896,7.73934260073244e-05,0.00259605934664003,"Historical , 1850s"
"250","ssp245","SA_STPS","SA","STPS","1850s","7",7787,8.81957115688084,1738.50229843552,246.67508957075,1993.99695916315,276.862813944626,8.18091175308514,20.4827192556259,0.675862421533823,54.646408361839,25.277509665199,59.4139727799116,16.2076640569549,0.0204571055245078,3.28806592511668,7.4583240285728,1531.56191540111,150.945307956679,1773.17081221944,232.236060180664,8.01201349894206,12.4860420227051,14.7694307203344,1870.80404453205,293.248805595156,2090.35317632312,418.226452636719,8.2344912147522,26.7755641937256,0.00765902015984135,0.619265001235613,0.286450244824945,0.673292079569829,0.18366877903115,0.000231824375245822,0.0372610791856191,-2.36065274091724,-81.5020476311335,30.7009103806149,-53.1617899914359,-80.5489548290844,0.0893523367159194,-0.687150832475035,0.25146198651122,7.67191756146018,3.02673791093605,6.3008194085879,4.45787495238338,0.00642175755723155,0.212102564393123,-3.40655806507125,-100.302748516137,10.6811818887855,-71.0135397319202,-103.435161336263,0.0453663635253907,-1.52561187744141,-1.41557203086896,-31.330593734375,40.3517629754781,-22.0649838764584,-47.9320306396485,0.109033527374267,0.0399284362792969,0.00284962199814627,0.0869398407068025,0.0342996532131579,0.0714022578210162,0.0505176098604077,7.27727552610921e-05,0.00240359245444404,"Historical , 1850s"
"251","ssp245","SA_STPS","SA","STPS","1850s","8",7787,8.91030161664409,1743.4788176598,242.899619801115,1995.28873907756,274.099552989713,8.18464262979922,19.7701971712528,0.750572671098998,55.5289201654584,25.9983985176663,59.7047159807461,16.5681991699823,0.0211882467966172,3.27371913692744,7.51721395994818,1563.11801085237,144.018679220566,1809.97688614462,229.247699279785,7.99997145334879,12.2680740356445,15.5716093058698,1881.87128862446,291.573526317138,2095.95622285828,431.487522379557,8.23919832229614,26.4122123718262,0.00850565297938452,0.629265817200317,0.294619514306627,0.676586844843913,0.187754441454489,0.000240109827379808,0.0370984982572091,-2.38942013058449,-81.0364192314566,30.5917487083101,-52.834090653731,-79.8303295933771,0.0896591892291337,-0.669348069838768,0.255511084293475,8.00758429001004,3.101189608535,6.27169022939827,4.2697440106603,0.00619988853560518,0.214285500782239,-3.6429118235112,-99.3664872752197,10.837264020676,-68.4623967972145,-108.525417073568,0.04668329238892,-1.40885162353516,-1.47670194676943,-31.4641466229552,39.3672229787214,-21.6435420000194,-49.3986065673828,0.108811836242674,0.026702880859375,0.00289550725608542,0.0907436891810482,0.0351433560655087,0.0710721596182685,0.0483856690549447,7.02584871862017e-05,0.00242832996503673,"Historical , 1850s"
"252","ssp245","SA_STPS","SA","STPS","1850s","9",7787,8.94387503602254,1745.37834889343,241.770179440502,1996.09240336995,273.648686884271,8.18536015287235,19.5767976520952,0.752668116991792,53.9827729172559,26.1550735316006,58.6025576168301,16.8636870291442,0.0221404314607959,3.28354654974345,7.58869516555717,1570.44560472473,141.62981262623,1817.86897522039,227.449210205078,7.98925582567851,12.2250413894653,15.9899398389209,1882.95536383779,291.12130161957,2096.89368550619,444.239045206706,8.24213148117066,26.3394412994385,0.00852939902861794,0.611744539841545,0.296394989687464,0.664096946220147,0.191102974230099,0.000250900191374725,0.0372098646395951,-2.40016076935966,-80.9829254602401,30.6400105560553,-52.7430756735444,-79.6226650606645,0.0896582565301719,-0.65059933890009,0.248223908458208,8.41527829339552,3.21883730986302,6.36602289982517,4.34492687851237,0.0062605839091009,0.217402357667319,-3.5597749928633,-102.899625160918,10.9339732905128,-70.3461986518735,-106.47009379069,0.0476869297027598,-1.30498027801514,-1.52431536576389,-31.7228554359754,41.1951084349491,-22.3131975112267,-51.3878009033204,0.109909439086913,0.0640935897827148,0.00281292739241441,0.0953637664208648,0.036476565439963,0.0721411579846692,0.0492376576878486,7.09463003777649e-05,0.00246365086609229,"Historical , 1850s"
"253","ssp245","SA_STPS","SA","STPS","2090s","1",7787,17.3330025472365,1956.62660391011,175.667406828733,2149.62701328608,630.364729861179,7.88891193097322,26.052582321713,1.18649415234129,46.124138888709,20.5816358672808,54.4165891857568,28.4226452164182,0.0188795693960353,2.74796486993462,15.0556966286978,1783.79765511074,124.308370240186,1974.66775876096,548.478251139323,7.79233748118083,19.0717334747314,22.5435170652498,2040.18485109207,213.445718380605,2244.62853336231,767.519329833984,7.93665625254313,32.0030632019043,0.01344561014606,0.522688787463923,0.233235580212131,0.616660640278931,0.322091605884129,0.000213947392259509,0.0311405363973351,5.99338044529729,138.180707341045,-48.037824029062,96.1362637572802,235.418248653069,-0.167415737843167,1.71911948779219,0.600465944463419,12.9563677664382,4.25972089878987,11.318815074047,12.252626284713,0.00888634855782717,0.452055192148353,3.88902878084161,68.2468670288085,-59.1779902661636,56.1657418747268,164.094503173828,-0.192599916458129,0.479345321655273,7.43771907556721,171.225239154172,-14.3808279978606,126.17799972369,267.624216918945,-0.0966032791137703,2.85694313049316,0.00680461086075245,0.146824381353037,0.0482720849682518,0.128267277593127,0.138849429611205,0.000100702037253849,0.00512278789249407,"SSP2-4.5 , 2090s"
"254","ssp245","SA_STPS","SA","STPS","2090s","10",7787,17.3808969723533,1960.74691743508,165.170679039247,2143.29849344669,572.194433452234,7.92207252245102,22.2585979663727,1.37925862024851,53.7042215956815,22.0468189902261,61.0856679629348,23.2967278139745,0.0184578377583616,3.42263410702035,14.9034660527493,1798.23044964297,105.475528651953,1979.99618336211,494.134893798828,7.78861991564433,14.2605419158936,24.6009143217959,2070.36354342895,207.897047263592,2252.50330499081,763.861210123698,7.97357457478841,29.6033878326416,0.0156300590793974,0.608587935598558,0.24983935446996,0.692236093469621,0.264003593483763,0.00020916823749062,0.0387860351311419,6.11259775632217,136.624401814158,-48.0271732418503,94.7098263286297,216.953687792522,-0.171910603230139,1.62095137547423,0.687396316580887,16.2492074407395,4.4427413717587,13.4361794959544,8.22853365490125,0.00929441412802933,0.471743412180967,4.77602739971828,81.7200815866036,-59.6734328007197,57.1737219311135,186.038783772786,-0.196724780400594,0.21917724609375,8.44407342008098,174.319051002,-23.9003439275978,127.837782479507,256.727938842773,-0.129676389694215,2.99539184570312,0.00778972477053191,0.184139557704111,0.0503461128287604,0.1522617123722,0.0932475355055197,0.000105326325169757,0.00534589908988683,"SSP2-4.5 , 2090s"
"255","ssp245","SA_STPS","SA","STPS","2090s","11",7787,17.3180129741174,1959.3834395343,168.327440357172,2145.02889286559,586.688510236828,7.91372462153721,23.3103532272506,1.2558573950935,51.596750084762,21.4642289744932,59.4045627896454,26.2030543038533,0.0184662835283135,3.30573133665406,15.0054208132428,1787.51636021427,109.448691898377,1973.81682757903,490.793636067708,7.79892163276672,15.8439531326294,23.1995296459868,2058.5782184043,209.269555915661,2253.41591767919,748.037721761068,7.97696906725566,30.9678611755371,0.0142316495198507,0.58470560944142,0.243237317526859,0.67318544351069,0.296938718248572,0.000209263946795156,0.0374612674765876,6.06987170690601,137.344058384861,-48.0788410750918,95.3350890166751,222.186404382624,-0.171289954446031,1.69034479124706,0.654476419010081,15.5552527846331,4.50944177372087,13.0157647503631,10.4936632650307,0.00960765987740456,0.440451967433258,4.55920808817598,77.6704916569365,-58.9636400874531,55.2304949960844,174.522119140625,-0.195513073603311,0.448657989501953,7.86572354483227,172.301632539446,-22.2285259487377,129.168869164913,250.808803100586,-0.120638818740845,2.90183258056641,0.00741666932149168,0.176275512401707,0.0511019763107667,0.147497480911201,0.118916477579949,0.000108876094224833,0.00499129762290577,"SSP2-4.5 , 2090s"
"256","ssp245","SA_STPS","SA","STPS","2090s","12",7787,17.3678298901964,1958.94729908964,171.82641832807,2148.1415473079,610.720965336985,7.8998554473142,24.7319270255347,1.21351821042979,48.6773328173366,21.1070230390675,56.8134817738715,27.6418951403712,0.0183908939689467,3.03394974086108,15.0703865697175,1781.81458594071,118.114907397576,1969.75033575607,525.389860026042,7.79861127535502,17.4257164001465,22.5916875597783,2052.1631990599,211.334081713936,2249.77320410981,752.450856526693,7.95241282780965,31.4245052337646,0.0137518526580061,0.551622137134355,0.239189382069179,0.643822749117121,0.313243975979405,0.000208409615888991,0.0343813792405642,6.04775119869991,137.499046374222,-47.9746523030139,95.5721452699084,230.080380931118,-0.169747562578137,1.74150335063482,0.635895466649009,14.108437165675,4.33230270832024,11.9879571084426,12.2846323873428,0.00925605902140562,0.4319860830619,4.36072866655713,74.3169091212801,-58.7094427114539,59.2574378873935,173.596411132813,-0.193932018280029,0.479103088378906,7.53438513453922,169.847239274028,-18.9023223199368,125.773662084125,262.972288818359,-0.10854974746704,2.79067611694336,0.00720610592250948,0.1598798826994,0.0490945978417584,0.135850140862256,0.139212129736954,0.000104891676747972,0.00489536037738771,"SSP2-4.5 , 2090s"
"257","ssp245","SA_STPS","SA","STPS","2090s","2",7787,17.211968369349,1953.29796417122,178.801457183398,2149.31138972396,639.033491807102,7.8842496498258,26.8826546467087,1.12222723642685,45.2573028332149,20.130956231917,53.496439231094,27.8337020625254,0.0184659559410855,2.6742937262076,14.8607759716053,1788.05474955609,125.991671562823,1982.22903478907,551.229947916667,7.79183214505513,20.5411796569824,22.3476715201953,2032.6871964129,215.249604282362,2240.68163972041,770.155759684245,7.93369501431783,32.5981521606445,0.012717323457946,0.512865612491065,0.228128380428709,0.606233300589226,0.315417573795721,0.000209260234505342,0.0303056789514613,5.88527111644924,137.63051708024,-47.5224467589246,95.9933414377646,236.412705336058,-0.165047179112706,1.74967998560579,0.556418411114725,12.3961927686284,4.24809249739653,11.0223204289109,11.9791683132924,0.00899682286992907,0.438144956393592,3.55634616919748,64.8841794306873,-58.3560628998302,55.1456606969305,157.000401611328,-0.19199571609497,0.576938629150391,7.25484293870401,186.014290500866,-11.5090273819471,145.521577026028,271.986823120117,-0.0900456047058098,2.75270462036133,0.00630545461954094,0.140476356274903,0.0481403093910623,0.124907335699585,0.135750544321464,0.000101953956219269,0.00496515407135029,"SSP2-4.5 , 2090s"
"258","ssp245","SA_STPS","SA","STPS","2090s","3",7787,17.0260887267073,1949.87255553661,180.337500652592,2147.23614491591,633.147561142519,7.8875923814775,26.9543519947819,1.05372298237512,46.2339989063876,20.2630441618656,54.3738752020142,25.8743136420728,0.0171421114124563,2.8583757473817,14.2109363141805,1723.90931213891,124.504506427442,1910.82455120698,553.265120442708,7.79713764190674,20.5228614807129,22.3245195405956,2031.0515536889,216.394714169811,2238.99677629829,755.25497639974,7.93586020469666,33.140007019043,0.011941018331192,0.523933745111148,0.229625229618891,0.616176596112295,0.293213357471416,0.000194258139981051,0.0323917365074312,5.78165978123484,137.331945156944,-47.1469480223992,95.9666569157799,232.70237906059,-0.163465966604196,1.74034771380762,0.519483953673237,12.5431247273066,4.22037664457514,11.3601502862283,10.4334614662209,0.00904010868760583,0.459377795163181,3.46693177290838,66.917930975681,-58.5816418073825,56.1863696733169,153.041180419922,-0.192220201492308,0.421188354492188,7.13118747136526,193.469307954768,-11.8481614879596,163.817036607705,260.673240356445,-0.0902506828308107,2.80216217041016,0.00588690530369767,0.142141421231596,0.0478262273105341,0.128735697220142,0.118234257684224,0.000102444480532589,0.0052057692246797,"SSP2-4.5 , 2090s"
"259","ssp245","SA_STPS","SA","STPS","2090s","4",7787,16.8534616229346,1947.54849900992,179.827211068026,2144.22917170088,616.799650401246,7.89678679740383,26.322024308555,1.04864767626287,48.2376739862067,20.8528636295469,55.9195105251915,23.4139527133293,0.0157342911581831,3.10951471411691,14.3475343149037,1784.74395749726,121.80832678822,1984.27850936032,549.662585449219,7.80072533289592,19.0977420806885,22.3974795477973,2032.67827441554,216.648599574145,2239.86784437197,747.186716715495,7.93941416740418,33.5291481018066,0.011883503856955,0.546639827504779,0.236309192286007,0.633692072225189,0.265332011574173,0.000178304414244322,0.0352376979751239,5.71977684890151,136.842481848353,-47.0128375020234,95.5494211952306,226.744373422893,-0.163566260842047,1.74006746505078,0.521849550024719,12.8038973749122,4.1149855308172,11.7129891279858,8.88093225922851,0.00902432737990164,0.411411870303198,3.77467191188786,73.6839948808881,-58.1529954319246,59.2467332473625,158.84000793457,-0.191617838541666,0.395845413208008,7.27929920270099,178.027429339952,-16.0447528899757,145.19474645685,251.709680175781,-0.0999435043334937,2.92261695861816,0.00591371275676619,0.145096553669073,0.0466319122558394,0.132734143821245,0.100640658578489,0.000102265643316605,0.00466220891745871,"SSP2-4.5 , 2090s"
"260","ssp245","SA_STPS","SA","STPS","2090s","5",7787,16.8124719158083,1948.42678751464,177.192168020683,2142.43142745113,598.292255479661,7.90739524677608,25.2232427916516,1.1249630402297,50.6590142266457,21.6667262891213,57.8923014732292,20.8630586093539,0.0145430913529435,3.3073892511354,14.4837676206932,1745.14453690601,117.610296528518,1937.41719463184,529.796960449219,7.80686895052592,16.9360179901123,22.6863912083874,2039.57072990116,215.587406536568,2244.30971875491,732.711893717448,7.94653210639954,32.7884750366211,0.0127483261824825,0.57407898246367,0.245532061198997,0.656048168911083,0.236424724017588,0.000164805478614755,0.0374800553245746,5.74132072963271,136.819087945331,-47.2143074408209,95.3461012341433,221.01902866717,-0.164864981742752,1.69743887334935,0.555455027821621,13.6003959656904,3.9403284733014,12.2434004781075,7.10107328092482,0.00907848578539311,0.407017502169,4.22207058146653,82.7750977302269,-58.2237691977031,63.9876094136532,166.442489624023,-0.193615595499674,0.271827697753906,7.42519497930862,170.628498592868,-20.5237932844045,136.298944183744,249.580867513021,-0.113382339477539,2.79480361938477,0.00629453735024404,0.154122649172669,0.0446526604407492,0.138744880761423,0.0804709089931141,0.000102879378163029,0.00461241098069341,"SSP2-4.5 , 2090s"
"261","ssp245","SA_STPS","SA","STPS","2090s","6",7787,16.9282204287776,1951.88817567632,172.992495359811,2141.80889146491,582.637691355607,7.91642357922681,23.9455245865333,1.29425811824966,53.4596205631947,22.3899899164228,60.0360903632432,19.7906586521066,0.0146030013107373,3.40967486344815,14.084112442001,1705.09725024577,112.309426555626,1886.14918306711,513.907576293945,7.80538635253906,15.1307096481323,23.4774160003009,2059.09323193738,213.528367699157,2248.33257082135,731.53003133138,7.95665163993835,31.2515048980713,0.014666814878117,0.605816063425694,0.253728242146312,0.680342051517841,0.224272054139405,0.000165484391304524,0.0386391781605316,5.83879516724805,136.686430522065,-47.412103924755,95.1131217645583,217.24912400323,-0.16728967729708,1.67535851226912,0.627809085124616,14.3259696894935,3.89306848448034,12.624111344889,6.87850613611222,0.00921947999769156,0.43086600967922,4.55404237097728,89.809801442665,-59.0630558497621,68.2140912487766,170.993273925781,-0.195218785603841,0.0295772552490234,8.0573178583876,171.366230452547,-23.5954205491649,127.43425951566,260.65276184082,-0.12318486213684,2.72409439086914,0.00711446928590681,0.162345008636667,0.0441170999544702,0.143059179220468,0.0779487296342299,0.000104477155284539,0.00488266746186953,"SSP2-4.5 , 2090s"
"262","ssp245","SA_STPS","SA","STPS","2090s","7",7787,17.1792454707939,1956.74335000288,168.256623109138,2142.17921858281,573.499444937657,7.9214759355038,22.8089708704883,1.49726408262777,55.8155573339319,22.9662408390955,61.8136321841467,20.4089899493755,0.0158884761887216,3.44534466341779,14.3298472164173,1735.61270232895,106.212295307509,1915.12788567216,505.907468261719,7.7908266544342,13.7736892700195,24.744006803497,2082.80489161665,211.019540775907,2248.68355406026,758.601472981771,7.95751843452454,29.7990303039551,0.0169673226800028,0.632514052021417,0.260258443106237,0.700485542570893,0.231279119069123,0.000180051672591014,0.0390433961024685,5.99902157299586,136.73900393622,-47.7175560809968,95.0204694282191,216.087676163947,-0.170083480865419,1.63910078238728,0.718296423586564,15.302693708933,3.91421796157257,13.1721901093993,7.58297556305995,0.00947014877967067,0.452400967407266,4.75674158377714,93.06224464619,-58.2405430123231,67.6856495886868,177.940930786133,-0.197451512018841,-0.0277957916259766,9.31409967003638,171.710616215493,-25.0266133818968,128.525757359126,282.435772705078,-0.13065707206726,2.70795631408691,0.00813989151298911,0.173413457949933,0.0443567704351161,0.149270127148359,0.0859319306098659,0.000107317788516172,0.00512670629303597,"SSP2-4.5 , 2090s"
"263","ssp245","SA_STPS","SA","STPS","2090s","8",7787,17.4445384745269,1960.97602186866,164.402161633015,2142.8227219762,570.404699609281,7.92283657928798,22.0486616518104,1.62495653045234,56.7533596585206,23.1737919268526,62.6687345150219,21.3391248352505,0.0175632732954919,3.4308389600914,14.5316127356501,1768.87264844143,101.165899789909,1950.72118317517,502.065357055664,7.7736473719279,13.4198970794678,26.2105226404488,2089.59925752192,208.65645711481,2249.83144732886,789.718275960286,7.96181111335754,29.2645816802979,0.0184143613094451,0.643141432211708,0.262610457236156,0.710175748420832,0.241819610173985,0.00019903083816629,0.0388790143131136,6.14481672729829,136.460784977404,-47.9057094597893,94.6998922449133,216.47481702619,-0.172146861282102,1.60911641071891,0.774034723462084,16.1762045985214,4.13674470547092,13.5354359819303,8.13841262454759,0.00965961469368346,0.485325573809153,4.76771996288024,89.0617514605926,-59.3589361245657,65.7565716815138,184.112834472656,-0.196443128585815,-0.0595560073852539,9.53152028512257,174.168590991696,-26.0637750201735,127.823783106515,297.243902587891,-0.136433238983153,2.81694412231445,0.00877153006666556,0.183312273596489,0.0468784919620408,0.153386508488781,0.0922262643617004,0.000109464857518371,0.00549981510357556,"SSP2-4.5 , 2090s"
"264","ssp245","SA_STPS","SA","STPS","2090s","9",7787,17.5228461886433,1962.52116005136,163.221553978085,2143.26556021809,569.683942848609,7.92315966539386,21.8286943916765,1.5715481784947,55.8139804949298,22.890484162181,62.2465407910512,20.6790679634349,0.0178567618025693,3.43482363316838,14.8185824617674,1782.40912789763,101.055461390311,1963.45848371102,501.471252441406,7.77390963236491,13.5453157424927,26.2523101747246,2083.2915955889,207.603190867139,2251.05472520227,790.023077392578,7.96092042922974,29.1971473693848,0.0178091262330236,0.632496182938418,0.259399951944065,0.705391357189385,0.23433970194591,0.000202356713848632,0.0389241694962612,6.1788103832611,136.159885697692,-47.9086149063613,94.4300811745918,216.412590903673,-0.172542230948316,1.60129740068127,0.748061107718999,16.6461690372148,4.38983902190654,13.6464575008385,7.23218646449469,0.0094368746304656,0.499564677421072,4.76703649904319,85.3015606474639,-59.7607375418322,63.6289283064461,188.26286315918,-0.196872234344483,-0.0324726104736328,9.00943452565425,175.579178860804,-24.9667717906288,127.929557407294,291.803803507487,-0.135425882339476,2.89199256896973,0.00847719139615804,0.188638012971364,0.0497466118784026,0.154644628520909,0.081956712145039,0.000106940718610458,0.00566117572690222,"SSP2-4.5 , 2090s"
"265","ssp245","SO_SPSS","SO","SPSS","1850s","1",21560,15.3256169179576,1887.67332338185,130.1504162209,2033.14935652071,287.863423019422,8.15364348877491,4.67581526211172,1.58490050946232,44.5989831308072,16.9623942457777,51.2136741415091,14.8106069771083,0.0288362866725362,2.31377510486165,8.77484520559163,1439.71720073951,76.4505264531337,1529.31404407931,196.292546081543,8.08476266860962,-1.38317680358887,20.6914279861745,1999.50797349735,207.619233671344,2141.64813272883,325.359802856445,8.30113363265991,10.7517719268799,0.0107938810246329,0.303739013811571,0.11552148812417,0.348788016798166,0.100866854833518,0.000196388003964461,0.0157578428743813,-4.0509698944299,-54.1114804528481,20.5579933932029,-37.604456954075,-82.6347158351793,0.0957186466758283,-0.49275840252873,0.434235629807109,7.46430450321817,3.17531945366755,5.06106992535554,6.04385053693249,0.00663011155802935,0.348480469521308,-5.46252877573826,-87.3524636751733,7.18905093221611,-64.6252092380755,-95.5528630574545,0.0581393241882306,-2.13803339004517,-1.59827005278346,-12.4426808901499,34.8288518111326,10.2940834159981,-42.4942108154297,0.123377513885499,1.54345047473907,0.00295733877098983,0.0508352507039709,0.0216253450569697,0.0344681488241606,0.0411613241568358,4.51540238078985e-05,0.00237330779122361,"Historical , 1850s"
"266","ssp245","SO_SPSS","SO","SPSS","1850s","10",21560,16.3990012677081,1909.57720038191,120.649445526551,2046.62564717617,281.834866670499,8.15874594020541,2.24549558304099,1.46131530693337,53.8936854691805,13.7568612501402,58.2998449730281,7.68580167306129,0.0184529029787195,2.47147324653856,12.0034468966794,1452.93093310829,72.4954038618352,1539.13634289403,227.720892842611,8.08996833165487,-1.82754862308502,21.550822315084,2069.25998060799,171.627517201988,2195.81540520187,340.26428527832,8.24477020899455,9.11310482025146,0.00995221054466363,0.36704009208166,0.0936903753389357,0.397048008147143,0.0523437454544652,0.00012567251895134,0.0168318377206848,-4.2089494703499,-49.3355823629838,18.9585672650413,-34.5859645682924,-81.0549737959093,0.0963995010818612,-0.635475213693165,0.352073639388543,6.66058167729803,2.61689384831942,4.73256350225731,6.60493135531182,0.00709549607111882,0.26634106609979,-5.39577865092391,-76.382353422516,7.58939654123635,-61.3283570429435,-91.4449625651042,0.0385255813598633,-2.01317811012268,-1.91449266742443,6.98670797869272,30.2601012233552,17.2777567061794,-28.5373016357422,0.112124188741051,0.96431303024292,0.00239777888440371,0.0453615389422738,0.017822217031425,0.032230873218796,0.0449825353701786,4.83235003996491e-05,0.00181390173218527,"Historical , 1850s"
"267","ssp245","SO_SPSS","SO","SPSS","1850s","11",21560,16.1281135132732,1904.29753875863,122.899570254957,2043.32522252686,282.296232273468,8.15875491464878,2.74859488938772,1.52893730441971,51.1674454956337,15.0504631659745,56.1239469696644,9.693047458726,0.0224524399577342,2.52926501009224,9.68960346824383,1446.50931487182,74.3993695325888,1534.26943251586,196.754114786784,8.0894185702006,-1.82525515556335,21.5594362740463,2041.16600769121,188.64785036103,2174.16056326573,329.441259765625,8.30447635650635,9.74399375915527,0.0104127465790442,0.348473179052498,0.102500382711253,0.382229169974132,0.0660139866262665,0.000152911153835589,0.0172254254672202,-4.19162870329096,-50.6940440783789,19.3932063508936,-35.4924664307763,-81.9027870878617,0.0969777362805536,-0.625909835263985,0.39113266174301,6.8085610346199,2.76517056341694,4.79905017534472,6.69056996297045,0.00700182392428191,0.258940398635293,-5.37217050785941,-76.0622351182399,7.5127728022603,-60.2626325965871,-97.7292678833008,0.0424432436625182,-1.94940918684006,-1.75646793756567,6.80786258124749,30.1460581059089,17.936608822527,-27.8214660644531,0.118187236785888,0.766172409057617,0.00266378828860008,0.046369344522181,0.0188320477507229,0.0326836771864549,0.0455657725744471,4.76855512020541e-05,0.00176349987816495,"Historical , 1850s"
"268","ssp245","SO_SPSS","SO","SPSS","1850s","12",21560,15.6268965196059,1894.21551250061,127.044035002334,2036.88644402255,283.281777370734,8.15864113000901,3.69765312286176,1.57106714478397,46.6511804746163,16.332616016714,52.9304175671548,14.0283657970906,0.0282896051431901,2.46149877903501,8.70806928640434,1440.51455361236,75.7119722411749,1529.36922178647,189.493976847331,8.09153792063395,-1.76811718940735,21.3298739544555,2011.50802301329,205.735683898837,2154.2931120364,316.084807332357,8.3174659093221,10.3030939102173,0.0106996696267457,0.317715395190651,0.111232416831787,0.360479807024498,0.0955394426841306,0.000192664858346868,0.0167639071377399,-4.13283438162225,-53.0483252831655,20.1042741219392,-37.0768855428485,-82.6418613751328,0.0971925361254845,-0.580596732271731,0.45759967273352,6.79688396827645,2.95483525406323,4.74476456145833,6.59716350532378,0.00706934064674447,0.267676146069431,-5.63328057645444,-85.2045351006855,7.7408114876981,-60.0578344787077,-103.103073628744,0.04660447438558,-1.92982864379883,-1.52999100488675,-10.7616731060564,35.3203748854738,0.183272482751818,-35.0026138305664,0.12816883722941,0.775867700576782,0.00311645834858884,0.0462898184799623,0.0201237490866663,0.0323139678866342,0.0449296328390182,4.81453702664578e-05,0.00182299422364743,"Historical , 1850s"
"269","ssp245","SO_SPSS","SO","SPSS","1850s","2",21560,15.2981689372548,1886.69576103864,130.748406042905,2032.7423360188,291.314947211729,8.14941729876626,5.05972039102241,1.54571837366701,44.3633136369742,16.7855864921666,50.6760627586716,13.1844271456325,0.0266103538029229,2.28257615567129,9.3534426554526,1438.17595735689,75.6610707064665,1527.14347770282,211.632928466797,8.08944625854492,-0.922527611255646,20.2064392995488,1996.16868384702,199.905167195981,2145.19134167873,328.021013183594,8.27362817128499,11.5053558349609,0.0105270331628645,0.302133999198741,0.114317348277336,0.345126642933251,0.0897918431713904,0.000181228405983401,0.0155453640824043,-4.04856108354798,-54.1650564383642,20.6580671726041,-37.5555503493081,-83.8328748847295,0.0958836652065301,-0.502986124425095,0.410637182862634,7.17766225053781,3.06529378743067,4.74018056708017,5.58903561534395,0.00585240940991779,0.339279482644339,-5.29422840252121,-87.9572451061374,8.17286845925926,-62.6162634584921,-95.7765008544923,0.0598197619120278,-2.30196332931519,-2.01081262637052,-12.4339010019694,36.2912290419303,9.83437060466213,-46.4633117675781,0.120407517751055,1.43764877319336,0.00279662279723373,0.0488830888152009,0.0208760210811576,0.0322827488355707,0.038063831208512,3.98575244950392e-05,0.00231064495714269,"Historical , 1850s"
"270","ssp245","SO_SPSS","SO","SPSS","1850s","3",21560,15.4371234008072,1889.44722009381,129.44962391938,2034.333967414,291.708363921448,8.14856904420295,4.84297007674797,1.48750071326172,46.3555641199412,15.9681208896089,51.9520200850674,11.1536554769909,0.0237256260634366,2.32074641373856,10.7297659435059,1439.46919426929,74.1431741940729,1527.20549033057,235.849677022298,8.09139283498128,-1.03153586387634,20.1537805148812,2005.44724919498,185.322171142098,2150.90752032697,322.621416015625,8.23302357991536,11.9215383529663,0.0101305448683656,0.31570211565528,0.108750042062808,0.353816482763195,0.0759613802188931,0.000161582120413693,0.0158053206044685,-4.07829358767081,-53.5112062821599,20.4385974794404,-37.1509023903903,-84.545345376545,0.0965339833429927,-0.555792459686726,0.388753347778765,6.89280780858585,2.83001529094359,4.63624125075256,5.14134607353012,0.00548231277831886,0.302314047223335,-5.11610719793048,-81.9826765104685,9.17220351183209,-58.6935610309656,-93.4183770751953,0.0618307749430329,-2.48756217956543,-2.34093215811825,-10.842184001948,33.4163310179183,8.71609682818735,-48.6449493408203,0.118241628011068,1.22224092483521,0.00264758409679309,0.0469431027167608,0.019273669335055,0.0315748756236411,0.0350148652819692,3.7337000976215e-05,0.00205889381593483,"Historical , 1850s"
"271","ssp245","SO_SPSS","SO","SPSS","1850s","4",21560,15.6497551513467,1893.74718915697,127.265547292522,2036.66249160084,289.651491383831,8.15050856540016,4.26678129377571,1.45425615227882,49.4013571608061,15.0626014056026,54.2142381853397,9.06970815491668,0.0207577334386721,2.36123755441179,11.4703624205111,1444.13505994198,71.77186556805,1529.9659724932,251.849395243327,8.09449211756388,-1.42434322834015,20.2997704285491,2017.45217815381,182.461834314037,2157.25823017821,316.726529947917,8.2072367032369,11.3990869522095,0.00990413454555781,0.336445327934203,0.102583049549715,0.369223199386938,0.0617687672934909,0.000141369444795043,0.0160810833746671,-4.11389500302233,-52.5108188852008,20.0809980401687,-36.5437158480544,-84.3550903421322,0.097044464655033,-0.605788484501884,0.3583349257023,6.63673787706173,2.69459601344708,4.51502470852337,4.99535250031039,0.0055172684634525,0.265941398036495,-5.13804219812661,-77.1016539701548,9.39904609241259,-57.6196163983905,-92.0129486083985,0.0625607172648142,-2.64363718032837,-2.68063438482085,-8.15315869791561,30.4866392510831,10.0025459014396,-51.9742797851562,0.113934707641601,0.835557341575623,0.00244042104340887,0.0451991520029112,0.0183514035139436,0.0307493367792608,0.0340205837795742,3.75750648194748e-05,0.00181117981399621,"Historical , 1850s"
"272","ssp245","SO_SPSS","SO","SPSS","1850s","5",21560,15.8728419955064,1898.54154970593,125.060459709452,2039.47485141089,286.778652236652,8.15354142167262,3.60448670162183,1.44948358627771,51.8426723826697,14.2952512502682,56.0367757094901,7.56799087640998,0.0183225686211466,2.38006104055098,11.9495679093777,1448.99559374401,69.7105268489276,1533.15676139156,253.404572550456,8.09823942184448,-1.70507502555847,20.6171366644308,2028.01456663748,175.42297359491,2161.49829244777,310.683818562825,8.20387665430705,10.7037305831909,0.00987163123743811,0.353071776024223,0.097357051935693,0.381635494721035,0.0515414012600634,0.000124784883708203,0.0162092797306164,-4.15429681487238,-51.5850171980331,19.7654389424497,-35.9738750704558,-83.7236309325379,0.0973857844617879,-0.634798322730478,0.329269121851347,6.60972259203495,2.65641346648976,4.51368031138049,5.01076079687398,0.00570902635888258,0.251092484711604,-5.32646299532518,-77.1107179174496,9.57364807162395,-59.4283847778247,-90.7181111653645,0.061099179585776,-2.68670845031738,-2.91608877151412,-8.87426282902652,29.480996112447,8.12716640710778,-51.8052154541016,0.114303938547771,0.713191032409668,0.00224246992485005,0.0450151658342623,0.0180913632990442,0.0307401808336835,0.0341255211676984,3.88810218157965e-05,0.00171005207580882,"Historical , 1850s"
"273","ssp245","SO_SPSS","SO","SPSS","1850s","6",21560,16.0729860849424,1902.80916296813,123.177038522576,2042.05918757565,284.242547614847,8.15626660674995,3.01974487126099,1.4429959435549,53.5315662092975,13.6832216015023,57.4080553770449,6.71709526926173,0.0165351428111041,2.38566799607527,12.4711619956886,1453.54012662537,68.8565547482091,1536.95705559236,242.738174438477,8.10003465016683,-1.82029592990875,20.929912637335,2047.61583318605,171.660771936674,2176.59799327671,323.714193725586,8.20541270573934,9.83870506286621,0.009827447490091,0.364573898030633,0.0931888564099261,0.390974522309654,0.0457464217688543,0.000112611714844435,0.0162474656044162,-4.19334307583381,-50.8251843096635,19.5071345663564,-35.5113928191409,-83.0532831136765,0.0975860564462464,-0.649847369856426,0.315562194622716,6.62846992526046,2.62587814778148,4.5700532521689,5.06158590089502,0.0058412012568995,0.247824999941836,-5.43929274352444,-76.9720352877976,9.18801532377378,-59.8741019187569,-91.6787434895833,0.054246075948079,-2.56036233901978,-2.96208829429921,-5.74417101415861,29.9269102222836,9.98173004217233,-45.7711730957031,0.114812946319581,0.84400463104248,0.0021491196225214,0.0451428435548241,0.0178834041273368,0.03112410576288,0.0344716628482597,3.97811919622e-05,0.00168779904374523,"Historical , 1850s"
"274","ssp245","SO_SPSS","SO","SPSS","1850s","7",21560,16.2562616587471,1906.32966101323,121.582282391466,2044.16820506344,282.792280128356,8.15766763034416,2.57058432138051,1.42642774011041,54.8646539279275,13.2042941968627,58.6999876658727,6.37916843074844,0.0154976922418102,2.38716114147534,12.7904785177851,1457.25575404474,68.7614373652451,1540.54155139122,235.238666280111,8.09688138961792,-1.84502410888672,21.1274085366791,2062.98701951801,167.081321071676,2189.70086582777,335.759497070312,8.21566358566284,9.20252227783203,0.00971461061755291,0.373652821372751,0.0899271466721516,0.399773158775624,0.0434449889229654,0.000105546212658626,0.0162576345921253,-4.2225525201859,-50.1431118824953,19.251616979462,-35.1140474232192,-82.3802603612729,0.0974356222220253,-0.651702299818023,0.317349755372586,6.49951995261093,2.56717032482798,4.54318780072977,5.26475574730062,0.006029213102596,0.249358318147077,-5.51919675534423,-75.974290722492,8.61291789443567,-59.5481804637084,-91.7718587239582,0.0503944778442378,-2.37222814559937,-2.80370926240786,-1.90086673848123,29.8550276915611,12.2659673946951,-41.8090954589845,0.113989130655924,0.830770015716553,0.00216129371038572,0.0442646365919272,0.0174835776067495,0.0309411400279485,0.0358553403326204,4.10616366851045e-05,0.00169824162621742,"Historical , 1850s"
"275","ssp245","SO_SPSS","SO","SPSS","1850s","8",21560,16.4080786575113,1909.46830235538,120.43102899067,2046.30741000356,282.209238557285,8.1581675490438,2.26132607701396,1.41617514947118,55.3320892757893,12.9437173027743,59.1810363099499,6.56054557024567,0.0152442630745623,2.40212421754081,12.8172065642607,1457.15648160433,69.3057533820105,1540.79843935224,236.37600402832,8.09446414311727,-1.86689949035645,21.4334383825075,2072.44957103931,167.117613180652,2197.69588227939,342.375421142578,8.21402669906616,8.8483943939209,0.00964478589171469,0.376836265066159,0.0881525015283297,0.403049315102302,0.044680248330501,0.000103820246730094,0.0163595398296143,-4.22577523065236,-49.3688473705031,18.9970114545415,-34.597611146614,-81.4983241632825,0.0967901938260788,-0.643087868028569,0.320698759255656,6.45343141182276,2.53895515444423,4.55574117342883,5.67196433088136,0.00639621941301204,0.259333008468518,-5.48319225680619,-74.0908830617761,8.25098895462807,-58.3560439789576,-91.168613688151,0.0475547790527315,-2.21552634239197,-2.65668785072297,1.26688907043399,29.1191617181726,13.9724394404361,-39.4808428955078,0.113687960306805,0.939193248748779,0.00218410192405533,0.0439507530245384,0.0172914196823917,0.0310266341082157,0.0386286128359342,4.35611137350956e-05,0.00176617372665173,"Historical , 1850s"
"276","ssp245","SO_SPSS","SO","SPSS","1850s","9",21560,16.4684547678664,1910.8972843203,120.034551357128,2047.40029044529,281.859757532522,8.15856165711959,2.12920832377883,1.4241197726259,55.0164710640306,13.0712346510118,59.0331132403301,6.91577084756059,0.0161728459606785,2.42451719645839,12.74964351464,1456.60119066599,70.6718247261579,1541.33410203735,242.087869262695,8.09213339487711,-1.86059594154358,21.9063446939884,2078.232921165,167.864908761921,2202.31541928758,341.54013671875,8.21926663716634,8.76138019561768,0.00969889232716955,0.374686763941899,0.0890209516785032,0.40204189286681,0.0470994912781736,0.000110144311322419,0.0165120460271834,-4.22080787846031,-49.0206272315375,18.8882504174721,-34.3531846925257,-80.9395285163878,0.0963474088254633,-0.633779849910604,0.329778209178194,6.65820884866088,2.56751103779479,4.75597905275904,6.15843477704052,0.00678891353277002,0.270996400742765,-5.55549600123021,-75.1907494112909,7.90119288965228,-60.0255589672483,-89.6261962890625,0.0452784919738765,-2.15815877914429,-2.53685203872988,4.85380710884056,30.2854610231861,16.1333852679436,-37.5824304199219,0.112056191762289,1.18203747272491,0.00224593703714154,0.0453453789184437,0.0174858980143747,0.0323903435860102,0.041941694058694,4.62355362508525e-05,0.00184560664234595,"Historical , 1850s"
"277","ssp245","SO_SPSS","SO","SPSS","2090s","1",21560,29.0361122664901,2016.20516139084,80.4928637971719,2125.73413745451,585.415575416414,7.88058780078101,6.69698291213052,2.91432046509312,52.3459030933064,11.6254880653211,57.2296226490656,23.3641528810659,0.0266182678161883,2.60414942149755,18.0493128451469,1560.67617724298,45.7404908651626,1632.97723717089,429.549879964193,7.83494442303975,-0.490356534719467,36.7186399905288,2137.77673961504,128.679353099331,2247.40218330288,645.050689697266,8.0156174659729,14.1033706665039,0.0198478252609936,0.35649900214102,0.0791747710857485,0.389759315660902,0.159120326439364,0.000181282303951825,0.0177354217871676,9.65952545410262,74.4203575561471,-29.0995590305252,54.9803239797245,214.917436561813,-0.177337041318065,1.52840924749008,1.21102252747238,12.469329239628,4.04505227755017,9.04778393519817,9.90280701991921,0.00757242243792305,0.638233771569737,4.83118482552116,29.7179284523193,-47.7646206438269,15.3830816826769,125.558103027344,-0.237004041671753,-1.15764784812927,13.2067841813601,145.494444335517,-15.5464947944011,119.304375875357,252.573458862305,-0.124256973266601,3.73607349395752,0.00824760481913256,0.0849217067355109,0.0275486144156198,0.0616194535556337,0.0674425430143686,5.15715821751681e-05,0.00434665731703472,"SSP2-4.5 , 2090s"
"278","ssp245","SO_SPSS","SO","SPSS","2090s","10",21560,31.1747242766882,2030.53066263179,73.589902561934,2135.29528947041,579.537350679597,7.87983900808943,4.37396774560191,2.57228906263729,57.6179344225713,9.2123956332233,61.4878221175217,17.5282113104494,0.0191725568572072,2.7544962164146,22.1796192278034,1570.27137313475,42.7839051874985,1640.98778603445,460.937897745768,7.8428005695343,-1.82979357242584,37.0762111933694,2154.06329098216,109.324762087233,2257.97586801336,648.022174072266,7.98431777954102,11.5552024841309,0.0175184384996448,0.392403892439482,0.0627405328114848,0.418759557737462,0.119374955292178,0.000130573683596651,0.0187593506754989,10.5667735386303,71.6178798868958,-28.1009756995758,54.0836777259503,216.647510213188,-0.182507431034127,1.49299694886775,1.07765161893081,10.9117123664115,3.13711131722302,8.2466807794614,9.47480507315147,0.00481222827303478,0.636513252736143,6.74708113545861,36.3085686059485,-41.7524543956893,20.7256506947892,126.586649169922,-0.197921323776246,-1.47135418653488,14.0190026906576,127.296433781149,-18.2845982739699,96.4261561700037,242.937556152344,-0.125817747116091,3.88974714279175,0.00733928930636052,0.0743136394712992,0.0213651305662222,0.0561635829190509,0.0645276584117448,3.27734259232042e-05,0.00433493981459241,"SSP2-4.5 , 2090s"
"279","ssp245","SO_SPSS","SO","SPSS","2090s","11",21560,30.6028739520924,2026.97217597286,75.3948630116967,2132.96991293665,579.363680837819,7.88115401184959,4.90309605848461,2.83867059632149,55.9716692168477,10.3810525607735,60.1369368461005,20.584629480951,0.0236191998965351,2.76553215609569,17.1281136539565,1566.79411380107,44.411548527344,1638.25657172668,378.428666178385,7.84084668159485,-1.80245077610016,37.0960528508953,2151.56840241891,128.39973852856,2257.22814761443,623.642348632813,8.06227814356486,12.208158493042,0.0193326158341715,0.381192090399239,0.0706996089549264,0.409559425104154,0.140190529454062,0.000160857310637568,0.018834510358521,10.2831317355282,71.9805931358493,-28.1115008923664,54.1522239790112,215.164661476489,-0.180623166518631,1.5285913338329,1.20571368600505,10.9460811561961,3.29283524136128,8.138596118161,10.138532038577,0.00593396751689235,0.625243740557558,5.02819301032814,33.6505249992013,-43.2338544915617,20.9572670186512,126.946875508626,-0.206498956680298,-1.50556969642639,13.5678271535464,123.643318498203,-16.3492164143627,94.4762140935072,234.769081420898,-0.126789474487302,3.79844093322754,0.00821144923533733,0.0745477062948506,0.0224256801084818,0.0554274780546137,0.0690479357760785,4.04129716653958e-05,0.00425818939844006,"SSP2-4.5 , 2090s"
"280","ssp245","SO_SPSS","SO","SPSS","2090s","12",21560,29.6057634160595,2020.39088996255,78.4736253251061,2128.47027870372,578.687244366054,7.88358242219655,5.81572700696806,2.99982423070812,53.7073871384467,11.45638982654,58.3786687724965,25.0754244691769,0.0277777689141753,2.69006303766777,17.0719464399958,1562.93334902053,45.8339150642202,1635.19789337126,399.199849446615,7.83879947662354,-1.53270137310028,36.9668964756678,2143.94227455634,131.720762187848,2251.79959383587,645.831173095703,8.04288503328959,13.0969648361206,0.0204301441306616,0.365771317161706,0.0780231364815694,0.397584833460967,0.170774851005812,0.000189179024802681,0.018320531922347,9.84603251483131,73.1270521787754,-28.4661355552885,54.5069491383183,212.763605620187,-0.177866171686968,1.53747715183456,1.2820742378355,11.9518717628263,3.78664028471743,8.79431589928002,10.9656315681962,0.00722706757805154,0.640283693191651,4.89460492285516,30.5099057898308,-44.9317096290232,17.455868994128,129.666045633952,-0.213621664047245,-1.45195746421814,13.4614595805194,127.352285273969,-14.3958921659936,99.7309083016603,239.957942504883,-0.125495958328247,3.5757908821106,0.00873149873151218,0.081397589980826,0.0257887132172025,0.0598932229140801,0.0746808533408966,4.92195611830135e-05,0.0043606181997303,"SSP2-4.5 , 2090s"
"281","ssp245","SO_SPSS","SO","SPSS","2090s","2",21560,28.9765845940164,2015.200164985,80.8706399518565,2125.04738953087,592.313099386725,7.87648901911996,7.09301295794202,2.8000718795811,52.2427521815467,11.3687711833593,56.9045942193829,19.8334518574292,0.0238709217362071,2.62314398558371,19.2169716848742,1561.54703876794,45.283610075644,1633.8446420933,421.239708251953,7.82333993911743,-0.0365437045693398,36.2424913459181,2134.85856099808,123.028756204902,2245.40055974835,635.876748046875,7.99509526252747,15.0794858932495,0.0190697413169941,0.355796498316666,0.0774264143501891,0.38754572674559,0.135074674011874,0.000162571648902021,0.0178647832604189,9.62985457321366,74.3393475079964,-29.2196989184443,54.7495031627658,217.165277290266,-0.177044614439767,1.53030644249452,1.15576881287016,12.8020804859102,4.26617993164321,9.10507952836221,7.51624363506997,0.00623264766650688,0.660277343719906,4.89047569221104,33.9624921817028,-46.5188068988839,19.6225073100759,122.052298278809,-0.204912821451824,-1.16062617301941,12.7788402189404,150.197243944327,-15.6471395783933,122.469201658896,239.94690246582,-0.128998880386354,3.99797534942627,0.00787130232063206,0.0871878914844742,0.029054592598658,0.0620096621599947,0.0511889794121037,4.24471170140225e-05,0.00449678389830988,"SSP2-4.5 , 2090s"
"282","ssp245","SO_SPSS","SO","SPSS","2090s","3",21560,29.2664104093666,2016.77395042319,79.8727918619124,2125.91315269447,594.454297469853,7.87451975648309,6.90595467212912,2.67783680191152,53.5268093583752,10.7576497628486,57.7262582227096,15.3107681825625,0.0201181465114322,2.66590653247886,21.2329983919591,1563.56410693276,44.2134090904631,1635.52027810411,461.89874206543,7.81229467391968,-0.165438681840897,35.7581612246481,2137.16451045869,118.694456763236,2246.81159787721,629.327568359375,7.95823844909668,15.0851240158081,0.0182372657909121,0.364541501749226,0.0732644042648775,0.393141625946317,0.104273176247751,0.000137013571882945,0.0181560153224574,9.7509934208885,73.8155240472172,-29.1382345780273,54.4282828900784,218.20058817186,-0.177515304376866,1.50719213569442,1.10200649112496,12.3606731358035,4.05119844801776,8.81941349408417,5.9827001351203,0.00577430359445055,0.631637273762358,5.40986679647831,38.3892504623209,-45.542681085044,24.2628748770339,156.994088134766,-0.208012676239014,-0.980700492858887,12.6844598186115,134.452224209154,-17.4243563248895,108.653737474518,239.498861694336,-0.149762868881226,3.98083877563477,0.00750515687423893,0.0841817100920115,0.0275904725842482,0.0600641487549786,0.0407448625822268,3.93255889732496e-05,0.00430173221789632,"SSP2-4.5 , 2090s"
"283","ssp245","SO_SPSS","SO","SPSS","2090s","4",21560,29.7220535099939,2019.52120748151,78.2116047496156,2127.45486574112,592.336178590331,7.87474366261266,6.3538625517949,2.60046154567558,55.3386386181335,10.0655326400131,59.141233283642,12.1067706906273,0.0171883251389509,2.66989262422182,22.0736103878551,1564.54084451865,42.5990016194931,1635.77515118765,514.499594726563,7.80431728363037,-0.536064982414246,35.4808890582552,2142.54334689898,116.390157338322,2250.38019537746,623.784783935547,7.91870465278626,14.6862545013428,0.017710305704096,0.376880869015512,0.0685507772363062,0.402778238698563,0.0824525209292011,0.000117060178512709,0.0181831623892732,9.95840335562487,73.2631994393442,-28.9729445027379,54.2486582922312,218.329596864368,-0.178720438132469,1.48129277351731,1.07645178107183,11.7327141733724,3.74606056480617,8.49138726729041,5.77543462542923,0.00540221554606709,0.601655598806504,5.87554141149974,40.2167826579198,-43.9057139816038,27.300898112188,166.662985229492,-0.208262634277343,-0.934661030769348,13.234457165732,120.279029197943,-17.9910184104768,101.755421747032,244.563711547852,-0.150164442062378,3.89546203613281,0.00733111787413412,0.0799050288187295,0.0255123471827921,0.0578301435011269,0.03933329179986,3.6791503015828e-05,0.00409754360765826,"SSP2-4.5 , 2090s"
"284","ssp245","SO_SPSS","SO","SPSS","2090s","5",21560,30.2110028333782,2022.86890604743,76.5118162701142,2129.59172515092,588.727917335796,7.87590545828526,5.70885657256805,2.55383534100723,56.7255601569104,9.4345139304242,60.2529095758514,10.9872106762675,0.0153664848576145,2.65409703924904,22.7817109743716,1564.17051073742,41.162312252976,1634.62205867681,524.423559570312,7.80395965576172,-1.17142510414124,35.789336279627,2146.12625652719,112.4210410347,2252.75529928812,624.874420166016,7.91109218597412,13.8497829437256,0.0173927604053118,0.386326424740103,0.0642532577169705,0.410349251241227,0.0748278167141487,0.000104652631713888,0.0180755873939389,10.1838640229994,72.7423391434583,-28.7832044968876,54.1429986695701,218.225634166605,-0.180250178925572,1.46957154821574,1.05576866741731,11.2460065805656,3.47225838029965,8.27276424989917,6.22970968511087,0.00489368478500079,0.583760617880106,6.38249456992799,39.2571328702536,-41.814141420051,27.0680648479195,162.48609375,-0.203042650222778,-0.80443263053894,13.7098132820636,118.038733374567,-17.5913480989282,93.957986503257,243.694747924805,-0.149986305236816,3.93442726135254,0.0071902566234291,0.0765903325212786,0.0236476318986444,0.0563412230137659,0.042427108047244,3.3328181186133e-05,0.00397567078731124,"SSP2-4.5 , 2090s"
"285","ssp245","SO_SPSS","SO","SPSS","2090s","6",21560,30.6572871831041,2026.03938226123,75.0566671066446,2131.75333655098,585.468304626731,7.87701247395946,5.13193294395163,2.51399304904704,57.8693336544049,8.93431646777261,61.2434022930193,11.2835971162596,0.014071111606141,2.64762040227674,23.6294775643224,1566.46127292731,40.3729798745415,1636.48471770578,513.028984375,7.80843176841736,-1.63693499565125,37.6966414185001,2148.9512536732,107.744060691301,2254.55668309051,638.635382080078,7.91043161392212,12.9860277175903,0.0171214165849272,0.394116033600329,0.0608466893750143,0.417094949460797,0.0768463408748068,9.58305607539633e-05,0.0180314786006731,10.3909580223279,72.4050349834311,-28.6132368495751,54.1827561561839,218.172473898207,-0.181668076344242,1.46234070283422,1.03697377919592,10.9927674087223,3.2823985694091,8.23270824376686,6.98463381153073,0.00451221636974313,0.589021600405365,6.90867379938941,38.8551030893354,-41.6764291534921,26.5149907219777,160.825788574219,-0.200637690226237,-0.705664455890656,14.334614175589,122.651578697987,-17.5760247477051,93.9740162649441,245.250317382813,-0.151062707901001,4.06167507171631,0.00706225503208521,0.0748656605463922,0.0223546017066059,0.0560684237043249,0.0475684788491029,3.07302107366545e-05,0.00401150043031487,"SSP2-4.5 , 2090s"
"286","ssp245","SO_SPSS","SO","SPSS","2090s","7",21560,31.0330321199028,2028.54257503716,73.9068362568105,2133.48244341387,583.413332113874,7.87753666126707,4.68514199870209,2.46881738113787,58.8160345798837,8.59283570741484,62.1855947456952,12.6489731337492,0.0135821107312693,2.65809288109119,24.6233269704887,1570.02455663617,40.1274265771128,1639.86184053019,495.150163574219,7.81705656051636,-1.76907956600189,38.7681897330372,2153.49245579108,104.88561144802,2256.04805685138,650.914373779297,7.92515581130982,12.1378650665283,0.0168137500899588,0.400563490140673,0.0585210527325266,0.423511701285769,0.0861451619671604,9.25002461804025e-05,0.0181028008632892,10.5542179409698,72.0698021414291,-28.4238291551937,54.2001909272052,218.240791624245,-0.182695346855063,1.46285537750356,1.01246823914053,10.8206033973594,3.14754520964813,8.20881632912538,7.96762539757826,0.00430054818668886,0.608160169620604,7.34446514640333,38.6071324790255,-41.5856086436809,26.4184682543689,150.567661132812,-0.200083557764691,-0.789059573784471,14.6599642815929,127.199688168737,-17.7462339592297,97.943757599473,249.968139648438,-0.145076808929442,4.04577827453613,0.00689536134871328,0.0736931466603283,0.0214361900382762,0.0559057090843527,0.0542630910122422,2.92886557803985e-05,0.004141842642875,"SSP2-4.5 , 2090s"
"287","ssp245","SO_SPSS","SO","SPSS","2090s","8",21560,31.3100107009341,2030.71048381983,73.1391121814332,2135.1596067022,582.129422885337,7.87788045674514,4.37172547375534,2.4471673908473,59.0439851289041,8.45434454719328,62.4590804451079,14.3361533129675,0.0139462528956553,2.68977127409068,25.0117998116785,1573.89142739791,40.5843947761479,1643.90578649617,481.511696777344,7.82583322525024,-1.79936003684998,39.4973014597466,2159.27057548699,103.933694485344,2259.49812946642,655.597534179688,7.93665391921997,11.5876712799072,0.0166663039771046,0.402115935288451,0.0575778660167233,0.425374261164938,0.097635613268598,9.49802171154664e-05,0.0183185448819494,10.6761568127704,71.8733340939411,-28.2949053546956,54.254585552016,218.42186016477,-0.18349689847258,1.46731152871281,1.00747021709782,10.6744815376782,3.05708069164525,8.1569515897552,8.77773635484742,0.00427040844347574,0.624719977854787,7.54103779045099,37.7654812805115,-41.5080716337212,25.4670990888776,137.736885375977,-0.202935028076174,-0.966905325651169,14.769304185737,127.084953669869,-17.6401025568581,97.6340927856045,258.220947265625,-0.134834518432621,4.13146257400513,0.00686132258415645,0.072697991469778,0.0208200862270628,0.0555524870222781,0.0597803088043427,2.90833906546616e-05,0.00425462234027767,"SSP2-4.5 , 2090s"
"288","ssp245","SO_SPSS","SO","SPSS","2090s","9",21560,31.3730080092413,2031.57711851665,72.9712281615195,2135.92135468741,580.453171980456,7.87885572196971,4.23447450284803,2.45436884273612,58.6217127667723,8.59809069543352,62.1943753422856,15.7709999704352,0.0157818638913303,2.72392951036884,25.2273853984242,1573.61129707389,41.2526683557702,1643.78675127486,473.900026245117,7.8341534614563,-1.81537747383118,39.6981780511519,2160.5663752636,105.636135122592,2260.76772456001,673.550500488281,7.94334392547607,11.3402614593506,0.0167153490839921,0.399240071718701,0.0585568415502606,0.423571501074056,0.107407560477167,0.000107481548635352,0.0185511777419911,10.6837453629146,71.6592069648123,-28.1750727781365,54.1678795495904,217.653885931546,-0.183358526324421,1.47148632915859,1.01991272366175,10.6872238718318,3.06180136647879,8.15282272474153,9.33908476791291,0.00456680693955525,0.641282349865131,7.61633194635324,38.0470774878238,-41.4400733563897,24.6195383002737,130.533467407227,-0.198320102691651,-1.33280339837074,14.7302609469971,126.267444596424,-18.0506363349813,96.4930947202688,262.10422668457,-0.128989391326905,4.04737758636475,0.00694606161647896,0.0727847724620286,0.0208522361331326,0.0555243676056597,0.0636033424571308,3.11019969226649e-05,0.00436741949814218,"SSP2-4.5 , 2090s"
"289","ssp245","SO_STSS","SO","STSS","1850s","1",15878,11.1558535828867,1794.69799298872,185.388082638264,1991.24192920987,279.300768059573,8.17210160967756,13.3124974358907,1.65751019139741,55.4835733498343,31.0790577749585,51.5458563265383,18.5795550090104,0.0302197265586112,3.5161147257679,7.59915450984898,1597.21808717735,118.359488006253,1739.93813352843,184.844228108724,7.91875120162964,5.98976039886475,20.3070995927786,2004.21121215352,269.157212406934,2152.41985423686,560.378970947266,8.31722294489543,24.211446762085,0.013154014267829,0.440318086284919,0.246643653549921,0.409068332180276,0.147447498631904,0.000239823994075554,0.0279039148658756,-2.84877791843388,-64.6935730990889,24.6779621440575,-42.8643888734653,-81.4891446049584,0.0930339606896979,-0.908890650760912,0.486015740513891,11.0719656216143,5.1524087084079,6.60449713651963,7.93163880237711,0.00717162686899777,0.380693290808674,-6.19230195114805,-135.740728655148,-1.3200231552957,-129.979425557623,-181.517066040039,0.0322345924377441,-4.79483318328857,-1.09763680489056,-22.5650302335384,42.4907573659797,-14.5702729059001,-43.884391784668,0.152988243103028,0.379347801208496,0.00385702484261611,0.0878672086093422,0.0408895571296273,0.0524133426246822,0.0629455496052027,5.69140887627425e-05,0.00302118503099051,"Historical , 1850s"
"290","ssp245","SO_STSS","SO","STSS","1850s","10",15878,12.0599760274552,1826.25723043157,169.181661013315,2007.49886747235,273.94920422755,8.178176884579,10.2041436081946,1.60725805826224,57.7671844104169,26.0523862533129,56.7228449744692,15.4280309969179,0.026306824164819,3.02098982410821,7.74912242544809,1509.73964654829,90.8211144206172,1613.75288488194,196.70579884847,7.83283968925476,2.29998254776001,26.8872944663699,2022.03784102042,253.789594522194,2145.90609365714,687.714030761719,8.29454949696859,21.0071830749512,0.0127552129333458,0.458440842108068,0.206751947750109,0.450152955908508,0.122436978614817,0.000208771169071099,0.0239745996468253,-3.24594983706562,-63.9598518101416,24.918121861043,-42.2876797861642,-81.1294809617967,0.0956062769395142,-0.647495885704411,0.524182374371182,9.1246019270518,4.32436296844823,5.51557992352997,6.95941225807648,0.00642057436584562,0.365708754159457,-8.03227823897849,-110.010737266792,2.0699875634588,-105.391610312749,-227.62638671875,0.0307703971862772,-4.52599811553955,-1.51008653629546,-15.9701833995939,42.55238052623,-15.4521393766686,-46.0827768961589,0.178499488830567,1.38672828674316,0.00415991555720687,0.0724129145990402,0.0343181794485878,0.0437716868264306,0.0552299518962614,5.0953730030937e-05,0.00290226762710147,"Historical , 1850s"
"291","ssp245","SO_STSS","SO","STSS","1850s","11",15878,11.6379691081635,1813.43529544695,175.482462665257,2000.55572722037,271.254284996985,8.18233419647981,11.0247553793801,1.68320725829943,56.0842419741873,28.7961410233124,54.1041400060673,18.152083029866,0.0316964010093789,3.12822840837076,7.72675585135679,1583.14461852681,108.265704652044,1704.42204049083,179.068826293945,7.87257354736328,3.15250062942505,23.1389700079607,1988.05623450883,259.086836785535,2122.57012379537,622.878521728516,8.32382717132568,22.0571823120117,0.013357946398337,0.445084997339816,0.228526407768101,0.429370892126111,0.144055077552416,0.000251542894445005,0.0248256459177759,-3.0842613090402,-64.6453384043375,25.0589911244572,-42.6706085889206,-79.6498276659287,0.0943549863775525,-0.692876085678674,0.525067906952113,9.86882334558738,4.59349820161218,5.92207771350732,7.67670783017569,0.0068730135489904,0.349694447918847,-6.6646844675356,-104.058763851139,-0.0419474588536843,-80.8937710850869,-196.230623779297,0.0326530075073235,-5.2826509475708,-1.37480136570954,-19.7704378632334,43.5629354665162,-13.0893283278049,-46.1051406860352,0.159652004241942,0.965789794921875,0.00416694315092222,0.078319061788149,0.0364540388329753,0.0469976565712652,0.0609224153505518,5.454429104305e-05,0.00277517796341694,"Historical , 1850s"
"292","ssp245","SO_STSS","SO","STSS","1850s","12",15878,11.3326071566762,1802.31364095582,181.156791287792,1994.80303940029,273.916039938949,8.17908488577763,12.1794995693799,1.69358837791555,55.423210804425,30.4315496137641,52.4277528033614,19.2551298450922,0.0326646035019253,3.29905149929906,7.66528887428303,1597.10253794954,114.104503278363,1741.49637803134,182.048034667969,7.90168358802795,4.59835577011108,20.4140922654929,1991.92457878875,264.863704002512,2143.26988888122,582.433685302734,8.31951729456584,23.2850704193115,0.0134403310474664,0.439839048636959,0.241505023552294,0.416067069744055,0.152808865988152,0.00025922655724672,0.0261812993472435,-2.92529394624998,-64.3765642919699,24.6966124831435,-42.6052457550764,-79.859749750795,0.0932099242234534,-0.82078314961536,0.544901766291653,11.0771798131653,5.11702619613605,6.63492280224762,9.24716650009396,0.00834531282393436,0.357056451284432,-6.01857146770745,-114.14177608037,-0.895280588991312,-85.1245715159071,-187.026913452148,0.0307385253906265,-5.19610977172852,-1.13082891090519,-20.8748715077534,44.9030721907624,-19.9670538148107,-39.2140284220378,0.155815334320068,0.971687316894531,0.00432434481885312,0.0879085884756098,0.040608761226428,0.0526548009536695,0.0733855880407448,6.6228469981823e-05,0.00283360288159442,"Historical , 1850s"
"293","ssp245","SO_STSS","SO","STSS","1850s","2",15878,11.0882029780099,1791.24959768612,187.420412123256,1989.75821278739,282.802792499326,8.1675382705742,13.9249908823324,1.64054346348141,56.0672180643502,31.4606735090784,51.2775412592316,17.5420703731503,0.0276454276875058,3.66409066558635,7.57791375233871,1595.06034803154,122.805395991822,1768.3149464269,200.954031880697,7.92791171073914,6.5968656539917,20.8548304676326,2008.61545065998,271.577629797081,2154.19793557747,554.904635620117,8.28680359522502,24.5600414276123,0.0130193661780352,0.444949895453835,0.249672159098481,0.406938981638757,0.139214012181211,0.000219394337440003,0.0290782531195827,-2.86048239044102,-65.865639176885,25.0457454676671,-43.680376099659,-83.2975347611007,0.09369522669022,-0.919828504056837,0.465861679196932,11.0907794086439,5.20857850594563,6.61374135850014,7.01592981324161,0.00643403404291956,0.395051423423772,-5.44620031594652,-125.20378644188,-1.01381193510895,-117.613880651518,-176.210264282227,0.0324663448333737,-4.3270206451416,-0.962629062661977,-17.7575644640613,42.4050653300772,-8.67822520178083,-52.3813690185547,0.151166524887085,0.598004341125488,0.00369708204920591,0.0880165149751817,0.0413353210966105,0.0524867048449918,0.0556784756705848,5.10605461369193e-05,0.00313513128740487,"Historical , 1850s"
"294","ssp245","SO_STSS","SO","STSS","1850s","3",15878,11.1063251387729,1792.23491026731,186.90217143205,1990.24340683813,281.951279219604,8.16852004085777,13.7862040979658,1.6436564572072,57.1800584870773,31.3826061729287,51.8316075169986,16.1026954011247,0.0256255634471485,3.67515053263117,7.55724008611736,1512.93273949149,122.480175210178,1690.23063206253,213.514091491699,7.94567410469055,6.16636753082275,19.8050483891292,2000.12421851198,271.389822400807,2149.6107978591,525.263442993164,8.26367168426514,24.4012298583984,0.0130440709213889,0.453781406037807,0.24905261608819,0.411336055935986,0.12779112077635,0.000203364678512634,0.029166024313789,-2.89345269777691,-66.3476717101301,25.2529056588,-43.988218749107,-83.5384254355702,0.0942513888762497,-0.898129254630862,0.462383269254507,10.6193906751401,5.05586639840726,6.28717778062552,5.86755983891705,0.00562033247262623,0.385704891064729,-5.37325154570756,-117.669370223783,-3.11187902207791,-107.843383403809,-167.035615234375,0.0325118827819839,-4.92451000213623,-0.844838996251264,-19.3462544082297,43.393523401672,-6.12689658815475,-50.9299005126952,0.150320301055909,0.737249374389648,0.00366947735980522,0.0842755701783502,0.0401233965776207,0.0498950936530904,0.0465650022781368,4.460300390222e-05,0.00306095713110485,"Historical , 1850s"
"295","ssp245","SO_STSS","SO","STSS","1850s","4",15878,11.254476338131,1798.27189704139,183.429523842668,1992.95589722219,278.725067433624,8.17245189405438,12.9906528250702,1.65109868314751,58.6538409566894,30.5387277148076,53.4992136089668,14.4617081226168,0.0239549921229864,3.55769989009095,7.49172711907913,1350.53891701123,108.477692433509,1482.54100927323,229.721552022298,7.95383033752441,5.14312028884888,18.2656542415965,1980.05245891852,267.557216442549,2134.34925087121,506.205758666992,8.23791538874308,23.5006637573242,0.0131031324865674,0.465477355621448,0.24235558982793,0.424570191352297,0.114768232478681,0.00019010701098968,0.0282339350658566,-2.97371159282927,-66.3879220452962,25.36230151568,-43.9993321224455,-83.107474817034,0.0950345932743668,-0.84475819698268,0.478475712727569,10.0269384368354,4.78933517182965,5.95121521582606,5.09051396988255,0.00498521975379507,0.366632066940484,-5.77444134052451,-129.413615823795,-4.46983690513414,-121.207404121417,-161.11451965332,0.0317651367187493,-5.02859497070312,-0.785906153031966,-20.9251930394068,42.5826067900259,-8.98343333737125,-48.4684375000001,0.149922828674317,0.852283477783203,0.00379718712119765,0.0795738644295023,0.0380082026105368,0.0472288920250312,0.0403983599847219,3.95627442353147e-05,0.00290959504478996,"Historical , 1850s"
"296","ssp245","SO_STSS","SO","STSS","1850s","5",15878,11.497611003295,1807.34183416162,178.468687270226,1997.30813243514,275.814866308412,8.17598718042824,11.9645117388519,1.64196478930955,59.7389397577738,28.9586607801,55.3746835038331,13.3179619093921,0.0225441908979582,3.39073244768118,7.63011513821026,1424.26217219748,92.4250892674873,1554.09774868016,223.10691986084,7.93226534843445,4.01162147521973,19.993756767387,1955.72823117828,261.771660501609,2103.93562699253,533.209226074219,8.23497880299886,22.0708332061768,0.0130306458312884,0.474088708471975,0.229816165870756,0.439453935587472,0.10569145329167,0.000178910881071802,0.0269088800941768,-3.09170311642339,-66.3162809568632,25.4723381044124,-43.9356459688742,-82.9122868527434,0.0960846253561807,-0.775344162347135,0.491125068897246,9.60691126565473,4.6591409055072,5.63938139512678,4.85531088104224,0.00474108728341048,0.381353324171015,-5.40424329151834,-106.303482193944,-4.26249625780713,-89.5643485239948,-157.133275756836,0.0357057476043687,-5.42268943786621,-0.80336438074867,-22.0844282229305,43.8046953320788,-12.2840059672556,-51.0057641601563,0.145911722183227,1.1213436126709,0.00389757251393814,0.0762405254061517,0.0369749798613294,0.0447541763050562,0.0385317863717811,3.76253069783095e-05,0.00302642306108561,"Historical , 1850s"
"297","ssp245","SO_STSS","SO","STSS","1850s","6",15878,11.7826792239486,1817.09886916726,173.356697841001,2002.23824623221,274.482961916611,8.17749752141471,11.0190245607396,1.61656003308135,60.6601887877103,26.8897972054468,57.4174552961766,13.5248555926531,0.0214621474712609,3.2128409929794,7.68941044945249,1497.12247950468,78.313876587714,1624.77761061975,211.787191263835,7.81788816452026,3.10082054138184,27.8452545825508,2023.7348960457,254.429271201981,2146.72835853994,716.600419311523,8.25807474136353,20.9326171875,0.0128290334806489,0.48139974821514,0.213397647830613,0.455665389032444,0.107333363233259,0.000170323775697092,0.0254971320727066,-3.20084245884614,-65.6023645224953,25.3408994194083,-43.4623075619331,-82.7472576788131,0.0967248878625917,-0.720271539620293,0.505741858154307,8.97714321766108,4.34656123339385,5.32378667748243,5.39323880141838,0.0050215358116849,0.375936616228681,-5.84071356370428,-104.353362071174,-2.62675157794936,-74.8585025335612,-170.377808837891,0.0254510784149176,-5.03554487228394,-0.903618342625132,1.40569630552659,44.0919496344541,8.27539847492267,-41.2017715454101,0.146889429092407,1.44051551818848,0.00401357147155246,0.0712426810901856,0.0344943450585076,0.0422496140765456,0.042800786693116,3.98509487640793e-05,0.00298343602310061,"Historical , 1850s"
"298","ssp245","SO_STSS","SO","STSS","1850s","7",15878,12.0653268224621,1825.79582739752,169.017349082722,2006.87850330271,275.092003196508,8.17649116619515,10.3277901691292,1.59802779037828,61.3846978152699,25.1186007047542,59.0640600384061,14.7494571167585,0.0210392706226986,3.07562507565921,7.6942125017268,1469.90870164237,71.5612863116717,1556.34250299077,207.171376037598,7.75368805885315,2.50288510322571,32.7501048845165,2037.2112102144,249.811708210141,2150.73231151828,830.595269775391,8.27008190155029,20.0536289215088,0.0126819614528592,0.487149457710232,0.199341418093891,0.468732857567585,0.117051810820544,0.000166967821611022,0.0244081854444622,-3.27330571507088,-64.3950891527793,25.0038670413858,-42.6645278264644,-82.4097280850205,0.0965563782462796,-0.678236085816744,0.517849883614227,8.59640387874933,4.15992205423905,5.15335091248886,6.36181586117974,0.00587732775604436,0.370201896706085,-8.90572204413137,-103.462863648749,-0.37385595556151,-82.643782414613,-250.772604980469,0.0165363502502442,-4.84473562240601,-0.758927710931545,-7.66514117513225,42.9438572373598,-4.88765291784694,-42.0830444335937,0.168701639175413,1.63069248199463,0.0041096608594076,0.0682211306210771,0.0330131750251164,0.0408970344688247,0.0504874220632741,4.66425205473616e-05,0.00293792524264585,"Historical , 1850s"
"299","ssp245","SO_STSS","SO","STSS","1850s","8",15878,12.2707638474351,1831.78073769529,166.236753547241,2010.28825508997,276.39927641447,8.17463819808984,9.93618773631895,1.5739046648067,60.6374895277913,24.1435730790704,59.1443653053236,15.0929908796519,0.0213108623584811,2.99657697351895,7.78123162243173,1492.12703447055,74.2887652963504,1581.32728854904,211.597106933594,7.74063794136048,2.09272122383118,34.0427019984356,2043.89716404863,245.888484584806,2155.70079854019,856.659748535156,8.27030513763428,19.8372001647949,0.0124905201334633,0.481219606705065,0.191603590980466,0.469370160814526,0.119778097537835,0.000169123175820033,0.0237808590673488,-3.32778832491702,-63.6964831361375,24.8320652450384,-42.1922062160161,-82.3540798933902,0.0963492823672735,-0.638382430159152,0.524702407668512,8.76746505185146,4.19657626845936,5.30011684981687,6.96198983703787,0.00651336789265288,0.376140606317455,-9.95551388826773,-111.615939200541,-2.84731866717652,-89.2599842419356,-276.770883789062,0.0189551544189452,-4.73578214645386,-1.02245674736607,29.7929231979774,42.0561103383216,39.0967259706392,-41.338117980957,0.186963787078859,1.88515949249268,0.00416404254565516,0.0695786734725995,0.0333040631652512,0.0420617701329936,0.05525040758372,5.16901402092394e-05,0.0029850548900929,"Historical , 1850s"
"300","ssp245","SO_STSS","SO","STSS","1850s","9",15878,12.2981963820959,1832.6849966669,165.915641366586,2010.89883441558,276.476937385424,8.17451682749331,9.87097007985933,1.55872781906234,59.3350034919151,24.2807817239582,58.4331571704874,14.6559903429858,0.0223157067122294,2.97737739644649,7.80885995051389,1490.36358212428,79.7628863671544,1584.31127190401,217.945492553711,7.76573510169983,2.00357699394226,32.223574289032,2044.21056889222,249.528667075738,2158.74134279027,809.691635742188,8.26807196935018,20.2195606231689,0.0123700765630418,0.470883067003237,0.192692479894629,0.463726007311527,0.116310057748886,0.000177097628728229,0.023628491068613,-3.33727342542602,-63.6664225423715,24.8642835176956,-42.1394124501019,-82.2015819429383,0.0962191685081405,-0.618096931752624,0.515779057147913,8.76263257966523,4.19532015857347,5.264472948237,6.79015132565112,0.0064897670679851,0.369303666721536,-8.94393277894,-108.814038981064,0.187102377782168,-85.6432272976469,-249.490894165039,0.0297363471984866,-4.98500633239746,-1.36952591796989,-14.1101291056234,40.6459240546708,-4.75659704688974,-56.9235165405273,0.185537481307983,1.8848295211792,0.00409322676384338,0.0695403229342943,0.0332940946670503,0.0417788998421344,0.0538866957692918,5.15028438740351e-05,0.00293079688223282,"Historical , 1850s"
"301","ssp245","SO_STSS","SO","STSS","2090s","1",15878,21.2484970174876,1965.87027818285,121.425092232505,2108.54386743284,578.443784676186,7.90302225615169,15.9704632918801,2.69011303660875,52.172232588034,21.1664062303547,57.2682304979629,30.5150018156344,0.028056891885291,3.62842655336651,15.5341492930206,1795.1282015662,77.0198313588619,1951.55160269963,449.354888916016,7.74451885223389,7.78970623016357,31.9567683693274,2099.32015476207,178.096273041479,2225.24959781729,893.300213623047,7.99611687660217,26.8090572357178,0.0213487587885003,0.414039259251197,0.167976770820346,0.454481139828424,0.24216730090044,0.000222659720637318,0.0287952224369215,7.24386551616701,106.478712095037,-39.2850282617021,74.4375493495017,217.653872011655,-0.176045392836174,1.74907520522845,0.887007649558955,21.7701042929804,7.98360875432876,15.016778145439,15.2415829396024,0.0107944853912679,0.60699311733038,4.0878899121501,56.5726407218594,-65.1322480750509,15.0713668484109,141.164926147461,-0.214699522654215,-0.347472190856934,9.89369161097216,176.530661159808,-10.6068670561896,132.678194122543,317.616600952148,-0.0895117092132569,6.51860427856445,0.00703929987189713,0.172767723521846,0.0633579835636895,0.119173272663496,0.120957325325887,8.56651232599065e-05,0.00481710228225285,"SSP2-4.5 , 2090s"
"302","ssp245","SO_STSS","SO","STSS","2090s","10",15878,23.6280088926575,1992.8924346796,106.217709997362,2122.73815356962,577.856753862278,7.89879482359395,12.4320577330225,2.81020393598621,57.692820098647,17.748599851487,62.1393816545684,29.7805261572577,0.0284251104671403,3.05100268522413,15.7685505361839,1784.63519302797,65.9313405007559,1884.38118390549,403.581627400716,7.68115748405456,4.69778919219971,36.8402103672855,2096.50643723785,164.796749291209,2242.43024098963,1027.92829223633,8.04002072016398,23.6783332824707,0.0223018011360202,0.457850686329168,0.140853031789577,0.493138634755029,0.236338496142676,0.000225581906277239,0.0242127819550766,8.32208302813673,102.675352437883,-38.0458291549106,72.9516063111094,222.778068672931,-0.183775784045535,1.58041823912347,0.956602973820797,20.0812516564927,6.94008926399065,14.219468889529,14.1983067695457,0.00749035346104151,0.637277211830608,4.92184108586988,57.2001864398646,-64.1276673140279,44.5239981883506,123.884431966146,-0.263062009811404,-0.519665718078613,14.2674343671391,170.194818126192,-8.38444006195282,165.236688710804,432.878503417969,-0.109493942260745,6.53656387329102,0.00759160892741048,0.159364975356605,0.0550766044591107,0.112845819968155,0.112677877213026,5.9443505571785e-05,0.00505743710083303,"SSP2-4.5 , 2090s"
"303","ssp245","SO_STSS","SO","STSS","2090s","11",15878,22.5498043881131,1981.80061890675,111.965099550892,2116.31552284575,566.454400598399,7.90805428374981,13.3203757835377,2.96869901368357,54.7156813252283,19.9902543263303,59.6621796255906,34.6409487778332,0.0340547045385511,3.19866051006153,15.7324574327787,1802.09933693304,68.6227104500644,1932.18892279336,383.671048990885,7.71995411872864,5.84478855133057,32.4440265413869,2092.78250970743,169.918954264842,2234.58623020225,933.55445678711,8.05754667917887,24.8191165924072,0.0235596193529049,0.434224088974831,0.158642819809385,0.473479539442922,0.274910849320684,0.000270258410302226,0.0253845956457245,7.82757397090946,103.719985055462,-38.4583719899075,73.0891870364643,215.550287935486,-0.179924926352447,1.60274431847895,1.05603827224874,20.4077144774909,7.41038660902379,14.2304945830616,16.4374431184583,0.00990773518566921,0.609707795904555,4.59664930646763,51.0666777063211,-62.1274325534065,36.9599721222908,129.497738647461,-0.237733783721922,-0.179564476013184,12.0922192878349,189.920118760568,-10.5463341317096,185.308245326283,380.643823852539,-0.102626934051514,6.07428169250488,0.00838072825894487,0.161955786941121,0.0588088879882227,0.112933319961093,0.130447681365108,7.86278664653572e-05,0.00483864599334591,"SSP2-4.5 , 2090s"
"304","ssp245","SO_STSS","SO","STSS","2090s","12",15878,21.6911102680894,1971.77501881158,117.52040923175,2110.98653831142,567.70422249428,7.9088950380939,14.6596475797464,2.87172507562088,52.7910563549362,20.9200736713936,58.0564914805857,35.1083954166782,0.0334403778676373,3.40054165612032,15.6695804327726,1797.12705830696,72.6193807968694,1951.37372506225,410.847650146484,7.7440559387207,6.98593664169312,31.3266558015342,2095.65509856664,174.815527297277,2230.55790646064,888.645772705078,8.02497634887695,25.9906253814697,0.0227900333971114,0.418950249664016,0.166021873642626,0.460736785353868,0.27862050962246,0.000265383108879497,0.0269867260515858,7.43320916516324,105.084813563798,-38.9397695728987,73.5782531560622,213.928432804536,-0.176979923460281,1.65936486075114,0.988774531923129,21.3141502999358,7.98066799403334,14.5943381973111,16.4924211296578,0.0109671515876677,0.627531139764597,4.46177098986437,55.5194640469845,-62.4197478263579,24.2027084418191,142.34013264974,-0.223924175898234,-0.226421356201172,10.1745658118229,172.372303096976,-11.2198400561377,153.389238390213,347.233072509766,-0.0955530834197988,6.58163166046143,0.00784692267238334,0.169149268949976,0.0633346456662305,0.115820785822803,0.130883987306084,8.70354035892838e-05,0.00498009219419114,"SSP2-4.5 , 2090s"
"305","ssp245","SO_STSS","SO","STSS","2090s","2",15878,21.0976899910187,1963.49571250956,123.258042273119,2107.85144477369,586.142320925928,7.89855394399044,16.6742028836442,2.63573354582303,52.460173770543,21.4581899604519,56.907200447602,25.6102432827813,0.0236780327390896,3.76248565994478,15.250108450184,1723.23407108155,78.7188110684272,1860.66014050967,470.621719360352,7.74565005302429,8.20798301696777,31.883818629395,2097.10123167198,179.462499863707,2220.99338286645,888.928393554688,7.97386689186096,27.4912071228027,0.0209172027103627,0.416324362801495,0.170292368859343,0.451616002432461,0.203243097564464,0.000187909059081875,0.0298591165896182,7.14900462256775,106.380475646552,-39.1166243824701,74.4128558866498,220.041993665502,-0.175289099893541,1.82938349725499,0.812769145260636,21.5540471122415,7.78088092086376,14.9717785176114,11.4331229518311,0.00890365217224412,0.605071223349865,3.91382457416466,53.5479468168121,-65.425455300534,12.4722119525552,164.398194376628,-0.212431017557779,-0.539381980895996,9.84493946492477,178.422035985101,-9.82277421444151,131.370241306418,294.341378173828,-0.0891606426239022,6.400710105896,0.00645014250210799,0.171053091990253,0.0617491338397331,0.118816155253563,0.0907333560992691,7.06594555601167e-05,0.00480185011609897,"SSP2-4.5 , 2090s"
"306","ssp245","SO_STSS","SO","STSS","2090s","3",15878,21.1831316963771,1964.66713803046,122.706098006725,2108.55636773356,585.475452796671,7.89871434337289,16.5240090254266,2.712446952228,53.6828136083038,21.7009783510284,57.2949286625867,21.1863290997046,0.0213781074022872,3.7906648789085,15.1010477515274,1562.08486915609,77.669165634126,1674.52639145591,477.604907226562,7.74902925491333,8.00273990631104,32.2695463505783,2096.68549732879,179.957152485147,2219.79755830299,878.811315917969,7.95971083641052,27.3480033874512,0.0215260009232617,0.426027242430104,0.172219139488135,0.454693016678539,0.168134878872438,0.000169656833030865,0.030082747098938,7.18335385982735,106.084556053024,-38.9431677665248,74.3247421463265,219.985748141497,-0.175554308608639,1.83967567282997,0.845401366803839,21.2138782432844,7.49044491359671,14.876631684582,8.34075354220289,0.00768715209245744,0.615611924405662,3.97208072879788,-2.70242844263157,-64.6619476452868,-44.4720193804051,166.363918457031,-0.205586576461791,-0.476864814758301,10.0888061584774,178.368172723021,-9.79752435287385,133.074882394643,278.571743774414,-0.0903610897064206,6.02528285980225,0.00670911207586872,0.168353509098421,0.0594442313400018,0.118061069218072,0.0661922874851734,6.10053011003856e-05,0.00488550120482258,"SSP2-4.5 , 2090s"
"307","ssp245","SO_STSS","SO","STSS","2090s","4",15878,21.5983213434545,1969.94689122579,119.434710529892,2110.97992309914,581.148537390097,7.90045960344207,15.6366168759898,2.83708386193221,55.8380837469616,21.3541701572435,58.8212790473011,19.0020732797153,0.0211375789796749,3.68216324758464,15.0698206500647,1475.22477680372,68.7881477022319,1566.23689328709,495.726549275716,7.71618123054504,7.29462957382202,36.4063077756647,2087.04448198477,177.00931336789,2219.93153835015,912.481072998047,7.95845881462097,26.138162612915,0.0225151204454561,0.443131483660156,0.16946686686084,0.46680614566106,0.150800607041201,0.000167747997526093,0.0292216772763064,7.37013341249421,105.2870721391,-38.6325117970957,74.0246937544987,219.315995139439,-0.17695769733795,1.80120585393699,0.912397375739853,20.6927553915491,7.17509995814265,14.6295924929808,6.41291656417361,0.00658207676706598,0.622471050657707,4.52790775689517,57.7435010635113,-63.7736918382601,17.4877857618585,176.312643432617,-0.202674055099488,-0.405840873718262,13.3368708201049,171.385461514218,-11.8792520258503,132.7675183221,348.375015258789,-0.0990391921997071,5.88326358795166,0.00724079294395977,0.164217873937567,0.0569416512262509,0.116100564198012,0.0508929576550105,5.22354143915926e-05,0.0049399352861649,"SSP2-4.5 , 2090s"
"308","ssp245","SO_STSS","SO","STSS","2090s","5",15878,22.2928070459067,1978.12819123996,114.557602648778,2114.97860093464,579.346064268613,7.90021261397051,14.475688856391,2.90023035372741,58.1688291863249,20.1471310839709,60.8736979868837,19.6568365410925,0.0213071557997672,3.50296153585847,15.3835275710979,1535.97891860617,60.6518039874343,1622.82086425207,474.892144165039,7.70297536849976,6.27726411819458,39.5512508266529,2092.76708924613,172.999480894731,2229.71295687053,937.026611328125,7.97065343856811,24.7534027099609,0.0230162515144223,0.461628298294047,0.159887795025227,0.483094158944448,0.155996813572483,0.000169093760540139,0.0277995310445067,7.70349292618836,104.470076121474,-38.4387465170363,73.7348225306263,220.618911107457,-0.17968994110155,1.735832955192,0.959583300829171,20.4077947035335,6.90741263286745,14.6048433466844,6.76726368541682,0.00553850723407994,0.631054537250437,4.95921856271443,47.3775646861677,-63.7478206066545,9.03417052214945,181.989623413086,-0.221255970001221,-0.565403938293457,16.8344709960527,212.775830836487,-15.2108779462656,209.619672954203,423.94841003418,-0.120973167419433,6.23315048217773,0.00761526082662317,0.161956423615643,0.0548172824505644,0.115904154773087,0.0537050592715125,4.39536381481555e-05,0.00500805390509978,"SSP2-4.5 , 2090s"
"309","ssp245","SO_STSS","SO","STSS","2090s","6",15878,23.0642004862757,1986.47352082029,109.716252523086,2119.25397382966,580.725306990744,7.89793447836181,13.4174019935834,2.89781723224097,60.2408043624987,18.5211309934513,62.9432410847608,23.4838378922567,0.0213451163051091,3.30613039724232,15.5381619844798,1623.51114955518,56.4737342913577,1710.3339481219,445.108486938476,7.66317824363708,5.32011938095093,37.8634463161496,2094.54247065668,169.082656603797,2238.07474148578,1074.63374511719,7.99379114151001,23.5588645935059,0.0229971009628135,0.478071510028992,0.146983845172495,0.499518069686385,0.186367927208759,0.000169395015417166,0.0262374775385026,8.08067880348099,103.772287130536,-38.2995458985064,73.5534200355111,223.495087395319,-0.182838155190309,1.67810589322349,0.979854856378785,20.293713331361,6.76327625173155,14.647565463246,9.90520271285203,0.00528280913910034,0.640583023439775,5.24293327447686,50.0967978014719,-64.7931135873902,44.2815387478408,175.165501708984,-0.258002729415892,-0.665359497070312,15.7783239988033,242.805526650753,-13.0729013338936,243.483207688136,487.643419799805,-0.122532997131348,5.97348213195801,0.0077761360552128,0.161051072924565,0.0536734149655768,0.116243197835217,0.0786077687406235,4.19244160009404e-05,0.00508367204846679,"SSP2-4.5 , 2090s"
"310","ssp245","SO_STSS","SO","STSS","2090s","7",15878,23.7585909950781,1993.39589678917,105.816387240705,2122.97087502496,584.299326730082,7.89447247035138,12.6302643541971,2.84670791439204,61.5654685270678,17.0571115193813,64.4444706037954,26.6648117945917,0.0211945589318744,3.13995748278935,15.6999024071591,1663.50724361829,53.2900790164507,1743.81052002501,438.749870605469,7.61254628181458,4.66828155517578,43.2783214007932,2099.40915717595,165.271431982953,2245.33355381623,1207.82647460938,7.99862949371338,22.6992282867432,0.0225914970035177,0.488584055539276,0.135365374800339,0.511431839275952,0.211612161792698,0.000168200190887015,0.0249187279471059,8.41995845754517,103.204980238871,-38.1970948006313,73.4278438957846,226.797595448553,-0.185462317597492,1.62423809925115,0.971608679388677,19.9967797032853,6.65241822786484,14.4935417273326,12.4562007714271,0.00594483573556902,0.647584444704429,5.65484298055749,47.473425422487,-62.7768068528324,35.985979962185,175.113218078613,-0.278327074050902,-0.785942077636719,17.1489718884285,178.999061754845,-9.2613496460331,179.269424157198,520.527597045898,-0.108809003829957,5.63925266265869,0.00771069432800902,0.158694605253611,0.0527936447926908,0.115020864222848,0.0988525099397167,4.71782644181797e-05,0.00513923538417858,"SSP2-4.5 , 2090s"
"311","ssp245","SO_STSS","SO","STSS","2090s","8",15878,24.2113215548394,1997.81942073837,103.492953014569,2125.52369530778,587.507994324766,7.89170275912624,12.1797305800341,2.76640284911872,61.3407309390286,16.222600653086,64.6091137925922,27.5261768258063,0.0215341499943152,3.03414485975291,15.8336699158764,1635.90484005465,53.8317508867894,1715.52545894471,458.790609130859,7.60882745742798,4.30034875869751,43.9559589438829,2104.85819302875,162.320738007329,2250.01371471067,1216.91193237305,7.9919190120697,22.5219383239746,0.021954195356827,0.48680053622523,0.128742689824476,0.512738448952184,0.21844796163828,0.000170895188301667,0.0240789981159643,8.61276938248725,102.342199906942,-37.9117352876343,73.043234001795,228.754638016906,-0.186586156596325,1.60516041355595,0.932712283519333,19.5407581147318,6.4882686526189,14.208505097316,13.3062887751661,0.00638780526195484,0.643686166729246,5.69829125746854,43.6131663951892,-63.5766566862039,42.7637911803263,183.838739624024,-0.290663690567015,-0.531310081481934,18.0945950679138,173.570728782076,-8.43128822402289,173.294896366314,539.489771118164,-0.101947326660157,5.89917755126953,0.00740201221619581,0.155075614243236,0.0514909524375851,0.112758811224591,0.105598815204161,5.06936741577602e-05,0.00510829861867834,"SSP2-4.5 , 2090s"
"312","ssp245","SO_STSS","SO","STSS","2090s","9",15878,24.2626572653991,1998.45632516083,103.189148560542,2125.90813098677,587.03365046325,7.89187261644657,12.0779050458711,2.71228888355158,60.1750888728975,16.260138998814,63.9460775223507,26.876855211249,0.0227613472552468,3.00029524029741,15.8119657837758,1701.15866101098,62.401361331684,1788.59915131045,478.499154663086,7.62691864013672,4.2327299118042,42.2832713988469,2103.17226374462,162.698342488043,2248.72465341967,1166.58625732422,7.97854476928711,22.8913764953613,0.0215247464889688,0.477549991372686,0.129040594439398,0.507476587755728,0.213294940060117,0.000180634235677373,0.0238103672625378,8.62718745787718,102.104905951562,-37.862209288348,72.8698841210914,228.355131134888,-0.186425042538597,1.58883803425915,0.906766332529997,19.5514214414534,6.58287002301732,14.088077737214,12.8561780320871,0.00628337275434135,0.647072496358548,5.09052959226502,41.0345088100089,-63.1993002877465,39.3288729403162,188.671649169922,-0.29462921142578,-0.55311107635498,17.2529157629352,171.196951192018,-9.08648097442929,154.463522016047,518.317182006836,-0.102734107971192,5.87353610992432,0.00719610493956037,0.155160238490234,0.0522417096772301,0.111803098722043,0.102026732711218,4.98648969337633e-05,0.00513517255797029,"SSP2-4.5 , 2090s"
"313","ssp245","SP_STPS","SP","STPS","1850s","1",23951,9.24324489349514,1722.29297685966,240.731789175063,1972.26801092822,303.182742997949,8.14406525609211,22.6400012587567,1.44409820155774,69.6854862701818,38.4435050084047,57.8131834724568,22.8116680179827,0.0257809350442488,5.16847899053058,7.14634315042038,1529.08555465116,130.755464622527,1787.94803283703,252.452161153158,7.95985433578491,7.5812463760376,16.4728407066511,1912.38376614622,301.040474210427,2088.84941690455,510.373336791992,8.21089051564535,30.1990299224854,0.00933114421822369,0.450277773078518,0.248405467924881,0.373564036098241,0.147399230817148,0.0001665853629061,0.0333964981034371,-2.46326487682466,-76.5021824953707,30.050710677243,-48.9147366949523,-89.3753904667795,0.0914196578947755,-0.886380047212774,0.48991476134152,12.7844638558598,5.65545726390943,8.23041976506463,9.02693426667842,0.0112749955479693,0.29478901903874,-3.87738333570829,-115.062817529653,-2.93887224367762,-85.5575226022866,-119.517405395508,0.030061454772949,-2.1436824798584,-0.595141441941898,-20.06529618793,41.3722102376335,-18.1444941463365,-41.8846704101562,0.126494998931884,0.114248275756836,0.00316561940717269,0.0826077311522267,0.0365431431827939,0.0531814482709651,0.0583281839143221,7.2854193298242e-05,0.00190480041290266,"Historical , 1850s"
"314","ssp245","SP_STPS","SP","STPS","1850s","10",23951,9.25952316204253,1731.57866634918,232.502213892504,1973.34040340372,278.18184287609,8.17627173119736,19.5069357032791,1.67976710511541,74.0041080871268,41.4663684578959,59.5838077875146,29.6010272250376,0.0364503457400566,5.83105161443527,7.01954576069044,1541.09929794897,118.906761411741,1798.015321516,231.824719746908,7.93364670753479,5.43536138534546,20.5194290294783,1954.73994780954,298.563892929423,2119.31123935928,529.996670532227,8.24247303009033,29.0411720275879,0.0108539357600144,0.478182858033552,0.267937917150822,0.38500505224401,0.191269162821783,0.000235526526200015,0.037677758686708,-2.50330170970503,-76.1574280118144,30.2330295823442,-48.4277001391753,-81.7422099230093,0.0919824977243325,-0.740385638770229,0.545493223676186,12.564564313685,5.54842044782256,7.87964599172312,5.32886640560551,0.0101975650327633,0.308038252153007,-6.48571105097274,-110.578225747593,-4.85097835832076,-76.6611123060572,-178.351488647461,0.0209004592895505,-2.01007843017578,-0.20640208424447,-6.63226322443325,41.9937249085418,-10.3456021790473,-29.1194287109375,0.150181350708008,0.48150634765625,0.00352474363218208,0.0811868344712798,0.0358515171102119,0.0509148983483287,0.0344328529020498,6.58922986627823e-05,0.00199041128398935,"Historical , 1850s"
"315","ssp245","SP_STPS","SP","STPS","1850s","11",23951,9.24418117317138,1728.90486786085,234.942540818565,1973.09158985258,284.94241179766,8.16728295262659,20.3938723564999,1.59019078845153,71.6984782323217,40.6056936575705,58.4858587352672,27.6506364129226,0.0334549033848702,5.64493330692584,7.06640305326234,1542.831452363,125.881812741337,1799.93654289963,235.771215311686,7.95221764564514,5.99055957794189,18.8569315566316,1934.44196906403,299.272314922309,2109.53984962061,504.549459838867,8.24075482686361,29.3779296875,0.0102751319581494,0.463284865178343,0.262376605130514,0.377910575608188,0.17866657254772,0.000216171260343808,0.0364751418791053,-2.5143700398279,-76.9524360605863,30.5134137461838,-48.9533923542303,-84.4456486824477,0.0924935954477419,-0.770055362959507,0.532065568543612,12.9388373712728,5.67617695952767,8.13707884994248,6.17024251900436,0.01083949030572,0.307947114663173,-5.35637724847619,-112.502709116146,-3.59050804714633,-81.1478826291439,-155.223040771484,0.0254072284698479,-1.93482780456543,-0.39712425970685,-10.7758893954215,43.4892892097241,-14.5321546978714,-37.0648138427734,0.127586364746093,0.336671829223633,0.00343797987441307,0.0836052267063651,0.0366770249837427,0.0525783192458571,0.0398694650711005,7.00401449053858e-05,0.00198982239255496,"Historical , 1850s"
"316","ssp245","SP_STPS","SP","STPS","1850s","12",23951,9.24704289297489,1725.77162095404,237.920448397612,1972.93911224463,294.594592665941,8.15478910432076,21.5747747078594,1.50410746117899,70.1945616622255,39.4979363915857,57.8327845624722,24.5829793783318,0.0287663024817475,5.38267776469016,7.13224836537289,1538.08792992861,128.708175575128,1797.83413727998,244.882706705729,7.95453639984131,6.83707046508789,17.3577039341983,1915.97103554684,300.217849167955,2088.3631871648,515.556710205078,8.22479753494263,29.8507442474365,0.00971889835803958,0.453567200276741,0.255218752017381,0.373690689948769,0.158844686355398,0.00018587552895827,0.034780558862528,-2.51516987152318,-77.5225471104943,30.6094678020587,-49.4282491799588,-87.8614385654633,0.0926665790526813,-0.820292791202568,0.508390872719485,13.1584059904055,5.77118519963004,8.33927113380002,7.52054382409851,0.0111379352932364,0.314360022511183,-4.33748526514133,-119.124938865034,-3.22498107719161,-88.7265903274583,-132.436531982422,0.0296114444732671,-2.05131149291992,-0.524720289869288,-16.2444753799084,42.3102223605208,-19.6895262119967,-39.9781732177735,0.124097309112548,0.20196533203125,0.00328500412745957,0.0850239851043139,0.0372909275489273,0.0538847992057737,0.0485945339080383,7.19685686211118e-05,0.00203125985707323,"Historical , 1850s"
"317","ssp245","SP_STPS","SP","STPS","1850s","2",23951,9.20555848289657,1718.54250888867,242.850230907933,1970.59829827949,306.898720218058,8.13934791165302,23.2546940859184,1.41451525129705,70.1353693914105,37.9627576076788,58.2982071479377,21.9060577387473,0.0243170960427315,5.12753761449738,7.10901725701671,1521.2069957889,131.966562849556,1778.63079681385,256.88433787028,7.95923159599304,7.85303497314453,16.4446996688747,1912.02616126875,301.535712503712,2088.63264401078,504.501179199219,8.20549802780151,30.2561683654785,0.00913999186100498,0.453184725168758,0.245299084076558,0.376698051402936,0.141547564973415,0.000157126662091512,0.0331319524625339,-2.43933980894848,-76.4109625207059,30.0165581867096,-48.8337441429448,-90.0420741430841,0.0908463223008168,-0.895635335058013,0.476578358466574,12.5699167436957,5.59895864526421,8.22512513324081,9.11050071274885,0.0109163524933628,0.314458586441943,-3.88467592898976,-116.866091450606,-1.07631482572165,-88.2020278663417,-122.692826538086,0.0271841621398918,-2.04303932189941,-0.710873195861707,-21.6414039479216,41.5541238913413,-18.173110698991,-38.4419927978518,0.124611091613771,0.0618038177490234,0.00307944528241842,0.0812214195821084,0.0361780733017149,0.0531472366272714,0.0588681545058278,7.05367954496831e-05,0.00203189673498891,"Historical , 1850s"
"318","ssp245","SP_STPS","SP","STPS","1850s","3",23951,9.13596391984325,1715.59422053398,243.860408153478,1968.5905926073,304.49164064855,8.14200755186754,23.2618706861826,1.41375996457342,71.1714070920102,38.156753168885,58.9210247908975,21.6040431025129,0.0241863479744329,5.25353070683185,7.06274272872293,1505.30138091789,132.334792448206,1757.48022390148,254.363201395671,7.9632862663269,7.74953079223633,16.4313421773743,1911.78129843837,301.984871790963,2086.42899747092,498.477344360352,8.20887959798177,30.1956214904785,0.00913511152160933,0.459879157160561,0.246552600324524,0.380722432322352,0.139596075716191,0.000156281824060254,0.0339460658751846,-2.41406840898048,-76.2639279075701,30.0645817169383,-48.6134145996123,-88.8435383157611,0.0903709894249774,-0.877043311682271,0.471023780792279,12.4249011521563,5.47430980348894,8.26632241816076,8.32354144102123,0.0104786380546209,0.314594204962544,-3.93950287282849,-113.733966646132,0.751519588781122,-84.7414586761802,-117.756185302734,0.0255443572998022,-1.9461669921875,-0.710990141142137,-22.2424012636886,41.6768189097927,-17.400486501311,-35.5934307861328,0.121994094848631,0.28053092956543,0.00304355397994725,0.0802843909249954,0.0353726458605721,0.0534134358418211,0.0537831606664632,6.77084721750653e-05,0.00203277304379743,"Historical , 1850s"
"319","ssp245","SP_STPS","SP","STPS","1850s","4",23951,9.06746349669334,1714.79990732801,243.317724744442,1967.18509556914,297.295702361519,8.15074793268082,22.6676406091792,1.44943601543329,72.5470238774387,38.8569537258022,59.4381354618323,22.7138872786811,0.0262248378277995,5.46830904695245,6.94050391765219,1496.44469714467,131.453459112073,1747.0175575558,247.387577819824,7.96753041267395,7.2204270362854,16.7060614680095,1915.10355025907,302.111715522119,2086.38026826076,491.009938354492,8.21933148701986,30.2154483795166,0.00936563488584521,0.468767803791376,0.251076996498709,0.384063780052078,0.146767413549317,0.000169453672615034,0.0353338715413464,-2.39604786653689,-76.1299198705278,30.1361223874099,-48.3898453496548,-86.3348732761244,0.0901054830012191,-0.838341031317561,0.479834838689783,12.5912636117797,5.41969131684704,8.43923015479646,7.09061506627468,0.0101319668290511,0.313569604358697,-3.9567271832318,-115.06995684668,0.751379041947303,-86.4841616491128,-107.980002441406,0.0280548667907734,-2.06341743469238,-0.781782690313735,-19.5233438068492,41.4887548382125,-13.2418235875625,-35.5818212890624,0.118357200622558,0.252704620361328,0.00310048726320185,0.0813593539029766,0.0350197245874295,0.0545306915971804,0.0458165183696985,6.54684311594262e-05,0.0020261525134275,"Historical , 1850s"
"320","ssp245","SP_STPS","SP","STPS","1850s","5",23951,9.03759886286185,1716.84884246453,241.253029549548,1967.13947087694,288.522864054395,8.16194011745136,21.6917566542239,1.5084030426587,73.4409447510856,39.7147263500343,59.5221127085223,24.7082213897925,0.029565466044079,5.65047601781959,6.83933599226866,1515.88255067902,130.078961179695,1768.98840505771,242.578587849935,7.96826637268066,6.56077432632446,17.2224382736567,1920.78134575777,301.506050509737,2089.05403323869,487.744353027344,8.22732652028402,30.2716979980469,0.00974665456620122,0.474543937701578,0.256619555899808,0.384606405061283,0.159653946605054,0.000191039381697662,0.0365109565035219,-2.40013238886369,-76.0282956693154,30.2159277460686,-48.2125003121104,-83.7943072304229,0.0903505431780336,-0.802555810428323,0.502856497167028,12.3680707687781,5.3033841497896,8.23902300096355,6.11242524815339,0.0100830005739724,0.288398351448172,-3.97744110016609,-114.420400756632,-0.066419275167533,-85.734378114282,-118.000329589844,0.0288652610778817,-2.06725692749023,-0.70964704682619,-20.6708115718739,41.2805147140566,-11.6792324227254,-37.120005493164,0.117207450866701,0.172504425048828,0.00324924336244921,0.079917177322273,0.0342681974764233,0.0532370386974539,0.0394958746241126,6.51520321863697e-05,0.00186350665540473,"Historical , 1850s"
"321","ssp245","SP_STPS","SP","STPS","1850s","6",23951,9.06413839285315,1721.25169480406,238.160383211623,1968.47621640853,280.98891937509,8.17192949778194,20.6322191364113,1.57878210786776,74.3461087109811,40.48086758369,59.8239728221229,26.266870118954,0.0321021065018645,5.75311851525419,6.86032222631152,1523.99701654402,128.722931952826,1781.34886002578,238.390268554688,7.96013191223144,5.98352909088135,18.1473838933511,1931.62722120961,299.913562474663,2098.66119675448,496.219674682617,8.23382062911987,30.044397354126,0.0102014139493935,0.48039271962085,0.261570032491398,0.386556895859414,0.169725267282324,0.000207430066151008,0.0371741883706122,-2.42356451828884,-76.0133302399192,30.2324801624925,-48.2044145957156,-81.8479841117044,0.0908232723276885,-0.770553380681987,0.528857656815955,12.1228876078084,5.19299125861678,7.99810521727814,5.67555791589392,0.0100836153566426,0.290176727071637,-4.30304382561473,-107.965886586427,-0.783711358238349,-77.9424329654287,-128.927409871419,0.0300586891174337,-1.87314033508301,-0.570590987204602,-19.846194693137,41.3231114093562,-12.6565862270793,-31.8313464355469,0.120477104187009,0.146573066711426,0.00341725172245096,0.0783329087230735,0.0335548858837012,0.0516803311398387,0.0366730249888548,6.51560046487361e-05,0.00187499775718633,"Historical , 1850s"
"322","ssp245","SP_STPS","SP","STPS","1850s","7",23951,9.14292357018561,1726.69687365707,234.774670980942,1970.6144682082,276.450262270397,8.1781615948743,19.7546955803897,1.65459504626541,75.3986012990716,41.1302823104747,60.3167926710361,27.4160512087432,0.0337836757663772,5.80260481810891,6.92141283565961,1529.25417333033,125.800699645413,1785.96225835712,234.28081237793,7.94725289344788,5.51832485198975,19.2892539809638,1944.49504904945,298.229456606848,2110.82613945718,512.066693115234,8.24475116729736,29.5002021789551,0.0106912846943558,0.487193476049665,0.265766272377667,0.389741286698522,0.177150783407273,0.000218295646693366,0.0374939476697139,-2.45525551874735,-75.8749421320705,30.164554814125,-48.1656428366929,-80.6652593172743,0.091170144907992,-0.740709353287813,0.54783239116349,11.8877066971397,5.18684710447152,7.65290122929734,5.57346441158906,0.0100117129673174,0.292063141928718,-5.16842411331417,-107.794983626811,-1.02224807085875,-77.2652687699099,-150.421610717773,0.0244241905212412,-1.62253952026367,-0.39112858650574,-12.2268921049078,42.2446093770635,-13.2510364093184,-26.0045965576172,0.132721328735352,0.407093048095703,0.00353985833085775,0.0768132703823734,0.0335151849905303,0.0494497707852312,0.036013340480291,6.46914021973894e-05,0.00188718696223336,"Historical , 1850s"
"323","ssp245","SP_STPS","SP","STPS","1850s","8",23951,9.23083301712128,1731.25636590948,232.192908003031,1972.68010692963,274.823079479016,8.18056562434976,19.219525606486,1.71826669163702,75.956442226785,41.6604941487651,60.5024249224944,28.5942276334237,0.0353477397191177,5.83404940593265,6.99104576473058,1533.82639499257,115.877294471334,1790.43126981486,230.12092590332,7.91952262878418,5.2405424118042,21.339261761595,1961.30872953423,297.549479371916,2119.02796740787,548.47348815918,8.24631423950195,29.1455135345459,0.0111027036026636,0.490798005258071,0.269192274240948,0.39094076282005,0.184763654970541,0.000228401958226615,0.0376971291317152,-2.48432486676536,-75.6668709379459,30.0839299235303,-48.0672658811809,-80.2866379493594,0.0914474458189064,-0.725637524612155,0.55778466061785,11.8902070542917,5.21718486889725,7.55553222081938,5.54583025498537,0.00990320565631101,0.294739785024078,-6.48093263367657,-106.339837197521,-2.86342295399353,-75.456577754137,-180.730679931641,0.01905403137207,-1.69437980651855,-0.217489484583979,-6.30707863452653,41.1484678176504,-9.38799107310501,-22.6808679199218,0.15077353477478,0.241621017456055,0.00360416563452801,0.0768294266196416,0.0337112146336733,0.0488206139456802,0.0358347803932138,6.3990274416301e-05,0.00190448228378183,"Historical , 1850s"
"324","ssp245","SP_STPS","SP","STPS","1850s","9",23951,9.27508201836987,1733.03142693717,231.33774470098,1973.64425365652,275.36203462424,8.18000890678567,19.1169047005709,1.73631133718398,75.6783157264492,41.8740591042332,60.2933674672905,29.6293993233451,0.0366236419639959,5.86764180985465,6.98824477671982,1537.68809200257,113.607523702098,1793.87686367054,229.587279256185,7.90856828689575,5.1601676940918,21.978985001648,1969.42837680663,297.58535192391,2123.65936443928,565.272724609375,8.2454184850057,28.8595542907715,0.0112193003755034,0.489000870906166,0.270572239535054,0.389589923062548,0.191452491172165,0.00023664629219398,0.0379141888616524,-2.49761869998061,-75.6446099278204,30.0810978348115,-48.0611307929895,-80.4934336374985,0.0915979380484823,-0.722607003399841,0.555393539948937,12.1471394749105,5.3768200251532,7.61232604043424,5.4489810473209,0.00998242305016675,0.299465241858192,-6.77579684966043,-106.757306670173,-4.79641938620315,-74.870966639689,-188.405077514648,0.017191829681396,-1.93195724487305,-0.0828475709719996,-3.05379903502103,42.400802622302,-7.93306599219704,-22.3539672851562,0.156803493499757,0.681673049926758,0.00358871523663905,0.0784896139036813,0.0347427086579136,0.0491875912890204,0.0352089822839419,6.45021432946518e-05,0.00193501616241179,"Historical , 1850s"
"325","ssp245","SP_STPS","SP","STPS","2090s","1",23951,17.8703099563967,1924.74575559221,162.978610434607,2105.59467598321,625.912420115586,7.88359331652155,25.232010515659,2.64895998703468,62.2429768716788,29.5889936594689,60.6965626646241,27.6513100495103,0.0194926439687299,5.18244741405251,13.9200061236237,1716.30952895397,80.7552502848302,1907.11581633785,547.48495686849,7.80163521766663,9.78041934967041,26.994958213599,2054.91430819775,207.976246636329,2219.36729679643,779.975471191406,7.93170866966248,32.779052734375,0.0171164451563346,0.402187464214478,0.191191407073829,0.392195197780262,0.1786709252989,0.000125953118610981,0.0334867560749821,6.16380018607693,125.950596237181,-47.7024680632131,84.4119283600449,233.354286650857,-0.169052281675785,1.70562920968949,1.00621821781003,22.0838801296793,8.42305349434183,16.9320474431303,18.4681480870841,0.0139130055766564,0.692283016508431,3.64170599047721,62.2715472052373,-66.5198379380097,17.8253051614902,169.833867797852,-0.203779760996502,-0.152193069458008,9.20275843964646,177.803876674618,-15.7049550594302,133.001408166753,279.168281860352,-0.0974896526336684,3.79136276245117,0.00650175126266438,0.142696577120391,0.0544261649441393,0.109407640305366,0.119333264911073,8.98998845124872e-05,0.0044732364183398,"SSP2-4.5 , 2090s"
"326","ssp245","SP_STPS","SP","STPS","2090s","10",23951,18.1238428861065,1932.02857350895,154.576525533857,2104.72894192891,578.199356468372,7.91080381068858,21.8582299968187,3.22201864314442,65.551113682731,32.5511987632782,62.4944355755654,29.1282510712399,0.0225319704252639,6.00460494348388,13.9550295537899,1732.40539178222,75.1300011272065,1919.72593323725,507.936072794596,7.71870179176331,7.06012439727783,33.3886204043887,2083.67780981011,206.18337998147,2212.29823039355,933.611994628906,7.96002362569173,32.1991958618164,0.020819304809434,0.423563227749288,0.210331908043768,0.403812282684831,0.188214285757838,0.000145591944739003,0.038799185983798,6.36101801435892,124.292479147955,-47.6926587763027,82.9608383860116,218.275303669273,-0.173485422784446,1.61090865476944,1.26094753583202,23.0963899701673,8.33616565575242,17.3917201704108,10.1333585971096,0.0144100548395848,0.561264108052696,4.04004755634151,59.6094828511407,-70.3467225349148,12.4883598919334,176.455283610026,-0.24596649169922,-0.35797119140625,13.0744204473175,177.742811833426,-16.2032993383799,123.478683936206,394.062302246094,-0.111188344955444,3.41990852355957,0.00814770304108843,0.149238982154739,0.0538647329363902,0.11237784863802,0.0654774241686681,9.31116040139335e-05,0.00362664833395888,"SSP2-4.5 , 2090s"
"327","ssp245","SP_STPS","SP","STPS","2090s","11",23951,18.0783173028003,1930.56652697374,156.67306261999,2105.31790689653,592.547055737577,7.90223772023747,22.8091069741306,3.0107704946429,63.9395237996837,31.75853735437,61.6728973283964,24.391753426255,0.0200088864521038,5.78796793971174,13.9224571239837,1731.66955897835,76.4265037595599,1921.77963215343,522.289815266927,7.76448244094849,7.86220788955688,29.2145402334698,2073.96760773761,206.793387107538,2213.19900274969,829.092072753906,7.9472904364268,32.4168434143066,0.0194543097298929,0.413149824004915,0.205210069435587,0.398503854312818,0.157609066135685,0.000129288856484444,0.0373993704289963,6.31976608980098,124.709223052304,-47.7560644523918,83.2729246897132,223.158995257469,-0.172551636941383,1.64517925467115,1.17698139856698,22.8651802467024,8.44359944812418,17.2787141068858,11.8244265798655,0.0145992908493468,0.581168369801937,4.10061032732875,64.5215237045045,-73.3060646360466,17.9495481769372,169.690344238281,-0.2142910861969,-0.384396553039551,10.7400722795699,175.583842096028,-16.7516187064533,122.96313330956,322.630503540039,-0.11479422569275,3.47285079956055,0.0076051498162301,0.147745003925295,0.0545589240997406,0.111647651844514,0.0764043813609795,9.43343660784979e-05,0.00375526115041353,"SSP2-4.5 , 2090s"
"328","ssp245","SP_STPS","SP","STPS","2090s","12",23951,18.0019773277358,1928.21938704662,159.725263639524,2105.94662801388,611.406079046302,7.8914735620048,24.0884974372733,2.79370854530144,62.6641549284682,30.5787892631778,60.9893829955028,23.6907882812654,0.0187658146588145,5.4414896713061,13.9445875739179,1723.69693727954,78.7960480867018,1914.3886648685,515.826913452148,7.7999364566803,9.0536527633667,27.4988789826903,2061.83317910257,207.24332858469,2215.62214081854,784.293779296875,7.95014319419861,32.5454711914062,0.0180517483587831,0.404908936469768,0.197587042436306,0.394087277373263,0.153079729520771,0.000121256658837306,0.035160576219928,6.23976456323774,124.925218982088,-47.5857169560288,83.5792665892964,228.950047814897,-0.17064896326327,1.69342993821134,1.07798683193405,22.4352380503854,8.3996302098998,17.1250752313137,16.0389176413944,0.014592779765321,0.621785730789564,4.11409691528886,65.2954899304434,-67.450218626076,20.8904575805868,174.980850219727,-0.204360866546631,-0.0395526885986328,9.37933130734641,174.386962817051,-14.5732257279056,125.141671838103,268.7865234375,-0.104746637344359,3.49440383911133,0.00696548931594281,0.144966901553167,0.0542748137098831,0.110654903218456,0.103636617963117,9.42922942415579e-05,0.00401771314483494,"SSP2-4.5 , 2090s"
"329","ssp245","SP_STPS","SP","STPS","2090s","2",23951,17.690903122814,1920.29873723333,165.438121146291,2103.42776150243,630.146278784248,7.88133377143883,25.8871722647024,2.56904019252656,62.6363807037594,29.1811337421423,61.0150079155081,27.0915586329503,0.0183691153695817,5.12715442023134,13.9071729343861,1707.14996583221,82.3768409497715,1897.08523520519,561.511187744141,7.80990133285522,10.1649522781372,26.621223896621,2051.58512185438,208.64978545187,2221.20604898726,762.101597900391,7.92668137550354,32.8232612609863,0.0166000376657349,0.404729471322573,0.188555990932945,0.394252854633793,0.175054051329635,0.000118693357896203,0.0331294764252698,6.0460048309689,125.345265823956,-47.395551574932,83.995719079993,233.205484423106,-0.167167817913382,1.73684284372601,0.950706867164877,21.9447713354472,8.30695971306847,17.024220424458,17.1691763707199,0.0127607294638499,0.673029851432774,3.2430162016749,57.1974983550426,-65.7133455818611,15.3840693566638,154.878915405273,-0.199697561264039,-0.0798568725585938,9.1717109520831,182.599875554732,-13.4979181082282,142.519361618407,275.017078857422,-0.0912267780303964,3.84095191955566,0.00614306068465552,0.141797715658198,0.0536760166406984,0.110003222642401,0.110939865897271,8.24543696740826e-05,0.00434883070979143,"SSP2-4.5 , 2090s"
"330","ssp245","SP_STPS","SP","STPS","2090s","3",23951,17.5018987962564,1916.71154461654,166.48057883073,2100.69402224353,622.30031954373,7.88574438230983,25.8482969425391,2.5667134586984,63.8209104216436,29.5204351786981,61.6984790653717,22.9492487717554,0.0162299336787575,5.31047816687542,13.9050166114412,1694.91155358297,82.6252177859987,1876.55452598455,558.479069824219,7.82078906695048,10.1131944656372,26.6661317230798,2052.3816133482,209.303781603825,2221.64695776664,732.966452636719,7.9259015083313,32.8568115234375,0.0165850033080405,0.412383395146054,0.190748411527706,0.398669152543099,0.148288218736196,0.000104870881803835,0.0343140359771865,5.95186646743267,124.853396174996,-47.3152476058095,83.490015036619,228.965140579419,-0.165892180132728,1.70938294467427,0.938117468079243,22.2629763453572,8.23671295635962,17.4277782783332,14.1696415715437,0.0119966016173778,0.658102167379651,3.15586969232174,48.7822988948988,-65.9409606736175,15.1314270992571,144.80041809082,-0.20195240020752,-0.269638061523438,9.11995837957797,185.686966378257,-10.6118398828021,146.136964080284,273.997866821289,-0.0873611927032467,3.96422386169434,0.0060617133785221,0.143853820177426,0.0532221121783802,0.112610840691398,0.0915581564203793,7.75169027283438e-05,0.00425237440744751,"SSP2-4.5 , 2090s"
"331","ssp245","SP_STPS","SP","STPS","2090s","4",23951,17.3834463888757,1915.26152953205,165.843922408473,2098.4888983294,607.388821037191,7.89424557509909,25.2150936482258,2.67299880553289,65.2335917898597,30.3727632762983,62.2199632402561,20.2459259772919,0.015558639073607,5.58580010628739,13.9179725746976,1679.56444726759,81.3311981970233,1858.94693472534,531.360493164063,7.81011568705241,9.66188049316406,27.0181843741986,2060.53799195795,209.593668317505,2219.59080236488,729.273837890625,7.93775358200073,33.0090637207031,0.0172717737080914,0.421511537239855,0.196255790729046,0.40203875998262,0.130820504396313,0.00010053326351249,0.0360930484573094,5.91993502564547,124.331702333511,-47.3376799485596,82.913957410597,223.758245399547,-0.166396874580511,1.70911200772912,0.989030578078248,22.4532133828282,8.13030714304425,17.6640467869611,11.8329725900828,0.0121324211769747,0.618721787244549,3.01536610845504,40.3925181480531,-65.8691288199065,7.70833965118891,140.27498840332,-0.199093389511108,-0.176702499389648,9.47305182305131,179.8240168682,-8.31141934572233,140.213608452301,264.313269042969,-0.084749336242675,3.97361373901367,0.0063906920944339,0.145083050454407,0.0525345633755134,0.114137506624403,0.0764596020196174,7.8394510564769e-05,0.00399791525362215,"SSP2-4.5 , 2090s"
"332","ssp245","SP_STPS","SP","STPS","2090s","5",23951,17.3947558146212,1916.97555571678,163.615719345206,2097.98603087661,590.871705066098,7.90392456524868,24.1731126130031,2.85233292941568,66.3278202339422,31.34688922993,62.4906849544928,21.4171625934593,0.0172417157000568,5.80791830854856,13.8700195720944,1697.46852518763,79.8375275322229,1877.45538996646,513.686402587891,7.79081087112427,8.86831951141357,27.427868798766,2068.4740374086,209.513812111306,2216.74824806604,760.719085693359,7.95227904319763,33.0579719543457,0.0184305540260739,0.428581972898872,0.20255017552244,0.403788047777469,0.138388533888582,0.000111408583982236,0.0375282811697079,5.95702456289565,124.098417582931,-47.4213824582742,82.6340596875525,218.55453378128,-0.167665009024646,1.67880014835083,1.06988505914522,22.7541415657179,7.98221206271279,17.9368329958719,9.85893614837949,0.0124872711108359,0.573279548130536,3.12235093856843,47.7929730844126,-65.9347205402439,9.35438993060234,139.448820800781,-0.194027881622312,-0.0898513793945312,9.8453310632728,179.664521613621,-8.96182253170122,139.342795033745,252.341927083333,-0.0860938072204576,3.87783813476562,0.00691313912934589,0.147027519515336,0.0515776363804575,0.115900134299822,0.0637042238121709,8.06873988912789e-05,0.00370428696275213,"SSP2-4.5 , 2090s"
"333","ssp245","SP_STPS","SP","STPS","2090s","6",23951,17.5388580178981,1921.12128949028,160.482153014197,2099.14230052238,577.822399693303,7.91169495707218,23.0502336771413,3.05207499780051,67.0175456147401,32.1482108163168,62.7411681193247,24.6632649328471,0.0197920552921099,5.92959860746007,13.8595189139974,1703.57368232569,78.4127267227766,1889.98349087573,505.177261962891,7.7583517074585,8.03125095367432,29.051945126903,2076.49910954231,208.772576096682,2213.53623255063,841.660772705078,7.95795526504517,32.9977073669434,0.0197212017427837,0.433038682970426,0.207727972489215,0.405406562732174,0.159363457230546,0.000127887786375275,0.0383145271579898,6.05115510675613,123.856264446305,-47.4457500349335,82.4616695181276,214.985496206508,-0.169411268382071,1.64746116004801,1.16051883722885,22.949021621275,7.8873813377491,18.0334851496526,9.09003961647112,0.0128469217354,0.554046199659238,3.23047221257845,44.8505408681988,-65.3781942524078,-4.36104754727876,141.474403076172,-0.195081567764284,-0.234346389770508,10.2522080533024,177.876337607278,-8.71342049344643,139.055518355988,305.12306640625,-0.0887840080261224,3.8802375793457,0.00749877579410217,0.148286750987057,0.0509648808420874,0.116524659131276,0.0587359436630856,8.30113072254644e-05,0.00358000930061569,"SSP2-4.5 , 2090s"
"334","ssp245","SP_STPS","SP","STPS","2090s","7",23951,17.7828865111191,1926.30701941936,157.196357935694,2101.28626386617,571.002294973985,7.91565410036803,22.1214855147857,3.23930825943956,67.6138758965104,32.6981611432632,63.1541227366231,28.2042274691115,0.0220675835725245,5.99271869109721,13.901997111351,1711.37958390801,76.946674566239,1897.85284698641,502.77932800293,7.69317235946655,7.13009119033813,35.3030864142253,2084.61059415143,207.490074830481,2213.47835809759,993.663699951172,7.96532511711121,32.8658676147461,0.0209310229065507,0.436891913903676,0.211281516014205,0.408074898642734,0.182243640906122,0.000142591275746213,0.0387223821105472,6.18470742218613,123.735203630219,-47.4137582311229,82.5061528212818,213.886773386314,-0.171337349598271,1.62608058110816,1.25069456746563,23.0649507788029,7.89426050734899,17.944196782266,9.73865120135516,0.013218861364528,0.542336929984079,3.52194911579502,36.0213552042949,-65.0387290451818,-11.9095286188358,148.245222167969,-0.255571794509887,-0.295375823974609,14.4478732220076,176.46782863151,-10.9287910951697,138.02566766913,441.084522705078,-0.0962621498107925,3.79665756225586,0.00808145274980739,0.149035835562347,0.0510093310903939,0.115947715934341,0.0629269939902968,8.54146218450116e-05,0.00350434901386295,"SSP2-4.5 , 2090s"
"335","ssp245","SP_STPS","SP","STPS","2090s","8",23951,18.0209774308148,1930.51033468518,154.67506703222,2103.20637914822,569.386783209848,7.91638069187781,21.5463770659792,3.36887281256857,67.6818257711222,33.0291787270922,63.2579214872896,31.2202753034028,0.0238765202737147,6.03793288891804,14.0118487265232,1718.42442325048,74.6990449707851,1904.33234873259,505.165846557617,7.65800458908081,6.69769191741943,38.8853989807643,2089.93008010884,206.635030172252,2215.45871140923,1079.31373168945,7.96592388153076,32.7070617675781,0.0217682135695626,0.437330976897403,0.213420409899776,0.408745601723104,0.201732050545076,0.000154279850125875,0.0390145368962275,6.30581954692812,123.58709783776,-47.4339110472815,82.4590063374067,214.277065781473,-0.17273748665304,1.60121393488107,1.31362738381617,23.0922075905333,7.98702201652711,17.7467152458677,10.8479478401036,0.0136307962718873,0.542712008389328,3.64880860965466,33.0457139480889,-64.7948682023348,-14.3259573899377,168.85969543457,-0.280433340072631,-0.443227767944336,17.4268560911751,175.628078877087,-12.6910445040037,130.892667499869,521.330393066406,-0.101869621276855,3.64013290405273,0.00848809766134624,0.149211957408431,0.0516087162423921,0.114671674807372,0.0700947938710714,8.8076368826584e-05,0.00350677260990977,"SSP2-4.5 , 2090s"
"336","ssp245","SP_STPS","SP","STPS","2090s","9",23951,18.1375207497039,1932.44332438431,153.743815913241,2104.32466104725,571.402710461664,7.91499048044829,21.4324201160274,3.37217630808759,66.9559905675001,32.9810061802602,63.0239497370807,31.9903086784328,0.0243250487851122,6.05385476278253,14.0082025082176,1726.06200074736,75.122329729894,1912.48100690511,506.378763427734,7.66845475196838,6.68677520751953,38.004335369557,2088.61661017229,206.114430602686,2215.70059862413,1053.28401733398,7.95796306927999,32.297233581543,0.0217895593430557,0.432640940612921,0.213109139529545,0.407233776459534,0.206707676487618,0.000157178049307426,0.0391174172274222,6.36482003135338,123.76728751932,-47.512830952927,82.6192765977468,215.547242199925,-0.173420488288897,1.59290841205673,1.32074857355285,23.1959777760615,8.19547347800441,17.5820825426117,10.8726711742126,0.0140251950095206,0.557683988317991,3.93167418544317,49.4475054719176,-65.0460018494917,3.68456696384419,178.630172119141,-0.271707925796507,-0.387152671813965,15.780589664255,177.040278573749,-14.7646421957743,125.590493603451,471.283510131836,-0.109195489883423,3.5158519744873,0.00853411174014408,0.149882475913108,0.052955640327919,0.113607888774358,0.0702545454695968,9.06248045883431e-05,0.00360351513323402,"SSP2-4.5 , 2090s"
"337","ssp585","Atl_EQU","Atl","EQU","2090s","1",2908,24.7699578727936,2026.07411367636,147.375412619015,2198.21948416817,1056.31013931943,7.69724866499928,32.9815505569156,1.09743147934767,85.4131848969696,13.6787945405101,97.1168610051164,40.2576986075544,0.0140965403577767,1.39879392635156,20.4150768483019,1581.13894003701,85.8340253838035,1697.61533392102,847.167134602865,7.65900203386942,28.3270149230957,26.9298380353946,2117.1557536166,162.957576220948,2296.64076396254,1156.90325927734,7.73688545227051,35.4195785522461,0.020350740313677,1.58389984059464,0.253659204001998,1.80093250065089,0.746537697711761,0.000261405871383337,0.0259391975565074,14.5648720140839,289.140087524822,-92.4655688494704,211.239390689435,662.55183772108,-0.352536638414423,4.33190536159823,0.73102062564371,28.162513694914,6.87055584710701,29.648586006604,22.8928211609969,0.0101711821898554,0.838425517747811,12.133599621348,104.738335017161,-107.481892298299,17.0812471410893,536.583088175456,-0.407121801376343,2.18465042114258,16.0072324601118,363.300340582226,-77.1885608187914,294.099275051111,715.341186523438,-0.325371484756468,5.8546314239502,0.0135560271382592,0.522244908744778,0.127407405825649,0.549802594369511,0.42452386983817,0.000188614133387065,0.0155477406153761,"SSP5-8.5 , 2090s"
"338","ssp585","Atl_EQU","Atl","EQU","2090s","10",2908,25.2978933704246,2041.01953486599,143.074407132914,2209.39183536933,1046.67391595931,7.70086481349229,31.5551280170929,1.18273221253937,80.6835345178383,12.2885323668437,89.8763851135931,44.7602142802169,0.0150636949247833,1.88853466072631,14.944576753996,1189.56896685482,62.1320734799775,1267.69360679057,547.85647277832,7.65440406799317,26.1971588134766,27.5059070918892,2127.56947963329,164.273104264414,2302.21900823765,1160.30938476563,7.85732932090759,34.6342849731445,0.0219325548528249,1.49619332911622,0.227878219041523,1.66666530731011,0.830032229203678,0.000279340760081844,0.0350209367756288,14.9538604826672,292.409226218958,-91.6135005806799,215.749586120946,660.240884789398,-0.356344838709991,4.24961558195309,0.806574958422184,29.9393702101035,7.86562174499382,30.6680298610772,31.8510577618969,0.010077618830792,0.979348704126411,9.47244808749074,13.2873687887777,-107.419117051219,-67.1928073885135,358.685872650146,-0.430434815088908,1.92535781860352,16.7052675339221,374.327808966913,-72.2818031408743,308.906188996287,735.355607299805,-0.317246961593628,5.63124847412109,0.0149571046860454,0.555194888944708,0.145859881505431,0.568707134231161,0.590645172319632,0.000186879096932391,0.0181610164545852,"SSP5-8.5 , 2090s"
"339","ssp585","Atl_EQU","Atl","EQU","2090s","11",2908,25.1902483474314,2035.84685250515,144.777373528377,2205.81447438096,1058.4869112633,7.69669742611479,32.2723292599447,1.2815401247168,90.7209707647996,13.4272562106161,101.725532373868,47.4667919001894,0.0148851774863513,1.62606281436169,15.9816518536067,1238.01708515626,65.0016122654907,1319.71678589898,605.682800292969,7.65588881174723,27.147705078125,27.5389453398119,2122.53156433189,163.850562935612,2295.74964525261,1140.81618652344,7.82243938446045,35.0415115356445,0.0237648461616679,1.68232728127734,0.248994683868448,1.88639558056208,0.880222932969176,0.000276030337427346,0.0301536658019614,14.9134455899582,293.038991957478,-92.2876807267091,215.664756820727,668.931947775669,-0.357247042562534,4.35595725971049,0.843806606776701,30.7315219702797,7.66259028654379,32.1977933587261,32.2969020360628,0.0108440067796325,0.871185889692067,9.73610866419677,52.3518574408297,-107.117534977525,-25.8388043570296,380.415426635742,-0.447769403457642,2.09455108642578,16.6787003723188,371.468369564364,-71.5504623053803,304.934378476947,723.771370442708,-0.305251216888427,6.18604469299316,0.0156475273879377,0.569884530224136,0.142094871512388,0.597075028052196,0.598912896742194,0.000201090974776149,0.0161552480858318,"SSP5-8.5 , 2090s"
"340","ssp585","Atl_EQU","Atl","EQU","2090s","12",2908,25.0740541069429,2031.8273472955,145.899573781635,2202.80097518408,1063.5235841247,7.69486527813022,32.7167842032822,1.21741507017847,90.6367318763075,13.7628663651138,102.342876229538,44.8006735649309,0.0141225453807819,1.44722512278448,18.7330641144626,1414.56157387895,78.1435034243509,1513.28907491681,770.46787516276,7.65460521380107,28.6918754577637,27.325160474152,2121.92361042975,162.425508354956,2298.83086502597,1156.60211181641,7.73241620063782,35.0555686950684,0.0225757128471345,1.6807651575582,0.255218229692808,1.89784358868595,0.830782505108814,0.000261888107841821,0.0268373043816123,14.8550657613157,293.585204591812,-92.7951283627075,215.64514199042,672.2222586529,-0.357193034795189,4.37493307159795,0.790260369781838,27.8716351451481,7.32483385841843,29.1156103768104,28.0607614990606,0.010856538947783,0.83884668580553,11.6790702900483,100.837915820411,-107.650251971248,19.2787176853519,507.505443318685,-0.433887338638306,2.27237892150879,16.4764068307082,368.369266072843,-76.191421874487,300.44988119085,735.809940592448,-0.321759033203124,6.30507278442383,0.0146545673860023,0.516850864614913,0.13583152524667,0.539919108393789,0.520358018717357,0.000201323370970716,0.0155555507446938,"SSP5-8.5 , 2090s"
"341","ssp585","Atl_EQU","Atl","EQU","2090s","2",2908,24.8294915353434,2027.49386943001,148.561467778361,2200.88482874372,1069.98129800822,7.69293295856941,33.4605162140574,0.986038794934131,76.5146545885861,12.9522223919306,87.3395302226026,38.0591678146307,0.0155965345469216,1.47303877071233,21.6205280922485,1666.86101984597,92.2292004197091,1793.13296564175,932.872890218099,7.65808944702148,28.1830291748047,26.8514344697567,2115.88842061641,164.007223445614,2295.68741436323,1155.86828125,7.73296661376953,36.0183410644531,0.0182850773214958,1.41888573002171,0.240185669304706,1.61962193733979,0.70576820086353,0.000289221723935206,0.0273159919857265,14.5348639643784,289.1558629473,-92.1553935499412,211.535333361737,667.098246275046,-0.348631691629083,4.21399784352947,0.672440097789488,25.2192908478948,6.66888175266476,26.5317071177514,20.7488271884936,0.00954515151401423,0.847677515338527,12.6326678668265,135.089900782358,-107.564811016587,48.3429170852826,583.528339640299,-0.408584260940551,2.05611801147461,15.9908612321062,354.691525030092,-78.1429395629079,284.15790193372,718.175586547852,-0.3214076423645,6.17740440368652,0.0124697113798411,0.467665862150841,0.123667566754849,0.492003274730962,0.384765702344706,0.000177005037099784,0.0157193094138794,"SSP5-8.5 , 2090s"
"342","ssp585","Atl_EQU","Atl","EQU","2090s","3",2908,24.7647149851114,2027.83026799121,150.018395046583,2202.61337802291,1075.33906540499,7.69142711161567,33.8049062990133,0.834981198302875,71.5363207401923,12.4794906337242,82.0132611438954,33.0438845161207,0.0149110622208889,1.47478090133419,22.1181015365457,1690.3133382971,95.4125867181597,1818.55606179178,962.570930989583,7.65944142341614,28.2937927246094,26.4460844716914,2117.11229686864,165.430267688082,2297.35928431648,1141.68873291016,7.72809279759725,36.2873268127441,0.0154838692467299,1.32656763886974,0.231419344089573,1.52085174448367,0.612764920086341,0.000276510343259671,0.0273482980098793,14.4551964108807,291.40129836771,-92.0912243298886,213.765270448702,666.772453233865,-0.344771566860349,4.01124054065223,0.589691825280891,24.5227544138354,6.53614247458881,26.0468703566055,17.5846341832069,0.00880554545231036,0.756967863127397,12.3651069001297,165.016952764104,-107.930708804125,81.0796929928172,583.227225748698,-0.403038024902343,1.85616493225098,15.8213916604937,350.294929139646,-76.6211902571783,288.357575261985,706.832230834961,-0.312927007675171,5.36735725402832,0.0109352296040597,0.454749308948829,0.121206053094648,0.483012474661632,0.326088990982991,0.000163289801862407,0.0140371920235618,"SSP5-8.5 , 2090s"
"343","ssp585","Atl_EQU","Atl","EQU","2090s","4",2908,24.6528699277832,2028.40530156657,150.550737999726,2203.60890949408,1068.01406752028,7.69405107585257,33.6849289354458,0.760907859946925,66.9129812241504,11.823200867004,76.6152863183395,26.6850578462791,0.012404372230692,1.46947163102555,21.5295088520446,1706.71884425377,102.436235527839,1832.01479942228,923.492041015625,7.66817955970764,27.9802589416504,26.453312986569,2121.79790020255,166.087783162578,2302.28822022258,1130.0217578125,7.73059544563293,36.2136993408203,0.0141102552203261,1.24083255322334,0.219249124021724,1.42075184215542,0.494847006582937,0.000230026350411466,0.0272498430417654,14.3837985411503,292.151535995883,-92.5785747358947,213.956759801138,661.061808682771,-0.343519734101997,3.89657930741286,0.569387049985835,24.1122008415043,6.34825519686005,25.5419092602401,15.6373399335867,0.00727618978173262,0.695258716121381,11.830238670096,156.525722012266,-107.956384043728,69.1307083335498,558.684701538086,-0.384418869018555,2.07754516601562,15.8110697984791,361.318843029475,-78.1738040040879,288.795055516643,701.628106689453,-0.30422716140747,5.34230995178223,0.0105586983882768,0.447136014367257,0.117721876388167,0.473648489452505,0.289978417945763,0.000134929470775788,0.0128928592343799,"SSP5-8.5 , 2090s"
"344","ssp585","Atl_EQU","Atl","EQU","2090s","5",2908,24.5883552266092,2025.76277910022,149.148325595592,2199.49945992242,1054.18125000096,7.69814399809471,33.2099715438619,0.84984144636198,67.3886883829952,11.8811524335141,76.9263326680549,26.6080129737085,0.0103945515364238,1.45523653107417,21.0929575705282,1648.67433671543,93.420826179303,1764.69351969571,870.518328857422,7.66883360544841,28.0917720794678,26.9655311009238,2125.18835686142,167.208578379348,2311.29051147293,1130.23567382812,7.72692799568176,35.5157318115234,0.0157594372935181,1.24965405418918,0.220323776337618,1.42651987743388,0.493418288504686,0.000192756288639209,0.0269858677249449,14.374598386205,290.911278390776,-92.8477053389647,212.438171438016,653.877530883585,-0.345049202585965,3.89121415056357,0.628987026101609,24.4733860015855,6.26624261205419,25.8795814219195,17.8443365852253,0.00720971763432124,0.718829211828985,11.7996174355796,156.063079373816,-107.264453899398,72.7319399340497,536.59831237793,-0.386877298355103,2.04885864257812,16.0413866341899,388.628398886953,-70.5735664811833,326.826874964449,713.632854207357,-0.298890495300293,5.18011856079102,0.0116639187682812,0.453833822418413,0.116201037185678,0.479910273083479,0.330904905453985,0.000133696813033124,0.0133299498830783,"SSP5-8.5 , 2090s"
"345","ssp585","Atl_EQU","Atl","EQU","2090s","6",2908,24.6137892510287,2022.92592574175,146.134688175625,2193.6744031684,1036.23188741201,7.70334491530489,32.3954370695763,0.882302468758699,68.5200785050329,12.187526633936,78.105947301815,28.932852388065,0.00991080260947144,1.61508130849063,20.3099362133197,1656.72152986443,101.293394949059,1779.74043468871,844.451928710938,7.67111775080363,28.3202457427979,27.2563607494079,2129.94139182714,166.550635090712,2320.15167029953,1115.98353759766,7.73651078542074,35.0189971923828,0.0163613936338855,1.27063452267432,0.226005171403217,1.44839461998832,0.536530049086489,0.000183785661338379,0.0299500250476722,14.4386553402146,288.368565510408,-92.2445175038495,210.562703346773,646.876217725021,-0.349573795488037,4.06666720067166,0.623074730722217,25.547813485899,6.8806550005799,26.8769003092131,20.9198807266301,0.00829588605891037,0.796820107479052,11.7846725160198,164.122319809655,-106.755063358431,83.9093557148747,522.191061401367,-0.413430468241375,2.12230682373047,16.2282291202893,412.94681281432,-68.2593220317315,358.784822816819,722.496378580729,-0.312952375411987,5.39916801452637,0.0115542813192121,0.473757977256891,0.127594684260414,0.498404528139205,0.38793771462963,0.000153838691557393,0.014776210988281,"SSP5-8.5 , 2090s"
"346","ssp585","Atl_EQU","Atl","EQU","2090s","7",2908,24.8423680913977,2026.39668960527,142.969208187301,2194.20826588397,1026.51560485971,7.70629197131345,31.5462593558436,0.889667506302142,66.704038898114,11.639149892513,75.4971509678507,32.7854545997057,0.0111298503355053,1.71563471223135,18.9641165136586,1569.68092076907,100.022915722868,1690.9935528233,789.950826009115,7.66947442690531,27.1051025390625,27.1778889252676,2122.39811296808,165.585915709111,2310.42450796323,1119.80974365234,7.74405128161113,34.4747352600098,0.0164979706952034,1.23695793225819,0.215836087620971,1.40001716980315,0.607972602554704,0.000206391650112494,0.0318146847058771,14.5982839344358,286.777740797868,-91.0232692279009,210.352755504403,643.983271198113,-0.353227009833544,4.21878694011732,0.601691076419283,27.7340951393614,7.87957471806916,28.1383203402396,23.8142861374495,0.00907329631111567,0.933994039292944,10.8945985979212,120.027565407285,-106.541615904957,38.2945173236824,482.672905476888,-0.396920776367189,2.17714500427246,16.1128913617534,379.370335838114,-71.3413347171027,317.829672237963,723.633363850911,-0.316089916229249,5.97164344787598,0.0111577433996555,0.514300326387076,0.146118625068928,0.521796267815881,0.441611491978445,0.000168254966703085,0.0173199607500519,"SSP5-8.5 , 2090s"
"347","ssp585","Atl_EQU","Atl","EQU","2090s","8",2908,25.1605858855165,2036.43925923489,141.282260135335,2202.88210525574,1026.48493133091,7.70689353220214,30.9384790353151,0.934152907428991,63.6042837694955,10.8105709506292,71.0001414598172,36.9652632785391,0.0130713370445132,1.85632376525448,18.0898607453935,1465.34490743332,90.4526298663194,1573.88739804503,742.360758463542,7.66606499354045,26.2125492095947,26.9699052515404,2116.53053141236,163.679596834338,2302.40230948204,1128.20969970703,7.76348123550415,34.1043815612793,0.0173229067965629,1.1794761551763,0.200470941647864,1.31662474448241,0.685482864092268,0.000242394528270282,0.0344236187823379,14.8006740910458,287.627011604238,-90.5412663557665,211.886419339518,645.138658817741,-0.354640264314175,4.22280416025845,0.611156782730871,28.0467335364092,8.31808782607904,27.5049203898242,26.1860085620683,0.00893293524927907,0.971255754937041,10.7452587018445,107.817365900605,-108.186934506622,20.6242090999222,468.299564615886,-0.403495407104492,2.13333702087402,16.2137735952757,380.000595810468,-68.7681692672236,318.355267129773,735.835693359375,-0.321768172581988,5.96485900878906,0.0113332752070238,0.520097884549146,0.154250400540283,0.510050515895896,0.48559264986197,0.000165652114886508,0.0180109410189666,"SSP5-8.5 , 2090s"
"348","ssp585","Atl_EQU","Atl","EQU","2090s","9",2908,25.3171066913494,2042.10047442728,141.332261765727,2208.74984288436,1032.4266056662,7.7054365363511,30.9012195818796,1.00953542419424,69.1672465510149,11.0802684092304,76.7600602655591,40.0442019747016,0.0143367631524576,1.97250110762534,16.6653423982939,1291.29584519199,72.3842227813388,1380.34541037162,672.353991699219,7.66046007474264,25.6740455627441,27.1734078126544,2124.15141501635,163.157156473937,2300.82866471555,1153.46439453125,7.79935369491577,34.2865371704102,0.0187207981927464,1.28263558979417,0.205472204183649,1.42343652640177,0.742578621801513,0.000265860556531318,0.036578008345072,14.9255390595861,290.271553613996,-90.9752711982259,214.221821475356,649.306826612656,-0.354897004927143,4.13726168255008,0.678537986326546,28.1705067259767,8.2116102737621,27.6943367235194,28.4064916130733,0.00947096248942734,1.04128964924006,10.1627332148552,66.5522657625818,-108.191598858501,-10.6582984104357,431.826579284668,-0.41985967954,1.85453605651855,16.513157506999,370.89968387485,-72.6764084817833,307.29674574634,739.472127075195,-0.32089877128601,5.78197288513184,0.0125827904635149,0.522393131301299,0.152275883627641,0.513563047375758,0.526769228803177,0.000175629277790975,0.0193096477017413,"SSP5-8.5 , 2090s"
"349","ssp585","IND_STPS","IND","STPS","2090s","1",15071,26.5072486121938,2002.29105997887,127.555384692847,2156.35369328391,1056.437928299,7.68692144371189,30.3777361317968,2.75965300037019,74.0676552134359,15.0370230603265,74.77396949943,44.094167626482,0.0189541882844237,3.46209558985308,22.0152306692999,1689.18775061145,81.4855313045629,1806.22350551709,851.362827555339,7.62790989875794,20.3037605285645,33.9455641288862,2172.85429852699,165.06569558009,2313.56058130129,1178.57064208984,7.75276069641113,35.5232086181641,0.0224793341088385,0.603333668391544,0.122487234927741,0.60908710000725,0.359178319228488,0.00015439532838014,0.0282012280060586,16.1315710820412,265.260212818058,-100.058907607157,181.332876292943,678.757271242138,-0.37534042912754,3.89477263236423,1.89875302913452,24.4575016149323,7.12635005241512,21.4382353131404,37.6427944051444,0.0168306758685611,0.845254099386885,12.9435991279679,160.09563898175,-117.426321914657,65.5396102833954,543.796715291341,-0.433350721995038,1.29637145996094,21.6831925531218,311.503460978081,-72.1050240978819,230.71205129502,777.728327026367,-0.334968166351319,6.46233558654785,0.0154666922712234,0.199223724937798,0.0580491836413089,0.17462965606304,0.306627301370877,0.000137097811237934,0.00688519509678729,"SSP5-8.5 , 2090s"
"350","ssp585","IND_STPS","IND","STPS","2090s","10",15071,27.2024167591922,2011.40393389485,120.973803009174,2159.58015366321,1021.39103110372,7.69728614339386,27.974428292174,3.10780855328443,76.6553578390547,17.8888470968326,76.8267159176534,28.0082992128746,0.0175387775658455,4.8842021109153,20.9058076333913,1547.45845927355,66.2186406148269,1659.85802122559,840.255261230469,7.54101166725159,15.0325450897217,38.6279936837847,2188.65306621356,164.338850684694,2320.82747492029,1463.81293945312,7.74210329055786,34.8944778442383,0.0253153084124038,0.624412344546772,0.145717367602986,0.625808177827459,0.228147493812472,0.000142865802588353,0.0397852958656871,16.8324156677675,266.077085568498,-101.236341207391,181.673160028875,664.527876835785,-0.386333658416448,3.68713517798129,2.24807750226895,28.5330010251306,7.85348885438852,23.8805155892625,20.217053268031,0.0210564485652281,0.960145693412582,12.8115494257563,122.111272062724,-123.009765706279,30.339001154093,559.451502990723,-0.497483666737875,0.688186645507812,27.2013474293026,369.812644224696,-67.4403260391745,281.466009833256,1085.12980651855,-0.328697443008421,5.69916534423828,0.0183121882603674,0.232421562814492,0.0639722457331254,0.194523763875511,0.164682260794125,0.000171519731785061,0.00782106874758839,"SSP5-8.5 , 2090s"
"351","ssp585","IND_STPS","IND","STPS","2090s","11",15071,27.1521911024141,2009.96356202659,122.690679035034,2159.80643216404,1040.48010648426,7.69104462816533,28.8108928419467,3.09620839056837,76.394230293667,17.4909097522574,76.315707923308,29.4315793782754,0.0170404132035941,4.56775366642975,21.7551381066188,1612.13234542424,68.7909122614579,1727.3372684788,875.369116210937,7.63950063387553,16.540470123291,37.4984412357222,2188.14532385171,164.732501238566,2322.50802165747,1169.06532714844,7.73964848518372,35.3731460571289,0.02522081684648,0.62228527518805,0.142475885242019,0.621645654700227,0.239741121838979,0.000138806270826394,0.0372075984845821,16.7688597142258,266.672317420673,-101.433301490361,182.007875644537,676.096250055798,-0.384818265075396,3.76157847201369,2.25687765328526,27.9402161977417,7.59593298213068,24.299406118144,28.275187184649,0.0218978245935462,0.894213550235791,12.9537980722947,132.355375194874,-119.328679413826,42.4376729177534,572.91044921875,-0.434786205291749,1.06525039672852,24.0057034099504,348.156728660323,-66.1337542998585,267.84772950502,755.125091552734,-0.333515491485596,5.32685470581055,0.0183838717419057,0.227592909288944,0.0618742701893159,0.197935924807517,0.230321485936243,0.000178373337238064,0.00728400460409497,"SSP5-8.5 , 2090s"
"352","ssp585","IND_STPS","IND","STPS","2090s","12",15071,27.0192495242307,2007.80147304727,124.807721702917,2159.62844427442,1059.6209870043,7.68512972681994,29.7441227169575,3.01516260517331,75.4284960034738,16.4847631173528,75.6171270724674,40.2200486035794,0.0183303855464368,4.01123898465173,22.2717836263204,1658.05097027873,74.6753284358585,1773.54832447671,868.712021891276,7.62940274874369,18.3196964263916,36.0815840861556,2182.23358314418,164.479344125761,2319.18078305652,1185.28991943359,7.73848900794983,35.8107299804688,0.0245606413505881,0.614418683349618,0.13428010614752,0.615955217407576,0.327620867664268,0.000149314011938059,0.0326743910608647,16.6057241844805,266.704429437453,-101.039777316041,182.270376305892,686.28510418762,-0.381672249160887,3.8579173069526,2.16158540789977,26.7003804989523,7.27099807404116,23.7505173057998,37.1296544674462,0.020178842213169,0.845822023368524,13.0084559616161,150.085211830304,-119.098305726283,57.0812348319591,554.794041951498,-0.435100587209066,1.4578742980957,23.0632675892479,336.040471286826,-70.2816810923311,255.841830377899,784.098918457031,-0.332149066925047,6.27627944946289,0.0176076487088959,0.217493566759499,0.0592274445334856,0.193464835507654,0.302447412050533,0.000164371004607649,0.00688982124106339,"SSP5-8.5 , 2090s"
"353","ssp585","IND_STPS","IND","STPS","2090s","2",15071,26.3066190666316,1999.09245722375,128.670858478691,2154.06993476908,1058.49530478024,7.68629101222632,30.7643343160726,2.50165170195064,73.8466031220846,13.7971932165536,74.9818589573243,40.2102299472519,0.0175569767964264,3.24494667929645,21.9273659056926,1714.90848705629,85.9772612923271,1836.25478113416,855.864739990234,7.63179869651794,20.9428634643555,33.1627700500708,2168.50870897748,164.906200661382,2310.45893285984,1171.75167236328,7.76145887374878,35.489013671875,0.0203777302525169,0.601533042075019,0.112387940091563,0.610780507323707,0.327540887733438,0.000143014048249925,0.0264323958698741,15.9510622190627,265.068149680743,-99.6768453921175,181.342366507688,678.205189453372,-0.373146355335354,3.92712449173292,1.66356665929127,23.2921434253421,7.13578371248561,20.0099346708654,33.3085719890716,0.0143888184649893,0.837663366305506,12.8920864605315,164.213886533925,-117.675646246186,71.6112983263006,547.44809773763,-0.429875850677491,1.19352912902832,21.2201388331929,322.925089489143,-71.4700517335285,240.059754205889,759.241609700521,-0.340382719039919,6.06398391723633,0.0135509322155779,0.189731054628613,0.0581260275041298,0.162995132685912,0.27132198081795,0.000117207148022788,0.00682336318348353,"SSP5-8.5 , 2090s"
"354","ssp585","IND_STPS","IND","STPS","2090s","3",15071,26.1515744012968,1995.87052893543,129.417171670572,2151.4392750073,1058.21823456291,7.68623010429542,31.0217413509974,2.31163828117309,74.2261846675074,13.3704984259114,75.3846434568632,29.8423938962596,0.0152755987630427,3.38093903558034,22.0786656241392,1717.15766494596,86.7408009268317,1837.29697521199,903.559539794922,7.63892890612284,20.9383354187012,32.6948664890789,2166.16189817009,165.390434839018,2308.77755328596,1146.75505371094,7.74183926582336,35.6893157958984,0.0188299359572745,0.604625003412175,0.108912207903473,0.614061473205209,0.243087497925135,0.000124430603507373,0.0275401502189694,15.8212282330672,264.530820198111,-99.5682327058879,180.78381572529,676.526458237397,-0.371547475713578,3.92457139709788,1.52995814668224,23.1552716550505,7.05328133311066,20.0063084555207,26.2870456547637,0.0137734942061192,0.805297870861049,13.0938072404574,147.631515384143,-117.569557216574,57.4838296985261,567.843946329753,-0.426768716176349,0.978620529174805,20.9511119990568,328.163012906745,-71.0590691574341,249.073312341533,754.922238769531,-0.342077417373654,5.69388389587402,0.0124625959666654,0.188616136827701,0.0574539870155267,0.162965594585914,0.214126660826001,0.000112194894816113,0.00655972323107051,"SSP5-8.5 , 2090s"
"355","ssp585","IND_STPS","IND","STPS","2090s","4",15071,26.0460410534722,1994.57602644456,129.475794656989,2150.09786215502,1050.24818395651,7.68889341248687,30.8962867819527,2.24186514005252,74.6804761682673,13.7730953586514,75.3628425253872,27.1790268883968,0.0153461217978463,3.84046823312888,22.2153705327856,1741.09275611679,83.9155458116954,1867.48594705629,955.768627929687,7.62668434778849,19.8392066955566,32.5919906932258,2168.07222696804,166.32420154397,2310.13745083403,1193.68531982422,7.7368405342102,36.0578536987305,0.0182615841569351,0.60832553040851,0.112191645920152,0.613883889131244,0.221392481625559,0.000125005063724475,0.0312833419764383,15.7506383982418,263.75171772543,-99.6629915521737,179.839364571498,671.032297248235,-0.37132831915904,3.91994268607779,1.50729015859751,23.5751765101249,6.97272606789021,20.2975970852011,22.310273755961,0.0141837414699374,0.801108867538817,13.0963548388025,171.174706408055,-117.831646387193,78.1287153977164,583.716760253906,-0.424732939402261,0.856040954589844,20.8585331167741,320.503692931139,-70.625066696394,243.706815289103,789.711665649414,-0.335982084274292,5.59087562561035,0.0122779491006777,0.192036560167111,0.0567978071549161,0.165338347402233,0.181733028664337,0.000115536650214117,0.00652560082319864,"SSP5-8.5 , 2090s"
"356","ssp585","IND_STPS","IND","STPS","2090s","5",15071,26.0427199765319,1996.47656688806,128.454526610413,2150.973813475,1033.89506466464,7.69454159973599,30.2446787462311,2.32789151299382,74.7150333753659,14.8018042452967,74.9074442805468,31.1347703517394,0.0161217051525347,4.30486282569329,22.5176263906532,1763.73905365728,79.6152480677259,1898.22083982799,946.212994384766,7.63177615801493,18.3045864105225,33.7590963157021,2171.79273070402,167.737081792715,2311.22016501967,1175.45979492187,7.74012570381165,36.2748756408691,0.0189623300765343,0.608607023409309,0.120571210583003,0.610174346918157,0.25361482224208,0.000131322741112522,0.0350661658326235,15.7846424908747,263.173634778542,-99.6742982369143,179.283979032502,662.458593508118,-0.373662857522746,3.96813263295286,1.59578433754201,24.1884241723288,7.01835220711066,20.4300173802669,20.073742479269,0.0147499479165151,0.849972870028212,13.3827081345415,185.052913788182,-116.752913616303,94.1451916045942,591.296856689453,-0.42462388674418,0.743385314941406,21.4860824091464,312.740204076971,-70.0801522179712,223.476635639675,775.552075195312,-0.335455608367919,5.60721206665039,0.0129987970532695,0.197031898018753,0.0571694644710697,0.166417004775162,0.163514892613579,0.000120148803947029,0.00692363283581286,"SSP5-8.5 , 2090s"
"357","ssp585","IND_STPS","IND","STPS","2090s","6",15071,26.1994610971001,2000.91844135408,126.400043863979,2153.51794631516,1015.75452453466,7.70072248575558,29.2550778210699,2.54957650614609,74.2322536906845,16.0761548205123,74.065525588493,32.1374952213182,0.0163980775617141,4.63661361340396,22.8782915327742,1779.74100770488,75.3498239938607,1917.74087596553,923.424261474609,7.64304715792338,16.8570346832275,35.1161944889605,2177.64766336195,169.618833953183,2314.43389617956,1133.93101806641,7.74540619850159,36.0564079284668,0.020768111827833,0.604674439917305,0.130951701299849,0.603316321083527,0.261782728627223,0.000133573990716576,0.0377685116698784,15.942369900833,262.553153042293,-99.5501059661457,178.94541697698,653.572399506585,-0.377189364480846,3.98595698116366,1.77769647810213,24.6092460616211,7.08952347647148,20.240447325655,17.4787758529032,0.0156126646544283,0.88814231368958,13.5723059457828,194.967274679597,-115.675057089957,114.495429021393,581.529302978515,-0.425378719965615,0.397178649902344,22.5534849982033,312.421085520728,-69.8762245430564,222.728764117257,714.910553588867,-0.340088939666748,5.67415428161621,0.0144806006660992,0.200459791253317,0.0577492050191377,0.164872822012301,0.142377046012018,0.00012717624463984,0.00723455006950031,"SSP5-8.5 , 2090s"
"358","ssp585","IND_STPS","IND","STPS","2090s","7",15071,26.5209509710165,2005.96477026994,123.695096458372,2156.18081769932,1004.19242905581,7.70434085538131,28.2811513218978,2.80649465816915,74.4830999265234,16.879006861506,74.2245326147089,32.1756649650402,0.0170299569522363,4.78937474811856,22.7115949031952,1754.34958412716,71.4684480592238,1890.25702193675,911.197967529297,7.65236040751139,15.3556880950928,36.4432899640216,2183.18556343226,168.06770449324,2317.38084130963,1101.45197550456,7.74952630996704,35.0886344909668,0.0228608926873023,0.606717760706046,0.137491501509166,0.604611546268534,0.262093648305118,0.000138721097231102,0.0390128596316091,16.2264245866198,262.751970600018,-99.5338658937925,179.444529292845,649.148107437577,-0.381102830219496,3.92587246592308,1.96823038896931,25.1369966073348,7.43263880736959,20.0276155154116,16.3565716800275,0.0168144637787159,0.915347159792553,13.5304693157293,190.800307476851,-116.458817074829,121.962009444502,567.961494954427,-0.427889553705853,0.695289611816406,23.5053934093833,313.798739116472,-69.1020939060085,222.526640206982,701.489190673828,-0.342561960220338,5.69923210144043,0.016032634722871,0.204758694355131,0.0605441231338748,0.163139155724978,0.133235895825012,0.000136965752249292,0.00745615286697023,"SSP5-8.5 , 2090s"
"359","ssp585","IND_STPS","IND","STPS","2090s","8",15071,26.8843430673803,2009.70870762238,121.406618898006,2157.99966958777,1002.47584745229,7.70436035840231,27.6672159714435,3.01476529000852,75.0974051021055,17.4199157587221,74.9651204516856,33.1297291615794,0.0179467394296003,4.89882659263424,21.7293941746746,1632.35973179996,68.1241816191389,1753.43465757514,895.486309814453,7.63545422554016,14.4735059738159,37.7135537867458,2186.52022270384,165.106077864334,2318.92057975036,1148.31562906901,7.74771499633789,34.7654495239258,0.0245574049363235,0.611721712755397,0.141897588731484,0.610644160304469,0.269865178940458,0.000146188941779323,0.0399044226583254,16.5387589344208,263.226258925672,-99.8847973238304,179.880220536262,650.540390230802,-0.3844329344189,3.82990639982997,2.11709695011536,26.116350329248,7.76349370591439,20.7247671482656,16.9492871894273,0.0180017089639556,0.918138255910756,13.2246604683989,155.996495209575,-119.703759357635,71.2818214485349,565.459057617188,-0.428466176986694,0.510528564453125,24.2367197950788,324.917178173427,-68.4623059891533,242.614382969605,779.020408121745,-0.340253076553346,6.15684127807617,0.0172452586162326,0.212736226139985,0.063239171317446,0.168817951021831,0.138063984706295,0.000146636707686273,0.00747888832761058,"SSP5-8.5 , 2090s"
"360","ssp585","IND_STPS","IND","STPS","2090s","9",15071,27.131743619789,2011.56307461218,120.409352438335,2159.1041706703,1008.40484479245,7.70187747866655,27.5479740849375,3.11306556477358,75.8026702955346,17.8133857518623,75.902316934464,32.463877008995,0.0184132695833544,4.95847056287991,21.1297760374685,1580.98960710942,66.2491904332699,1696.95718722601,855.594152832031,7.55033383369446,14.3204040527344,38.5504241004792,2188.80201735347,164.723216413762,2320.2146866576,1430.20487060547,7.74411249160767,34.6513214111328,0.025358130505494,0.617466598766899,0.145102681341466,0.618278291428627,0.264441340145136,0.000149989161298472,0.0403902651662604,16.7628931785895,264.43479922752,-100.557834851838,180.639857554271,655.97283914466,-0.38642608136796,3.73970818514076,2.21863084566948,27.6180091603046,7.93836600118744,22.3459888059316,18.7040626981257,0.0194958260288308,0.948887782692791,13.0389488289468,152.545368553554,-121.341215148023,67.1104690375043,539.233493041992,-0.489888811111451,0.33991527557373,26.1357112220351,360.347756927576,-68.226724002446,271.295891982379,1053.19641215007,-0.334240446090698,6.24770164489746,0.0180723243238512,0.224968304077421,0.0646636303894,0.182023953117844,0.152357877793849,0.000158807352580592,0.00772936506730551,"SSP5-8.5 , 2090s"
"361","ssp585","NA_SPSS","NA","SPSS","2090s","1",7585,46.1872296020942,2025.14277568282,52.7285304525872,2124.0585357375,985.711658670783,7.66263256485028,8.58596320560674,5.53720934311285,147.846617089602,10.6937069162459,153.394794708879,29.2549130207557,0.0400297414152695,3.223343972195,25.8485390051933,532.501859582743,1.43834886081171,597.233431872321,843.567481689453,7.21374616622925,-0.610906302928925,67.9976466995276,2231.17870848289,126.84031851827,2336.03211846166,1123.79819335937,7.7749937915802,22.2472953796387,0.0635789205970987,1.69759309175859,0.122786461697045,1.76129795145535,0.335908519394361,0.000459626427909816,0.0370108330327481,29.2583195550635,113.92127434404,-72.9008877214507,70.2787061776525,655.008046260752,-0.439312032076841,2.8557462836719,4.38277081831675,53.3199277680406,17.4741845219745,54.5846085621042,26.413766367576,0.0275763268681419,3.13462001225664,15.0697242228977,-44.6515988520329,-110.08465149646,-85.9988318814114,559.135892944336,-0.544026536941529,-4.5209527015686,43.7254957559326,286.447941152105,-1.51175672334395,226.24889763781,727.248638916016,-0.370716222127282,10.7456641197205,0.0503235150752658,0.612225986728095,0.200640741821241,0.626747207582144,0.303286123116008,0.000316634786165335,0.0359920935821624,"SSP5-8.5 , 2090s"
"362","ssp585","NA_SPSS","NA","SPSS","2090s","10",7585,41.8899657045709,2000.19618329932,59.9708021457482,2102.05695114964,1030.72692237227,7.65248545326309,13.0238137972036,4.85111797064612,144.222103503926,12.4009214025123,150.701961625211,37.8071067835961,0.0403757182965814,3.95985394116084,25.8646637854227,542.672995714834,2.20318252159776,594.843654985252,910.098522949219,7.26477847099304,2.37728571891785,59.2974013571787,2217.04806755511,141.343987823865,2329.91621518239,1140.46954752604,7.7444372177124,28.0365333557129,0.0557011348408726,1.65597597974649,0.142388908983881,1.73037850987406,0.434105862945211,0.000463598977131333,0.0454675313322432,26.2901483265995,121.620187276638,-77.7510881193584,70.1592474838791,691.968037554959,-0.442145283450968,4.09700544176301,4.08911504962604,52.0365774350436,22.3046923988787,53.4326276792328,30.2694111900346,0.0300138592933738,2.88134371697014,14.3751094523509,-9.84482881135682,-136.970404147871,-79.1691663445349,607.393011474609,-0.565826206207276,-1.88143348693848,39.7116498944105,314.177372657938,-2.28317904167064,229.495031838242,794.105583190918,-0.345612764358519,13.3320069313049,0.0469517233217738,0.597490399925447,0.256105229023868,0.613520021007999,0.347557112494911,0.000344622834099523,0.0330839439224106,"SSP5-8.5 , 2090s"
"363","ssp585","NA_SPSS","NA","SPSS","2090s","11",7585,43.7727376508585,2009.17428997405,56.4752852514448,2109.42231287636,1014.69475901692,7.65509787903364,11.1386156980382,5.17773812558562,146.350980214988,11.5353944205244,152.325164899123,29.5845989760527,0.0399155258848656,3.61727313130806,26.3346867583249,537.6268744455,1.80002585188655,596.810939671733,902.003149414062,7.22120261192322,0.62330436706543,60.6413389909555,2222.91711018962,132.179338134543,2343.32102614229,1132.63460286458,7.75505404472351,25.6722297668457,0.0594514277428629,1.6804200047032,0.132450821428838,1.7490163300593,0.33969401419417,0.000458314991103198,0.0415339762220665,27.5795413329217,116.35343096923,-75.5684883648686,68.3644839372831,678.458642774768,-0.441290503630516,3.57118755172509,4.2020860105472,52.3737048223176,19.9580603110484,53.8928298810773,26.084107188157,0.0273780948685624,2.91960487798143,15.4333592475861,-11.0893521442658,-128.541938703638,-78.2689782068337,601.031237792969,-0.557288446426391,-3.01306629180908,43.6542076044145,319.269846151081,-1.66994839075172,226.748809787625,766.357864685059,-0.348327255249023,12.3157181739807,0.0482488698280944,0.601361338164989,0.229160909974719,0.618804119447599,0.299500935760132,0.000314358661897658,0.033523263291998,"SSP5-8.5 , 2090s"
"364","ssp585","NA_SPSS","NA","SPSS","2090s","12",7585,45.4416800230711,2017.62658406007,53.8669590082363,2116.93522309138,1005.82329972646,7.65600964993023,9.70360363142112,5.4007858312074,147.66893794743,10.9136163967761,153.362261167405,29.2668405508706,0.0399968598942158,3.38247002261139,26.1079404118008,534.511647953997,1.59068015094889,597.898398528914,885.916607666016,7.2111834526062,-0.632454574108124,63.3415078553941,2228.23712788323,128.12883868006,2333.16378351494,1140.80196126302,7.75554563522339,23.9522037506104,0.062012489007908,1.69555295793451,0.125311489474542,1.76092439731969,0.336045472766195,0.000459248878229708,0.0388379379690889,28.7722230851058,113.396757990876,-74.0692152950107,68.0997657809714,671.58624322509,-0.442154252169752,3.1916052436467,4.30956089235378,53.0523098212197,18.4003880325914,54.3980099162737,25.6925253128383,0.0269109790782273,3.0284021588364,15.6090581961124,-23.2417655017261,-121.051431324079,-85.2840601791947,596.817391967773,-0.547511215209961,-3.79661417007446,45.0299460173983,299.378809737493,-1.58545880411888,226.682429352865,744.902280171712,-0.362746620178222,11.6242125034332,0.0494829096761746,0.60915316445663,0.211275524761407,0.624604658916987,0.295004744372838,0.000308995180782337,0.034772487089047,"SSP5-8.5 , 2090s"
"365","ssp585","NA_SPSS","NA","SPSS","2090s","2",7585,47.05213242793,2029.91639549915,51.6289313828056,2128.59745930989,982.419594773939,7.6628722008133,7.92778326701356,5.70136058034709,147.860170862793,10.5306943826321,153.282418858151,29.4632081212487,0.0402224345686479,3.15860266658233,26.3991219105231,531.721715355614,1.36080699612755,597.44608881817,830.831296386719,7.22877545356751,-0.898465037345886,70.7134900456724,2232.97723968056,121.378790390268,2338.68582305199,1096.43603312174,7.77951509475708,20.8079948425293,0.0654637253482524,1.69774871785399,0.1209147316813,1.76000763807767,0.338300189427837,0.000461838954462291,0.0362674653769776,29.9483134705097,114.102515897912,-72.6048971440791,71.4459322243425,653.321934208861,-0.4408684713434,2.65115020531479,4.50876867662962,53.6907830844702,16.8748768955252,54.7685230828596,28.0734616772465,0.0290205119210509,3.16929269478936,15.3407221869927,-143.330288191696,-108.125410614381,-121.462601800441,545.562875366211,-0.547075729370118,-4.9649543762207,43.5648226032126,279.450416806682,-1.56017584195293,220.853696349381,735.278168741862,-0.366387891769409,10.9970922470093,0.0517702380240816,0.616484193209961,0.193759417740069,0.628858936792149,0.322342949356497,0.000333217097058208,0.0363902095992817,"SSP5-8.5 , 2090s"
"366","ssp585","NA_SPSS","NA","SPSS","2090s","3",7585,47.4669832674602,2031.86193970571,51.1260064493588,2130.45492942253,981.593950323993,7.66273100250988,7.63971875363004,5.80469954959895,147.521217103534,10.5244393250556,152.873495828216,32.2064390853273,0.0413899124867887,3.16577913127099,27.483088219707,531.510306312281,1.3620482367757,597.522226947276,845.474143066406,7.23203411102295,-1.33002173900604,69.8132996794669,2233.72837716184,113.438493078946,2349.21062052695,1087.53287353516,7.77371957778931,19.6441707611084,0.0666502761382857,1.69385680898607,0.120842910338753,1.75531233341433,0.369798305687716,0.000475244079906692,0.0363498664296262,30.3255153841245,114.819037166739,-72.7397010543096,72.4048514965538,653.829145263996,-0.442528529593882,2.54680628615094,4.5931643644312,54.0156160127892,16.7558837835194,55.0467477928877,32.1957836479881,0.0307581704805936,3.19172377593015,16.2177230641509,-126.246016173379,-105.316253591769,-103.18877358828,551.095833740234,-0.554131555557251,-5.28792452812195,44.4013727922842,272.400519988596,-1.89811850938791,212.187621496642,748.431130371094,-0.361750316619874,11.7076177597046,0.0527392797201749,0.620213964955472,0.192393124152265,0.632053547226922,0.369675958642022,0.000353169106949156,0.0366477660394281,"SSP5-8.5 , 2090s"
"367","ssp585","NA_SPSS","NA","SPSS","2090s","4",7585,46.9733067030685,2029.25198932374,51.688629722741,2127.91392574955,979.909680339233,7.66404257318306,7.8901150389537,5.70183822514039,146.271107911176,10.8265894003691,151.729493026622,42.6874302373214,0.0451604758065793,3.22774399718697,29.6933564043544,532.18099740751,1.40856760660818,598.703310145887,794.40322265625,7.22522800763448,-1.06594908237457,67.6558585621707,2232.87413944005,109.575030438476,2341.86617356103,1090.96001708984,7.76995085080465,19.0186710357666,0.0654692097246782,1.67950290105995,0.124312234768514,1.74217675215337,0.490142338744793,0.000518538152978622,0.0370613546623733,30.1765005779957,117.973348978643,-74.5631089502601,73.5867406063782,657.279925019923,-0.447341392064285,2.63027723332694,4.54921993789819,53.5957681341913,18.2823381979889,54.817211735608,41.4956344755662,0.0327855981083352,3.21722193167428,16.9920626182799,-38.3706416630903,-118.084301738852,-92.6804060171542,497.519189453125,-0.566728572845459,-5.17495107650757,46.6626903933337,267.760801577929,-2.11367877402199,219.588837717707,793.176306762695,-0.32950749397278,12.1596803665161,0.0522347043949343,0.6153932198324,0.209920062001085,0.629417985907913,0.476457992820823,0.000376448281019191,0.036940539008441,"SSP5-8.5 , 2090s"
"368","ssp585","NA_SPSS","NA","SPSS","2090s","5",7585,45.1713616646458,2021.30165153346,54.07375391586,2120.54676711396,985.30232032373,7.66483943636826,9.17501056288832,5.19973591059764,144.299549472196,11.2578668804546,150.284580093521,62.1248410047141,0.0503007794005185,3.34297896725154,29.3300225010549,535.225465306677,1.6221433834818,597.439118811842,742.717132568359,7.21987771987915,-0.301970601081848,62.5483871506944,2222.59078485593,110.01100321318,2328.67646201249,1178.61249267578,7.78333420753479,20.7361183166504,0.0597040090234191,1.65686522390578,0.129264215985512,1.72558608365036,0.713325086446096,0.000577559752812215,0.0383844968009051,29.5847112642246,132.990868202379,-82.1377726837631,80.4378067828405,677.924956640628,-0.46613006162045,3.01205067018918,4.21187816892704,53.5479427936447,24.9241576386709,54.0853028454059,53.6089202783532,0.0374020953132531,3.20726172305041,17.0651443858179,-26.574735197138,-141.274196848114,-83.856064239372,508.06732635498,-0.596524343490599,-4.08289527893066,44.1842562550282,285.55205888055,-1.91037353197695,240.068646389893,851.521474304199,-0.370068836212157,12.3295035362244,0.0483613045983059,0.614844083373811,0.286182251973119,0.621014117762247,0.615544234373758,0.000429455471291539,0.0368261746646013,"SSP5-8.5 , 2090s"
"369","ssp585","NA_SPSS","NA","SPSS","2090s","6",7585,44.1372938174201,2013.22868757035,56.534614734128,2113.9005961219,1043.60571499738,7.64638441372488,11.6419365990886,5.0764256471239,143.644685815839,11.4687373926193,150.130776107689,71.4765529954845,0.0490986438606251,3.60484972522424,29.487235542133,544.724887327884,2.21752158996975,598.049281226582,861.150750732422,7.19370582580566,1.50220596790314,61.5157182597794,2220.3705480772,113.866037284288,2326.57186973352,1328.18632568359,7.76066474914551,24.8654136657715,0.0582881453700148,1.64934599863733,0.131685457213436,1.72382008731597,0.820702596896852,0.000563756684280429,0.0413913291411988,29.4647877195007,151.342664957837,-88.8966632101953,91.9107894671421,735.939451631568,-0.486378227075646,3.64226774288638,4.84773613318165,53.0810899770337,31.7357741025818,50.7483105584022,57.7234753375838,0.0521227979226311,3.26139880798204,17.5556830347258,-46.0641343003444,-157.212271044974,-82.7646627392926,568.875607299805,-0.790325260162353,-3.00609397888184,43.0294415263318,332.678203635744,-1.77742095513948,289.273323429576,909.484634399414,-0.369559144973755,13.2224225997925,0.0556623041660141,0.609483621755223,0.364394072307407,0.582698360762302,0.662788063023398,0.00059848039419774,0.0374477833506641,"SSP5-8.5 , 2090s"
"370","ssp585","NA_SPSS","NA","SPSS","2090s","7",7585,42.7941129770117,2004.39477240863,59.7897462980573,2106.97863168369,1097.7062276806,7.63064573737279,14.2690865086862,4.81035097385159,142.198310656877,11.8917006197505,149.093887527756,69.0176035350653,0.0450681685391362,3.9286590142888,28.6535941312264,553.682606185364,2.90521557600017,599.291709359087,883.108453369141,7.20856018066406,3.27082633972168,60.5305185526599,2216.09015035052,124.214515407828,2323.9130827854,1391.65343017578,7.74775857925415,30.2299537658691,0.0552330431557704,1.63273854067664,0.13654197315259,1.71191440475882,0.792468635923221,0.000517478269549327,0.0451093473345412,28.1101500033327,148.008990854587,-87.261266323609,88.8578745343105,768.503511758613,-0.477809547174604,4.34275510181249,4.77668225243044,53.3425470975828,30.6706211585444,53.0830931791451,55.2173741626625,0.0515250795893704,3.30561809064927,16.0838589232431,-48.0439920249389,-158.380659996097,-94.669222005344,570.982571411133,-0.718436193466187,-1.85015296936035,44.2408181738712,333.676708320274,-2.8318012273641,296.259587812783,961.970971069336,-0.354143190383911,14.4564414024353,0.0548464547439554,0.612485704659604,0.352163854835684,0.609506622768927,0.634012700248502,0.00059161731857697,0.0379555146079367,"SSP5-8.5 , 2090s"
"371","ssp585","NA_SPSS","NA","SPSS","2090s","8",7585,41.2402984794751,1996.05612877904,62.7232752587232,2100.01970251723,1101.16425784568,7.63151975705719,15.636223365045,4.57252980811643,141.144916706092,12.5151215048677,148.201246059947,64.7991189216084,0.042949929699624,4.20880804458132,27.1324387338863,554.526713463889,3.04364704668647,598.383142741152,889.163238525391,7.24064863522847,4.16029644012451,59.1135319916243,2208.8801649391,137.018067077347,2317.92651499569,1408.99590820313,7.7409366607666,32.3792343139648,0.0525023511996513,1.62064334141572,0.143700168643743,1.70166498533347,0.744031475314033,0.000493156389945742,0.0483260530519213,26.4630449756913,139.639014811807,-84.362928470258,81.7391313172399,758.900209171388,-0.462397768364903,4.74722645395965,4.4896119491007,51.1703897867748,28.9591299481852,51.9614382234834,49.6333000692162,0.0462431763253601,3.27051467372917,14.6469600770154,-58.1720737428279,-153.902285544556,-105.367701285789,579.929064941406,-0.595050144195557,-1.02097988128662,42.7450722684472,298.807856638785,-3.08941570873818,251.386619075799,970.072201538086,-0.350390529632568,15.3937139511108,0.0515502781159418,0.587544726518685,0.332512301675355,0.596627642231184,0.569895672808114,0.000530969853867739,0.0375524528454577,"SSP5-8.5 , 2090s"
"372","ssp585","NA_SPSS","NA","SPSS","2090s","9",7585,40.7823171796553,1994.57073926458,62.7544833724413,2098.10753981668,1063.32829653802,7.64379647968048,14.8828612334672,4.54133844517249,141.758220085057,12.8087118253028,148.700242576759,52.8127352450323,0.0412857088772518,4.21800170127628,26.2581868448308,549.640947980166,2.709024951344,595.707115451159,906.842572021484,7.26762228012085,3.85648274421692,58.4051290183814,2210.34828789387,142.483534852651,2319.36142842762,1266.70289306641,7.73486094474792,30.850658416748,0.0521442081234113,1.62768536645341,0.147071208912293,1.70739452488214,0.606402339625445,0.000474047601210268,0.0484316157519722,25.7082587409885,129.566848503314,-80.766826378019,74.5082808662839,721.003191562397,-0.448600994953685,4.60019900649821,4.12564679147835,50.8801346424199,25.4651209660633,52.3023494534203,39.5531762153504,0.0367964150726774,3.00503331758897,14.0125958862956,-32.7914298389708,-148.723184892666,-89.9917755196334,609.54255065918,-0.5746928691864,-1.07301616668701,40.356113554937,310.86745412323,-2.84033175837494,223.462252900365,844.514196166992,-0.343579912185669,14.7350244522095,0.0473711852872837,0.584211981153226,0.292393659616755,0.600542027018853,0.454154447508228,0.000422500976069014,0.0345041631716996,"SSP5-8.5 , 2090s"
"373","ssp585","NA_STPS","NA","STPS","2090s","1",7509,26.594443037808,2130.50294876506,141.946564966411,2299.04395676928,1002.12605467098,7.72624249573452,27.2411109298913,1.86214889121596,63.0983139894757,17.8892349991119,71.7745136770799,31.5154871724264,0.0190635511950509,3.09441334122415,24.1649589811457,1939.28379054615,77.1706199363478,2050.15277007468,876.935087890625,7.66340306599935,16.9732341766357,33.8728523567756,2236.15171680708,173.452357041448,2406.95792416504,1095.95792236328,7.77756323814392,33.9858665466309,0.0214893535259429,0.728159806451019,0.206443264025768,0.828283874525326,0.363691350667645,0.000219994970876284,0.0357097880618656,16.1167613810617,316.376241181245,-98.8183463548012,233.674656207505,642.971893696245,-0.367355994950304,3.65563698169889,1.28310342942125,43.2009356976337,10.5735146730369,42.1216714329885,19.8489603620365,0.0128981510796571,0.989426631188867,14.3435895583243,150.640953095476,-121.960182089171,79.290544376993,553.611188354492,-0.412664190928144,1.09907722473145,21.2946915530659,392.276956481594,-76.5850475429295,326.087872046523,690.973767089844,-0.340902058283488,6.29663848876953,0.0148071205988143,0.498542401328483,0.122019241260705,0.486087601693352,0.229058658174054,0.000148845739290365,0.0114180658517141,"SSP5-8.5 , 2090s"
"374","ssp585","NA_STPS","NA","STPS","2090s","10",7509,26.6981637489195,2130.87090471221,149.971988265618,2307.54105672675,1089.95062965312,7.69776563637072,30.6263313405906,1.61849252619524,59.27018813377,16.9496796775275,69.2250407069832,32.1016102539204,0.0178969345720817,2.38087847529148,24.0562387684075,1943.72227023035,84.9500825108399,2061.41548569708,945.814068603516,7.6315515200297,22.7945365905762,32.973109553804,2217.91378070196,180.054663244678,2411.98044615585,1196.09858886719,7.74742965698242,35.0239028930664,0.0186775387502956,0.683982914773284,0.19560071724664,0.798862743799593,0.370455259916445,0.000206532117740059,0.0274755361932619,16.0746060007521,324.067076658072,-98.8729057242282,241.268776934596,694.742704652569,-0.360653652012743,3.77170650376288,1.08299403834823,45.5730614961781,12.7713728449788,46.0242118923099,26.5042059939656,0.0125688289932428,1.26854269519768,14.3812504144712,152.240715517557,-130.74917771981,80.8377273844121,565.107797241211,-0.41477313041687,0.979333877563477,20.5374741401004,411.100871195574,-72.7103424385956,338.611027588069,751.776637573242,-0.327906942367554,6.63645935058594,0.0124978415347641,0.525916930902026,0.147382707887641,0.531123244103714,0.305860747878666,0.000145045334944482,0.0146390885113676,"SSP5-8.5 , 2090s"
"375","ssp585","NA_STPS","NA","STPS","2090s","11",7509,26.5675156037094,2129.51804204824,147.812664605872,2303.89822225782,1059.18208335129,7.70754585734968,29.5996275564507,1.64610950523056,60.5180568603795,17.2199056802159,70.0168212162802,31.2188064885823,0.018358986711885,2.67968959988516,24.1012003010786,1940.1513905049,82.6829983586154,2055.57394616292,933.924169921875,7.64369915326436,20.1343879699707,32.9792914634715,2225.04807102718,178.781562740716,2408.08921372601,1141.99990234375,7.76314282417297,34.723274230957,0.0189962409918875,0.698383423962734,0.198719147857139,0.807999956919068,0.360267630830032,0.000211864237973027,0.030923841494824,16.0505913252632,322.841290458328,-99.1035065649294,239.788375218661,677.639152110819,-0.363630966667579,3.77065187602847,1.13142840460185,44.9287729388803,12.1405804927517,44.8510163814582,23.1612097592064,0.0128908917626614,1.14966928922284,14.2448862549586,154.03514724132,-130.419819301542,81.5009785113202,581.897427368164,-0.412379121780394,0.79962158203125,20.536620314797,404.400364550782,-74.1782486854155,334.125207087811,723.709956665039,-0.336396408081054,6.64872169494629,0.0130567781612276,0.518481787210883,0.140103311528729,0.51758447005258,0.267282292491177,0.000148761966166738,0.0132672794912208,"SSP5-8.5 , 2090s"
"376","ssp585","NA_STPS","NA","STPS","2090s","12",7509,26.6561238539863,2130.994922707,144.402184434287,2302.05323099528,1031.94558720765,7.71624549446006,28.3545129403423,1.7441859817355,62.2767264176264,17.5794579874572,71.3896894920575,31.8316510984626,0.0187532846284522,2.94184021115219,24.0745827921933,1938.20565556068,79.2556975631348,2050.83150505095,921.015899658203,7.6536260286967,18.1670379638672,33.3647983434398,2235.28072492359,176.069243021044,2408.39955616239,1113.71861328125,7.76893448829651,34.2285003662109,0.0201280517112856,0.718678617343492,0.202868411472859,0.823842971332091,0.367339908745246,0.00021641446881849,0.0339490814147537,16.1718419636823,320.542880579968,-99.3875732376707,237.32714930598,662.764451719158,-0.367177429761903,3.72297173353775,1.21252929186451,44.4053697573648,11.3045820734925,43.9172796520749,20.99700525832,0.012891369059691,1.04622460922961,14.3300109347088,154.185400047104,-127.699109495319,80.2996322885474,586.820050048828,-0.411483112970986,1.03371047973633,21.020517569003,398.889964086114,-75.7608360148508,333.938684034372,703.505514526367,-0.342195336023968,6.58345985412598,0.0139926891648407,0.512441670839284,0.130455820040088,0.50680907031278,0.242307192035265,0.00014876747421427,0.0120735192558076,"SSP5-8.5 , 2090s"
"377","ssp585","NA_STPS","NA","STPS","2090s","2",7509,26.8613991346292,2133.20463420315,139.582425446535,2299.64845878431,997.497510912881,7.72739041731914,26.6584625609241,1.98216678015879,63.1711821757297,18.2807136498979,71.7347743166563,30.8618833600708,0.0192672056963522,3.21860331491448,24.1844630803443,1941.27575382117,74.7949114543798,2050.2136678291,868.785404052734,7.66264033317566,16.3864555358887,34.5767588784599,2239.80685471966,170.694801331524,2408.54424138894,1116.70513427734,7.77889018058777,33.7900123596191,0.0228743699750012,0.729000711398305,0.210960960308962,0.827825278991388,0.356148708156152,0.000222345160808065,0.0371429507169025,16.3431712324102,315.345310039671,-99.2472887933965,232.441192478684,641.949123791355,-0.370109640413127,3.60492295062887,1.37230232351613,43.2159734577354,10.2753011665638,41.6034883222718,18.9830319473422,0.013251952407285,0.960504473099619,14.2643051636437,139.391574606267,-120.111909560183,74.1937509089219,548.23742980957,-0.417618544896441,1.2558765411377,21.8386765205076,388.978087543529,-77.5340996214929,321.275560042861,707.567225138346,-0.337216997146608,6.10837173461914,0.0158364832767236,0.498715938334353,0.118577832522101,0.480107725374175,0.219065772041638,0.00015292863612166,0.0110843017349752,"SSP5-8.5 , 2090s"
"378","ssp585","NA_STPS","NA","STPS","2090s","3",7509,27.0469110483651,2135.37283979581,138.782599898378,2301.20235074255,1001.60761553593,7.7258084914089,26.5604990222145,2.0725760478288,62.9218907371898,18.7221824108724,71.4584734572021,31.7831900214689,0.0200327503424523,3.34320696384817,24.0634214899083,1944.80545231388,73.1868376249511,2052.77725445222,872.285490722656,7.65645807584127,16.1511325836182,35.0475235507154,2243.44391914115,168.887838507518,2410.72405241751,1137.40922363281,7.77726044654846,34.2853393554688,0.0239177004649245,0.726123867404226,0.216055546633391,0.824636744027111,0.366780663874614,0.000231179609877922,0.0385808872187522,16.5241926455115,316.431273596075,-100.064512412285,232.890953829302,646.446144254975,-0.372312842249751,3.56916498538378,1.47609649598104,43.0867773574615,10.3111333109058,41.2276654532163,19.2797148826735,0.0144164897718383,0.957887004550366,14.1331197598981,145.214958702497,-122.638252853782,78.5014740328465,550.960043945313,-0.423244412740072,0.994770050048828,22.4140297850727,387.233303140552,-78.2951516190193,317.720542659901,709.747276000977,-0.340141057968141,6.0371265411377,0.0170342766844111,0.497225004560982,0.118991338456557,0.475770698117995,0.222489517861602,0.000166367494442336,0.0110540959295945,"SSP5-8.5 , 2090s"
"379","ssp585","NA_STPS","NA","STPS","2090s","4",7509,27.1919636134507,2137.09357587144,139.183287447559,2303.46882693245,1015.16520271268,7.72114724252838,26.9025247202637,2.16593913523155,62.6681150451569,19.0550073158031,71.3024360558961,31.2515448921748,0.0204164420858439,3.33790219625315,24.0906019183167,1948.56210533504,72.1334324577887,2056.27057011586,892.624456787109,7.64504593213399,16.6608657836914,35.6911697692648,2245.99782746221,168.317220678885,2413.19693063821,1115.28422607422,7.77675843238831,34.5470886230469,0.0249951182809409,0.723195274750808,0.219896373797122,0.822836059401004,0.360645434738191,0.000235607444600281,0.0385196697582366,16.6781949509653,318.956660923922,-101.229990551117,234.40486532377,656.569186665084,-0.373690398946467,3.52368606501612,1.61048593067964,42.7633544830415,10.5054129665123,41.052757966689,19.6340888617211,0.0169634560381253,0.945444795034453,14.0091063627334,158.10290987698,-125.461129690194,85.8610415037117,568.331051635742,-0.43215675354004,0.907890319824219,23.082349580948,386.081580942657,-78.2404883634098,314.878155783651,711.765379842122,-0.335244331359863,5.93194007873535,0.0185851419702176,0.493492677613564,0.121233341887067,0.473752251134487,0.226579023138043,0.000195759697597022,0.0109105117939797,"SSP5-8.5 , 2090s"
"380","ssp585","NA_STPS","NA","STPS","2090s","5",7509,27.4416916554357,2139.2730752866,140.334972313632,2307.04973925566,1045.60465781902,7.71078585543767,27.754374680833,2.29041839176575,62.3654876877445,19.2224069370818,70.9785310929603,28.7569259500827,0.0201774113831243,3.10891986969923,23.9000226543953,1951.56618565974,72.7474268966061,2060.33693886765,929.269915771484,7.62940870920817,18.2235088348389,36.1673993132017,2246.93127525166,171.319531725282,2415.38362052179,1157.38269775391,7.76450362205505,34.5418014526367,0.026431619284125,0.719702929804207,0.221828179389433,0.819098169111903,0.33185732407099,0.000232849010353414,0.0358771946104535,16.8607452960365,321.495663071924,-102.085339964225,236.271068403735,676.337136857854,-0.373461886453344,3.48380754501654,1.73384590967122,42.6993425394505,10.9488283403461,41.3682692662137,23.6643912732916,0.0195822010786552,0.9898180230029,13.7596192665078,158.628826997179,-128.015431469998,88.9745765822993,589.139489746094,-0.438712183634439,0.614042282104492,23.8148067937469,386.085000323405,-78.1608920334997,312.488260374315,752.300770060221,-0.332202844619754,6.23333740234375,0.0200087264172014,0.492753974445307,0.12635039228626,0.477393277847709,0.273089049133948,0.000225980233793517,0.011422582545894,"SSP5-8.5 , 2090s"
"381","ssp585","NA_STPS","NA","STPS","2090s","6",7509,27.5974916405098,2140.05476399083,142.580582193614,2310.23283782495,1082.97932147577,7.6987126215526,28.9740702634634,2.28732965868409,62.2619904716376,18.7814009639788,71.1000201532348,38.4207038444328,0.0210256646178436,2.72589104420697,23.6858331312019,1930.72811569596,75.2852849347523,2063.26845104406,964.205853271484,7.60901226997376,20.6739864349365,35.8780999538408,2242.83352847405,172.378544028999,2415.25905716507,1247.14325927734,7.74135994911194,34.7202072143555,0.0263959750467323,0.71850856329766,0.216738933675641,0.82050016300084,0.443378127024762,0.000242637923434636,0.0314570100159471,16.8863369303277,322.037295183122,-101.66254433765,237.261087775799,698.345723322828,-0.370618154811665,3.56161003214853,1.67159311553803,43.455287094238,11.3706825604133,42.6087027558516,33.4275559326242,0.0182315585803848,1.03590947215093,13.7511410285335,155.409607499704,-129.970042815846,86.937356559195,570.722085571289,-0.437714624404908,0.78436279296875,23.0772409317593,391.703213933158,-76.7293411619519,322.311749683875,824.170215861003,-0.319721460342408,6.59066772460938,0.0192903239804164,0.501477637660675,0.131218625172576,0.491707983782337,0.38575678364544,0.00021039370670677,0.0119544817135369,"SSP5-8.5 , 2090s"
"382","ssp585","NA_STPS","NA","STPS","2090s","7",7509,27.4856737296581,2138.53191481977,145.608090093122,2311.62567864255,1107.91844004321,7.6912281172078,30.0923447147461,2.08926678372004,61.7673592601721,17.9207956666972,71.4182965133385,47.8229682339473,0.0216252396796689,2.38976358112887,23.2209710812871,1895.21298845933,79.6921193469321,2050.10129564048,975.790875244141,7.5969092686971,23.0952091217041,34.9739935770071,2231.85696866902,175.184591177626,2413.08659387324,1314.08354248047,7.73637285232544,35.7955513000488,0.024110312949279,0.712800477860299,0.206807476762168,0.824173098743778,0.551881042319965,0.000249557069658486,0.0275780710557296,16.6868329208977,322.0118671185,-100.528272987639,238.170427051759,710.04159958023,-0.365682506103519,3.64735204602596,1.43549977662898,44.1842008703285,11.7781438283853,43.7630094752633,37.2855471637553,0.0149630136848769,1.14890959766204,13.6494512955741,152.506910873022,-130.438597012009,85.0177329831643,572.359503173828,-0.428191073735553,1.05612182617188,21.8237737750349,397.68107542199,-74.8014682165939,331.351914782606,845.981942138672,-0.318573713302612,6.90119743347168,0.0165657871569276,0.509889363435251,0.135920762191202,0.505028779604743,0.430278324246647,0.000172674425984206,0.0132585125872435,"SSP5-8.5 , 2090s"
"383","ssp585","NA_STPS","NA","STPS","2090s","8",7509,27.2158777355056,2136.52234866039,148.474284913565,2312.21251130947,1115.25116516904,7.6895369412628,30.7844315298923,1.84474264396443,60.2024889080366,17.2862523766281,70.5032290061634,48.0906003559512,0.0209541661776898,2.25530576848946,23.5179901961359,1917.03322655098,83.4516781091587,2065.57225177178,959.932843017578,7.60358471870422,23.7204895019531,33.9510817907568,2222.15615853245,177.457262732767,2417.25444898012,1308.50324462891,7.74017190933228,35.9697952270508,0.0212884839808101,0.694741743471263,0.199484794267695,0.813613143385456,0.554969539331009,0.000241812825471596,0.0260264166827827,16.4116532576623,322.903332420303,-99.4973289111793,239.817656766786,710.571388637104,-0.361032684416828,3.6702932166015,1.21080292477311,44.7044460789317,12.3652915429902,44.8886916012352,36.2152287185246,0.0133185685984822,1.30257804482847,13.9762966848588,149.568606871007,-130.410287379483,81.8447188947421,552.901568603516,-0.419575436909994,0.724845886230469,21.1447247163076,401.293361665687,-72.7889784771355,336.264076946984,830.918648681641,-0.30530652999878,6.91614151000977,0.0139727667446101,0.515893036536037,0.142696495791567,0.518019245231285,0.417926760113727,0.000153697392524512,0.0150318592849858,"SSP5-8.5 , 2090s"
"384","ssp585","NA_STPS","NA","STPS","2090s","9",7509,26.9465822849932,2133.79108668569,150.183699981443,2310.92136895212,1110.74311542468,7.69119705221956,31.0422339831722,1.68078597225728,59.1362821718168,17.0036853489058,69.5657657733844,40.1538079736429,0.0188087236776191,2.22832652953346,23.9085711654032,1945.16396366626,84.9144357759353,2063.0823891437,946.551062011719,7.61365566253662,23.9478664398193,33.2587919768616,2220.92710192424,179.364053135125,2420.21403860634,1272.31271484375,7.74618072509766,35.6436157226562,0.0193964103137301,0.682437628803285,0.196223947198944,0.802794739485644,0.46337829323357,0.000217054240070031,0.0257150740148998,16.2024985310303,323.630948284254,-98.9520839269395,240.881362888345,706.397027036875,-0.359307035788636,3.72198015543434,1.10000601678155,45.5686148559538,12.8387138535481,46.1998572753265,31.6631041027991,0.012399289807515,1.33677038100523,13.6850867233654,149.948539322589,-131.258603725628,79.5280023074504,544.835308837891,-0.415293057759604,0.854948043823242,20.7043539498263,407.128723536135,-72.038228629521,338.64186121644,793.133810424805,-0.307300615310669,7.05624961853027,0.0126941611848489,0.525865616302944,0.148159828743425,0.533150206474256,0.365394862356832,0.000143088838599969,0.0154264416964386,"SSP5-8.5 , 2090s"
"385","ssp585","NA_STSS","NA","STSS","2090s","1",3128,32.9673984610156,2096.0878477205,95.8870741722727,2224.94232035379,980.88030934208,7.70839657352135,18.8629352290789,4.24094519784713,88.007267962208,22.2737268215086,100.037358718042,31.2304187875397,0.0300813951098699,3.61713444680029,24.1092472321977,1857.60329034403,51.6869498789667,1953.00792461588,860.816165771484,7.63815786043803,8.50727939605713,45.3522617107792,2234.17675614657,153.402176044403,2384.93421375348,1032.67716674805,7.78469155311585,27.1901664733887,0.0758279453273315,1.57356673857371,0.398253422495217,1.78866432214524,0.55839874789549,0.000537854246482365,0.0646742318700122,20.361016638353,225.425489219257,-91.5872112521382,154.199294605472,637.254417709633,-0.396833004958123,3.16809732172602,2.97725590434229,67.0602569483986,13.0206150576295,64.210488604779,25.9306361797859,0.0214955110728756,1.71991833803122,14.3844978225358,48.3573298151141,-122.15506439858,-4.17634322076083,556.69336303711,-0.454127292633057,-0.217113494873047,29.1676097558333,363.936514902252,-32.5430191836132,281.741592365223,681.017410888672,-0.332876189549763,10.2791304588318,0.053233226888795,1.19903494629012,0.23280812192984,1.14808119233328,0.463638828330507,0.000384338953317409,0.0307520771006218,"SSP5-8.5 , 2090s"
"386","ssp585","NA_STSS","NA","STSS","2090s","10",3128,30.6161509184616,2077.06836400575,110.4396977186,2218.12421264281,1060.48130185005,7.68576016873441,24.4388922872456,3.19643738758378,75.8010448131414,24.7289039020937,92.1975744436391,43.7375493570649,0.0300403147439446,3.67836534190261,24.4740834996482,1837.08546160891,59.3851868945752,1933.81979600062,943.205572509766,7.61476885477702,15.0218734741211,39.275010348877,2208.90175835888,169.783542104921,2374.03281574385,1230.73328857422,7.75858988761902,32.8015670776367,0.0571521838082186,1.35531991424066,0.442151899073039,1.64848926550002,0.782025785922106,0.000537119731039205,0.0657690380392877,18.8972026520976,242.697451622201,-98.7000924940037,162.894561780295,696.032422668527,-0.398483543584278,4.11779640748081,2.33595792095447,68.9423585458812,20.4987339244151,66.6741886604775,36.3723729812324,0.0242987397989917,1.99179666513826,14.3639037876582,58.5737504467766,-133.60729210461,-4.96647390267981,600.655191040039,-0.453748385111489,0.656572341918945,25.5081205330392,378.640127949256,-18.0251671469172,301.643365692826,768.265770263672,-0.328219318389892,12.3941411972046,0.0417668423555677,1.23268685414944,0.366516614288987,1.19213205939501,0.650336701178382,0.000434460580612156,0.0356132516647318,"SSP5-8.5 , 2090s"
"387","ssp585","NA_STSS","NA","STSS","2090s","11",3128,31.1796429258184,2082.1188579552,105.263802340706,2218.56230322172,1016.49298186727,7.6990878137443,22.1626175461793,3.60729601837708,81.009758339161,24.3699861921571,95.9716802238994,35.2815734497154,0.0298152925162229,3.75245278908105,24.2483770595011,1845.35774333291,56.4122011527345,1939.979008452,918.843267822266,7.62702670097351,12.366886138916,41.292455605345,2219.90180012983,165.064366709132,2379.87525859772,1120.30997558594,7.76578226089478,30.6769523620605,0.0644983211289442,1.44845152194859,0.435734463521196,1.71597013908226,0.630833245373072,0.000533096341821685,0.0670937188903726,19.284936318525,237.405224058263,-96.5925150111174,160.097645365671,666.038582102755,-0.399047491679698,3.77184838654568,2.55974072960569,69.9325980898329,17.40509892952,67.3191587694757,28.215743249957,0.0204293829715316,1.79377331293669,14.5606964365893,52.3207378378015,-131.019029939949,-7.06882523973081,579.309539794922,-0.446173890431723,0.363164901733398,26.4818186373667,371.549550732496,-22.480447221774,295.975425085383,715.466472167969,-0.334342336654664,11.5140113830566,0.0457680708053518,1.2503923010479,0.311202533509374,1.2036641014001,0.504496459330312,0.000365276621782996,0.032072601355952,"SSP5-8.5 , 2090s"
"388","ssp585","NA_STSS","NA","STSS","2090s","12",3128,32.3013181269617,2090.54614109083,99.4988085103874,2222.34626772818,999.273221900876,7.70301621234312,20.2592222988088,4.02210835513613,85.8077362430519,23.3503659422813,99.0986700325323,29.9628910573191,0.0297737262236814,3.73088800488818,24.2425546820343,1857.37795715236,54.0881680288655,1950.91358242873,908.857501220703,7.62974239985148,10.1042537689209,43.7067429227778,2228.61964282,157.855742041818,2383.59746651813,1072.72481323242,7.76790871620178,28.7306880950928,0.0719151505680125,1.53423919172623,0.417503690673325,1.77188060271393,0.535735398348592,0.000532353138028366,0.0667081413361983,20.0479177822829,231.931749085465,-94.3654079376277,157.61425893012,654.194180876063,-0.400635605401794,3.44390066086735,2.85514944304992,69.5031484154806,15.0522100426394,66.6511207344414,24.4919830522287,0.0198144677262859,1.77532060413068,14.5714199633835,48.3789059063743,-128.433727451401,-5.6524757827342,582.470809936523,-0.447758235931395,0.0237407684326172,27.9774860664745,367.201956122962,-26.490995443246,287.380256836687,698.487801513672,-0.347309732437134,11.0259432792664,0.0510499678182247,1.24271375654698,0.26913296610109,1.19171960571955,0.43791576292594,0.000354281959644681,0.0317426675960926,"SSP5-8.5 , 2090s"
"389","ssp585","NA_STSS","NA","STSS","2090s","2",3128,33.6177426829978,2100.54491936993,93.3146743315217,2227.47733638445,979.531107118998,7.70787082581492,18.11682152394,4.32666982135473,88.8110926528094,21.458032828458,100.391736366739,33.0879090143358,0.0304626000965986,3.51108881266764,24.435666880803,1857.26190044322,49.7137616335426,1951.88768100462,846.068562011719,7.6413284778595,7.75011730194092,46.9212439072839,2236.0617599676,150.480584901095,2385.97913285902,1031.94596761068,7.78509965896607,26.5257606506348,0.0773606984663819,1.58793909469909,0.383668843675317,1.79500058156785,0.591610605345346,0.000544670177729683,0.0627781398027781,20.7523089833821,221.898691485766,-90.426063592685,152.224936876463,634.504553361421,-0.396000646006895,2.97435711699062,3.01086743012131,66.2405356558267,12.1270926440599,63.0334637925544,27.6707792568056,0.0233203824181669,1.6579222048669,14.4436399657726,49.3627573564227,-119.950863081998,-2.71990318060307,538.344086914062,-0.458238763809205,-0.345146179199219,30.1390811679013,366.088020653477,-36.6216367523772,281.169765789539,686.729136352539,-0.32420784632365,9.90442276000977,0.0538341997427791,1.18437835950179,0.216831973792086,1.12703603165646,0.494752523025965,0.000416967586356669,0.0296435885027316,"SSP5-8.5 , 2090s"
"390","ssp585","NA_STSS","NA","STSS","2090s","3",3128,33.884549384993,2102.1587107348,92.3681962014905,2228.41145632128,979.965337340495,7.70732718100623,17.8537821795365,4.35757755554036,88.3685332714346,21.2983304739709,100.025089571612,34.8042355391247,0.0317564596446362,3.46555930260549,24.6894632257024,1865.96687910717,48.9484218370842,1958.30698904592,842.468865966797,7.63645712534587,7.58899164199829,47.569542795828,2235.1996711292,150.685533060664,2383.1902546246,1047.59163696289,7.78454740524292,26.4598503112793,0.0779133276253743,1.58002614911516,0.380813371406815,1.78844495025495,0.622298460956309,0.00056780433921794,0.0619640738248622,21.0192432645119,222.142256985511,-91.3632700971628,151.79823015286,636.106092224531,-0.397958351758526,2.83039722448272,3.06594830812923,66.1987186074038,12.3353192261315,62.8372397307154,31.0020489094123,0.024540458536744,1.6402147209793,14.6654285507107,49.9442037635758,-122.839856650246,-1.71540892786243,533.17850402832,-0.461944665908814,-0.430267333984375,30.5188568999807,368.108155974124,-37.7978000468034,284.6376632847,700.611657714844,-0.336664867401123,9.59043025970459,0.054819043830905,1.18363067220247,0.220555057478486,1.12352755259368,0.554315502810916,0.00043878250281954,0.02932697933721,"SSP5-8.5 , 2090s"
"391","ssp585","NA_STSS","NA","STSS","2090s","4",3128,33.4612963923438,2099.02125876174,93.9767285820699,2226.45928373615,976.227159670328,7.70952056408881,18.1706429243309,4.41048258498862,85.1511514107997,22.5127197012779,97.9962790691818,44.2800153938442,0.0362899923269447,3.5124639366957,25.082692830256,1859.05690902825,49.5991644663731,1950.78450607501,846.260334472656,7.62601893742879,8.00306510925293,46.2768314080023,2229.91279025217,153.157489920885,2381.80379544093,1070.55535888672,7.78263743400574,28.1405296325684,0.07885926762068,1.52249947889334,0.402526606461368,1.75216989253057,0.791725058857704,0.000648863738086915,0.0628027269702026,21.063429665121,229.192320050447,-95.8078415882076,154.44790812736,641.501201075063,-0.405956754567594,2.80973395145993,3.35450511126477,64.0078470012467,15.5030335961812,62.0761866067838,45.1702287025472,0.030424329303944,1.69824264065537,14.5656166554516,61.4369037471333,-125.680649406555,4.11043949344275,487.041835530599,-0.466978759765624,-0.76243782043457,30.3681028887841,373.361685153925,-38.8054768761167,289.986483407629,723.523574829101,-0.309188493092858,9.46498775482178,0.0599784289375786,1.14445796785929,0.277193674781691,1.10991995051904,0.807642040321238,0.000543985897354045,0.0303645164227846,"SSP5-8.5 , 2090s"
"392","ssp585","NA_STSS","NA","STSS","2090s","5",3128,33.2355278707194,2095.71670120809,96.5003716550993,2225.45260073391,1007.81967356416,7.69919449434459,19.53430034301,4.38333984557781,81.866821454094,23.7700373599081,95.9694409607446,58.074620306279,0.0394451563565425,3.603325684085,25.4429696279746,1853.80377287242,49.0592176541469,1945.13988508299,837.745383707682,7.61364127794902,9.44461822509766,45.352514198178,2230.67593965594,158.558537380258,2383.34443428415,1172.39756591797,7.79241859118144,30.7041988372803,0.0783739564308252,1.46377577915762,0.425007400300934,1.7159301011388,1.03837209113797,0.000705277955760975,0.0644273316967337,21.5368379018305,247.452597488877,-104.164147282893,164.825288107815,681.19218187314,-0.425689016175387,3.02916249033746,3.53112171419532,61.8693887485406,21.1116656884575,59.9077644459345,52.7305601396062,0.0369454487670975,1.7831411635995,14.1254676148844,81.3513790298537,-143.141532498486,23.5571180622624,488.806817626953,-0.520906591415404,-0.638158798217773,31.513684868376,379.199783305523,-38.2743585281309,296.797831330052,777.432255249023,-0.315936994552612,10.2949867248535,0.0631363273508179,1.10622241236253,0.377475811855789,1.07114864143848,0.94282049043581,0.000660583275310266,0.0318824989139157,"SSP5-8.5 , 2090s"
"393","ssp585","NA_STSS","NA","STSS","2090s","6",3128,33.3422257409916,2094.64429924684,99.6880117343136,2227.67453672214,1082.74001776134,7.67440804203481,22.0204108511885,4.00499764956223,79.1618010072868,24.0565249784784,94.1897367531396,55.7420959834811,0.0358223446605691,3.7359910185156,25.8035314212049,1847.84547558135,50.4983782235976,1940.4067574316,942.784069824219,7.58871997197469,12.3128318786621,44.5217538715251,2226.75307526773,165.372819218546,2382.23296076118,1293.69433105469,7.75092620849609,33.3210906982422,0.0716092117769551,1.41541011231195,0.430129788463114,1.6841090548726,0.996666641392105,0.000640502214882988,0.0667993830335778,21.7083273795339,254.679511142185,-106.664362118886,169.723476402833,738.468829507794,-0.431675499637572,3.51154793402036,3.22525910673393,63.9934566922457,22.5039913306757,61.5654084050521,46.971446731953,0.0353859728738962,2.01564031918051,15.6082355464178,81.0241171832276,-146.884061183313,26.1616721542323,608.124572753906,-0.525836070378622,-0.0871200561523438,31.1637696893133,384.660740594134,-36.6534558130232,300.870865020119,857.240578613281,-0.338084983825683,10.4466991424561,0.057667515094524,1.14420066965965,0.402370543513618,1.10078725491737,0.839847752935898,0.00063269990326646,0.0360395753286256,"SSP5-8.5 , 2090s"
"394","ssp585","NA_STSS","NA","STSS","2090s","7",3128,32.7775139528694,2089.56829834297,105.432721174062,2227.7785334699,1147.90182693567,7.65531290310175,24.8961497709927,3.51841698074997,74.288010194686,24.4233230933771,90.5343233131552,54.4102713840582,0.0323375991376233,3.80048253379523,25.6961575981167,1843.69135464832,56.4954285209966,1940.14873382139,1007.82467041016,7.57221072514852,15.8164577484131,42.8925875819015,2216.27127057167,170.226729428884,2376.49114275034,1402.03839599609,7.72822971343994,34.7688293457031,0.0629091671805848,1.32826691049403,0.436688125368016,1.61875039600178,0.972853666170943,0.000578195092138809,0.0679524889725988,20.8759820164666,250.165291256779,-103.653538271759,167.387735001488,772.427769991354,-0.419245305607088,4.07635405884091,2.83506371008275,65.1392975069008,23.4322965450254,63.1193375325705,45.7490908625713,0.0330825065103488,2.33147661958453,15.2437036368915,76.7372673775672,-145.062189295234,12.5633388547817,615.732919311523,-0.50213254292806,0.180706024169922,28.9073372318728,384.756908644667,-29.4395417304408,302.94204952462,897.776111857096,-0.334473657608031,11.9090042114258,0.0506908356459751,1.16468826159826,0.418968606859619,1.12857145099324,0.817992074611861,0.00059151400877127,0.0416867168506572,"SSP5-8.5 , 2090s"
"395","ssp585","NA_STSS","NA","STSS","2090s","8",3128,31.7282893068804,2082.00517825611,110.986471304904,2224.71993886789,1160.16106127781,7.65340760427349,26.6028630110188,3.15693558929933,71.4809179755164,24.6904262818346,88.562591103827,54.1331184399889,0.0303455997411265,3.77275024673631,25.3163450590794,1845.70767539451,61.2086755500174,1947.84351742613,1019.44238891602,7.57313776016235,17.7795562744141,40.7007841703501,2207.43072932392,172.648441585495,2377.84281866211,1403.53327636719,7.7267279624939,35.1324996948242,0.0564458930968543,1.27807620408452,0.441463920627383,1.5834958960745,0.967898181648092,0.000542578215644788,0.0674566366923163,19.7412675958135,245.823831339506,-100.728517996869,164.836580938451,767.121410496344,-0.404245701425006,4.33829259815327,2.56912654363121,66.2403575791138,24.1711817624842,64.5788371031558,46.2685503787243,0.0313516970625728,2.48493257528057,14.9335433227704,74.7893001383172,-145.146969622827,6.5895410776393,621.878381347656,-0.480975008010865,0.17626953125,27.2171029268244,383.815001154123,-18.5863831648286,307.98442638203,876.281820678711,-0.336597108840942,13.8213443756104,0.0459358888175111,1.18437517549666,0.432179847575741,1.15466725003817,0.827279991798484,0.000560567199025976,0.0444305037367928,"SSP5-8.5 , 2090s"
"396","ssp585","NA_STSS","NA","STSS","2090s","9",3128,30.890310468249,2077.04816855715,112.835996102359,2220.77447512775,1122.56714517115,7.6659308269088,26.3402184017155,3.03341742392196,72.0798080129699,24.7626737828224,89.2973092343702,48.024255469922,0.0291717398752378,3.65992631106462,24.8952225411593,1839.41818508386,61.8287376789345,1938.27895123524,982.449951171875,7.59293050765991,17.5739974975586,39.1717382234302,2203.15899565367,172.838952035526,2371.10637371088,1352.26685546875,7.74237341880798,34.5918807983398,0.0542373928087766,1.28878433609249,0.442755703307743,1.59663262942869,0.858671934739372,0.000521589644092922,0.0654393488409971,19.0658932936633,244.475961752099,-99.6706300628677,163.871224982894,738.362484447451,-0.399596207331023,4.40731399338316,2.39427786083841,67.2846285973909,23.2503377647985,65.5560724676541,42.6291123611426,0.0290493927944982,2.25181248694766,14.2272335935211,67.0594469521154,-141.203870251488,0.981714296621249,602.268124389648,-0.467787822087605,0.160964965820312,25.9634045968408,383.751613342442,-15.3575015965592,308.531407371683,835.698211059571,-0.324551153182984,13.4999179840088,0.0428096007517991,1.20304670318371,0.415715190511331,1.1721401826827,0.762206972897063,0.000519402082755418,0.0402623250671453,"SSP5-8.5 , 2090s"
"397","ssp585","NP_SPSS","NP","SPSS","2090s","1",7532,43.7021731881839,1993.81971150547,55.0108719740185,2092.53275666767,1012.23824377376,7.65493168890651,11.271464865694,6.0626729781939,88.2489141812947,9.96930579009417,91.1791356178003,44.4572911882862,0.0247182299030206,3.67423214460438,27.0050749669078,1430.19921187557,25.208684815059,1498.06757315811,781.481981201172,7.5433137734731,0.468427419662476,61.7068622138532,2154.26936935683,103.54980941366,2256.10388954338,1114.48124186198,7.76993483543396,22.64430809021,0.0698568482014679,1.01684372950355,0.114870830697534,1.05060706043413,0.51225692910683,0.000284814576071476,0.0423361573526674,25.8364834850128,117.881766644582,-58.2266678132924,85.4915823163023,657.184110967112,-0.413725512780482,4.62584558747193,3.35842895158313,36.6285003192625,10.6925075330493,27.4876517100507,26.5963275650204,0.0213639465333603,1.6885336725247,14.6918602665024,-36.6530663592243,-94.9894992050379,-55.3810484727319,471.365835571289,-0.593438243865966,0.963140338659286,38.7527043304542,246.141952392096,-33.4659874065045,177.791976922193,737.066666666667,-0.309396829605102,9.85578632354736,0.0386973307499836,0.422050075247899,0.123203886852527,0.316725101259852,0.306454863079162,0.000246165012583249,0.0194560453563776,"SSP5-8.5 , 2090s"
"398","ssp585","NP_SPSS","NP","SPSS","2090s","10",7532,36.8193695507435,1965.938968961,68.6711656978372,2071.42950420958,1025.70410022418,7.6612352758424,17.1892436649308,4.01810826094053,78.2477273296052,11.7012000950326,81.6721542097724,35.0649479146052,0.0223873056432884,3.73926524730859,25.9037076530177,1357.14919408134,30.7489399571591,1427.95653145538,845.992224121094,7.56250198682149,8.34911155700684,50.5816247771805,2112.53002039437,115.839224105144,2214.25617469442,1158.69415283203,7.73513236045837,29.4063987731934,0.046298452819602,0.901605550857613,0.13482649678677,0.941063339460971,0.404034120341533,0.00025795661708756,0.0430854980477732,21.3389391797314,131.366542593516,-63.1340403133459,89.5714414599012,665.708144561036,-0.405784238061101,5.92405866036827,2.50848018861832,38.1141898309778,12.1832658149779,28.6304086758449,29.83488579496,0.0161920083776944,1.74765552721024,14.3557924139504,-116.076227965607,-102.91941212337,-159.682434213302,542.621176147461,-0.507243919372558,2.81411457061768,30.5021618393516,230.813567455146,-33.7095782908334,161.666435923175,751.338064575195,-0.311442852020264,11.2929134368896,0.0289038383536403,0.439168858838519,0.140381075096119,0.32989246162677,0.343770989394109,0.000186571612123215,0.0201372739898552,"SSP5-8.5 , 2090s"
"399","ssp585","NP_SPSS","NP","SPSS","2090s","11",7532,39.7528691424054,1977.89472335555,62.2115059988343,2079.85909849679,1022.33512838925,7.65748316362954,14.5798862906483,5.10503623076971,83.3677856951057,11.3242610387489,86.3881817523044,39.5734529712631,0.0238008571676017,3.72376084233621,26.0577606480296,1389.20496905261,28.5876457338891,1457.5200670743,855.253328857422,7.55393757820129,5.14715433120728,53.8692619843573,2136.10652364812,112.443148174607,2236.39993726588,1130.14266357422,7.73748717308044,27.1079406738281,0.0588225263540625,0.960601169012822,0.130483235236835,0.995403532530521,0.455983145877185,0.000274244194302112,0.042906849311728,23.3107465073478,125.476273926292,-61.2773720040444,87.5096484295953,665.087360312445,-0.410870068698688,5.34547441612666,3.01739502882734,37.6840306482073,11.2097668409702,28.3815033219836,26.5548198391924,0.0157261720479087,1.63623396523019,14.6202068105017,-93.1867702385905,-99.2138982946872,-125.212287466303,523.146452026367,-0.512078968683879,2.38911247253418,32.8589764858909,241.69826280261,-35.212167935012,169.422364212067,721.050203450521,-0.317871904373169,10.4475078582764,0.0347677843173803,0.434212371025084,0.129163981530929,0.327024462052364,0.305976592370387,0.000181204036155715,0.018853424577293,"SSP5-8.5 , 2090s"
"400","ssp585","NP_SPSS","NP","SPSS","2090s","12",7532,42.4191230595282,1988.09726128157,57.3537245893132,2087.87010893041,1025.38978413951,7.65232675369053,12.6070610047999,5.7549995796729,86.582187649089,10.4890090829278,89.5090732795098,43.3947708636362,0.0244229294501608,3.70694025367896,26.5443700692143,1418.352253879,28.037495446258,1485.98472224487,805.951536865234,7.52474486033122,2.35379433631897,60.2786384325215,2151.72389467945,107.733549668728,2253.09059434662,1134.0923421224,7.75853814125061,24.7924404144287,0.0663116967520301,0.997638955838131,0.120859086070677,1.03136385010882,0.500014091451389,0.00028141199127374,0.0427130349145611,25.1204215794917,121.190531287683,-59.7473790610019,86.5635738061729,668.826344794388,-0.415573894032669,4.91745527276333,3.303941594146,37.3887063740512,10.8114392272564,28.2409242397351,26.4200524551407,0.0183068736655351,1.6650138330821,14.5907193990989,-63.0971667908159,-97.4222823970262,-89.2802102570081,489.065009155274,-0.556712039311728,1.49942111968994,37.0967265126788,246.671389523063,-35.3162058565744,175.082096672107,771.090619913737,-0.310972232818601,10.0713376998901,0.0380695028808118,0.430809511747643,0.124574271390577,0.325404646561036,0.304423741882809,0.000210940042337186,0.0191850391748509,"SSP5-8.5 , 2090s"
"401","ssp585","NP_SPSS","NP","SPSS","2090s","2",7532,44.5556382257155,1997.30671264633,53.6617109602089,2095.52406183226,1009.82347712334,7.65452752086421,10.5989386779671,6.20088496853263,89.1346621663403,9.59920124563013,92.1508963471806,43.6805093641711,0.024677381788594,3.6397441763898,27.4843543138643,1454.72339179979,22.7172452301348,1524.75549295491,775.463150634766,7.54339423179627,-0.692846477031708,61.717839823534,2155.06534324225,100.117629277375,2257.00837965057,1110.2005452474,7.77148023605347,21.2882099151611,0.0714493889938613,1.02704971665783,0.110606319470507,1.06180412516195,0.503306499128495,0.000284343905702304,0.0419387714522554,26.3348052886771,115.977764092348,-57.3950124919577,84.9175568890669,654.752786723655,-0.413592652718732,4.50505213005455,3.36403049127709,36.4088279418791,10.6923512268996,27.3033296439577,26.4229555496751,0.0230903515856525,1.70062692718571,15.6434355252685,-47.0778487638099,-92.6762721611014,-59.6294653417015,488.736876831055,-0.618936506907146,0.566876411437988,40.034678375608,239.877959761312,-32.2083739228825,176.533610188188,730.282366434733,-0.323938608169554,9.89044141769409,0.0387618742128263,0.419518911192684,0.123202085822683,0.3146012594103,0.304457192645358,0.000266057429031571,0.0195953892824238,"SSP5-8.5 , 2090s"
"402","ssp585","NP_SPSS","NP","SPSS","2090s","3",7532,44.5515193362411,1997.78433801234,53.5243030527739,2095.86016040135,1003.3001303089,7.65673212402904,10.3985512457512,6.14746345954858,89.5851812283026,9.41140598267591,92.6577096542281,40.1738530352746,0.0247825791573626,3.61337875127422,27.9276736741774,1462.78783878782,22.461096576907,1534.04449270086,780.806535644531,7.52751801808675,-0.00438786763697863,62.259915423349,2154.13272487038,97.0782921162505,2255.74008283478,1101.92884928385,7.76677449226379,20.5203189849854,0.0708338423105395,1.03224080016779,0.108442457882667,1.06764385631424,0.46290122578726,0.000285556037157803,0.0416349771511789,26.2585868582194,115.118947040229,-57.1185114450275,84.2590224534211,649.226856397762,-0.412214493120723,4.48083981021373,3.26300958937911,36.4171343260253,10.8394701960677,27.2798701385976,26.970945838822,0.0241026629701371,1.68758538499658,16.5785131739446,-48.6975485024204,-93.143213684379,-58.8087752790052,499.137683105469,-0.635021003087362,0.871498584747314,39.9380274235374,225.420299936105,-31.1995322613149,169.17498668573,776.063172912598,-0.324424457550049,10.1660671234131,0.0375978658893615,0.419614621091352,0.124897256836144,0.314330948425241,0.310771383528241,0.000277721736668304,0.0194451187604451,"SSP5-8.5 , 2090s"
"403","ssp585","NP_SPSS","NP","SPSS","2090s","4",7532,42.6458840947365,1993.01454516631,55.9559771477229,2091.61640640877,976.489023617336,7.66922006552718,10.8670728737664,5.51535526817379,88.841626788928,9.59519465214239,92.0604924157002,42.5824929732726,0.029978892188593,3.57503632844472,28.5375878322138,1452.00610569345,24.707452730235,1522.41905500987,751.500347900391,7.51661810874939,2.01070117950439,58.3398700427433,2147.16483146181,95.6622799402772,2247.26816359437,1094.38100585937,7.7566942691803,20.9708232879639,0.0635504070781599,1.02367323107941,0.11056015369609,1.06076245035268,0.490654659813128,0.000345430295910599,0.0411931784889533,24.9353653269656,118.096094262632,-58.0209224571013,85.010537132496,629.503002111734,-0.40772288057375,4.58914609543128,2.89750083265624,37.8209577491439,11.7306609292857,28.1084211233926,39.2790154737555,0.0270970744793613,1.71663904338241,16.7431350031334,-59.1451517964927,-100.90127577224,-69.9247543518463,470.711645507812,-0.620281251271566,0.978421211242676,38.259145390333,228.478747920638,-29.195524277111,170.229881658855,816.766703796387,-0.320783805847167,10.8744802474976,0.0333863093982668,0.435790106743174,0.135165957785855,0.323877885985651,0.452590504439622,0.000312224694522864,0.0197798880958284,"SSP5-8.5 , 2090s"
"404","ssp585","NP_SPSS","NP","SPSS","2090s","5",7532,39.4261994663757,1982.37803397972,60.9487699286171,2082.75300337471,953.375851203691,7.68359134569859,12.413408009273,4.4960649639478,86.2179253081985,9.77660444963293,90.0613425322896,82.0410913528523,0.0465601280574191,3.45904487976108,29.0513184426229,1422.66768300306,30.2116081406252,1491.63861138642,637.77548828125,7.51577281951904,3.67523312568665,54.299571489918,2141.88175404998,96.5737573347145,2241.8518833027,1175.55007080078,7.85504717826843,23.1112613677979,0.0518056851854157,0.993441761111544,0.11265043907535,1.03772734513759,0.945314399363545,0.000536486762463804,0.0398566727838781,22.9757878169981,126.064042824742,-61.0247536468128,88.0150769949275,617.078090375242,-0.406651623770828,4.95403518208366,2.82566913017414,40.6197448337599,13.6230452215027,29.874153864403,73.9068047390317,0.0330929834977457,1.82221081354189,14.7119094719754,-68.1271689918569,-106.554921459664,-83.6586062916751,366.503588867188,-0.599913756052654,1.43801403045654,34.3524252707044,262.397937529885,-27.6729257247752,215.622571689002,874.946415710449,-0.260662937164307,12.2007036209106,0.0325586321749706,0.468038991883683,0.156970861780467,0.344223453773453,0.851587485962028,0.000381312258314218,0.020996333572752,"SSP5-8.5 , 2090s"
"405","ssp585","NP_SPSS","NP","SPSS","2090s","6",7532,37.5760103051363,1972.89336459987,65.3750893213484,2075.84446422636,993.638339737826,7.67220891167164,15.1948365517036,3.25430179710991,82.9175487725657,8.83317965096597,87.0342488648937,88.8642322094447,0.0445008129583593,3.33344555051518,28.5345941797204,1392.90817009342,35.0229258210384,1464.28412663054,739.94741414388,7.50013598442078,6.48818826675415,50.0083786193199,2115.94624031949,102.970628490663,2225.23121452731,1271.68054199219,7.78850073814392,27.1321773529053,0.0374975307855373,0.955413336440341,0.101779873701459,1.00284780873912,1.02393370091429,0.000512758406540363,0.0384094607523378,22.2443566683289,138.250273580108,-65.6844479459559,94.8101823024812,655.388433089791,-0.418593982765267,5.60050944701667,2.09079930361544,42.7066913518515,15.5733090366449,30.625185161721,69.0528966917456,0.029012866104727,2.09322306000611,15.5287884642099,-84.1699385210441,-108.815493517754,-113.724854367122,482.484548950195,-0.575637674331665,2.07104778289795,31.1656299948349,304.605469827736,-26.3681803541273,260.305553737189,938.503227742513,-0.305706024169922,13.0599889755249,0.0240911311063176,0.492085729460207,0.179442679702567,0.352877174586038,0.795658571626265,0.000334299308350819,0.0241190587189185,"SSP5-8.5 , 2090s"
"406","ssp585","NP_SPSS","NP","SPSS","2090s","7",7532,36.5411169757403,1965.73516842384,69.688970263856,2071.96525566344,1058.61669699529,7.65174629002591,18.3038634916165,2.32648751682184,77.8803534950348,8.72180388749895,81.8708232016911,77.8555835610856,0.035777543886129,3.45299184998696,27.976521665555,1383.53263037167,34.9668591202974,1459.64120352937,818.396087646484,7.51446870803833,8.19227123260498,48.093885429382,2104.58733624161,108.309975126055,2208.30110770554,1283.25808349609,7.75778069496155,32.9500961303711,0.0268068368341466,0.897372504099676,0.100496551999988,0.943352493050604,0.897087093766301,0.000412244972022097,0.0397869270490166,21.7087486175185,144.268830510472,-67.6309460366358,98.3466330913547,702.568806228357,-0.421539633407744,6.19056082391344,2.04736037844939,41.1258126374513,16.1873275064069,29.0771827493584,61.8647887749951,0.0319315055562153,2.22842352114139,14.1102461347388,-104.007020352972,-108.620797542229,-141.490301152985,497.550482177734,-0.536134815216064,2.4776725769043,28.6084931839226,253.991717184827,-27.787626421084,211.213128502945,940.900722249349,-0.301490926742554,13.0551881790161,0.0235906082491103,0.473870133010588,0.186517677016348,0.335040393693375,0.712833955256177,0.000367929186434426,0.025676899315676,"SSP5-8.5 , 2090s"
"407","ssp585","NP_SPSS","NP","SPSS","2090s","8",7532,35.3748157114574,1958.43882724986,73.9654153920807,2067.7790583534,1085.10663330808,7.64512568735132,20.3967053123939,2.36924867628396,73.290305462208,10.2683986953036,77.4743421415102,71.7802315856206,0.0314597200908518,3.74973787865417,27.0228940474661,1357.61967953898,33.7899866557229,1435.50357237044,821.578759765625,7.52453560829163,9.54038524627686,46.8871270239907,2097.8943037854,115.936324697572,2199.11620681771,1283.93561279297,7.75462803840637,35.8380584716797,0.0272995501697014,0.844483903672122,0.118317113839062,0.892694258449077,0.827084152448662,0.00036249306184778,0.0432061684221789,20.6828471832342,142.790706780683,-66.6005883354389,96.8729656284784,713.534675978948,-0.412560498415755,6.60404189333101,2.09854278774334,39.7060910574167,15.2272981511187,28.9125376534543,60.332277893084,0.0280795692647603,2.29979408909681,12.5982787874245,-115.85888240185,-108.149087844346,-153.468523199448,496.596017456055,-0.495115041732789,2.14330387115479,27.069654800371,239.746955207487,-28.8004715653212,176.435942685696,913.048302001953,-0.281829738616943,13.4941635131836,0.02418035501749,0.457511461635513,0.175455786463693,0.333143278755285,0.695175674753531,0.000323545441877902,0.0264992631392976,"SSP5-8.5 , 2090s"
"408","ssp585","NP_SPSS","NP","SPSS","2090s","9",7532,35.0267995694196,1957.16808845909,74.0762660913081,2066.27115411982,1053.74197315836,7.65542691889939,19.7770265283041,2.85538767632032,73.6499075389836,11.3016550301656,77.6774847426828,53.4609248489461,0.0261696086873015,3.83107600550561,26.4483070002327,1351.38552851204,32.8259429183847,1427.49009182882,808.468469238281,7.55175558725993,10.2293872833252,46.5726553572142,2094.08901385179,118.170678989426,2196.04199703789,1206.86282226562,7.74215931892395,33.4375381469727,0.0329010626465413,0.848627400736965,0.130222758625986,0.895034958979092,0.616000850666939,0.00030153801600977,0.0441433829479978,20.2277304177226,138.196707009073,-64.9723726475497,93.4520647792463,686.38767060813,-0.405597053248273,6.52022715859066,2.10315530133677,39.1325524210502,14.0876462719761,29.0667567446252,46.6255679446053,0.0212695016254743,2.181111399318,12.5601475778518,-122.62952829314,-106.235160279604,-163.764573834393,510.553411865234,-0.491714159647625,2.75750160217285,27.8882033782606,232.66342896728,-29.5568670331245,162.016286128227,794.254152832031,-0.288197708129883,12.9285469055176,0.0242335024762235,0.450902891191018,0.162324204303459,0.334920260571794,0.537240790312895,0.000245076775824096,0.0251317477424024,"SSP5-8.5 , 2090s"
"409","ssp585","NP_STPS","NP","STPS","2090s","1",17509,26.4899170795876,1961.29232320036,116.046000126329,2103.82824040627,996.923312538875,7.69920002941449,28.1922369723489,2.68044520321123,73.1467537083379,14.8754444961331,75.6349035571436,22.5741640847988,0.0176038196046207,4.03111964965002,23.1621870386849,1711.38914230058,61.308700253868,1832.74191688654,894.379821777344,7.64210925102234,13.9500732421875,38.3471380444852,2128.23396809458,139.734962556286,2270.25725433139,1081.27786254883,7.74884009361267,33.9979782104492,0.0202570528863312,0.552795355248482,0.112418886797182,0.571599165531935,0.170600777506158,0.000133038162580238,0.03046456754134,16.0899352915447,230.875106968125,-100.277427230283,146.687615029387,640.11806372059,-0.381376785394406,3.91060413479812,1.74344994661347,37.2050559330679,10.7712439601103,31.4152867673328,14.1392073547659,0.0165759627877005,0.967981665726392,13.182338934336,114.390344378237,-119.007266185192,68.6424868802769,584.857119750976,-0.432565298080443,0.908049583435059,24.5396380999913,303.39909343963,-63.5602388876241,237.811041935889,679.224215698242,-0.318768199284873,6.11526298522949,0.0131758551642502,0.28117149523227,0.0814020216828643,0.237416204115168,0.10685488769297,0.000125270292573053,0.00731537274932057,"SSP5-8.5 , 2090s"
"410","ssp585","NP_STPS","NP","STPS","2090s","10",17509,26.0486432303725,1952.90043049135,123.610677597195,2102.55975131892,1063.86407952382,7.67761460603941,31.6002497254716,2.11494547967877,70.276486766471,12.0917216837681,73.8447970088348,35.4677966238774,0.0177072064356486,2.72573210273746,22.4076919233025,1630.5862853147,71.0986359497062,1748.8421217515,946.070642089844,7.61451088587443,21.2057991027832,34.154992198021,2106.59044201186,143.886075803885,2259.58160143131,1204.39444580078,7.7095251083374,35.4909934997559,0.0159833755908286,0.531103753730336,0.0913813292439039,0.558070710267184,0.268042424859414,0.000133819492674722,0.0205993016730856,15.604359331417,234.037949525323,-99.6643922856491,149.977916571091,677.612657405082,-0.373180761784726,4.31356167816265,1.14035472960378,35.2991719587941,11.6700864297353,28.5421251828895,26.7008388223218,0.0122310028166701,1.1997711736013,13.2921150971246,119.878584737647,-122.483996228054,72.2141159473713,593.929802449544,-0.41152590115865,1.82639694213867,19.3678155065966,325.807032820234,-60.583635192166,258.93427822005,772.674651489258,-0.333056608835856,7.38889312744141,0.00861805570174953,0.266768069855089,0.088194885577959,0.21570272678039,0.201787487946104,9.24339250111606e-05,0.00906708635043939,"SSP5-8.5 , 2090s"
"411","ssp585","NP_STPS","NP","STPS","2090s","11",17509,26.0649932563728,1953.82461537733,121.390990482585,2101.28059911628,1038.12710202203,7.6858154072962,30.5358217775343,2.18854170748421,72.6006257304311,12.8569999959561,75.7302950784327,25.4420234299386,0.0164295446095006,3.27760953317031,22.5018999159831,1636.48855023585,68.1636738197505,1755.41681070523,953.81435546875,7.62912360827128,18.4765968322754,34.5295666437474,2116.17050532412,142.017964776217,2265.22785460527,1145.37261962891,7.72243447303772,34.8969116210938,0.0165395677775233,0.548668076944898,0.0971648025356474,0.572320072301209,0.192274183981865,0.000124163759682262,0.0247700305809766,15.6986204754839,233.674743038027,-100.218277828292,149.155085685218,663.670729722768,-0.376323204812477,4.19702763855947,1.24907786095207,36.3798365139203,11.24072346828,29.9054227742139,19.0473290428393,0.0121162304767109,1.0987001801488,13.0430447874809,116.208300024087,-123.111009450263,69.2983261503371,601.022991943359,-0.41420610745748,1.84476470947266,20.3724389535018,310.857790169404,-62.0238616574647,239.332192710468,741.768739013672,-0.327533690134685,6.76326560974121,0.00943971406620752,0.274935026232092,0.084950040950204,0.226005638913859,0.143947263425457,9.15665506818308e-05,0.00830325784270173,"SSP5-8.5 , 2090s"
"412","ssp585","NP_STPS","NP","STPS","2090s","12",17509,26.35827630366,1957.76565223157,118.104143480769,2102.228072016,1018.80336286362,7.69175537967987,29.287034964163,2.42292323483011,74.0433261984032,13.7937808468282,76.7697699333758,20.9089770736541,0.0164905992980329,3.71962955131306,22.8443917793667,1660.06590727022,64.426254403553,1779.99256906839,930.118615722656,7.63699367841085,15.7979278564453,36.329634027548,2124.05942560699,140.553786432314,2270.04673470693,1090.95938313802,7.73394088745117,34.6568489074707,0.01831087016764,0.559571064121742,0.104244379919391,0.580175743846132,0.158016382454926,0.000124625171112376,0.0281105289704262,15.989293003259,232.749128546362,-100.65592288652,148.082498663101,654.523987549238,-0.380761248637492,4.06333738694156,1.50035437882124,37.2898518290265,10.9743046894998,31.2961189512929,15.1414982089574,0.0138521509058271,1.01981446372456,13.3043020526819,115.414989940175,-121.877552469837,58.6404897470993,580.040054321289,-0.422109142939252,1.53010177612305,22.8434571681896,306.955207160202,-62.963765230801,236.628822509077,709.514360351562,-0.32470202445984,6.35768699645996,0.0113386977520038,0.281812327190677,0.0829366219535405,0.236515611650537,0.114429546863961,0.000104685502674187,0.00770709115827647,"SSP5-8.5 , 2090s"
"413","ssp585","NP_STPS","NP","STPS","2090s","2",17509,26.8739564820672,1966.50986020324,114.276177851411,2107.65999453672,997.943876112759,7.69849364072057,27.6597033025913,2.89958183917787,72.0650900036635,15.7576307306062,74.4966661892059,25.0861805535226,0.0187106469845758,4.26591806683042,23.5107672097547,1738.66471307026,58.8705142395823,1860.49115761876,892.987249755859,7.63888281186422,13.0309419631958,39.609026266207,2130.1241367888,138.674241358415,2269.25203186628,1083.20703979492,7.74954180717468,33.840274810791,0.0219131443515814,0.544620847952245,0.119085873753642,0.562997111465734,0.189584956103546,0.000141402840487076,0.0322390205123435,16.3919808601925,231.071666526319,-100.321140089997,147.142507296515,642.439427123895,-0.383874674211987,3.83056017668047,1.93766512830242,37.3377974579314,10.7896768342289,31.2211740086095,14.4793292439758,0.0191101194543688,0.962119808048882,13.1917869981463,113.306141821698,-118.725737004918,70.0360556533778,579.166201782227,-0.441561670303344,0.758102416992188,25.5799427458543,305.716329649274,-63.7777918404152,238.218134570446,691.629044596354,-0.308110046386718,5.89158630371094,0.0146436065669232,0.282174668916309,0.0815413252975844,0.235949226758325,0.109425306625343,0.000144421792315502,0.00727107266034909,"SSP5-8.5 , 2090s"
"414","ssp585","NP_STPS","NP","STPS","2090s","3",17509,27.1130145141764,1970.57247505292,113.894730629894,2111.580220197,1006.06080049659,7.69567254264156,27.6258369665981,2.93684188620429,70.9032627494741,16.2719515881368,73.5317365734191,26.3287654745049,0.0194340960298422,4.39000373235761,23.8026575774963,1743.6271803873,57.8866646606422,1865.21957440065,913.543499755859,7.63004681269328,13.1304721832275,39.5027345168017,2134.89513888725,139.205005491734,2273.58645866756,1105.10642822266,7.74091610908508,34.1029891967773,0.0221947314335546,0.535840516944285,0.122972774630802,0.555704804115014,0.198975600773297,0.000146870195519356,0.0331767788690555,16.5778409472981,232.644943855678,-100.582234742535,148.640550060441,648.163807992581,-0.384596415571415,3.75139766264425,2.0057019161161,37.3083383140297,10.8347917305357,30.8703559798864,16.554876986047,0.0213464542742685,0.956532728758822,12.8947929779109,112.31251190454,-119.781014642028,69.9486131161934,569.906947835286,-0.445706768035889,0.919247627258301,25.2096780414365,311.608340678798,-64.2381766086019,236.405766903226,710.972792358398,-0.298495165506999,5.70586395263672,0.0151577841398528,0.281952035961423,0.0818822741964293,0.233297973394589,0.125110939865997,0.000161322549198717,0.00722884916683268,"SSP5-8.5 , 2090s"
"415","ssp585","NP_STPS","NP","STPS","2090s","4",17509,27.2734480624281,1973.77728309035,114.700019699921,2115.7507508527,1024.58101692354,7.68959738880136,28.1170317590031,2.87827821131843,69.2403944425596,16.4918265583672,72.0317245598441,28.9854587818297,0.0203318463746314,4.38546660524391,23.936207542334,1730.46136044847,58.0161856488917,1851.4982283989,925.372505696615,7.60811211268107,13.8084850311279,38.6273503826646,2136.8076228451,140.631897798774,2275.58577796601,1184.86219238281,7.72840657234192,35.3487358093262,0.0217521454564343,0.523273645144102,0.124634445943837,0.544368693735768,0.219053152354939,0.000153654805848763,0.0331424902278312,16.6906228098035,235.420999164679,-100.987958607501,151.123663366982,659.670161067972,-0.383788355948457,3.68148452248684,1.99638331705824,36.942789917332,10.8064013437585,30.4902461044848,21.4492535757411,0.0228938002963527,0.959135281861862,12.8636120115926,113.517249259393,-123.948694887373,71.6008822273184,578.896018473307,-0.452966356277465,1.28189659118652,24.5824820504167,317.728468785189,-64.2625518656792,239.572518445088,763.376211547852,-0.30210550626119,5.81523704528809,0.0150873602588812,0.279189460104417,0.081667718209342,0.230425351399034,0.162099439128835,0.000173016379076403,0.00724851756213679,"SSP5-8.5 , 2090s"
"416","ssp585","NP_STPS","NP","STPS","2090s","5",17509,27.3779729861426,1975.46406512753,116.475233421229,2119.3172715349,1052.62386194123,7.68056037654002,29.0756756962502,2.92651086817022,67.7596922918245,16.5172751493156,70.4103357013282,31.0482462599948,0.0212888456969584,4.13610561027507,23.826310789831,1714.4133733518,59.1031318141984,1839.87797176681,943.935251871745,7.60457849502563,15.3028030395508,38.6893923905872,2133.54403592517,142.87113947118,2275.0121659754,1190.68649902344,7.71609826087952,36.1210670471191,0.0221166563516857,0.512083466087126,0.12482676976083,0.532115296495296,0.234642351861198,0.000160887181224814,0.0312579828121152,16.7368555649226,238.170668457136,-101.048200394507,153.859323627552,677.314759977789,-0.38245199420867,3.74150816542999,2.01781112915962,36.2883607196571,10.7599217443541,29.8945838662718,28.4117547576448,0.0230792165367332,0.972706386447054,13.1113064372254,119.920122621179,-124.564263082117,74.2451213701934,593.436786905924,-0.457080014546714,1.33865737915039,24.1327849675221,320.831076301459,-65.7196974707957,244.343310662253,767.887839355469,-0.307021601994834,6.15675258636475,0.0152492976573612,0.274243711968332,0.081316455776466,0.225923725532026,0.2147174723175,0.000174417633831723,0.00735107910041365,"SSP5-8.5 , 2090s"
"417","ssp585","NP_STPS","NP","STPS","2090s","6",17509,27.2789376068351,1973.54160881135,118.88013844441,2119.7006848626,1078.24626321769,7.67262461962249,30.2268405278633,2.91055798511027,67.1066986068523,15.7230551680723,69.5252473865591,39.2996601317543,0.0226247520623909,3.55847970824035,23.1277451582916,1717.40296529969,62.4724285774942,1844.18348343493,992.110748291016,7.58847692807516,18.231372833252,38.0209655147563,2128.85565920921,143.800934578643,2273.16041597712,1198.58225341797,7.70997447967529,35.527458190918,0.0219960948884453,0.507148566617786,0.118824574250863,0.525426377512781,0.297001144716576,0.000170983088376109,0.0268926637852557,16.5859438330372,238.897916234657,-100.621089260156,154.862770807538,691.727533496707,-0.379257262907136,3.88515260575227,1.90626898491822,35.9884998877417,11.0035029770972,29.1870080620883,35.8181664432669,0.020069346843287,1.03998742346158,12.8086905888558,120.39432317162,-123.276089712214,58.9370926495587,601.670789591471,-0.44947150548299,1.54585075378418,22.9380419405022,326.277835534454,-64.256579319146,250.824118712147,799.709405517578,-0.316976086298626,6.83799171447754,0.0144063350359855,0.271977559792055,0.083157283526977,0.220576330080979,0.27069029094996,0.000151671005962568,0.00785954520276768,"SSP5-8.5 , 2090s"
"418","ssp585","NP_STPS","NP","STPS","2090s","7",17509,26.9413817670679,1968.43113131165,121.345700838646,2116.71821391737,1089.42855881934,7.66956383396045,31.1639031198131,2.71563485913412,66.8776370774132,14.1767007573989,69.5803894147649,50.4482378170702,0.0236829281238963,2.88173037295942,22.7988940218451,1719.09578603138,66.0287262318086,1845.06782816464,975.967663574219,7.58108320236206,21.1191463470459,36.7695577533915,2118.58481288026,143.925495364969,2267.83769506977,1270.03313964844,7.71656341552734,35.5995407104492,0.0205229933055675,0.505417469294657,0.107138238324094,0.525843104920708,0.381254808066327,0.000178980091416978,0.0217782346377575,16.2543629605884,237.897892091274,-100.065800825189,154.086454226673,695.478697170639,-0.375118222342351,4.02931083754784,1.66384068679991,35.9267004319035,11.3868946356405,28.8749965142159,41.051590095681,0.0172908651139693,1.14967410413937,12.7880731134078,120.720199104135,-123.011524127578,46.3773394887232,595.507711791992,-0.430072530110676,1.51390647888184,21.3365661063977,319.350851337034,-62.32824883632,242.839581183258,836.708449707031,-0.32284026145935,7.84251594543457,0.012574220411802,0.271510519897428,0.0860547070945187,0.2182183507353,0.310241086309074,0.00013067305708935,0.00868848544327482,"SSP5-8.5 , 2090s"
"419","ssp585","NP_STPS","NP","STPS","2090s","8",17509,26.5467247875559,1961.27193389558,123.193933885883,2111.01259256902,1089.69591654301,7.66958834354383,31.7939761325715,2.45585959995469,67.3432811004507,12.6136562882665,70.4434738647502,54.436656438797,0.0233256028420558,2.42523341278904,22.6471577165619,1689.60233759573,70.0196409711706,1814.85499482297,977.416424560547,7.57981390953064,22.8918037414551,35.6777409306753,2109.16501728347,144.872458244336,2262.79240743371,1293.25652587891,7.71532468795776,35.9652061462402,0.0185597816877907,0.50893650247227,0.0953257698442431,0.532365733075082,0.411396669148342,0.000176279660487372,0.0183283289827035,15.9269387588257,236.398743390664,-99.6734834502548,152.652198699235,693.653111190605,-0.372698257701761,4.18343766000638,1.4127625290988,35.9066694775811,11.9245294882097,29.039094686851,41.8987326509335,0.0151730306283658,1.33183218471254,12.684344231214,123.55059749189,-122.031523496487,35.3809856885359,592.894345092773,-0.414742739995322,1.76951217651367,20.4205662293265,320.544107021187,-58.787506020676,251.532063980007,844.985706176758,-0.330012830098468,8.77732467651367,0.0106767358025062,0.271359139037045,0.0901177999079742,0.219458497468252,0.316643236042803,0.000114667848280019,0.0100651171563285,"SSP5-8.5 , 2090s"
"420","ssp585","NP_STPS","NP","STPS","2090s","9",17509,26.2484426611431,1955.71021774295,124.219715301473,2106.17837570556,1084.29565496501,7.671216042905,32.0797437558369,2.23044735895804,68.219180651887,11.8785182212694,71.7080175875664,48.6416171000157,0.0208543111776425,2.37214088808785,22.1583121932193,1623.55631367368,71.8504898915818,1741.5481030352,932.709482828776,7.59613798459371,23.2744655609131,34.6738526207179,2101.94480868903,145.480831401297,2258.70503083259,1267.69958984375,7.71001510620117,36.154670715332,0.0168562633015073,0.515555978787363,0.0897700768257564,0.541922328016653,0.367601549507983,0.000157603253342919,0.0179270903826932,15.7074905582473,235.216798298048,-99.3875755996463,151.536713256649,689.999888844006,-0.372239737077247,4.33570281499945,1.22252466955638,35.4959459249904,12.0465795618847,28.6519250630302,37.0286026522827,0.0136342395532277,1.3702303979716,12.8821680392315,122.199821742074,-122.412836924839,42.6129570112751,572.529463704427,-0.407892306645713,1.54521942138672,19.7384278393672,329.904840435728,-58.7270323790117,263.960287741039,816.928493041992,-0.330367898941041,8.59924697875977,0.00923904240100839,0.268255158878627,0.0910401745919461,0.216532522508449,0.279837976667313,0.000103038671099771,0.0103553057547739,"SSP5-8.5 , 2090s"
"421","ssp585","NP_STSS","NP","STSS","2090s","1",3375,31.9251100284924,1997.46280786256,87.3413807361506,2116.7292986272,972.848426589025,7.69691939230476,20.0236187974135,3.72932567200538,70.8286915314967,13.6298155366592,73.3362616059373,39.7814343185091,0.0243198396016734,3.22123225203903,25.401959418219,1840.07004274256,55.6091248871266,1939.45327130799,832.321226806641,7.6332590897878,11.2786149978638,40.8809850863503,2125.63377877257,126.021851960352,2266.9933240027,1064.2971476237,7.7563732624054,26.9727573394775,0.0641938498678251,1.21919263437844,0.234613549268268,1.26235608832403,0.684768144905912,0.000418623705598741,0.0554479060729483,19.8247904074116,201.429318996921,-88.4098089611466,132.844300443186,644.304075364258,-0.413011072302116,4.10776705472176,2.24129309795799,35.6339222474917,11.0437374669145,25.4298113937939,25.0777013154858,0.0124417544980285,1.12223056891836,15.2022707127403,105.945564115391,-111.764503433354,67.7600274016895,562.412361450195,-0.463876612981159,1.00539112091064,26.0549350018382,290.269362837086,-55.692807744286,206.95092794342,684.031363932292,-0.356785949071249,7.04944229125977,0.0385799592993819,0.613375944109267,0.190098716841097,0.437729937890486,0.431668975804623,0.000214163146526513,0.0193172457956698,"SSP5-8.5 , 2090s"
"422","ssp585","NP_STSS","NP","STSS","2090s","10",3375,28.9827258224859,1971.37476883389,104.064942534987,2104.42243719136,1054.0854577148,7.67431970588271,26.7182043412853,2.43835697104953,54.5915822419363,14.1718913500604,58.3513363048279,45.4502177282898,0.0243089446254919,3.35845594004561,24.7567521902677,1760.51774221867,66.4897253377027,1880.62756407686,902.383471679688,7.61522269248962,19.0717372894287,35.1669981937565,2105.91807652008,143.574325052167,2259.17978099599,1193.75955322266,7.73704800605774,34.482780456543,0.041972070848816,0.939699061627253,0.243944440813533,1.00441668327799,0.78234638374741,0.000418436167548482,0.057809972998969,17.4854773436437,208.265996103164,-90.6228669858637,135.128606460944,686.119359431552,-0.394659478845834,5.02712800539709,1.26709499450839,33.7540314734914,12.7948586109414,22.1338028645257,32.6019275087642,0.0144702761888238,1.44261982281385,14.9708583496678,113.533568647111,-115.088118820638,73.234445626882,588.324783325195,-0.430129766464233,2.29906272888184,20.4712146925789,297.891092614817,-55.8915824821178,220.329290221406,762.474201660156,-0.334914779663086,7.81692123413086,0.0218108347190835,0.581016896729747,0.220241219187798,0.380994888366871,0.561185432425357,0.000249080616419273,0.0248321891051854,"SSP5-8.5 , 2090s"
"423","ssp585","NP_STSS","NP","STSS","2090s","11",3375,29.629334819601,1978.92625979107,98.6126455769091,2107.16824018758,1012.21892745709,7.6870878424439,24.2642617569103,2.80717990403083,60.0087672568446,14.3435487184154,63.3391097487692,36.424990528758,0.0228128311166674,3.44663171862244,24.8317025398299,1797.44980900407,62.4495929695623,1915.61930370681,899.982080078125,7.63061645825704,16.0748634338379,35.7577596193295,2116.18445610257,138.268587591719,2265.63817178203,1109.70215820313,7.74226369857788,32.2647819519043,0.0483207156360869,1.0329464720542,0.246899223608612,1.09027252098039,0.626992807571744,0.0003926831777542,0.0593277655410442,18.1016732422494,208.043818147208,-90.7918912911242,135.353600098333,664.481564474987,-0.40233842630557,4.71332418201561,1.57357350280617,35.5708092420905,12.1614337479249,24.3538041702983,24.8371815580607,0.0128765120676255,1.25123433962556,15.1806962899993,110.144302238262,-113.782412588764,69.6814262684532,584.273461914063,-0.434628448486329,1.90707206726074,22.2953170514186,293.671893328695,-56.1005266795424,215.206124463176,719.812581787109,-0.345176712671917,7.05364513397217,0.0270863287573403,0.612289563581055,0.209337912763191,0.419208346526054,0.427528846849329,0.000221646741311789,0.0215378211536562,"SSP5-8.5 , 2090s"
"424","ssp585","NP_STSS","NP","STSS","2090s","12",3375,30.8789182074855,1988.8434946012,92.2078386130472,2111.93025142173,991.547271530675,7.69197809379169,21.9431083117958,3.36700700822996,66.2436848008325,14.1843810273827,69.0282604861649,34.5862459820964,0.0228296620760464,3.38403628578228,25.2727520595742,1828.25836085088,58.3352603614534,1936.73411490648,859.636245117187,7.63184822400411,13.4202728271484,39.0133261782717,2123.9567255234,131.164851630673,2269.67205865108,1074.31411743164,7.7455641746521,29.4724769592285,0.0579571647530591,1.14026972455572,0.24415942886806,1.18820134791371,0.595342020873301,0.000392972893422537,0.0582502941235394,19.098091646319,205.551555919118,-90.0333940510405,134.616253514396,656.312694014941,-0.410607947018034,4.42550126933735,2.00517355933825,36.4683152495685,11.5982285462226,25.6525132044953,22.3498044669544,0.0120900486134994,1.15514868470413,15.2277177051945,107.53336246547,-112.429492409577,68.1848484011659,578.080083618164,-0.449854946136472,1.47915077209473,24.7075048646888,290.11475366633,-55.7471995804798,209.509207516112,695.400077514648,-0.353384828567506,7.18926334381104,0.0345155724514332,0.62773856722587,0.199643315577901,0.441563361908338,0.384712979962252,0.000208109141932983,0.0198838738589001,"SSP5-8.5 , 2090s"
"425","ssp585","NP_STSS","NP","STSS","2090s","2",3375,32.8677069019848,2003.84167015472,83.9677104016092,2120.67708745832,973.206215080947,7.69522865951458,18.9840849311672,3.85124720227508,73.7369075407202,12.9466834016178,76.2678143996708,41.6329516832487,0.0247082717729092,3.11840532266064,25.7200049181514,1846.50431067533,53.8287458207603,1941.70980794762,833.211729736328,7.63059269587199,9.55160617828369,41.8875521297942,2132.39075748447,122.692785286381,2266.91273739327,1049.19632161458,7.7582492351532,26.1222267150879,0.0662925167846191,1.26925251069353,0.222854618680381,1.3128176667625,0.716638793434134,0.000425309889289085,0.0536779194728409,20.4637557608318,198.11377067471,-87.1233663858926,131.454160049649,645.014482107893,-0.415058943988932,3.93759025675039,2.28737520344243,34.9517886169,10.739367739924,25.2498688054966,25.4585639623415,0.0129093514675647,1.07197320907989,15.5650769769727,104.747263352363,-112.682724399916,67.7223064884643,567.711779785156,-0.474944496154787,0.77385139465332,26.791708142361,295.663168762754,-56.192486174743,210.591190760065,684.291003417969,-0.360864766438802,7.04087257385254,0.0393731825309349,0.601634201037404,0.184859521802323,0.434632539456047,0.438224863308911,0.000222212014418739,0.0184521528282085,"SSP5-8.5 , 2090s"
"426","ssp585","NP_STSS","NP","STSS","2090s","3",3375,33.0220209810317,2005.25528164434,83.2577822758212,2121.5350849012,970.799637656441,7.695754392073,18.7084716484674,3.67525749186812,74.134910644397,12.5941151731872,77.065695916372,37.4163651116708,0.0242177988071407,3.07540156846507,25.9794107038474,1844.46221244438,53.2956768891758,1942.00929293422,838.410745849609,7.63016103108724,9.1660623550415,41.8777645584421,2136.57296417106,120.739696452737,2270.70220995199,1034.51836344401,7.75698809623718,26.874532699585,0.0632631602623524,1.27610344132589,0.216785770337653,1.3265518082133,0.644057595347187,0.00041686725094159,0.0529376847002907,20.5955322113574,198.100869191799,-87.1732442683072,131.52315713485,644.080644214526,-0.416106858296794,3.8828243400472,2.15020872387914,35.3963347691953,10.7212802769245,25.7398071057355,23.5411375335875,0.0132769958811448,1.04605241523918,15.9311818437995,103.125398296574,-112.146862829443,66.8973345636148,571.42490234375,-0.481714868545533,1.13789558410645,26.6331199972455,299.389418420874,-56.4258764752593,213.595645249405,692.715328979492,-0.362138462066651,6.85919189453125,0.0370121003486836,0.609286289235004,0.184548177611337,0.443065974467134,0.405219704970502,0.000228540373045948,0.0180059714821395,"SSP5-8.5 , 2090s"
"427","ssp585","NP_STSS","NP","STSS","2090s","4",3375,32.1856986606529,2000.77793749309,85.6839391490733,2118.64757530282,963.762573611633,7.69970668085025,19.3069636147843,3.0983952676759,72.3068354976802,12.3152350261295,76.2034050915994,36.6575593472317,0.0254912541393808,3.11261676968935,25.6100277841599,1825.2854362555,54.8466957982042,1929.6732534801,873.333319091797,7.62765561739604,10.512825012207,40.7966047868006,2131.89135886449,120.275640916217,2272.1228288509,1065.69901245117,7.75401430130005,28.7272033691406,0.0533334812074517,1.24463630977544,0.211985334048132,1.31170897264028,0.63099607495306,0.00043878756780339,0.053578279609479,20.1368003325276,203.925958298231,-89.3647570935884,134.69800153717,641.731430757576,-0.417383557142225,3.95690826174927,1.81650296836524,37.6576916389792,11.5357411715948,27.302177282399,31.687194022028,0.0165284856715388,1.09999840838438,16.1812549441612,99.5503616747001,-113.283736669282,64.110431231702,567.685650634766,-0.495521736145018,1.36960220336914,25.7611179849057,303.434276160032,-57.3053089205292,217.683220204192,719.676282348633,-0.362250757217407,6.71551036834717,0.0312679366436218,0.648211611441693,0.198567704194426,0.469959457466373,0.5454398877127,0.000284509109972879,0.0189345578512328,"SSP5-8.5 , 2090s"
"428","ssp585","NP_STSS","NP","STSS","2090s","5",3375,31.7293937474575,1995.29606253618,88.7918690133067,2115.81732529694,996.173804164543,7.68926794071017,20.9886405255078,2.99887752183908,68.9184682064445,13.02009184026,73.4009137480505,58.8328329509183,0.0323692707093537,3.34647838718499,25.5208280875047,1804.7217937528,56.975458877262,1908.27566864021,851.540844726562,7.60978218714396,12.9039182662964,39.8495789274237,2131.83378011493,124.680360547103,2271.07682029795,1118.55212402344,7.75456988016764,31.260461807251,0.0516204564417712,1.18631146493193,0.224118217170746,1.26346896241159,1.01270480990715,0.000557180650605362,0.0576038002756024,20.1110081662059,214.10669865222,-93.4786837289797,140.739023089446,671.782989875515,-0.425356310425768,4.19697032208612,1.76841025552215,37.2429259449065,12.0789149748889,26.2017518708977,46.2384095645006,0.0171628328585767,1.24106074489401,16.0181203030431,105.538113635611,-114.489147286254,68.4151859690285,552.495536295573,-0.491856813430786,1.3642463684082,24.4671495311864,307.175168130397,-59.0788453607855,222.549060877053,763.467156982422,-0.364098040262858,7.46332931518555,0.0304401043062209,0.641072141994041,0.207917495724445,0.451017549499759,0.795913734215237,0.00029542829260004,0.0213627004293612,"SSP5-8.5 , 2090s"
"429","ssp585","NP_STSS","NP","STSS","2090s","6",3375,31.7008989738388,1990.50007169248,92.1269877949429,2114.32795846127,1064.38078507097,7.66620808575356,23.5354848221144,2.85859017538492,64.3270916459806,13.5855194292417,68.5623314941025,56.3853204897706,0.0300921809584226,3.46662658147375,25.4906689738078,1787.47215848715,59.1960480639898,1896.20810272939,924.13520711263,7.59000487327576,16.1708278656006,39.2081130660457,2125.83294236477,127.507269462807,2266.98341355497,1201.76077880859,7.73034048080444,33.733455657959,0.0492056539684353,1.10727890957707,0.233851068884579,1.18018119135027,0.970575143233108,0.000517984514235692,0.0596719423003013,20.039469586962,215.707023302317,-94.1041366306887,141.64235625859,717.734141281349,-0.424474701390937,4.5753262987606,1.67471371658496,34.7928813396126,12.0432533777965,23.5828932394874,41.8612780046324,0.0192101756649335,1.27275182739496,15.8539755714221,116.437668644804,-113.924241444248,76.265329995319,618.763943481445,-0.477302535374961,1.59075927734375,23.5803981844554,307.478688830754,-62.1838453517069,225.272397377292,840.470710449219,-0.353936529159546,7.49373054504395,0.0288272814844385,0.598898888866179,0.207303643406054,0.405938456764098,0.720569033612889,0.000330669735235585,0.0219082072504699,"SSP5-8.5 , 2090s"
"430","ssp585","NP_STSS","NP","STSS","2090s","7",3375,31.088462592298,1981.00518505218,97.579938293814,2109.67358593829,1123.70060108053,7.64818254470987,26.4616427981817,2.70069814420105,58.2109091344451,13.7266161041883,61.932707956574,54.8276995818231,0.027414648345456,3.2915659530186,25.3851780925412,1764.08536251024,62.570557165027,1879.3824784705,960.546081542969,7.58036327362061,19.3201560974121,37.8776591324316,2114.88675567959,136.405042943869,2260.51070086184,1273.86786132813,7.71466760635376,34.5056953430176,0.0464878174916619,1.00199947397911,0.236279802539129,1.06606376222817,0.943763410627841,0.000471895451040372,0.0566585783065972,19.2341898090801,211.370833445464,-92.3292880040506,138.275735250494,744.733576653515,-0.409797119763821,4.84295507505576,1.56829506648664,32.1592942218187,12.7460617865193,20.5394484594534,44.7839063941517,0.0216935271043397,1.56562786186462,15.3415598398633,116.522527976227,-114.322811488749,75.7906814564467,621.311413574219,-0.462857913970946,1.85319709777832,22.3993730375208,309.72348926387,-59.7409082995074,232.063694484876,848.995321044922,-0.336577177047729,8.45831108093262,0.0269954696641868,0.553566270875059,0.219401266795199,0.353550852549994,0.770876993967385,0.000373416307536031,0.0269495583793777,"SSP5-8.5 , 2090s"
"431","ssp585","NP_STSS","NP","STSS","2090s","8",3375,30.0316052731982,1972.40789176889,103.665280176246,2106.10477721834,1141.69218110222,7.64457662667243,28.5382460617593,2.49861387700342,52.8626481911442,13.5829522069956,56.3764993944705,54.0630259520769,0.0258416461611063,3.02840927180283,25.112111756631,1748.15910371242,66.2969123814502,1869.16571985745,959.317041015625,7.58021623293559,21.7835636138916,36.5371628460624,2106.38247065657,142.529279780826,2257.45125214937,1278.84794433594,7.71308736801147,35.4030418395996,0.0430092885966088,0.90993847146988,0.233806878622335,0.970423303432252,0.930600885146548,0.000444818956535775,0.0521287941119665,18.1537941306758,207.975578548071,-90.3648652483317,135.764507430415,743.809709858913,-0.395452500488809,5.13470517773473,1.37805306512079,31.4991124690606,13.4828304912913,19.4264316089928,46.0693291729558,0.0199808527295556,1.75393246867295,14.9760341736554,116.28643786312,-114.558843224754,76.7138263963093,599.142385864258,-0.443257983525595,2.37627410888672,21.0540375606608,301.032689118122,-56.6071966951877,223.484180260777,843.358828125,-0.328876495361327,9.11857604980469,0.0237207847617908,0.542202391168827,0.232083457566706,0.334392204879406,0.793003309590246,0.000343935599398186,0.0301908944068569,"SSP5-8.5 , 2090s"
"432","ssp585","NP_STSS","NP","STSS","2090s","9",3375,29.1697523235573,1968.43849726527,106.40884760712,2104.01709719594,1110.79499671117,7.65576243272946,28.6113337648201,2.36619054862034,51.8958620783394,13.8317029359882,55.5383321536119,50.8005920379078,0.0250805440585051,3.15058664254853,24.8974818696745,1733.0136570092,67.8229167162085,1854.08291622611,928.873974609375,7.59677367210388,21.6879539489746,35.4374843516641,2101.49073152479,145.195180499325,2255.38448993798,1247.52044189453,7.72537250518799,35.5159225463867,0.0407298515055998,0.893296931406602,0.238088689425647,0.955995713364778,0.874443764179085,0.000431717908677385,0.0542318648772178,17.4775757375073,207.002474941399,-89.9660544057095,134.513996273197,719.59298317076,-0.390680363732942,5.24330893967262,1.22254100881947,32.353025027734,13.4551283053974,20.2527526232672,40.497582248235,0.0165990513886536,1.69515105927757,14.8370935878115,115.163292010079,-114.557601971851,75.3771970147852,595.012823486328,-0.430432653427126,1.56020736694336,20.1745639484681,299.416991796494,-56.0663220984849,222.249118491967,788.192034912109,-0.322265243530273,9.03438949584961,0.0210439154098375,0.556901009474869,0.231606612657281,0.348615882776767,0.697095384929242,0.000285723775960429,0.0291790747639462,"SSP5-8.5 , 2090s"
"433","ssp585","Pac_EQU_E","Pac","EQU","2090s","1",6014,25.240253537426,1968.00825986925,129.401842674473,2122.65035608114,1034.63486082223,7.69240917653039,31.5397311896186,0.80809422221254,53.9039794227437,6.01263065314842,58.401497185563,27.0305875011723,0.0104843705274345,1.29422088706224,22.1036505256192,1754.22143446253,97.948562255904,1886.54952576471,887.687522379557,7.62923882802327,27.0912666320801,30.5240598964211,2071.37533112177,143.730111517474,2235.48005605804,1154.55167032878,7.73365895271301,34.0485038757324,0.0104203016141016,0.695086919749786,0.0775323262780615,0.753082002891255,0.348556971237071,0.00013519500588773,0.016688860813203,14.0160203611546,209.083283275926,-86.5035768922396,136.595726744841,620.111503298396,-0.337215612362929,4.52420646329872,0.639875967316877,30.0609407516339,9.13543146082444,29.5697541004454,19.8561097706206,0.0136125947135318,0.995125184175743,12.322988275489,151.271289101156,-113.951619640594,68.271026703675,531.571533203125,-0.373898162841796,1.97052574157715,18.1573147484375,338.715291220252,-67.220778648476,279.61603287666,726.988175455729,-0.273922109603881,6.69079208374023,0.00825114249276634,0.387633101221796,0.1178005591181,0.381299293958343,0.256042732400772,0.000175533172700025,0.0128320488847305,"SSP5-8.5 , 2090s"
"434","ssp585","Pac_EQU_E","Pac","EQU","2090s","10",6014,25.9246940065304,1977.79359188571,125.496422204625,2129.21470809687,1039.41869264167,7.69028271610015,30.6119410757554,1.49864289849069,64.2511820426911,6.90682932470129,65.8486787268769,32.879777825768,0.0139296206753382,2.27587328694821,21.8073869161562,1716.71146849479,101.913769754055,1851.58578048546,921.845922851562,7.65254468917847,24.0782070159912,30.8661675421887,2100.27641264466,140.88914564808,2244.23581672226,1143.89761962891,7.72782220840454,35.4152526855469,0.0193248640874418,0.828513157926397,0.0890629369474436,0.849112732603674,0.423981749320116,0.00017962119368906,0.029347179367952,14.5018323245708,212.899583557017,-86.2581754963403,141.143240385248,625.911582902659,-0.340227140141063,4.29542313170993,0.752486365893124,32.8113352498421,10.8328436050351,31.711363953073,22.7954606982922,0.014413065830415,0.973506285925624,12.0071514547951,145.486006230922,-114.496163952564,60.2754433281259,534.114030965169,-0.408479862213136,1.81625938415527,17.4473616295596,404.497032556928,-48.9933741312276,362.408027264541,696.001670532227,-0.286785697937013,6.23226165771484,0.00970324335649465,0.423099188518677,0.139688534579285,0.40891515853291,0.29394539569685,0.000185855175063143,0.0125532751549617,"SSP5-8.5 , 2090s"
"435","ssp585","Pac_EQU_E","Pac","EQU","2090s","11",6014,25.6712142982235,1971.50707223365,126.432459800346,2123.61074633222,1037.30967487915,7.69071838025173,30.9483483468498,1.30129214972852,63.8408494782629,6.57433939248054,66.8789666427346,32.256397035976,0.0137647371145651,1.9626970603831,22.1055606302117,1741.94809548026,102.73758511171,1878.30113501998,906.316988118489,7.64350045204163,25.0618133544922,31.0009586862088,2079.70008229566,141.002195182858,2233.6127032988,1176.98713134766,7.72747521400452,34.7583351135254,0.0167800441031583,0.82322195676953,0.0847755094641653,0.86239820172039,0.41594331064364,0.000177495035145619,0.0253088003652664,14.4053124537967,213.221031592408,-87.3475300861416,140.278813960063,626.223388947714,-0.341575075291453,4.33291233462542,0.73734184812258,32.2922989041876,10.5020494730085,31.8653366875836,23.829361250834,0.0153557041187504,0.892852928689658,12.4406359947823,153.524300070797,-115.712119942911,68.8117762016657,547.354861450195,-0.401534719467161,1.92090225219727,17.7574735818437,399.836881072242,-50.8349931343801,354.38742078679,723.302037353516,-0.276764392852783,6.2822208404541,0.00950795617508515,0.416406261974057,0.135422974285518,0.410900622962484,0.307277449435551,0.000198010410192236,0.0115132574373649,"SSP5-8.5 , 2090s"
"436","ssp585","Pac_EQU_E","Pac","EQU","2090s","12",6014,25.4901788988542,1966.98383878373,127.501564145862,2119.97558182844,1040.16638124882,7.6896296476031,31.3711628986899,1.09793023466462,62.057074756288,6.09635139976136,66.1760653393154,32.4722584156289,0.0122959888487861,1.55304863104311,21.957485555469,1741.52387623761,102.228399197647,1873.10095390729,884.731412353516,7.64454195976257,26.7681541442871,29.7831745553821,2073.00533362944,141.797482413337,2231.92190018672,1184.125859375,7.73451761245728,34.153564453125,0.0141577106752752,0.800220343710477,0.0786118977031314,0.853334353241782,0.418726823532349,0.000158555659632326,0.0200264210682357,14.296104841698,210.956206153215,-87.7982455953954,137.454065399518,628.716990642018,-0.342375994240755,4.50123485551186,0.681752482879964,31.5584773345669,9.95547054670236,31.3915207405981,22.0400829375116,0.0146386461233148,0.909165519378954,12.3308503192028,148.982260312353,-116.597627075794,56.3612540998743,516.297473144531,-0.384527190526327,2.05549621582031,16.8586029778947,352.831248123495,-60.4797590598147,297.454482603834,724.451854858398,-0.276058149337769,6.46105575561523,0.00879113635823444,0.406943699470584,0.128374888664479,0.404790809352332,0.284204868065842,0.000188764012455615,0.0117236068129915,"SSP5-8.5 , 2090s"
"437","ssp585","Pac_EQU_E","Pac","EQU","2090s","2",6014,25.4810880061063,1976.75440058107,129.894898665,2132.13038725217,1047.50021439394,7.68885012395184,31.6333462488393,0.765720213059372,46.2361214072495,5.9629739216589,49.8608065456019,22.1462216952513,0.00987494585111629,1.34327171615708,22.5513111962948,1785.55614192326,99.5326377070438,1922.34771658943,918.987919108073,7.62865465482076,26.3453216552734,30.4866791387807,2072.97306851534,144.900461540395,2239.91324369845,1164.83769734701,7.72188042640686,34.1816444396973,0.00987389261396572,0.596210586941976,0.0768920072347271,0.642950572651031,0.28557351770866,0.000127336530027174,0.0173213668001788,14.088223440324,210.579946790104,-85.2839024699043,139.384267760524,625.527181957759,-0.334836908951598,4.51679537171793,0.607477102816704,28.4823680513968,8.83507204915761,27.7291899188305,20.3810930613242,0.0134833438806611,1.01465196830797,12.1715710073229,142.65791642388,-113.046344853943,66.612397124105,527.265594482422,-0.37100962638855,2.04225158691406,16.2223734807719,334.937893277227,-58.388050406302,274.660133157473,693.225947875977,-0.268682098388672,6.63751792907715,0.00783336207710905,0.367277549599091,0.11392745177966,0.357565385974163,0.262812344261772,0.000173866494947152,0.0130838449929296,"SSP5-8.5 , 2090s"
"438","ssp585","Pac_EQU_E","Pac","EQU","2090s","3",6014,25.4838540471437,1980.17559928611,131.294526691564,2136.95398002482,1056.54886839272,7.68655621605698,31.9908233023614,0.742727450731591,43.6723217856063,5.13209963806392,46.592026053395,23.3703947796718,0.010557206401423,1.28308962210329,22.4237742231677,1778.39711036521,106.33083373437,1915.67263010055,922.0599609375,7.65664890607198,26.526050567627,28.2596395161376,2071.37768990868,145.917132783492,2239.02541540945,1113.58566162109,7.72533526420593,34.4051551818848,0.00957740303167315,0.563150623634115,0.0661779587977082,0.600799945035073,0.301359118467691,0.000136134217868739,0.016545324162364,14.0177379131544,211.308121774739,-84.3556144351456,140.970245252748,628.956405441388,-0.332624407661222,4.59986458719281,0.626437441716358,28.804329777256,9.27941481464652,28.1556980680496,23.7527746131639,0.0134599339186101,1.07675009187961,12.0560441522338,126.434837739868,-111.607018029612,54.2535961521007,500.138082885742,-0.366742277145385,1.9941291809082,15.9337446784689,324.961525466541,-49.5460122946834,263.995315472063,692.362547607422,-0.246505355834961,7.13201141357422,0.00807785392547177,0.371429216817381,0.119657211390811,0.363065169828039,0.306289871697466,0.000173564625612314,0.0138845946573864,"SSP5-8.5 , 2090s"
"439","ssp585","Pac_EQU_E","Pac","EQU","2090s","4",6014,25.3546394175941,1978.33825715419,132.883393706324,2136.57629027811,1063.21465606306,7.68466146672557,32.4984217889385,0.651307387228892,42.7128524614664,4.36590965042178,45.7706958125442,28.5419988913983,0.0115406772520486,1.19322025474916,21.8709433071749,1745.38452861478,109.484931622953,1879.8723014559,900.210980224609,7.65228888193766,27.0111656188965,28.9827291098822,2066.64872140056,145.451655724124,2233.47905248329,1140.12798583984,7.72667965888977,34.590950012207,0.00839854961446868,0.550778353826713,0.056298008483157,0.590208966162566,0.36804648386596,0.000148815985180647,0.0153864668311799,13.9375465876365,211.690257124358,-84.7783690247717,140.849434687223,632.464784639113,-0.33192433807762,4.64546659293053,0.630514152259755,30.5979172457126,8.66860762425481,30.1259598440726,26.9559535012643,0.0131852676400415,1.13194720505808,11.8140346662773,124.337825074343,-115.092703766654,54.7684623253558,494.837945556641,-0.361178604761761,2.04550743103027,15.3307639495445,316.735669155543,-46.1556611220423,254.583814672261,709.187355957031,-0.234909772872925,7.19622421264648,0.0081304227377314,0.394557364351241,0.111780908136821,0.388471516514547,0.347594572585613,0.000170022828892035,0.0145963564194895,"SSP5-8.5 , 2090s"
"440","ssp585","Pac_EQU_E","Pac","EQU","2090s","5",6014,25.3711914676843,1978.32219714812,132.952345984685,2136.64573460049,1065.09485052459,7.68404369470133,32.5524006149557,0.661067461513559,41.822835685431,4.85741105434256,44.7965548382394,31.923035865677,0.0129495197820171,1.41567391410194,22.3319838099594,1761.04941260848,109.498227989017,1897.57123683986,933.937878417969,7.6489518960317,26.8517055511475,27.7583342595597,2073.05771770694,144.615362479082,2230.75181337377,1130.26950683594,7.72434887886047,35.2522659301758,0.00852440488607773,0.539301668320279,0.0626358744545112,0.57764750675859,0.411644648624459,0.000166982881670577,0.0182549865679871,13.9213220684033,209.550443322371,-84.6030325661073,138.868732824667,634.07501384884,-0.332464826447964,4.77762199678175,0.5513262025951,32.5064602987248,9.38894627277239,31.3572606017402,27.7418031464028,0.0115679986413988,1.23468893074921,12.0539176796095,130.336271465822,-116.353408595916,40.7447050685219,519.23401184082,-0.36811504364014,1.94411277770996,15.1378950423892,318.576346798985,-52.3676970303328,255.176635765439,710.391657104492,-0.255851268768311,7.4973201751709,0.00710930131769609,0.419167853709069,0.121069609597024,0.40434902797285,0.357728032398327,0.00014916829201532,0.0159212016425177,"SSP5-8.5 , 2090s"
"441","ssp585","Pac_EQU_E","Pac","EQU","2090s","6",6014,25.5783784691091,1980.95085597968,131.192109234448,2137.72134368323,1060.79386364489,7.68519358520655,32.0388734031318,1.1959520369426,50.1080069629262,6.48069697061131,51.489556080148,35.3013242155553,0.0138843939504537,1.97579005070505,21.9648513694976,1693.35400228824,108.966741384946,1824.28559504269,935.834246826172,7.65349138577779,24.0367374420166,29.9185594466502,2093.55722507445,144.37895505627,2235.65222281606,1161.27962646484,7.73114156723022,35.3868789672852,0.015421692914497,0.646138199584679,0.0835679989376321,0.663953149995698,0.455207370120912,0.000179037999178618,0.0254776332865212,14.0762043330537,208.839825301338,-84.5725878792253,138.343441755167,634.193347968406,-0.335194598630316,4.83718481188655,0.64566860700364,32.7296942687886,10.7186635496044,32.6195683659046,26.7552872893535,0.0110449588115297,1.17845863803406,12.3279571717631,117.313019419749,-115.495543560533,22.6865048175966,517.810467529297,-0.389542770385744,2.05401611328125,16.7142299981976,325.82375806744,-53.825999151467,262.691528799299,696.466477050781,-0.27454891204834,7.54544830322266,0.00832583805550978,0.422046435481637,0.138216193132956,0.420626371964248,0.345007000005098,0.0001424237409053,0.01519611712411,"SSP5-8.5 , 2090s"
"442","ssp585","Pac_EQU_E","Pac","EQU","2090s","7",6014,25.7842252242476,1980.79340762048,128.815599345468,2135.3932321902,1054.30257389871,7.68657757867229,31.4556745078184,1.5938538083529,58.4757655345461,7.41767166900798,58.9037689919678,39.5267492130522,0.0146157293334465,2.2994408459899,22.2856601703792,1706.07226091316,106.104640461368,1839.02692280724,928.649505615234,7.6488302230835,23.5628662109375,31.2059221521259,2099.69462732825,144.617457665371,2240.0967694991,1186.84729003906,7.73045978546143,35.6277313232422,0.0205526001242135,0.75403968650724,0.0956502025887643,0.759558752224603,0.509693841761717,0.000188468502531289,0.0296510809016743,14.2496303913928,207.238235306357,-84.968669591243,136.519196106507,632.061312646468,-0.337478914740057,4.75480953848646,0.808154058264288,34.3311119692272,10.8568243565863,35.3886044128398,26.4965743604971,0.0105657317585058,1.10385102263962,12.2903098331593,98.2996672789275,-114.753879292178,0.57386479685556,528.801251220703,-0.408042716979979,2.06747055053711,16.7034996061827,338.560974665754,-56.6851497662489,287.924349284818,707.438344319661,-0.28709478378296,6.9533805847168,0.0104210731945553,0.442696571307435,0.139997764192896,0.456332840339164,0.341670920280669,0.000136244151574152,0.0142340586985585,"SSP5-8.5 , 2090s"
"443","ssp585","Pac_EQU_E","Pac","EQU","2090s","8",6014,26.0185226048717,1982.33531460905,126.573475412522,2134.92731262644,1049.77045099975,7.68750118583583,30.8913942147308,1.73743635027527,62.400229218211,7.57919815253761,62.4014569383485,39.7808247917672,0.0148696846574224,2.46512718652021,22.7701446539031,1747.81014745594,104.384388428107,1885.44593982359,941.797979736328,7.64301088651021,23.1760292053223,32.3302503318769,2105.72776753117,143.787692242679,2242.97353580537,1202.50776367187,7.72513589859009,35.4928703308105,0.0224040839638752,0.804645289335842,0.097733071926,0.804661120675529,0.512970123277179,0.000191743233372812,0.0317875912171862,14.4308214249733,207.834463524034,-84.9083376678645,137.356947281143,630.471958669433,-0.338881671138291,4.61483728181009,0.814425197276537,34.6022346417937,10.9594397323466,35.249744603419,24.541165568818,0.0106883422523267,1.05338876734667,12.6200978249045,101.984100595178,-113.353803210454,5.08689006712643,557.958349609375,-0.399771385192871,2.05619621276855,17.5641849760119,360.355248681377,-55.8384660260008,310.446836089443,724.91184387207,-0.300965468088787,6.45527648925781,0.0105019389626493,0.446192673550103,0.14132098014504,0.45454225570625,0.316456101478509,0.000137825202757973,0.0135833524989267,"SSP5-8.5 , 2090s"
"444","ssp585","Pac_EQU_E","Pac","EQU","2090s","9",6014,26.1153570094721,1982.18337741771,125.205297884959,2133.50403231214,1045.1117171328,7.68861808609088,30.5391942013282,1.70383147042842,64.3433557130195,7.3572341548589,64.7333545650235,37.6452184533129,0.0144909485358966,2.45711021922501,22.1660852163995,1722.1481916113,105.056891103329,1857.55609038756,944.518444824219,7.64838382403056,23.4812431335449,32.1899470332929,2105.60013529654,142.147706637944,2245.96883407304,1186.8520304362,7.7260082244873,35.1955490112305,0.0219707520898382,0.829701729035186,0.0948708663320148,0.834730728816805,0.485431673472711,0.000186859465477963,0.0316842131519184,14.5374140175944,210.07092626932,-85.1647638644378,139.443576422476,628.117514842051,-0.339352038571736,4.42032159891078,0.76016759312437,33.1544788562087,11.0593103072808,32.332886709037,22.8140171111381,0.0123564700771889,1.02807482023765,12.127252842064,124.226638371946,-113.400312625791,31.4605422879745,552.277776082357,-0.388229608535767,1.80097389221191,17.468847633121,342.439394024294,-56.799967933339,291.05677497616,709.821983846028,-0.291381565729777,6.64628410339355,0.00980229208412555,0.427523994162629,0.142608802139781,0.416929638031896,0.294184678955429,0.000159335559580407,0.013256931449662,"SSP5-8.5 , 2090s"
"445","ssp585","Pac_EQU_W","Pac","EQU","2090s","1",4358,24.1444462756483,1920.04854513088,132.233744786221,2076.42673619275,1029.79038535286,7.68918579924023,33.4633816517042,0.476739225741878,44.7529120120641,5.80631179875904,49.8813346793593,24.7377654878016,0.0108537492709667,1.0903200869154,22.7727289246653,1760.85697051184,111.560987645875,1900.50248385706,947.563995361328,7.66227196057637,29.6580848693848,25.5796185320337,2027.58842097454,146.839825398652,2198.66806874315,1097.8108203125,7.71672908782959,35.0007858276367,0.00722166392648765,0.677918813539762,0.0879542319971394,0.755604355186885,0.374728612622897,0.000164413006828434,0.0165162101518892,14.2765225862223,221.045896013984,-109.164715238934,126.157703361272,638.469983861511,-0.35748381119962,3.52900652786294,0.553823003806016,37.0105083814165,11.4263418997779,40.9066943851091,15.6609581932091,0.0148654708621957,0.842686079056811,13.0193687274917,151.623888343747,-131.12706869082,44.1480443203475,591.280314941406,-0.402072970072428,1.74398994445801,15.8309173599025,347.468694815486,-68.1045952213933,265.917702263755,704.744115193685,-0.326238641738893,5.80102348327637,0.00838933192883609,0.560636588825097,0.173086661750836,0.619656162618227,0.237232790446668,0.000225182718096488,0.012765040780959,"SSP5-8.5 , 2090s"
"446","ssp585","Pac_EQU_W","Pac","EQU","2090s","10",4358,24.3671296001809,1918.64049243423,130.90768897604,2073.91531101045,1041.23194285189,7.68442311319288,33.5697903619003,0.514442898731068,50.5414041042592,5.62707123606347,55.8100148744443,23.5368291258478,0.0114745048415226,1.10486531830746,23.2113586274286,1771.9619806459,115.837945185346,1911.88204641232,966.768817138672,7.65572969118754,30.241626739502,25.9313160352352,2027.89239098559,144.983308222039,2192.39974769816,1115.78756835937,7.70569539070129,35.4519958496094,0.00779280059915897,0.765603111944017,0.085239089135195,0.845412228306409,0.356536782928932,0.000173816235824483,0.0167365418703103,14.483105860545,220.855830629095,-110.509922656948,124.829013832692,647.422722237677,-0.359758769614185,3.43400055488535,0.581394904869797,40.789133031164,10.5086736148122,44.4752364046893,16.7319255721959,0.0155783917104592,0.752241696685431,13.2578459096481,120.418564797935,-129.772407929822,16.8826441021874,605.19230448405,-0.405633974075317,1.83394813537598,16.0849130764536,316.597151161757,-70.8539446961479,251.285125846431,691.331088256836,-0.328221797943114,5.80755996704102,0.0088069921349732,0.617875338756685,0.15918578766248,0.673712572876592,0.253455845042686,0.000235982070225179,0.011394985836333,"SSP5-8.5 , 2090s"
"447","ssp585","Pac_EQU_W","Pac","EQU","2090s","11",4358,24.3893891694245,1918.79653035758,131.140366362384,2074.32628588939,1045.25271737114,7.68312424466162,33.7081682431851,0.516380327888256,49.8122490792532,5.72660109003032,55.1808313312007,23.9217878933229,0.0108684376861575,1.05934056762996,23.1296066028984,1770.60780316363,114.950561252692,1910.26256855204,967.536315917969,7.65570023854574,30.6117401123047,25.9393549873125,2022.61215166296,145.270271575467,2192.08517773103,1122.42712646484,7.70378170013428,35.3167114257812,0.00782214884973101,0.754557843888491,0.0867467711491565,0.835881332059491,0.362368152982305,0.000164635507500486,0.0160469312153062,14.5178327990656,222.335079505163,-110.705050826561,126.147861477667,650.799219738652,-0.360328313647498,3.44142357359528,0.564869254655551,38.7255863196346,10.6991350131702,42.5038372003811,15.166712713581,0.015347596560966,0.759013752776702,13.3552263985239,130.166351143345,-131.046968932443,24.2583920501052,610.212161254883,-0.40423919359843,1.80672836303711,16.0775616628926,322.691804808674,-68.6909869773159,243.909145715585,699.172447713216,-0.327823247909548,5.89752578735352,0.00855666095689936,0.586616654674031,0.162070904169875,0.643849742738576,0.229745941120381,0.00023248597652131,0.0114975691996096,"SSP5-8.5 , 2090s"
"448","ssp585","Pac_EQU_W","Pac","EQU","2090s","12",4358,24.3947253209157,1919.67027285887,131.183974867045,2075.24897304683,1044.83411639442,7.68339535330281,33.6756974384016,0.496217823508427,48.0104407114063,5.81280695916177,53.352137701767,23.7865606405353,0.0105555673323546,1.06371188710301,23.1839776367372,1765.64881563904,113.221675000561,1902.80878655001,957.803839111328,7.65530446370443,30.3156337738037,25.8535707206512,2028.1576838886,145.536120701973,2198.35574366987,1118.96930175781,7.7090162563324,35.002082824707,0.00751672646641258,0.727263982192351,0.0880526209339929,0.808180211398131,0.360319725413094,0.000159896135479628,0.016113148128967,14.5224093400129,222.198185066238,-110.588573823461,126.132020582789,651.170131816297,-0.360922774649369,3.50058628203336,0.562614937687949,37.8823475270738,11.0137055705386,41.6437766768261,14.3863036922401,0.0152589713115791,0.791284823074964,13.3835862253697,140.139882296309,-131.828890311295,31.703994910695,603.289395141602,-0.404448366165159,1.77055740356445,16.0870516370974,334.838469551721,-67.4491105433392,251.764914785186,708.81699625651,-0.327628755569457,5.87724685668945,0.00852251247772089,0.57384324136789,0.166836030939016,0.630821513211442,0.217924275578694,0.000231143477872332,0.0119864126000649,"SSP5-8.5 , 2090s"
"449","ssp585","Pac_EQU_W","Pac","EQU","2090s","2",4358,24.2004054021014,1920.71352542018,131.987696290172,2076.90162711246,1031.54175626474,7.68849978938953,33.4306216661944,0.502143172886009,43.377907199236,5.78550088484636,48.2592510421476,24.8097847636904,0.010806719455742,1.10916965888666,22.7113438313669,1758.24530025166,110.432866802248,1897.26271183702,953.159576416016,7.66305543581645,29.3399600982666,25.6136104050253,2023.86545358575,146.749741572957,2194.88501299052,1102.67387695312,7.71144324302673,35.0532302856445,0.00760648388418188,0.657090188330466,0.0876389874815522,0.731032970547056,0.375819563353641,0.000163700597398416,0.0168017441851393,14.2991261473017,219.947793785094,-108.526391747381,125.720528185015,640.340353583451,-0.358375650306987,3.64930789254944,0.591458743999458,38.8150640452592,11.9781512277031,43.0306774019709,18.0952465705953,0.0150713187830244,0.87022231279988,12.9255053651386,141.086797030421,-131.569098877867,34.3722179555582,599.79483215332,-0.400002129872638,1.68638610839844,15.8531417090129,357.914074031582,-70.1990170225017,277.891864192626,705.519794718425,-0.328428697586059,5.66587448120117,0.00895943955293329,0.587972066665486,0.181445490440831,0.651830338153026,0.274107483386568,0.000228300910231566,0.0131821606971652,"SSP5-8.5 , 2090s"
"450","ssp585","Pac_EQU_W","Pac","EQU","2090s","3",4358,24.223309957305,1919.85065243439,131.972526441287,2076.04648883298,1034.73154469399,7.6872385370076,33.5354032944686,0.541512086981553,43.2115618459853,5.6762502747237,47.8216523916738,25.0868606229066,0.0109284433756144,1.13329759187278,22.4855265317816,1760.74755063963,110.379754841287,1901.57578211075,935.589343261719,7.66114579836528,29.715389251709,25.8699840350459,2017.44034049655,147.005375037233,2189.14715391893,1106.42122558594,7.71111950874329,35.120979309082,0.00820284569247728,0.654570382591721,0.0859840550835691,0.724404209543619,0.380016719008892,0.000165544475966969,0.0171672350318289,14.3085996972243,219.505610177331,-108.277234460591,125.536975413964,642.656841208705,-0.358697180055922,3.70791316582489,0.620555601896267,39.8155858590708,12.3337996626057,44.3159898865442,20.769152059106,0.0160058076069487,0.900379444726972,12.6138893345914,127.355374652534,-131.519125125313,23.7820689171604,583.473060302734,-0.399798329671225,1.63968086242676,15.9134894758073,361.795651347994,-73.7719154825352,283.040917514651,704.185841878255,-0.324242010116577,5.4403076171875,0.00940019986318578,0.603128009160513,0.186832866461445,0.671300300562062,0.314611905440712,0.000242456582483914,0.0136389820787608,"SSP5-8.5 , 2090s"
"451","ssp585","Pac_EQU_W","Pac","EQU","2090s","4",4358,24.1843930158795,1916.48017089942,132.11682802732,2072.78139194262,1037.48841365318,7.68593328159882,33.7486495705197,0.578198250804407,43.0815665645625,5.48531778252371,47.534334374084,25.8779010947013,0.0111625202239701,1.07850679391958,22.2510532753573,1761.22634602502,112.122669485375,1902.32639735766,913.185736083984,7.65004750887553,30.7254085540771,26.3826388083568,2021.2897079281,146.894276683534,2186.63786072407,1121.82526855469,7.71242117881775,35.2801895141602,0.00875856909759135,0.652601209123765,0.0830918024287359,0.720051905283719,0.391999430166468,0.00016909028097004,0.0163372619402162,14.2983927203951,219.084447455037,-108.932562697926,124.450277477506,644.408986754565,-0.358772468710835,3.67908173972718,0.645099255301974,39.9140500763745,12.5221660981047,44.5051336649806,21.9692190859048,0.0164690203028689,0.912390544789724,12.4164461354878,109.03576042307,-131.785061972689,14.332185456168,572.557177124023,-0.398705673217774,1.81103706359863,15.9701217255875,358.40241455354,-77.4363449114658,280.11602213219,719.932963867187,-0.320939865112306,5.6866340637207,0.00977198805860517,0.604619548869765,0.189686248391759,0.674165457712762,0.332790566412681,0.000249473346022119,0.0138209266794083,"SSP5-8.5 , 2090s"
"452","ssp585","Pac_EQU_W","Pac","EQU","2090s","5",4358,24.0956939058057,1912.24402201236,132.195891840663,2068.53560775883,1036.60830219043,7.68587479828415,33.9015638813496,0.558796967481403,42.506668916357,5.31521633625307,46.9491193641501,27.131398690509,0.011796977987286,1.05260199104632,21.7724838961049,1737.21008425996,111.032685797609,1870.01525395368,888.514599609375,7.64106914202372,30.9879150390625,26.6572520079137,2027.90203685716,146.320293798298,2195.06095049728,1156.76423746745,7.71549844741821,36.1587753295898,0.00846467771979823,0.643892637679896,0.0805150992500444,0.71118704605192,0.410987459430258,0.000178701071303242,0.0159448550008847,14.2697977271099,218.586496116718,-110.037091741382,122.819202102446,643.957443450675,-0.358937282603978,3.61710610415276,0.666627492136087,41.7861364083341,12.278347773098,46.0196339596054,21.94547191596,0.0160634391047187,0.943697070282607,11.993787709618,99.7465005492902,-131.649537784445,8.3344302747962,543.919385986328,-0.401298030217489,1.77959442138672,16.0750134825898,354.863569098034,-78.4214897539114,276.734115063241,740.014052124023,-0.315513896942138,6.01197052001953,0.0100980986090929,0.632977983839626,0.185992879129816,0.697107165786661,0.332430843379025,0.000243329586604411,0.0142951591184609,"SSP5-8.5 , 2090s"
"453","ssp585","Pac_EQU_W","Pac","EQU","2090s","6",4358,24.0257143108934,1909.53665225332,131.78512161878,2065.347488183,1030.95260395144,7.68752022618102,33.7970606268218,0.495479272036517,43.511786075503,5.282727070894,48.0484647080018,25.25762969956,0.0119117503202635,1.10293458320449,21.7926391703854,1730.70622628292,110.946803716054,1866.59256047694,917.047290039063,7.65146293640137,30.0747680664062,26.5378239824875,2031.25664113621,145.423720998356,2200.14345218824,1134.30202636719,7.71405867576599,35.6085014343262,0.00750553886062193,0.659118190640852,0.0800229506225078,0.727839971139196,0.382603535478018,0.000180439646969075,0.0167072950215263,14.2454561287744,217.154067708206,-110.809845707327,120.589678129653,640.635367552435,-0.359449917389966,3.57692926772561,0.69000557360839,43.2997548843343,11.52247541519,46.8652170802654,21.1354221287511,0.0161093329903918,0.8604736536655,11.5482542629007,64.5884538742548,-131.086659188989,-32.9341537286912,513.024589029948,-0.403425025939943,1.77555847167969,16.0864654052795,348.220075828753,-78.8318753997116,270.032813758934,719.491424560547,-0.312207622528076,5.70486068725586,0.0104522306765273,0.655906334091456,0.174542895899176,0.709916091064028,0.320160178388449,0.000244024788930371,0.0130344876377629,"SSP5-8.5 , 2090s"
"454","ssp585","Pac_EQU_W","Pac","EQU","2090s","7",4358,24.0389047532343,1910.27981292939,131.016238582944,2065.33495626557,1024.46664553224,7.68965893474187,33.4778630180736,0.444758028743563,46.0319899727797,5.34346810140828,50.6733948118664,21.5885599575814,0.0115068323939218,1.18256066314175,21.6909051187716,1720.33671518547,111.990511584728,1854.01813188897,903.754791259766,7.65603896776835,29.2178707122803,26.011527798571,2028.80657674138,144.086124225806,2197.18646550408,1141.79757486979,7.7161093711853,35.2567520141602,0.00673721153780656,0.697294335144242,0.0809430580633001,0.767602512203719,0.327024327456732,0.000174305934817952,0.0179134739093567,14.265520039844,217.046425582985,-111.052245298728,120.2597003241,636.239411219057,-0.359330162102362,3.46470209282651,0.705558017662083,43.8776622872261,10.7033223116366,46.8256783339181,21.2471876754252,0.0162982911756913,0.790473740678882,11.5371694477498,58.9295728735701,-130.041764018926,-40.1013625370149,505.819486490885,-0.40469864209493,1.65571975708008,15.8079015267505,340.593951422764,-78.4321581601832,260.725657861215,701.548495483398,-0.316655197143556,5.42808151245117,0.0106878196906607,0.664660497413803,0.162134333526327,0.709317156630323,0.32185320714098,0.000246887134709173,0.0119741262930758,"SSP5-8.5 , 2090s"
"455","ssp585","Pac_EQU_W","Pac","EQU","2090s","8",4358,24.1387705696578,1912.55984149815,130.483384145034,2067.18199621284,1025.51033314135,7.68929042460676,33.324373882779,0.439162334150563,48.0541898731975,5.49737338627297,52.9409978234988,20.0029003131337,0.0112475460241648,1.17387547787924,22.5552506681819,1761.50099331819,114.658170367297,1898.71441435367,944.224334716797,7.65772051811218,29.1384429931641,25.8157949835419,2026.24468836822,145.291207820534,2196.98906337317,1144.39160563151,7.71695165634155,35.7781562805176,0.00665244774325404,0.727926696159364,0.0832744211729195,0.801952248882544,0.303004694844847,0.000170378255025733,0.0177819103926197,14.3295676311667,217.225738928919,-111.050160769011,120.505145791074,636.539340918538,-0.359146543426807,3.38966334589642,0.67667111135045,42.9334861923235,10.3162240870397,45.6718379228744,20.1476411588435,0.0157968411680525,0.77718571136068,12.4403800947618,101.920398976422,-129.149488805707,1.9779788319031,549.17075398763,-0.406486590703327,1.76227951049805,15.9954325853777,327.74289192094,-75.5568592228761,246.081578918474,710.371383056641,-0.32167374610901,5.79844284057617,0.010250239735007,0.650358082012176,0.156270554895088,0.691838738192253,0.305197234681536,0.000239291150918524,0.0117728387194929,"SSP5-8.5 , 2090s"
"456","ssp585","Pac_EQU_W","Pac","EQU","2090s","9",4358,24.2693434910518,1915.69340700867,130.57997542939,2070.54272592911,1033.64070711544,7.68669271320854,33.4274357008275,0.475340271708094,49.648457690642,5.55905824123567,54.7604141718595,21.2374575776312,0.0114229725548732,1.13460405903657,23.2448501492836,1776.67080033705,115.803370403843,1917.07797435507,963.356140136719,7.6570024172465,29.6937713623047,25.7117803284511,2027.51871102182,145.225069693821,2193.76904294081,1133.94958089193,7.7086236000061,35.8731307983398,0.00720047251756829,0.752076725703257,0.0842088257023592,0.829512836937307,0.321705815249467,0.000173035622786052,0.0171870254461234,14.4054632869672,218.022235588051,-110.698355229205,121.729343645813,641.864949659618,-0.359351017100549,3.42711726544609,0.628712650018844,42.8612230430411,10.2578277371314,46.0679744132654,18.9220744794308,0.0156964082906847,0.762403274686609,12.9759134133097,114.951473311318,-128.95271806249,12.0610773246804,583.564041137695,-0.407243760426838,1.85894775390625,16.1334610235071,321.986390299609,-73.5553938446525,255.672665172783,706.50403503418,-0.32731183052063,5.62926864624023,0.00952376313843709,0.649263437077989,0.155385964765305,0.697839428817553,0.286632304001777,0.000237769789871733,0.0115489138064367,"SSP5-8.5 , 2090s"
"457","ssp585","SA_STPS","SA","STPS","2090s","1",7785,28.5950622715081,2100.48570774756,127.960578889411,2257.04134890848,1090.43707827483,7.68630481947793,27.9759928856605,2.09940607414167,47.5469995942691,17.4726015457009,55.9557354097405,43.2620748254424,0.0198749761186856,2.78455836555321,24.043265231127,1912.37723010345,89.1909462332034,2070.33498063344,958.374611409505,7.6287380695343,21.1809120178223,33.5269459724067,2176.26965315321,160.826026989851,2342.20762146095,1208.75956787109,7.73669376373291,34.6304092407227,0.02379398267046,0.538882162109084,0.198028758469813,0.634184027116597,0.490318224455731,0.000225256487141087,0.0315592749353866,17.2553922776574,282.045047007391,-95.7421252302253,203.558314054823,695.490795108438,-0.370021535956277,3.64269617570863,1.57548364343964,23.0143164844668,8.01799502870265,20.2134320791951,33.6180759796094,0.018365650958373,0.764097918925093,12.4878131694091,151.19437847846,-108.467701389202,127.112635446702,520.564183349609,-0.420016679763794,1.88139915466309,21.1529586650056,343.473132719923,-36.8701432187398,267.266968202578,792.813791503906,-0.243215306599935,5.69312858581543,0.0178560169808608,0.260836745377032,0.0908733365662879,0.229092436440399,0.381016291762455,0.000208150288797229,0.0086600362194681,"SSP5-8.5 , 2090s"
"458","ssp585","SA_STPS","SA","STPS","2090s","10",7785,29.349500373149,2102.98961939858,116.768337346393,2249.10745711813,1010.7160069757,7.70978998163036,23.9599066990641,2.43053798427712,56.1156615353539,18.2523103802158,63.7606218877215,34.823283853332,0.0189515712520654,3.54799567001939,24.2050566403508,1917.94991373086,72.5352386597614,2067.3847997665,847.745680745443,7.63353872299194,15.28883934021,36.77421549054,2205.86182190698,153.086782876681,2359.55604835929,1151.7632039388,7.77023474375407,32.4330062866211,0.0275469235752444,0.635996577584212,0.20686572370725,0.722642060981205,0.394675724120428,0.000214790918014273,0.0402118239663679,18.0811781808817,278.87456006633,-96.4269977386591,200.528740508553,655.476739131789,-0.384192951709286,3.32245854970702,1.81041286840814,29.6861129841017,8.49297185274738,23.7257184839881,25.7755925362948,0.0179517016139492,0.761445222338167,13.201202307326,166.333517172551,-115.585317361483,111.567996485674,535.933287556966,-0.428466081619262,1.09324645996094,22.8940010757602,346.664259051021,-47.2640965255079,265.21272604403,728.748475952148,-0.294584989547731,5.53714561462402,0.0205186280767015,0.336452707552454,0.0962565687381825,0.268899543259172,0.292132146173857,0.000203458722144648,0.00862997142285885,"SSP5-8.5 , 2090s"
"459","ssp585","SA_STPS","SA","STPS","2090s","11",7785,29.2802500400263,2104.02787866686,119.386771913681,2252.69490062057,1038.56900900797,7.7011045962115,25.090487488595,2.31610586205827,54.2907718079492,18.1258909772427,62.0875488098483,40.6067778850651,0.0187515413313713,3.43177586600088,23.953136826086,1909.1780361447,76.826627784337,2061.88025307989,870.218646240234,7.64821763038635,16.6866874694824,35.4143315814286,2204.16905710386,155.267852887469,2359.04679874784,1147.65183837891,7.76086320877075,33.8990325927734,0.026249987281425,0.61531387351653,0.205432927489023,0.703679997228196,0.460223956289867,0.000212523844233173,0.0388946266709799,18.032054669484,281.994709992783,-97.0166922427316,203.010072419535,674.067078312761,-0.383908506033474,3.47064894779319,1.78372540907767,27.4888293607845,8.33432589965757,22.6606837369917,30.9170887671094,0.018928116421044,0.740445909057131,13.297522040217,164.945037193197,-113.823491081626,123.352163916348,560.213688964844,-0.432641115188596,1.36902046203613,22.255915888057,346.342286782706,-45.5731537227504,263.585915872106,754.28875793457,-0.277667776743571,6.5439338684082,0.0202161611301451,0.311549412711474,0.0944585273277799,0.256828787331769,0.350404184977143,0.00021452508862103,0.00839197206558595,"SSP5-8.5 , 2090s"
"460","ssp585","SA_STPS","SA","STPS","2090s","12",7785,29.2090308028217,2104.84072825771,122.904441512622,2256.95420057316,1076.41876407287,7.68948405604735,26.5967108134206,2.2501971849517,50.9098536246829,17.9832830654271,59.1680876185037,43.1640586460794,0.0193903376213171,3.13979990430587,24.1039048496267,1906.98194590949,83.2398385008669,2061.57338969979,942.437778727214,7.6416766166687,18.9481773376465,34.5017813420646,2192.28442973044,157.593641745842,2352.14182103908,1185.0065625,7.73248338699341,34.4371070861816,0.0255029998642585,0.576995651208932,0.203816655999575,0.670591777731482,0.489207341095949,0.000219763752719739,0.0355854664954754,17.8888997032533,283.398267594804,-96.8939276469275,204.39323965113,695.778214973621,-0.380117383486563,3.60644302074801,1.72973549187647,25.0064149455045,7.97710370427358,21.2907401659901,33.4883538722865,0.0185795254565009,0.722190762178585,13.6201692800888,160.742904426144,-111.282027689588,131.721563962587,545.749930826823,-0.429914493560791,1.76782417297363,22.0281980127117,347.452755947008,-42.5835387145931,264.374112319872,774.375211181641,-0.262235975265503,6.23825454711914,0.0196042570444669,0.28341453861275,0.0904098876524158,0.241302294391976,0.379546063771962,0.000210574272496613,0.00818507419393317,"SSP5-8.5 , 2090s"
"461","ssp585","SA_STPS","SA","STPS","2090s","2",7785,28.1986642208859,2097.76796032878,131.215264312982,2257.18188886265,1096.65634447791,7.68512442229531,28.7898330239286,1.92933193917416,46.2831425629486,17.0250245775505,54.5199716766633,40.3930713598948,0.0186945091541156,2.71293484948347,24.1124062467878,1927.47143652854,93.7006048078536,2089.45952651347,957.845245361328,7.63052288691203,22.3263092041016,32.6662369566529,2167.20120428258,162.497565725936,2340.74875952782,1213.51706298828,7.73567667007446,35.0459938049316,0.0218664179796867,0.524558019356724,0.192956067314425,0.617911549960085,0.457801876341115,0.000211877460165796,0.0307475174001714,16.8719193172262,282.10545397083,-95.1063499147252,203.871023373331,694.03527166172,-0.364170723976607,3.65698161636589,1.43401731100102,22.8566370348368,8.23002613981023,20.7116844800686,31.6721249052102,0.018135603980786,0.804700476014603,11.7531323440689,148.614540149505,-109.026380168558,127.271062135656,504.238811035156,-0.415679388046263,1.71275329589844,20.6586693778242,376.943858340205,-33.4928485130628,310.526984811713,791.03040222168,-0.235279083251953,5.91071128845215,0.0162526837791722,0.259049658001132,0.0932764279193292,0.234739466397072,0.358961517932791,0.000205543011498417,0.00912021233863988,"SSP5-8.5 , 2090s"
"462","ssp585","SA_STPS","SA","STPS","2090s","3",7785,27.8426749986478,2094.90979247799,132.589164388903,2255.34163186554,1083.13950000548,7.6898804702343,28.8092578830338,1.84735628492834,47.2203430545227,17.1997235710851,55.2775252062587,36.490932815801,0.0171852769377743,2.87064843104396,23.6145067721943,1933.76361209072,94.93503081597,2086.10036582731,950.963110351562,7.64241596857707,21.9991474151611,31.9231125575697,2166.54868739756,163.740015687308,2338.95682923436,1173.49509033203,7.73951454162598,35.2759628295898,0.0209373326919241,0.535179943590403,0.194936048641481,0.626497414208624,0.413576312721241,0.000194772315218549,0.0325349916162212,16.59820034482,282.374480331494,-94.8930816403582,204.079599035955,682.693722303409,-0.361175859509598,3.59533711948403,1.37696628093711,23.5101107080311,8.19645810359703,21.6994465214173,28.9126497607186,0.0184739199910993,0.840102225255842,11.7944597721485,156.38223144353,-110.41892093577,131.721092438884,503.195881347656,-0.414901571273803,1.28215789794922,20.1928598942786,440.340858985895,-37.3591608543137,385.830685513008,758.886157226563,-0.2424524974823,5.8278923034668,0.0156060860402247,0.266455915155049,0.0928959787619336,0.245934438719898,0.327686528031449,0.000209377374647921,0.00952144420051033,"SSP5-8.5 , 2090s"
"463","ssp585","SA_STPS","SA","STPS","2090s","4",7785,27.652489560606,2093.10165405385,131.757438283583,2252.51158189804,1057.75768515211,7.69806965373443,28.1195362049039,1.87564353015269,49.3019902515614,17.8289624347904,57.2333544853336,31.9411328064236,0.0156448243336309,3.126126188654,23.5625092701865,1930.19934571427,91.7914187760977,2081.58016732613,950.229443359375,7.64318176905314,20.5531730651855,32.4775199836782,2171.43706413866,163.717106966532,2337.06975598964,1149.59509521484,7.74033002853394,35.625431060791,0.0212579310892295,0.55877265294874,0.202067636380982,0.648664144383353,0.362010365613345,0.000177313328594135,0.0354304930688149,16.5187607356815,282.40163037209,-95.0805285193105,203.839862588461,667.701316274731,-0.362280798150071,3.53759677144162,1.39680074969964,24.5475133637662,7.97798241192877,22.3973103341182,24.0232174228166,0.0179611180583939,0.772433134029766,12.439277251653,167.990810172328,-110.958767438232,138.583481958971,507.981470947266,-0.41392981529236,1.39033126831055,19.9057961533422,388.440923561873,-41.8255869619056,324.439826726729,736.108280029297,-0.252905111312868,5.68722724914551,0.0158308834302229,0.278213497986157,0.0904198466379487,0.253843799214883,0.272271299053419,0.000203565445050089,0.00875450482475507,"SSP5-8.5 , 2090s"
"464","ssp585","SA_STPS","SA","STPS","2090s","5",7785,27.7602993583209,2093.61917273677,128.798136673206,2250.1776087683,1031.34881029626,7.7062743701847,26.9418846705562,2.0515991955559,51.7176829829375,18.5541106518431,59.3891144385706,28.9558834472438,0.0152982121779941,3.37677328601278,23.608937892212,1887.0174152694,86.3516071354837,2031.46276742671,942.577531738281,7.63623533248901,18.2876663208008,34.0621499454066,2181.76546090009,161.468568735743,2345.02010129918,1147.15509847005,7.74389734268189,34.9187316894531,0.0232521551247511,0.586151325276826,0.210286229402402,0.673096823511408,0.328176524512183,0.000173384939643481,0.0382712453960626,16.6891106515098,282.018091877845,-95.606410669601,203.100791859754,654.074463118537,-0.365983119012259,3.41606245999553,1.51476012052539,25.8877970507001,7.69739585130715,22.9861032780252,21.1021679522412,0.0177225254102642,0.740745155022271,13.0998578013761,179.25193443101,-111.022687238048,144.685087356699,511.103757324219,-0.416967121760051,1.25773620605469,20.253607401495,356.323900338038,-48.1193342957533,282.232937764805,708.786412963867,-0.270202684402464,5.33979797363281,0.0171677964075724,0.293403835488368,0.0872397702138465,0.260516986111106,0.239165078518717,0.000200861313912802,0.00839536362160575,"SSP5-8.5 , 2090s"
"465","ssp585","SA_STPS","SA","STPS","2090s","6",7785,28.1536999724413,2095.96941959344,124.58819825192,2248.7113178178,1011.53779855324,7.7119573509727,25.6229765038554,2.34308804177121,54.128037763078,19.1097364690125,61.5672402765817,27.5199805282401,0.0162137408320633,3.5202353966501,23.5803537900718,1867.34454087404,80.6576475849524,2017.16307807639,923.983186035156,7.62811228434245,16.2752208709717,35.6887879718056,2190.4439193728,158.959803876558,2350.89791554201,1163.23390299479,7.74828691482544,33.3269729614258,0.0265557944925256,0.613469499009257,0.216583510918268,0.697782990271646,0.311902469867844,0.000183761242350016,0.0398971980959316,17.0642503661878,280.774916802262,-95.814558879358,202.024608289092,646.148889067689,-0.371753852471675,3.35281868755441,1.70456435634655,27.4767302995384,7.56655341575956,23.4895876623824,19.9610092515745,0.0176400536984955,0.772816964656981,13.4614825717251,185.393447499169,-111.610614175986,149.55933842478,509.351126708984,-0.422147544225058,0.98082160949707,21.6749332583244,353.527436599125,-52.9221455253229,274.130780205405,703.514276733398,-0.289221105575562,5.2083911895752,0.0193189756165565,0.311412285903485,0.0857568447892104,0.266223313659548,0.226231558566408,0.000199926606471113,0.00875885503570512,"SSP5-8.5 , 2090s"
"466","ssp585","SA_STPS","SA","STPS","2090s","7",7785,28.7344560360723,2098.95852046018,120.17397707885,2247.8669535751,1002.20148746412,7.71378351660098,24.4824759424858,2.62387445152636,55.8675067725318,19.3364060132594,63.1406325583024,27.057836671263,0.0175953251000178,3.57576820268825,24.1283690454701,1894.64631989751,76.3378650952991,2042.939022034,913.874984130859,7.61589897473653,15.0325899124146,37.5940068526062,2196.66250780983,156.44993630659,2354.55193647976,1192.04618733724,7.74998230934143,31.7755470275879,0.0297381359414262,0.633184072562479,0.219152509490846,0.71561530444193,0.306664682352788,0.000199419667146624,0.0405265887797011,17.5542203782736,278.962173270484,-95.7984739609618,200.717919687796,644.790023059108,-0.377774421670609,3.31262976084538,1.88178017478807,29.1155430443146,7.71726483698839,24.0073029193188,19.2002826372963,0.0175622937771052,0.769369999798585,13.9246888278073,180.774472196706,-113.25316697677,146.651739317449,509.107323608398,-0.427140871683754,1.0150146484375,22.9058782917698,349.01491763932,-51.8054373755396,269.100972481215,736.532950846354,-0.296165056228637,5.00447845458984,0.0213274818149835,0.329986054232357,0.0874649588073264,0.272090929269269,0.217609731612567,0.000199045300922459,0.00871978826195585,"SSP5-8.5 , 2090s"
"467","ssp585","SA_STPS","SA","STPS","2090s","8",7785,29.2931697365649,2101.52116650832,116.633755744865,2247.44809198975,1001.07012009095,7.71288913006832,23.7074407493292,2.7727394471011,56.9156104028258,19.1817207734004,64.1525086151154,27.3541653798482,0.0189757053848779,3.56374866557224,24.5563879090714,1925.66268113869,73.5328260888978,2074.9187406227,920.436047363281,7.60881565411886,14.5412693023682,38.8021852586513,2201.44787395504,153.918649604055,2357.16598605377,1208.65428873698,7.7497793674469,31.1921901702881,0.0314253231743162,0.645062936743749,0.217399357510429,0.727083577139153,0.310023175139715,0.000215064446392123,0.0403903632722264,17.9934281926895,277.01385241971,-95.672060931752,199.335219680647,647.140965228685,-0.382093222380762,3.2679861322585,1.96932005827781,30.4259923687806,8.15989292963096,24.2435775991904,19.3911269690013,0.0176307236199447,0.777836404677919,13.9707968272958,172.385122936939,-114.772379907549,136.626486720245,518.538067016602,-0.426732460657758,1.05264568328857,23.2747747788402,347.734386278159,-49.2839887958432,268.628906408782,746.925469970703,-0.298846406936644,5.3153133392334,0.0223196302594337,0.344838258815793,0.0924815610242662,0.274768789311487,0.21977269892855,0.0001998208624085,0.0088157437292955,"SSP5-8.5 , 2090s"
"468","ssp585","SA_STPS","SA","STPS","2090s","9",7785,29.5025846792083,2102.87880906801,115.388186137359,2247.76957988457,1002.62267770858,7.71193252216205,23.4828745395411,2.67239190097739,56.7515505044852,18.7764677028908,64.1905339885978,26.3984978721797,0.018875994073406,3.54513653938945,24.7621097277508,1932.26143611143,72.156389882116,2075.93275343343,925.478039550781,7.61282316843669,14.7245349884033,38.4798438944565,2203.65685681183,152.569701721823,2358.94703254187,1199.02012939453,7.74559946060181,31.1234436035156,0.0302880168652131,0.643203535446346,0.212806351585742,0.727514544301162,0.299191951777897,0.000213934350958736,0.0401794195137471,18.158518788368,276.5250560544,-95.7395512711827,198.944023571586,649.352363615057,-0.383768614018721,3.25563693108339,1.91209651001672,30.8865468392813,8.56819211566916,24.1911835739693,19.4778761958233,0.0177321230168258,0.776361603619388,13.5145091542365,167.411266806077,-115.748429955425,125.101001060061,533.752815551758,-0.426820691426595,1.24955368041992,23.0951691916351,346.932016142084,-48.0163252931322,266.861627662742,729.36320699056,-0.300462074279784,5.42987442016602,0.0216710772555928,0.350058032743701,0.0971090906273363,0.274174972544211,0.220755886328597,0.0002009700900505,0.00879902881584388,"SSP5-8.5 , 2090s"
"469","ssp585","SO_SPSS","SO","SPSS","2090s","1",21546,48.1025876503543,2086.27497273549,52.988239891515,2187.36580027736,1015.22502270138,7.6610941199852,8.02816477875464,4.80806718786574,57.3685299729051,8.02841053944145,60.228101559427,40.7104049373879,0.0280194503697806,2.68005461848465,32.2540962763275,1618.12152171061,29.866317382663,1692.54506916601,790.208390299479,7.61427912712097,0.374802976846695,62.4914334356344,2208.83926980242,83.4714809162404,2313.12477826475,1098.58603759766,7.77799634933472,16.3793983459473,0.0327557237751926,0.390832250831228,0.0546948259474141,0.410313537873116,0.277346119927505,0.000190886969916212,0.0182582990951257,28.7231215937845,144.462292210488,-56.583110401457,116.602303402815,644.694764343599,-0.39678664493149,2.86173406290692,3.13454547241624,20.2820939932371,7.23132259939242,12.4906525286751,27.6808701284296,0.0114469892980207,0.830781093435297,19.032087765621,89.0642354734246,-94.6735127324037,76.924379184391,451.133525390625,-0.465223534901936,-0.438010215759277,39.2124993039126,231.236950270813,-35.0535395327372,181.943714898302,705.914624023437,-0.332011108398439,5.73789024353027,0.0213545904504765,0.138174996826504,0.0492645373577131,0.0850945604574227,0.188580338076827,7.79844384142207e-05,0.00565982856539462,"SSP5-8.5 , 2090s"
"470","ssp585","SO_SPSS","SO","SPSS","2090s","10",21546,51.9268395676459,2095.72391486336,47.9126308103395,2195.56338524135,1012.27482600426,7.65633421106179,5.70837397963358,4.50102968366088,60.9738981750259,6.43258832699554,63.4251542093286,34.2426084203333,0.0230139437304449,2.79881425719363,36.8720449921563,1622.21452990155,27.5636770623355,1696.80704250781,802.798765055339,7.61383593877157,-1.75550675392151,66.22489338517,2221.90474055464,74.0861625153999,2324.96983955051,1072.89900024414,7.7681973139445,12.8642177581787,0.0306639818582451,0.415394396142877,0.0438230328665861,0.432093968429331,0.233283225656505,0.000156786158420324,0.0190673680555201,31.3172335248358,136.806885461507,-53.7682265283681,114.355892457974,649.37459939434,-0.405994424272919,2.82888095766485,2.98042946206199,17.2660660581944,5.61702623852314,11.0000307200972,26.7305161521723,0.00892230464233033,0.8494475612867,20.5540049524925,84.400941697902,-75.6781505044856,75.6192628311078,484.740055338542,-0.443935604095458,-0.941974490880966,43.1343224095448,224.515974620792,-33.5048263991329,174.634097133047,702.752135009766,-0.346225786209107,5.64816236495972,0.0203046505750024,0.117627825982501,0.0382668861973089,0.0749394618892745,0.182105900195946,6.07846219453563e-05,0.00578699685171603,"SSP5-8.5 , 2090s"
"471","ssp585","SO_SPSS","SO","SPSS","2090s","11",21546,51.1851402933936,2094.09472570004,48.9860750843813,2194.26594107781,1015.3041753302,7.6565473911576,6.22565368025631,4.93857635974421,60.3503263858674,7.20021557438619,62.8513979644001,38.4100569266302,0.0263732100434657,2.80010011385724,30.3532583507063,1622.71061674663,28.4421300931619,1697.15265075763,709.648305257161,7.60819849967957,-1.51301598548889,65.4795353311955,2222.10221675744,82.7384176353179,2325.42409880281,1089.67959960937,7.81898333231608,13.649694442749,0.0336448383023292,0.411146213977031,0.0490526157936501,0.428185162595544,0.261674632595266,0.000179671695401654,0.0190761281589134,30.863022108105,139.088389504833,-54.5048346464063,115.446576966532,651.08253764731,-0.405196493382046,2.85287082560446,3.31096637380237,18.2882103128073,6.1437631088732,11.3986846923642,28.7756951804117,0.0106141638665006,0.839426234762536,17.0583180694953,77.3975765711709,-76.631355347936,68.6417482546647,434.279088846842,-0.446201953887938,-0.917860746383667,42.5048340845667,225.165963748268,-34.56846109956,174.896045315478,696.974625244141,-0.342108488082888,5.51350116729736,0.0225564859498902,0.124591346572854,0.0418553650502957,0.0776553555919285,0.196039008179315,7.23106824699042e-05,0.00571872496809614,"SSP5-8.5 , 2090s"
"472","ssp585","SO_SPSS","SO","SPSS","2090s","12",21546,49.6624108094486,2090.37117774277,50.9788619637785,2191.01245051599,1016.71709588238,7.65839247768366,7.14222841140627,5.0399293571494,58.8385565246608,7.82617785782515,61.4964175463108,42.7224724939706,0.0289967421515538,2.73004759493069,32.3597943674966,1620.52983997992,29.2054464814165,1694.9167873394,760.962048339844,7.60979916254679,-0.538551270961761,64.5463824368391,2214.89754133627,80.5491559843383,2318.5262762201,1110.97200195312,7.78565174738566,14.8493251800537,0.034335321745483,0.400847040930882,0.0533170835826531,0.418954142611519,0.291053650734642,0.000197544925889106,0.0185988842124258,29.8998092114143,143.082680238783,-55.9408822556499,117.041607194547,650.761515334849,-0.403011796256612,2.86595180657448,3.3388496637546,19.778024233471,6.94030478823594,12.1848002396966,29.7135026587884,0.011983828049762,0.831106548337912,18.7695064521695,82.9459278465984,-91.9861053750606,74.102674683774,487.276822916667,-0.455441888173421,-0.861931562423706,41.1654641232609,231.997429681279,-35.2311922840178,178.552889280676,707.711309814453,-0.350462373097735,5.53676795959473,0.0227464453052677,0.134740941275867,0.047281932152037,0.0830108930080425,0.202427971044381,8.16417379436942e-05,0.00566204577877264,"SSP5-8.5 , 2090s"
"473","ssp585","SO_SPSS","SO","SPSS","2090s","2",21546,47.9930592252566,2085.34588978828,53.2749829867735,2186.6139320003,1027.91670399477,7.65680785770516,8.46221480728477,4.60990584307532,57.3034957699006,7.8129971252083,60.1009463308058,34.7262791579274,0.0246942386249252,2.73754816483866,34.660931035817,1617.05027949097,29.6647898945001,1691.78311101709,792.666533203125,7.60367074012756,0.779210388660431,60.9781702793764,2208.72063557056,83.4173461240827,2313.25093105644,1097.4702722168,7.7463286558787,17.3352680206299,0.0314057180412343,0.390389194961515,0.0532272877416461,0.409447272618796,0.236578309618468,0.000168233435106342,0.0186499830399717,28.6439179005581,144.463881476849,-56.7979617471567,116.30983763025,652.746385306027,-0.396694109022786,2.90163950172847,2.99538566111104,20.620162817834,7.41976036159864,12.6507836108235,22.4422334899495,0.00925820989290058,0.886751530481442,19.768908163097,90.612230641477,-89.3205466235617,77.5639479690021,481.908556518555,-0.444018125534057,-0.704070329666138,38.4276502502253,231.151402632705,-34.7131716231333,181.070307764334,706.359848632812,-0.354098720550537,6.00081348419189,0.0204065420639596,0.140478144557768,0.0505482996360813,0.0861854789678617,0.152891291317723,6.30730299838471e-05,0.00604113608540749,"SSP5-8.5 , 2090s"
"474","ssp585","SO_SPSS","SO","SPSS","2090s","3",21546,48.4292498455353,2085.92994045336,52.6304706564342,2186.98966095533,1031.92860690609,7.6546295225956,8.30802638827695,4.43463784699099,58.0838843255362,7.41116060432566,60.7602805173236,28.3108539496044,0.0210059304164452,2.80681786934672,35.5543468897567,1617.0223629499,28.9771614494015,1692.06983637635,922.457608642578,7.59521746635437,0.871904730796814,59.8223486824636,2213.25814362184,82.0559586365082,2317.44688950692,1080.96557983398,7.71279287338257,17.3213920593262,0.0302116768928787,0.395705716334227,0.0504897124194804,0.413939091814589,0.192872203232397,0.000143106247786737,0.0191218939385094,28.9119510025344,142.958879657086,-56.3675393566867,115.503291302934,655.66358845993,-0.397387185003059,2.91130207269278,2.89436165533905,20.0338716736355,7.12564668477104,12.4287498642325,18.4762311131276,0.00819911311752917,0.891953793183852,20.1902384177192,90.8603752131303,-80.1107003981262,78.6038564488688,566.397790527344,-0.468455944061279,-0.712097644805908,39.5929664235522,229.860140375931,-34.063726483752,177.193827177311,696.595050048828,-0.370978482564291,6.25368404388428,0.0197182999287244,0.136483942725549,0.0485446033522639,0.0846728386931038,0.12587226823194,5.58577644582706e-05,0.00607657732893174,"SSP5-8.5 , 2090s"
"475","ssp585","SO_SPSS","SO","SPSS","2090s","4",21546,49.2446295925793,2087.54374964824,51.3941214110098,2188.18250065182,1029.5895755866,7.65405468572605,7.74451396657391,4.32691657052983,59.1781727418784,6.94519035576189,61.7442140478369,25.199193938045,0.0189664653821548,2.82545344836614,36.7367357634326,1616.35345721769,27.9012188481717,1691.71214945677,926.406461181641,7.5878803730011,0.54803591966629,59.9910644173324,2217.16212929563,79.2769508666419,2320.99911893306,1068.89236043294,7.70529866218567,16.7304573059082,0.0294778085340135,0.403160730520917,0.0473152158592133,0.420642295758989,0.171673523630294,0.000129212067297543,0.0192488517897415,29.4794988224996,141.279164300014,-55.7805476124064,114.978115510108,655.578534596588,-0.399398845965499,2.87377625465127,2.82272521246508,19.0118155723392,6.63367991798942,11.9348215270162,17.7202983366653,0.00718482766880838,0.885791591337116,20.7374726800489,84.9733911818771,-78.7650812462075,73.5985624737234,555.443858032226,-0.469249219894408,-0.630663990974426,39.1772792213562,226.422227929541,-32.6888011817983,173.624157377539,691.367559814453,-0.370962553024293,6.37398147583008,0.0192302652479822,0.129521022693712,0.0451930013696746,0.0813078731993964,0.120722355751328,4.8947783235183e-05,0.00603459634704196,"SSP5-8.5 , 2090s"
"476","ssp585","SO_SPSS","SO","SPSS","2090s","5",21546,50.1131569904282,2089.73092894594,50.1293057433585,2189.97339167973,1024.54212484708,7.65443632405983,7.08273247631655,4.22996155424499,60.0348672006692,6.4911441022807,62.5294903469046,24.5731844448041,0.0180483018614481,2.80039642511678,38.0791372545454,1616.76257670975,27.1123470380295,1692.30816787654,908.632169189453,7.58642859458923,-0.0648986324667931,61.2854635001707,2219.1680206079,75.945530058846,2322.71332879884,1063.83034871419,7.70037450790405,15.6960697174072,0.0288172870379619,0.408997098016511,0.044221953415268,0.425992115662585,0.167408734216994,0.000122956932023929,0.0190781468265796,30.0847702307372,139.60148763016,-55.1577143305312,114.528543530366,654.037344093699,-0.401711166937035,2.84500427611442,2.73512668410619,18.2004254921949,6.16443354276486,11.6125820154487,18.8646692079821,0.0066574117112314,0.870869281228758,20.6603351573205,83.2628528852065,-75.3168056090579,73.6974239019974,546.694703369141,-0.450179891586305,-0.481412470340729,39.3174329474627,220.673504644948,-31.6413133138747,170.22234078976,701.457215372722,-0.372315835952759,6.389235496521,0.018633486316673,0.123993298495886,0.0419961856745535,0.0791125651851915,0.12851856464205,4.53546779922655e-05,0.00593293573189275,"SSP5-8.5 , 2090s"
"477","ssp585","SO_SPSS","SO","SPSS","2090s","6",21546,50.8521875031367,2091.76293350421,49.0962766889179,2191.71139769626,1018.99697733934,7.65523623444064,6.49451658355012,4.14316147204754,60.7120100189758,6.14172660820058,63.1852604185927,24.9708734524993,0.0176101721904728,2.76761233526727,38.7758983334118,1617.0362587699,26.5973885527874,1692.50012190637,902.738500976562,7.59158148765564,-0.991165995597839,63.9863733501236,2220.21751601736,72.6415238027519,2323.60161415382,1069.98002929688,7.69830694198608,14.6817092895508,0.0282259476483421,0.413610241353772,0.0418414910649927,0.430459653758238,0.170118053944756,0.000119972103834256,0.0188547999910691,30.5847272295522,138.127938244944,-54.5665812158728,114.146084258624,651.698977144466,-0.40343668782219,2.82629006111845,2.65271966126855,17.5065080907358,5.78776720678096,11.3058222188256,20.3730205332646,0.00679522623358348,0.857974616079641,21.3274051969835,83.2122313795114,-74.6757697975909,74.8889699251154,546.952786254883,-0.44477523803711,-0.447490826249123,40.6243461072125,218.348037064991,-31.3516160694591,170.692512061016,704.623512776693,-0.370186805725098,6.35978603363037,0.0180720753438776,0.119265875638244,0.0394300862473158,0.077022715195391,0.13879444836755,4.62935613834476e-05,0.0058450887710882,"SSP5-8.5 , 2090s"
"478","ssp585","SO_SPSS","SO","SPSS","2090s","7",21546,51.4573287744973,2093.38252084075,48.3070136150789,2193.14686323032,1014.99840375008,7.65573070088279,6.03702805988623,4.10904576320512,61.3921920618181,5.93681395847575,63.8704820180674,25.9897463800987,0.0176524823303088,2.75549207628651,39.6513855910441,1619.82521913852,26.350591707967,1695.24154817529,904.78099609375,7.59850630760193,-1.63811802864075,66.3030445370022,2221.26184125534,71.2232032527817,2324.53911641477,1071.21354573568,7.69796543121338,13.8016872406006,0.0279935289462787,0.418244089892415,0.0404454909904994,0.43512783507938,0.177059288098617,0.000120260348403062,0.0187722287956708,30.9774565347116,136.910861912828,-54.0171292347061,113.871189212834,649.824048533389,-0.404494064711086,2.81600144081252,2.62422564614133,16.8887797602877,5.49985640180404,10.9842280768396,21.7573462329439,0.00721887962843673,0.856031519113909,22.3905451988438,84.3670556424931,-72.9659396368371,76.7826112813036,552.824356079102,-0.446582094828288,-0.443616062402725,42.1948190855579,220.624300086399,-31.5230688283755,173.911983302048,705.428885904948,-0.368731164932251,6.20230579376221,0.01787795532594,0.115057502965887,0.0374686480162699,0.0748318038642853,0.148225387757921,4.91797676355685e-05,0.00583185111342015,"SSP5-8.5 , 2090s"
"479","ssp585","SO_SPSS","SO","SPSS","2090s","8",21546,51.9067221770451,2094.91021556712,47.7817535432013,2194.59869128737,1012.36527722402,7.65608001859565,5.71305028462433,4.15140735548719,61.5781476028023,5.89257444745247,64.0480968956672,27.7957727477943,0.0184175427460317,2.76509253858753,40.6739836856099,1623.0662484208,26.4088947653648,1698.35730424251,879.619951171875,7.60651235580444,-1.77976262569427,67.8360500027658,2221.96354012107,70.8225097756198,2325.10502568271,1067.31762084961,7.69907989501953,13.1320095062256,0.0282821240430716,0.419510941643222,0.0401441022730777,0.436337864731983,0.189363130478409,0.000125472444380422,0.0188376334747152,31.2718342564581,136.075022251618,-53.6459112164633,113.700945291613,648.65618859016,-0.405290333260624,2.80986820842693,2.68136012042814,16.5740977382234,5.32075887241108,10.8120068430221,23.0613033101791,0.00770924332942704,0.858504373843875,23.6803815632044,85.7671688200387,-72.9793636502876,78.5328342720143,535.845139770508,-0.450903018315635,-0.613564014434814,43.1080527287562,219.66067668202,-31.8156025676412,173.256284817356,695.02903137207,-0.363836193084717,6.08847284317017,0.0182671930351182,0.11291368155304,0.0362485175620989,0.0736585192693054,0.157108803102952,5.25204484770419e-05,0.00584869783026209,"SSP5-8.5 , 2090s"
"480","ssp585","SO_SPSS","SO","SPSS","2090s","9",21546,52.0768202224162,2095.789452404,47.6188840065617,2195.48515663298,1010.66359382333,7.65654083179912,5.57256327087167,4.24178117203841,61.3495959348533,6.01898880273193,63.7988096335763,30.8635073584315,0.0202720633750983,2.78267158178306,41.0960578548222,1623.35769411411,26.7237323944836,1698.32863031135,846.331885986328,7.61377568244934,-1.77246570587158,66.8923468899962,2221.69279687303,72.1718354565675,2324.67338614716,1076.68008911133,7.70520564079285,12.8527574539185,0.028897810067371,0.417953896990728,0.0410053202097163,0.434639555540645,0.210262561288201,0.00013810666164228,0.0189573935073117,31.3863672012217,135.872069205363,-53.5202283636589,113.738208042926,647.86098005035,-0.405664223250871,2.81089151384282,2.77756446770091,16.6476571179044,5.32891318918835,10.800173693606,25.2196401205883,0.00849474183210975,0.856434471412817,24.450297829933,88.96808115165,-73.6832305137437,80.943777176346,502.965327148438,-0.441699695587158,-0.808897465467453,42.5665338729421,220.097719131009,-32.5795722962679,172.205177913992,706.328404541016,-0.354571437835694,5.88196086883545,0.0189226004789227,0.113414816547157,0.0363040701443519,0.0735779040535612,0.171812816506512,5.78717821781675e-05,0.00583459629015789,"SSP5-8.5 , 2090s"
"481","ssp585","SO_STSS","SO","STSS","2090s","1",15849,35.1812946751133,2068.85045655571,83.5464049130579,2187.57815614388,1010.33364209834,7.68816815601377,17.7527424393226,4.00220329762364,56.8037088057506,14.912657672106,61.8222468096475,43.6346478331071,0.0249896745418347,3.77503455757674,26.0309006691407,1897.55314309975,50.4751987476989,2015.09970496718,809.680954996745,7.6147611618042,8.59362602233887,47.9979110006724,2177.07434082583,128.547692656668,2318.42045940302,1235.62181396484,7.77592171033224,29.3636512756348,0.0317905625296925,0.451206928388643,0.118455196039261,0.491070507111706,0.346601583488564,0.000198499614347569,0.0299861009623503,21.1733708517275,209.417269840017,-77.1300307749547,153.46060991679,649.49452924755,-0.390835117747484,3.53431693234612,2.26224942426669,38.4233690280494,14.3276488809379,24.9902990349939,34.1834819743384,0.0170105295923549,1.04578851802882,11.7747893968137,119.401620811388,-117.215434672573,84.8237680507566,483.400886027018,-0.456208117802937,0.362115859985352,29.4170156431836,319.744930109004,-25.4399764952186,245.049694651742,804.947121582031,-0.207837638854981,11.8081722259521,0.0179696473246658,0.305207013450051,0.113808316015177,0.198504574862403,0.271528465791098,0.000135119149242128,0.00830697563388894,"SSP5-8.5 , 2090s"
"482","ssp585","SO_STSS","SO","STSS","2090s","10",15849,39.3604431074881,2086.35718520566,71.6690326578389,2197.38666097098,1009.80831905473,7.68105034013139,13.949651280424,4.58196089746125,60.900702164329,12.9129852346219,65.1489242861022,47.4859891703934,0.0304246621400037,3.20090068544876,27.018501247532,1834.59557523299,43.2353173778769,1925.59543503081,668.995546468099,7.55117225646973,6.1095666885376,52.543166905069,2212.12555431178,117.670463743157,2338.80897798189,1384.63912760417,7.84295751253764,25.7979793548584,0.0363957309479599,0.483750433519169,0.102571267379143,0.517495188834933,0.377193809445423,0.000241671162677032,0.0254256033051881,24.0516872618518,196.116984122514,-72.5706324552381,147.598038929128,654.678993378509,-0.401455560218161,3.09933176845798,2.75506466597121,33.9261766924185,11.7689838718208,22.3829359367311,34.6179261223325,0.012564531902372,1.03838859889616,12.6813319622703,93.6625120580911,-110.351822944419,88.6419235880803,388.051476033529,-0.445400047302245,0.298867225646973,32.6572527200321,309.274190366705,-17.701920432281,226.255722607796,901.083624267578,-0.187649822235108,12.6360187530518,0.0218842095275143,0.269484621676795,0.0934841610645354,0.177793598070656,0.274979370911452,9.98034101205809e-05,0.00824819611310824,"SSP5-8.5 , 2090s"
"483","ssp585","SO_STSS","SO","STSS","2090s","11",15849,37.6529913404225,2079.670237902,75.7756044856736,2193.0988337281,993.821453676154,7.68966836906408,14.9068146328166,4.73078028944676,58.859182846334,14.2809931221405,63.6579341458575,53.4813235269132,0.0338122323649165,3.35582367777578,26.9039486413321,1875.33444388724,45.6463941196363,1974.30349442335,699.055706787109,7.60349516868591,6.85444259643555,51.4040808291986,2199.1583487683,120.979252150929,2328.62147351034,1268.00861572266,7.82740632692973,26.8807735443115,0.0375778428585056,0.467534103985676,0.113437716945835,0.505651858609117,0.424816340729759,0.000268579531655379,0.0266561977324586,22.9269514126785,201.543919311062,-74.6138212900261,149.857049433714,642.850642095505,-0.398226285386877,3.1912815312668,2.85727560968839,35.8471741862909,12.9965699071874,23.2184176312722,38.5795945999584,0.0154213725922528,1.02194298636395,12.6104191300655,113.600147105705,-113.463968472649,100.283958660365,435.642743937174,-0.456223424275715,0.561892509460449,32.2969604810176,310.54872378214,-22.1001503266773,235.14425388873,789.349284667969,-0.198942050933837,12.6284956932068,0.0226960981688007,0.284743614388283,0.103235202607345,0.184430050813697,0.3064479546125,0.000122496053605971,0.00811756424994059,"SSP5-8.5 , 2090s"
"484","ssp585","SO_STSS","SO","STSS","2090s","12",15849,36.3054815237422,2074.11841229859,79.75751767512,2190.18141149745,1000.5162648151,7.68966390251591,16.3412063545089,4.36816671393663,57.8364417952971,14.5961463602172,62.9016767540643,50.8953638313854,0.0306082401455053,3.56686202304644,26.6464003124058,1910.4027781578,49.0086931794161,2016.62455144763,797.243442789714,7.61927638053894,7.82213115692139,49.3986680783226,2192.23160827634,124.511920323883,2324.87016082582,1223.93543701172,7.77344279289246,28.0000820159912,0.034697507031184,0.459410200496321,0.115941062722262,0.499644705520063,0.404275376844003,0.00024312937147578,0.0283325312948924,22.0438542358912,207.378932029569,-76.6668418195425,152.755944445918,646.68034430119,-0.396133808965614,3.34368456827805,2.55547357531215,38.1245331229594,14.2650087165418,24.5373895364066,37.994916485885,0.0179256412290377,1.05051562051764,12.4034729102131,109.655417102806,-115.519975277458,87.4449923573638,494.383083496094,-0.46150943438212,0.4976806640625,30.5789590969822,315.839815699056,-24.6305776635136,234.549936889375,799.521083984375,-0.210870332717896,12.8100566864014,0.0202988045452801,0.30283328057833,0.113310748571692,0.194906994563651,0.301803701244303,0.000142388123740471,0.00834452426300143,"SSP5-8.5 , 2090s"
"485","ssp585","SO_STSS","SO","STSS","2090s","2",15849,34.9097547191611,2067.52187484119,85.2050136145764,2187.63664317492,1024.99168618502,7.68370426478218,18.554529306588,4.05919265044423,55.9962938971981,15.4820071527675,60.7197583018153,36.3182330627256,0.0217333525946286,3.92102345447356,25.3070194769575,1880.73529168665,51.7762620774129,1996.60774553949,845.366009521484,7.61876130104065,9.13106441497803,48.1190310102558,2170.1817068552,129.402211243146,2312.96075629579,1223.0841796875,7.743061876297,30.1856880187988,0.0322432440777401,0.444793417572492,0.122977690005763,0.482313148416979,0.28848536001009,0.000172633785257644,0.0311457294995099,20.9581211084274,210.370951699043,-77.1388707244549,154.190202083015,658.850783520768,-0.390085247462037,3.7127551852979,2.31875056266788,38.1173803344079,14.0909778122851,24.9352005503459,27.7722113607906,0.0151798860826524,1.07295244333159,11.3723039765915,111.751094466151,-117.957589041184,60.325536759982,481.460307617187,-0.451012118657429,0.0887088775634766,29.4412339256675,325.39969882642,-24.3465674855034,255.299035863742,789.764923706055,-0.210259971618652,12.8344221115112,0.0184184508560626,0.302776464081315,0.111928374930864,0.198066912981875,0.220602042474274,0.000120577862196732,0.00852274589883334,"SSP5-8.5 , 2090s"
"486","ssp585","SO_STSS","SO","STSS","2090s","3",15849,35.1013022009371,2068.41902813083,84.7432654074302,2188.2635957392,1024.58157995848,7.68348959617398,18.3851306998708,4.33273648251478,56.1674486768082,15.907652144207,60.5624317057879,30.8914451571508,0.0214155144330497,3.92973779187587,25.6345362302215,1768.26250201832,52.1414244475013,1869.64449108023,859.025927734375,7.62264552116394,9.01347255706787,48.6487124223424,2170.98795796631,129.7728485059,2311.64331090273,1213.62150878906,7.74444952011108,29.7447814941406,0.0344160753037836,0.446152945392251,0.126358701091292,0.48106346152787,0.245378944014183,0.00017010911242156,0.031214949793306,21.0990221522682,209.810922605982,-76.8803416965349,154.029603061715,659.05782856147,-0.390734214545121,3.70340610296316,2.54117101397718,37.7010405078881,13.6887595222722,24.7692399079821,22.6071139404541,0.0136691780955934,1.09026805066046,11.197928140891,125.509555143143,-117.8492771962,84.5450204567683,467.343374023437,-0.453217252095539,-0.0188560485839844,29.7850865544535,327.733235523381,-24.4121036386921,255.450921028396,748.09337890625,-0.213052072525024,13.1767358779907,0.020185195506298,0.299469366389292,0.10873344834959,0.196748643572206,0.179574303425971,0.000108577907882762,0.00866028836147014,"SSP5-8.5 , 2090s"
"487","ssp585","SO_STSS","SO","STSS","2090s","4",15849,35.8913368325501,2071.89752446457,82.086356933049,2189.87521823017,1019.28951603606,7.6838364582692,17.4576651542573,4.65973195041484,57.8130689048768,15.8149362267563,61.792008394318,30.3745523889292,0.0228199676577421,3.86009424729509,25.6526534091979,1636.70993527222,49.2592962243902,1720.67891160586,881.432586669922,7.56361002922058,8.42926025390625,52.4033675797903,2176.34291835353,126.827759304389,2314.09525199139,1342.39340820313,7.74944262504578,28.6407222747803,0.0370134870533005,0.459224543427164,0.125622233962558,0.490830315356854,0.24127312763073,0.000181265056969935,0.0306617526431014,21.6611225718421,207.22310608204,-75.9601553026646,152.924073351218,657.430336403518,-0.393544586315714,3.62439465310353,2.79350379145743,36.9270614238692,13.0854432832658,24.3997297571908,21.0370156749286,0.0119927712479833,1.09793781675715,11.4044572178512,121.173655755897,-116.116563397698,72.5187377270643,458.603991088867,-0.449442116419475,0.161968231201172,30.2978371437755,324.359029681706,-25.1958489004477,258.219062323685,778.287350463867,-0.217811164855958,13.0268802642822,0.0221895416986915,0.293321445197536,0.103941147410579,0.193813526417847,0.167102596374611,9.52617635615083e-05,0.00872121134827333,"SSP5-8.5 , 2090s"
"488","ssp585","SO_STSS","SO","STSS","2090s","5",15849,37.1407237807521,2077.27453266267,78.208231576468,2192.62348801989,1017.89364353695,7.68208964782031,16.2366689040241,4.8247575082737,59.81017756134,14.9554171642895,63.4629596772322,31.9859208269079,0.0237501868337733,3.69857756616547,25.6782482513274,1676.29871370414,44.2036666698455,1757.76541074158,869.350860595703,7.50905313491821,7.50396108627319,62.351557116539,2185.96822064753,123.64028227322,2319.03699728692,1530.67384033203,7.75503827095032,27.1390647888184,0.0383243288386802,0.475088107294492,0.118794846029257,0.504103124680432,0.254072654610368,0.000188654034661173,0.0293787827964451,22.5495421208787,203.606799773014,-74.7692592401643,151.387082653728,659.139917653333,-0.397776399159934,3.49852975600993,2.92445078207965,35.7288582747872,12.3869096546496,23.788389208192,21.0872068271434,0.0102008834026147,1.09898003080311,11.3977486358122,112.110691906029,-115.618594221558,85.3550410479174,452.874858398437,-0.440841436386109,0.288633346557617,39.6347772859389,333.524562338373,-25.1384049720275,336.720573428386,1017.59563903809,-0.210792808532715,12.2451324462891,0.0232296883838743,0.283803799715413,0.0983925094858643,0.188957486255814,0.167501278011765,8.10283230393312e-05,0.00872948993092731,"SSP5-8.5 , 2090s"
"489","ssp585","SO_STSS","SO","STSS","2090s","6",15849,38.4877255571909,2082.6453398213,74.3940761954946,2195.52714157399,1020.26775074654,7.67890381863019,15.0916407124908,4.79005444183593,61.5318294807443,13.7143080533258,65.0568897594516,33.9678454194535,0.023696012747522,3.49707603324621,26.0898251242358,1766.73480085425,44.7454156191474,1850.59782533821,828.246844482422,7.5111413637797,6.6478796005249,54.8398225547219,2199.54131116914,119.734108032244,2326.99946600524,1533.55956624349,7.76307167053223,25.8263187408447,0.0380486731756565,0.488763645223984,0.108936387109468,0.516764134174088,0.269815607429849,0.000188223715522341,0.0277782026645208,23.5023763093833,199.937589979283,-73.603960183279,149.836006105388,663.0084944879,-0.401829233978601,3.35365925719424,2.89770033598187,34.5462740467782,11.7419881364395,23.2618249080797,22.1858551774741,0.00934787461273304,1.0875991428237,9.05687022624187,73.3319616353019,-115.123506600755,71.1455516150463,401.661518554687,-0.439879544576007,-0.0530357360839844,36.6777114784937,480.957368814551,-11.2432802464967,493.20698765661,960.601537068685,-0.15596393585205,12.9091286659241,0.0230172024939462,0.274410219466886,0.0932697267767557,0.18477484632881,0.176228133316709,7.42526479282714e-05,0.00863908851849337,"SSP5-8.5 , 2090s"
"490","ssp585","SO_STSS","SO","STSS","2090s","7",15849,39.6280471274548,2086.73084171126,71.4191770062011,2197.77806584492,1024.22520778282,7.67551963092707,14.2226275529686,4.64174165872658,62.7390465962884,12.5744466847144,66.2455948118339,34.8152123687196,0.0230275083096053,3.31834939682006,26.6834364051551,1830.06114882562,42.0670665349542,1916.45099023792,826.76658203125,7.4949648698171,6.08199024200439,53.026980273677,2214.57736355788,116.214542689306,2337.85606531052,1585.47496744792,7.76410695075989,24.9809894561768,0.0368705853938114,0.498352891033013,0.0998821658669995,0.526206333754394,0.276546467904187,0.000182913607425737,0.0263585295773488,24.2875880471732,196.535584552462,-72.5775667343699,148.245605865266,666.691627922985,-0.404372381497392,3.21757065756583,2.78455523700842,33.2081014826894,11.2232812004866,22.3731412904462,23.1508787289952,0.00991435331363002,1.06826224031366,9.51694804425679,73.3184935194583,-111.489726958013,74.8386578719828,423.84116821289,-0.466983537673949,-0.109840393066406,32.4278435091266,350.705837561668,-7.99678369173188,356.454458800054,998.341465250651,-0.144394636154175,12.6142358779907,0.0221184609567586,0.263780759789152,0.0891494999777358,0.177715796596813,0.183893571395648,7.87523385295203e-05,0.00848549037200723,"SSP5-8.5 , 2090s"
"491","ssp585","SO_STSS","SO","STSS","2090s","8",15849,40.3417001906588,2089.27677760353,69.6582903177992,2199.27676811198,1026.96079717874,7.67333284692107,13.6984243998432,4.46015664013118,62.911682991253,11.867342843434,66.5228919257104,35.3639888137833,0.0230791530606993,3.18467925499366,27.0265770323516,1762.35845400906,41.5399431223946,1844.137511094,861.008005371094,7.5012727578481,5.74501085281372,52.7434464969211,2220.60670639663,113.856885330801,2344.47464725391,1558.89506429036,7.75729386329651,24.6616382598877,0.0354282074187745,0.499724187716587,0.0942654524695172,0.528408978293522,0.280905544791155,0.000183323835384412,0.0252967521797318,24.741319691937,193.796488388202,-71.7304490993115,146.807358980828,668.174699622517,-0.404912415495873,3.12468077594279,2.65421124528229,32.3255514827523,10.9399345974478,21.7750415529452,24.6615218592406,0.0108560658675883,1.05363618136566,10.3246513700533,72.7740946631038,-109.840485338688,74.9596640211389,448.5655078125,-0.479148225784301,-0.0302934646606445,33.3417638986081,301.037811128751,-8.13908201201869,301.906948515603,1030.04880126953,-0.146986541748048,11.8730764389038,0.0210831040517759,0.256770431009692,0.0868988027413334,0.172964931713135,0.195893010534742,8.62326111706888e-05,0.00836931170566469,"SSP5-8.5 , 2090s"
"492","ssp585","SO_STSS","SO","STSS","2090s","9",15849,40.3793228181795,2089.52402673433,69.4811309973,2199.38448054981,1024.43609585215,7.67411870094691,13.5753623406967,4.37835998340686,62.3219587480951,11.8804445652763,66.1607481067049,37.349147879774,0.0247985703196757,3.13652998055703,26.9844800807052,1747.65030130716,42.7043264425071,1829.71095270296,866.675323486328,7.51420520146688,5.84397745132446,52.6875253209625,2218.47920840869,114.157158226743,2343.27424254694,1512.97042236328,7.74759635925293,24.9925060272217,0.0347784748747385,0.495039851606396,0.0943695229218411,0.525532373866738,0.296674189891276,0.000196981622813296,0.024914289719455,24.7418802246227,193.167346736309,-71.5535852382199,146.355641722712,665.722250933561,-0.404132253394208,3.08715437935497,2.60435307901936,32.3042038359054,11.0466846957495,21.5888885453049,26.9380288523012,0.0112677910353088,1.04776758622824,11.0912218752223,74.8337774456763,-110.871495017156,75.7727020478833,464.681860351563,-0.474192085266113,-0.0808734893798828,32.6621648875257,304.380114760902,-10.1522972730147,222.45711780074,1004.72886474609,-0.156617774963379,12.071364402771,0.0206870674103742,0.256600860987511,0.0877467470916682,0.171486268989282,0.2139759095107,8.95030534036554e-05,0.00832269589762009,"SSP5-8.5 , 2090s"
"493","ssp585","SP_STPS","SP","STPS","2090s","1",23939,29.4963078850786,2049.22636827056,115.908300194791,2194.63097635043,1082.68964320349,7.67785726028844,27.104043539843,4.26376056172805,60.3380276279617,22.0748282538914,62.6580324959776,48.3456283489716,0.0219884719175341,5.16612777940836,23.3884505643858,1816.60873205074,53.0428476242377,1963.07470745671,957.966729736328,7.61450661023458,11.1824417114258,44.6794162226826,2159.87818033906,146.559732055304,2320.99344245903,1219.26878662109,7.72787742614746,35.0175399780273,0.0275574993496494,0.389976203645635,0.142673833683495,0.404970838479355,0.312467035260821,0.000142115696178222,0.0333896711272062,17.7886355239887,250.389605903749,-94.7515157955412,173.426725632197,690.118528048877,-0.374776232850723,3.58049658689779,2.66949587416415,40.243783689835,16.0240349054068,29.729785572275,47.1968476524986,0.0235080382823004,1.27870534232232,11.8242575858541,143.001022431145,-130.793505613821,78.2669428563772,484.313961791992,-0.437963676452639,0.589349746704102,26.999491077795,346.435457931373,-40.9942645165269,263.966065790513,800.416650390625,-0.241488409042358,7.15546417236328,0.0172534619970206,0.260103264900641,0.103566399916589,0.192149285756596,0.305042246078214,0.000151936943995155,0.00826451699838393,"SSP5-8.5 , 2090s"
"494","ssp585","SP_STPS","SP","STPS","2090s","10",23939,30.7581662888896,2056.53526048696,106.613147728418,2193.90657450427,1024.66817540288,7.69379221989964,23.5234897655373,5.37165347292757,62.0014408212259,24.2206128513635,63.8755574844667,25.4298672747915,0.0206558090970568,6.05869015179403,24.156247938558,1855.11376404822,48.5368670742592,2001.64135606058,935.870556640625,7.58251973152161,7.7478494644165,47.8502061637535,2166.71585613542,144.920474472078,2315.14353155653,1316.65648193359,7.74035859107971,33.6181945800781,0.0347180229620467,0.400727161005444,0.156542449613786,0.412839935158853,0.164358092050722,0.000133502441686811,0.0391584723158384,18.9940399563456,248.755368643367,-95.6333084574775,172.116100142236,664.73157255307,-0.390483833926915,3.27920590606462,3.47309144134368,43.5545289761185,16.4656324761637,30.5019733080215,22.0846719342524,0.0258852709919237,0.991675563670934,12.3935736383059,129.856359073771,-127.775299554352,72.9041943277989,551.380444335937,-0.466115074157713,0.662896633148193,29.6520441680541,342.852760168726,-31.6860757345048,260.099799771999,897.669670410156,-0.250033540725708,6.95076560974121,0.022447253721328,0.281501244396149,0.106420529409266,0.19714008266406,0.142737455270875,0.000167301453305889,0.00640938868524297,"SSP5-8.5 , 2090s"
"495","ssp585","SP_STPS","SP","STPS","2090s","11",23939,30.6308599913165,2056.25703347343,108.459266370563,2195.34715983531,1049.85205000647,7.68588837443539,24.5407087788141,5.00128345959501,61.276625882793,23.5693070831463,63.4010788856838,26.8672706405729,0.0200521598410317,5.8076024275908,24.12096312439,1847.5059266066,49.4384162849906,1994.64922288343,944.296048990886,7.62262627601624,8.74873828887939,46.8921503338211,2164.93955158102,144.980683073633,2314.99677867488,1194.82387695312,7.72766156196594,34.2513809204102,0.0323242507851669,0.396042543540343,0.152332935963987,0.409773289298214,0.173648304703201,0.000129600941182856,0.0375356443694137,18.8710556810218,250.356860579825,-95.9473671013571,173.28054915949,680.452333241544,-0.38888906958179,3.37983851156058,3.2334537929441,42.7004746976479,16.4778539991394,30.3379854929234,32.9080702425038,0.0267159864172156,1.09444585460426,13.3061384552401,138.024814310592,-129.999615803246,82.7927735427193,540.64833984375,-0.444160064061482,0.595769882202148,29.1206408745253,341.428575748781,-33.9313768820278,260.080055161973,790.863468017578,-0.245040855407716,6.28253364562988,0.0208984298030246,0.275981328377699,0.10649951944789,0.19608019807568,0.212691146976244,0.000172670525856001,0.00707361271578057,"SSP5-8.5 , 2090s"
"496","ssp585","SP_STPS","SP","STPS","2090s","12",23939,30.2958747972082,2054.64545713893,111.534330349703,2196.47566228584,1078.01683731762,7.67775085950979,25.9160916271015,4.58801242626668,60.727338105875,22.6153894360583,63.0251601209139,40.1300881587328,0.0212076002367428,5.43191468476215,23.8987704443105,1835.00599246077,51.1607266383518,1981.76431702407,957.617045084635,7.61578618685405,10.1462574005127,46.0499209332719,2163.36967772446,145.216140953097,2318.5424203672,1200.28618896484,7.72291712760925,34.7521057128906,0.029653201117322,0.392492391664776,0.146167583909463,0.407343654480383,0.259368428954991,0.000137068773274361,0.0351075026905396,18.5324632053207,251.309363979804,-95.7547675190571,174.087059666068,695.549096443607,-0.384360239131805,3.52400353437154,2.93287334763746,41.4122633963284,16.3707077744681,30.013780598005,44.327942988969,0.0257574063682638,1.22260520964719,12.9608682774757,141.630298039355,-131.342876100974,85.3713185402098,528.419708251953,-0.444919872283934,0.512973785400391,27.9022721803274,338.765325000756,-38.4654031969589,259.335177355374,798.140392456055,-0.247236518859864,6.67365074157715,0.0189557209416485,0.267655372549651,0.105807012921327,0.193984799881639,0.286499966966889,0.000166475039807209,0.00790193111971455,"SSP5-8.5 , 2090s"
"497","ssp585","SP_STPS","SP","STPS","2090s","2",23939,29.0743377557239,2045.28949627789,118.337459533755,2192.70129356737,1085.21807815301,7.67765116374074,27.7862097408036,4.12980113147778,60.8839129192763,21.913863808316,63.1094940780966,45.3470425530217,0.0204209029176403,5.14821363414449,23.285462627301,1810.5467127099,54.66663185979,1956.68133832669,939.056610107422,7.61967703501383,11.6399745941162,44.3417246749513,2158.87765337495,146.705687448762,2322.88273401684,1211.25127197266,7.73898968696594,35.0973281860352,0.026691693951209,0.393504364606504,0.141633489710132,0.407888720962558,0.293086602207548,0.000131984198156768,0.0332738885828275,17.4283183585842,250.294429684984,-94.4756273183146,173.247120725254,688.264987792278,-0.370839361511231,3.63869978103857,2.55180551187997,40.1352586510207,15.7177079047978,30.2154778962692,42.5789854011565,0.0213380961013599,1.27266193901972,10.819824964456,142.299533056447,-130.718660309719,65.1954801201484,462.883877563477,-0.427736409505208,0.940254211425781,26.8996136136824,356.170512403223,-37.1049494593335,274.741830540746,776.330383300781,-0.238069734573362,7.21465110778809,0.0164928066939959,0.25940184683477,0.10158654997008,0.19528840806631,0.275196119836886,0.000137912192986199,0.00822545732789591,"SSP5-8.5 , 2090s"
"498","ssp585","SP_STPS","SP","STPS","2090s","3",23939,28.779607000771,2041.99518995527,119.136192267428,2189.91098922347,1071.97031910576,7.6820523455162,27.7464521368748,4.18106789214854,62.1150513780217,22.3669762431958,64.0338488197586,36.6346399375532,0.0180080256297843,5.36080130950803,23.1917088225896,1805.8574518162,54.6194275890995,1951.80349553148,922.416381835938,7.63270026842753,11.4997997283936,44.7569167803025,2157.62576832547,147.133510250182,2322.24471957433,1190.02500488281,7.74563546180725,34.9385147094727,0.0270230408229176,0.401461447745913,0.144562041970218,0.413863002309602,0.236776679093021,0.000116389311124948,0.0346478833559298,17.2284764950241,250.094781304341,-94.6395298765013,172.683727922864,678.623887495522,-0.369574252800508,3.61039147419427,2.58258145794429,40.4154696997293,15.4275574261334,30.6870824843169,34.8673497879804,0.020041872931405,1.18607033862752,10.9610440561914,134.414381412953,-129.690233705388,55.7760618766431,466.221496582031,-0.422495851516724,0.798173904418945,27.0232419117914,361.906110871984,-34.7605968306525,282.13288177645,753.784580078125,-0.234369764328003,6.65495109558105,0.0166917175149423,0.261212904393177,0.0997112519763642,0.198336478646321,0.225354345112861,0.000129534454920027,0.00766579926620442,"SSP5-8.5 , 2090s"
"499","ssp585","SP_STPS","SP","STPS","2090s","4",23939,28.7058428763639,2040.5451454252,118.063303692544,2187.31429199411,1048.81276930106,7.68936011866553,27.0292498681575,4.42128861792593,63.5989523199594,23.0874584460663,64.9700703254851,29.6538149689234,0.0171917654957812,5.64440774131064,23.0690701197628,1784.748749534,53.4853156746924,1925.36751285285,903.892749023438,7.63742513656616,10.7444734573364,45.560986243797,2157.58085608496,147.399580348299,2318.96565379907,1157.30562255859,7.75212488174438,35.1762809753418,0.0285756332817446,0.411052183119154,0.149218656137359,0.41991398082063,0.191658273228536,0.000111113665884959,0.0364808859241578,17.2412355987066,249.573132516629,-95.0982868086238,171.716081306711,665.171706690612,-0.371272815998222,3.52613922472671,2.75725860370502,40.8636148396421,15.2789462486011,30.9374323294221,28.060956511029,0.0199057406468401,1.09502312581535,10.8653421752599,133.962835047341,-128.831881579863,49.6992572647703,453.388842773437,-0.420336217880247,0.563337326049805,27.7017015848961,359.302827601847,-31.3997448798543,280.231825285913,734.322476806641,-0.228130264282227,6.27343559265137,0.0178206892902122,0.264109352076601,0.0987507495351727,0.19995453753912,0.181363324607003,0.0001286546059489,0.00707734372993907,"SSP5-8.5 , 2090s"
"500","ssp585","SP_STPS","SP","STPS","2090s","5",23939,28.9148767644133,2042.00165535298,115.592889271532,2186.50942138893,1026.08230009601,7.69638475368775,25.9269996946296,4.77533373756741,64.2319249963843,23.8260786404845,65.149369997702,27.7166706282762,0.0184481259138168,5.88075372422865,23.207647923814,1802.74018115024,52.0861901066461,1942.59654956067,906.953940429687,7.62028861045837,9.74321937561035,46.4341351673023,2161.00427952373,147.092593454058,2314.68927718928,1185.76620686849,7.74995255470276,34.9944534301758,0.0308638945508794,0.415143206493097,0.153992499610189,0.421072828867788,0.179138139150949,0.000119233763367382,0.0380084351793898,17.4760173066922,249.082355214175,-95.4242529402365,171.134119580631,653.753689950675,-0.37519389971509,3.4354725022047,3.01120515829292,41.5700788227647,15.2738509220733,31.1743524242444,23.2753894554107,0.0206320842841291,1.02250371238246,11.4031295906532,132.961378190911,-128.02856279584,39.3418288122518,466.480275878906,-0.422360410690308,0.60723876953125,28.298317096676,355.168775379918,-30.513502441727,276.770200015499,711.570697021484,-0.227643127441406,6.09923362731934,0.0194619944037586,0.268675363810515,0.0987178174660651,0.201485797389307,0.15043329016589,0.000133349103686856,0.00660863690187465,"SSP5-8.5 , 2090s"
"501","ssp585","SP_STPS","SP","STPS","2090s","6",23939,29.3601338108313,2045.79776766939,112.476570583596,2187.63447206382,1010.16156895818,7.70101823191292,24.7640989387044,5.14169924499888,64.253971256954,24.3759319712711,64.9778369957386,29.7828010432055,0.0205778320180781,6.01557978610799,23.1798370671154,1821.96041962055,50.8731215470545,1966.62662219202,900.812008056641,7.59726567268372,8.71321105957031,47.1833618247526,2165.53281262253,146.135134815324,2310.53100256776,1245.08387858073,7.74949316978455,34.7229270935059,0.0332317848408268,0.415285695688378,0.157546306768491,0.419964178294752,0.192491934876905,0.00013299846092332,0.0388798417836692,17.871263865088,248.491103321511,-95.4311280761073,170.931239110492,647.312786717518,-0.380076076289706,3.36408049348697,3.27292411733822,42.3744040795496,15.4044208319508,31.3293770281077,20.838618623676,0.0214391313094986,0.972345671904391,12.1960969156814,119.265451209943,-126.156806218816,21.4797794202157,476.772845458984,-0.422881326675418,0.681076049804688,28.8733701941972,350.060389208794,-30.4905124488971,270.843015917681,787.210193888346,-0.230297756195067,6.03372192382812,0.0211535340526827,0.273873871658192,0.0995617157465714,0.202487751030534,0.134683974593733,0.000138565202845046,0.00628445590065682,"SSP5-8.5 , 2090s"
"502","ssp585","SP_STPS","SP","STPS","2090s","7",23939,29.9249137087288,2050.20433937545,109.411833345518,2189.54108642969,1003.11667016015,7.7024960858045,23.7962245850059,5.44907611508529,64.097533660487,24.6769325729833,64.9042022426766,31.912416266765,0.0221909593249267,6.08689540991823,23.2752999088568,1836.87439789087,49.7954270199049,1981.45502950796,903.795662841797,7.56605305671692,7.84469747543335,47.7435076154663,2172.18672474711,145.66096120997,2312.35298980617,1350.75745605469,7.7514910697937,34.5748176574707,0.0352184202944064,0.414274609605919,0.159491731181012,0.419488262813514,0.2062560450535,0.000143424410989186,0.0393407682893485,18.3255149051554,247.590951357031,-95.1773365804839,170.739129681703,645.989087831428,-0.384482781041819,3.30363246310829,3.49584838628152,43.3917809501998,15.7038105759525,31.6140130892751,20.2832559342944,0.0224200696473962,0.95790891365345,12.4432013201646,103.33341541777,-125.074627831923,3.75464046313436,508.129647216797,-0.4432421875,0.610343933105469,29.3997224672349,348.229520287771,-31.9740169526504,268.656821494555,896.140623779297,-0.237831430435183,6.14996528625488,0.0225943362054978,0.28044937280217,0.101496728877861,0.204327408290117,0.131094559397949,0.000144905194788145,0.00619114837309948,"SSP5-8.5 , 2090s"
"503","ssp585","SP_STPS","SP","STPS","2090s","8",23939,30.4228788179617,2053.60452945418,107.148531373755,2191.1759396459,1003.78056837879,7.70140111036976,23.2120272456268,5.62366387122745,63.496396823621,24.777797362198,64.5359265186327,33.0016382445063,0.0229371596313109,6.13438949211724,23.6708151393663,1851.49127801215,49.011772941464,1996.48338621562,913.196166992188,7.54046056747436,7.39374017715454,50.4299165768172,2172.69539328484,145.044652961001,2312.80000964039,1457.46615722656,7.75011315345764,34.1949081420898,0.0363468143274884,0.410389347347132,0.160143639589785,0.417108026428543,0.21329589485479,0.000148247246174273,0.0396477316191047,18.7064343960163,246.638723261464,-94.938531703029,170.406625954451,648.657917538644,-0.387703289889093,3.2697479939117,3.61932212632973,43.8501724993386,16.066487956094,31.3452876934544,20.5584085923554,0.023499665205283,0.942376424623068,12.4698714076389,104.106488833013,-125.700231465804,5.51402072062092,521.331462402344,-0.478745632171631,0.454805374145508,31.5753597716325,346.693810207471,-31.3133430157824,266.491232987243,974.054291992187,-0.242641229629517,6.43169403076172,0.0233923705842619,0.283412044986595,0.103840782096302,0.202590584701327,0.132872923610901,0.000151882827198229,0.00609075892811157,"SSP5-8.5 , 2090s"
"504","ssp585","SP_STPS","SP","STPS","2090s","9",23939,30.6942392021524,2055.66437281827,106.197111917249,2192.55572393767,1010.03355628356,7.69880541794057,23.0968445394474,5.59216545253092,62.6764892465514,24.5835643810219,64.159106579347,31.5527087223487,0.0224126662523261,6.13412173904934,24.0307129116544,1857.9006513826,48.5373490948959,2003.73849391559,921.739678955078,7.54546569824219,7.33389043807983,50.1456068185251,2170.65876998701,144.864444354521,2314.23762340073,1440.30149658203,7.7457405090332,33.7754936218262,0.0361432340278497,0.405090127985548,0.158888274712947,0.414672567147595,0.203931186450911,0.000144857345230959,0.0396460010798571,18.9202138393627,246.944443441393,-95.0368804602071,170.827776820548,654.164822936025,-0.389591419947562,3.2603125043983,3.59861742504298,43.9317664702426,16.3735714784281,30.8332163603741,20.2333996540629,0.0244686735689127,0.938024734554634,11.6758227588255,125.013229707665,-126.59658488475,40.5825174982472,524.789318847656,-0.48551326751709,0.47163200378418,32.4668669190919,345.155662101301,-30.8371229544741,264.127232760415,980.878535766602,-0.247538480758669,6.82657432556152,0.0232585521430094,0.283939402413817,0.105825521587297,0.199280969814647,0.130772328730874,0.00015814571343772,0.00606263312355604,"SSP5-8.5 , 2090s"
"505","ssp245","Atl_EQU","Atl","EQU","2000s","1",2910,10.2047080775108,1736.9209016102,239.84624448685,1986.97185417456,393.745355572994,8.0497971374436,28.6498852336472,0.527808528215215,65.8705631929667,15.221268426845,78.9277239916975,20.6524344625953,0.0160459668468534,0.829366449555301,8.05546034105881,1429.08165418703,177.714239889958,1615.1924503961,309.654140218099,8.00406673749288,25.6844329833984,11.5374584194909,1816.49509901595,264.101846325441,2083.96681801202,444.484873657227,8.09360342025757,30.6492462158203,0.00978430334308595,1.22108214855729,0.282165784737116,1.46313057184867,0.382846567937304,0.000297453714121681,0.0153744634488332,NA,NA,NA,NA,NA,NA,NA,NA,NA,NA,NA,NA,NA,NA,NA,NA,NA,NA,NA,NA,NA,NA,NA,NA,NA,NA,NA,NA,NA,NA,NA,NA,NA,NA,NA,"Modern , 2000s"
"506","ssp245","Atl_EQU","Atl","EQU","2000s","2",2910,10.2942775027758,1738.33100337611,240.722034838149,1989.34731571703,402.868111054378,8.04157897493504,29.2464194026052,0.467479781355058,60.2213387344129,14.8201981452055,73.1547777270671,20.6816319051274,0.0177725205707591,1.01408051747338,8.31407623932527,1420.24596380749,178.379511226813,1606.93955127362,317.019729614258,7.99776918093364,25.7339744567871,11.5990749729484,1817.60588306468,264.611811486217,2086.91008907003,457.378255004883,8.08907051086426,31.4850826263428,0.0086659531686694,1.11635908555076,0.274730904306655,1.35611400349673,0.383387818446351,0.000329459876337271,0.0187986189439277,NA,NA,NA,NA,NA,NA,NA,NA,NA,NA,NA,NA,NA,NA,NA,NA,NA,NA,NA,NA,NA,NA,NA,NA,NA,NA,NA,NA,NA,NA,NA,NA,NA,NA,NA,"Modern , 2000s"
"507","ssp245","Atl_EQU","Atl","EQU","2000s","3",2910,10.309269787771,1736.43036715406,242.114851735541,1988.85448867737,408.555043535083,8.03621080670866,29.793494677212,0.400514032732817,56.8646699810279,14.5974488320868,69.8310223894769,19.0279033913555,0.017440723820625,1.0920172699261,8.63279844846491,1445.36993289922,179.736699478835,1633.73943082652,331.347436523438,8.00297408103943,26.0685691833496,11.4668040286268,1817.00367129116,266.377673349683,2087.66348060611,453.216113891602,8.0863109588623,31.8896083831787,0.00742456891075973,1.05413450305597,0.270601666652259,1.29449955673674,0.35273166084206,0.000323309160920566,0.0202433792818309,NA,NA,NA,NA,NA,NA,NA,NA,NA,NA,NA,NA,NA,NA,NA,NA,NA,NA,NA,NA,NA,NA,NA,NA,NA,NA,NA,NA,NA,NA,NA,NA,NA,NA,NA,"Modern , 2000s"
"508","ssp245","Atl_EQU","Atl","EQU","2000s","4",2910,10.268952392082,1736.26268902859,243.13466494238,1989.66630636306,406.947667077239,8.03757765624318,29.7883552048577,0.328933842460755,53.0379435943929,14.0301341240138,65.384686904477,14.6992432571072,0.014013003287632,1.05630040065689,8.61149889795621,1484.86092874048,192.020809811912,1685.49323745035,323.037411499023,8.01311164855957,25.4213733673096,11.9785819364058,1838.30149916887,267.166885931366,2085.93737026387,440.344804077148,8.10216932296753,32.0072479248047,0.00609764397958072,0.983196180205379,0.260085013551653,1.212075168299,0.272488690979817,0.000259767448960101,0.019581274248066,NA,NA,NA,NA,NA,NA,NA,NA,NA,NA,NA,NA,NA,NA,NA,NA,NA,NA,NA,NA,NA,NA,NA,NA,NA,NA,NA,NA,NA,NA,NA,NA,NA,NA,NA,"Modern , 2000s"
"509","ssp245","Atl_EQU","Atl","EQU","2000s","5",2910,10.2137269274834,1734.86623609982,242.002460622256,1987.08242364956,400.305605759482,8.04319509200135,29.3190516774436,0.353840492381992,54.2332119782459,14.0982766230102,66.1543546933139,13.2010695808614,0.0106327826642541,0.998071229234017,8.56203287286887,1457.12469668,189.500248159573,1655.18697771245,317.359878540039,8.01261448860168,25.9143009185791,12.1785034733487,1842.60831924768,266.619554133069,2085.1926919673,447.515328979492,8.10333976745605,31.4142398834229,0.00655935349176591,1.00535358733096,0.261348211937234,1.22634296185824,0.244716146722937,0.000197106271321458,0.0185018451631581,NA,NA,NA,NA,NA,NA,NA,NA,NA,NA,NA,NA,NA,NA,NA,NA,NA,NA,NA,NA,NA,NA,NA,NA,NA,NA,NA,NA,NA,NA,NA,NA,NA,NA,NA,"Modern , 2000s"
"510","ssp245","Atl_EQU","Atl","EQU","2000s","6",2910,10.1750309822043,1734.56452858578,238.387128993806,1983.12668856179,389.359562544775,8.05291787767586,28.3295937044025,0.435132971939874,58.7944085082382,14.6458650678017,69.9574133836172,13.8445053589795,0.00963428936728038,1.25317291615166,8.1653510005881,1483.17989086529,194.934434813677,1687.6797990198,307.532815551758,8.02124621073405,24.9077262878418,11.5271808388807,1824.52982870877,265.631640884488,2086.28909589152,423.697000732422,8.11204652786255,30.6931400299072,0.00806632095626587,1.08990722386992,0.271499187460735,1.29684254242264,0.256643901767348,0.000178596602035392,0.0232308181802773,NA,NA,NA,NA,NA,NA,NA,NA,NA,NA,NA,NA,NA,NA,NA,NA,NA,NA,NA,NA,NA,NA,NA,NA,NA,NA,NA,NA,NA,NA,NA,NA,NA,NA,NA,"Modern , 2000s"
"511","ssp245","Atl_EQU","Atl","EQU","2000s","7",2910,10.2438687570442,1739.61670497589,234.000180544737,1983.86075427767,382.533372765443,8.05951952082418,27.328455937566,0.547427530071049,60.8265071022664,14.7324188933734,70.0065614249154,16.0346928262393,0.0115001434377621,1.44470813764305,7.96592635681418,1449.65335536179,192.203523998499,1652.69903549962,300.31328125,8.0207976659139,23.5501194000244,11.8258036695811,1829.24461511481,266.944153930487,2086.58013775928,436.455727132161,8.10681575139364,29.9177188873291,0.01014799255079,1.12757745465279,0.273103687652808,1.29775362915026,0.297244720837776,0.000213185058347868,0.0267814214914705,NA,NA,NA,NA,NA,NA,NA,NA,NA,NA,NA,NA,NA,NA,NA,NA,NA,NA,NA,NA,NA,NA,NA,NA,NA,NA,NA,NA,NA,NA,NA,NA,NA,NA,NA,"Modern , 2000s"
"512","ssp245","Atl_EQU","Atl","EQU","2000s","8",2910,10.3596666255851,1748.80350478515,231.828248095097,1990.99141950583,381.344105454523,8.06153619937114,26.7164482855562,0.612435724972625,60.7685059546743,14.4893094710652,68.205319238713,17.7701871331568,0.0141244044334344,1.49954263025322,7.34460204354905,1351.70871925182,179.031740630184,1538.08506192555,271.472550964355,8.01943688392639,23.5173377990723,12.2823838121756,1852.34288591223,268.141388298174,2085.31596270764,441.452596028646,8.14840002059936,30.3634452819824,0.0113530884609571,1.12650225258243,0.268597022439441,1.26436292210018,0.329416620004506,0.000261832558834291,0.0277979213786102,NA,NA,NA,NA,NA,NA,NA,NA,NA,NA,NA,NA,NA,NA,NA,NA,NA,NA,NA,NA,NA,NA,NA,NA,NA,NA,NA,NA,NA,NA,NA,NA,NA,NA,NA,"Modern , 2000s"
"513","ssp245","Atl_EQU","Atl","EQU","2000s","9",2910,10.391208679158,1751.80767462299,232.310122858598,1994.50900616075,383.111525049583,8.06033984121432,26.7645895636513,0.61433750511362,64.6180654007001,14.3212825258601,72.5483353881261,18.2594922373628,0.015046306176515,1.51371230074863,6.35290477557363,1224.74357942941,159.757520169212,1391.00370878206,219.503544616699,8.02374572753906,23.3566398620605,11.7241883506679,1841.86640155562,267.925632380627,2084.41207873232,419.730887858073,8.20356187820435,30.6112785339355,0.0113883429003923,1.19786384555351,0.265482206149416,1.34487201802834,0.338487162276834,0.000278922404535196,0.0280605930615923,NA,NA,NA,NA,NA,NA,NA,NA,NA,NA,NA,NA,NA,NA,NA,NA,NA,NA,NA,NA,NA,NA,NA,NA,NA,NA,NA,NA,NA,NA,NA,NA,NA,NA,NA,"Modern , 2000s"
"514","ssp245","Atl_EQU","Atl","EQU","2000s","10",2910,10.3435251209372,1748.57765132861,234.690750534963,1993.61192698451,386.419026153618,8.05721987508906,27.3061875334584,0.607535840695804,70.0344913651682,14.6699634657509,79.6119671494953,18.6696614444719,0.0152856014846447,1.49172172734636,5.47212866650521,1176.28159806605,152.422373634357,1334.88641417908,189.170600128174,8.01692701975504,23.6447410583496,11.662548706377,1830.06515352053,266.353222221741,2079.78412441326,428.384360961914,8.24577035903931,30.4048042297363,0.0112622563664615,1.29827138320912,0.271945913921209,1.47581479777234,0.346090714947571,0.00028335836522578,0.0276529406093219,NA,NA,NA,NA,NA,NA,NA,NA,NA,NA,NA,NA,NA,NA,NA,NA,NA,NA,NA,NA,NA,NA,NA,NA,NA,NA,NA,NA,NA,NA,NA,NA,NA,NA,NA,"Modern , 2000s"
"515","ssp245","Atl_EQU","Atl","EQU","2000s","11",2910,10.2762772274524,1742.77613580219,237.069424827805,1990.12183785744,389.540750373416,8.05395501489392,27.9171315986694,0.629626750992893,75.7505605646777,15.7011951443908,87.42724059673,20.1644084072614,0.0152754971314551,1.32217441529497,6.19146779871681,1185.66522771543,153.698894741865,1345.55559025601,225.267373657227,8.00457119941711,24.2938766479492,12.4230430264187,1820.28079310387,265.674616879458,2078.93364189639,448.873504638672,8.1822286605835,30.672534942627,0.0116717688239478,1.40423358728186,0.291062474229418,1.62069121039016,0.373799736161275,0.000283171054768659,0.0245099403669324,NA,NA,NA,NA,NA,NA,NA,NA,NA,NA,NA,NA,NA,NA,NA,NA,NA,NA,NA,NA,NA,NA,NA,NA,NA,NA,NA,NA,NA,NA,NA,NA,NA,NA,NA,"Modern , 2000s"
"516","ssp245","Atl_EQU","Atl","EQU","2000s","12",2910,10.2185245069087,1738.21850059631,238.700278363902,1987.13730346712,391.288734477342,8.05206846238948,28.3425205450514,0.608906565473842,74.118935796262,15.9157702636814,87.011130622981,20.8500995066204,0.0151046387581526,0.976785274485225,7.05399382441429,1313.72365805854,164.295889680546,1491.16076028753,262.962431844076,8.01180874506633,25.719783782959,11.4780035312892,1816.01294613234,264.960238801168,2080.74291486259,434.665889282227,8.13027868270874,30.4736366271973,0.0112876663140301,1.37398718006625,0.295040181948763,1.61297753016409,0.386510803446355,0.000280003750597294,0.0181072546495989,NA,NA,NA,NA,NA,NA,NA,NA,NA,NA,NA,NA,NA,NA,NA,NA,NA,NA,NA,NA,NA,NA,NA,NA,NA,NA,NA,NA,NA,NA,NA,NA,NA,NA,NA,"Modern , 2000s"
"517","ssp245","IND_STPS","IND","STPS","2000s","1",15087,10.3750418428448,1737.01187525587,227.626597019583,1975.0135141183,377.672783227027,8.06227170995158,26.4846547667837,0.942263457685323,63.3818594308763,20.4896917785124,60.9570104929532,15.756937086893,0.0186740785264515,3.37194701524533,8.54129583739928,1511.99137865828,157.133762035384,1714.02437782873,303.152935791016,8.01042284965515,16.8865261077881,13.9060014867109,1893.07894232087,276.156569742718,2111.23900410533,424.933843383789,8.14184865951538,30.9808807373047,0.00767133421087052,0.516016431110551,0.166814569989604,0.496274790424009,0.128283368677112,0.00015203295457128,0.0274523354209634,NA,NA,NA,NA,NA,NA,NA,NA,NA,NA,NA,NA,NA,NA,NA,NA,NA,NA,NA,NA,NA,NA,NA,NA,NA,NA,NA,NA,NA,NA,NA,NA,NA,NA,NA,"Modern , 2000s"
"518","ssp245","IND_STPS","IND","STPS","2000s","2",15087,10.3549671940141,1734.00937423543,228.359793182004,1972.72413461145,380.281987331564,8.05944784860948,26.8387014867915,0.916138559847951,63.683750589189,19.3873827351728,61.7449435434888,14.709038847088,0.0174872613426847,3.1507267934316,8.66455892972348,1529.16590735017,161.664164261736,1731.28098537249,307.285174560547,8.01271306673686,17.3741416931152,13.8795037586103,1890.25131733186,276.165890969447,2111.16494338407,423.785390625,8.13752708435059,31.0853366851807,0.00745864123110917,0.518474244742009,0.157840242261884,0.502689660614664,0.119752020516509,0.000142370613121422,0.0256512953382832,NA,NA,NA,NA,NA,NA,NA,NA,NA,NA,NA,NA,NA,NA,NA,NA,NA,NA,NA,NA,NA,NA,NA,NA,NA,NA,NA,NA,NA,NA,NA,NA,NA,NA,NA,"Modern , 2000s"
"519","ssp245","IND_STPS","IND","STPS","2000s","3",15087,10.3297399736302,1731.32523612378,228.998590243483,1970.6535663409,381.683285724694,8.05778863753047,27.0986990808418,0.85718030406456,63.8237249639732,18.988355281185,61.9688661088838,13.0742110058899,0.017437128292324,3.33218734785092,8.84771568368254,1529.3013372611,163.465035358816,1738.36824498439,318.740057373047,8.01559770901998,17.3083534240723,13.8116623887345,1889.68253016869,276.927848465432,2109.84416484953,416.146823730469,8.12583281199137,31.1595611572266,0.00697863908211844,0.519613830705116,0.154591604172519,0.504512701530121,0.106442249618809,0.00014196246041085,0.0271286364658486,NA,NA,NA,NA,NA,NA,NA,NA,NA,NA,NA,NA,NA,NA,NA,NA,NA,NA,NA,NA,NA,NA,NA,NA,NA,NA,NA,NA,NA,NA,NA,NA,NA,NA,NA,"Modern , 2000s"
"520","ssp245","IND_STPS","IND","STPS","2000s","4",15087,10.2948067218949,1730.80831766179,229.152945033718,1970.25606941741,379.21117484152,8.06022903177244,26.9782503244394,0.808341388539851,63.5575544288971,19.3976152258761,61.236678968888,15.268480307092,0.0202153157827773,3.76987715679464,8.87352795464027,1533.5063924155,160.97060983139,1746.87185398776,326.929331461589,8.01247604688009,16.7531108856201,13.7690275036078,1890.04057413924,278.569790491013,2109.55078553297,425.971716308594,8.12794100443522,31.4624061584473,0.0065810224278476,0.517446832595404,0.157923548958492,0.49855168053329,0.124306651576543,0.000164580768025242,0.0306920398619089,NA,NA,NA,NA,NA,NA,NA,NA,NA,NA,NA,NA,NA,NA,NA,NA,NA,NA,NA,NA,NA,NA,NA,NA,NA,NA,NA,NA,NA,NA,NA,NA,NA,NA,NA,"Modern , 2000s"
"521","ssp245","IND_STPS","IND","STPS","2000s","5",15087,10.2574849796668,1733.28405959317,228.144849120615,1971.68639369345,371.43848276806,8.06820518741755,26.2791551570977,0.808476342508044,63.2795194377284,20.3717718599933,60.4614128159755,19.2021538245351,0.0234133864736559,4.15133661371395,9.08034850050899,1541.65498763438,155.574100934048,1756.28105213317,323.650206502279,8.0083211739858,15.8077621459961,13.8282723373302,1901.12299027328,280.893456277795,2108.62055335295,433.27146097819,8.13177769978841,31.656078338623,0.00658212114072312,0.515183241322522,0.165854537954295,0.492239936495187,0.156332221477009,0.000190617508492697,0.0337976500371285,NA,NA,NA,NA,NA,NA,NA,NA,NA,NA,NA,NA,NA,NA,NA,NA,NA,NA,NA,NA,NA,NA,NA,NA,NA,NA,NA,NA,NA,NA,NA,NA,NA,NA,NA,"Modern , 2000s"
"522","ssp245","IND_STPS","IND","STPS","2000s","6",15087,10.2565201203319,1738.3439425787,225.966100669926,1974.56656336896,362.189499670549,8.07790712633253,25.2721855797824,0.854122475532654,63.2155073552862,21.4577854689177,59.8724728833067,21.0572014986253,0.0250936570969211,4.3787528435216,9.03076898628018,1547.46348371557,148.797830432284,1764.89306770474,316.648309936523,8.01156539916992,13.9634494781494,14.004330581028,1918.16817587773,282.231457874906,2111.17250022164,425.65817972819,8.1412031173706,31.585018157959,0.00695374410774958,0.514662094000144,0.174696198196621,0.487445146867317,0.171434887901113,0.000204297246797988,0.0356491342367984,NA,NA,NA,NA,NA,NA,NA,NA,NA,NA,NA,NA,NA,NA,NA,NA,NA,NA,NA,NA,NA,NA,NA,NA,NA,NA,NA,NA,NA,NA,NA,NA,NA,NA,NA,"Modern , 2000s"
"523","ssp245","IND_STPS","IND","STPS","2000s","7",15087,10.2940152622122,1743.19125123944,223.242950912447,1976.7282174141,355.055709712326,8.0854347763021,24.358489851114,0.929934038459362,64.7626581378888,22.3633273619766,61.0454384416805,21.9985621332058,0.0261969331478745,4.525087772529,8.83853763630304,1529.41196875666,143.350028771516,1740.2682666152,310.347967529297,8.02389402389526,12.4186964035034,14.3125238102908,1936.6044690313,278.499126603082,2118.25357320148,415.827990112305,8.15142087936401,30.983097076416,0.00757095560153697,0.527258051777292,0.18206856783161,0.496994716833906,0.179098871877063,0.000213279447311743,0.0368405039519069,NA,NA,NA,NA,NA,NA,NA,NA,NA,NA,NA,NA,NA,NA,NA,NA,NA,NA,NA,NA,NA,NA,NA,NA,NA,NA,NA,NA,NA,NA,NA,NA,NA,NA,NA,"Modern , 2000s"
"524","ssp245","IND_STPS","IND","STPS","2000s","8",15087,10.3450666779699,1746.46047754047,221.304480401547,1978.11002461998,351.946439893186,8.0887845731872,23.8404646179237,0.998028360831979,66.0989194272276,23.2184849279289,62.188662113708,23.0902052616029,0.0273644502412778,4.65353136967421,8.50473370627567,1476.36323659038,139.056771059415,1682.1528361266,302.74065246582,8.02850424448649,11.5753717422485,14.6123843127098,1949.4796577564,274.863591467212,2124.10623967557,408.19612121582,8.1552680015564,30.5969390869141,0.0081253380309122,0.538137075960983,0.189030739014062,0.506302146506967,0.187986364232445,0.000222784659200574,0.037886213358242,NA,NA,NA,NA,NA,NA,NA,NA,NA,NA,NA,NA,NA,NA,NA,NA,NA,NA,NA,NA,NA,NA,NA,NA,NA,NA,NA,NA,NA,NA,NA,NA,NA,NA,NA,"Modern , 2000s"
"525","ssp245","IND_STPS","IND","STPS","2000s","9",15087,10.3682685235451,1747.10306121589,220.980222682177,1978.45155242161,352.439869096001,8.08829751954048,23.8113470699484,1.01297586858929,66.3337582455185,23.7186354420313,62.865602827993,23.7134360289556,0.0281106872804366,4.71820711430203,8.0908272085217,1422.40241830896,136.851038975427,1619.76107274382,300.821696980794,8.02129780451457,11.4637117385864,14.7065624385384,1950.46581109166,274.47847476186,2123.81629559973,425.233558349609,8.15366086959839,30.6211452484131,0.00824703151980921,0.540048990347667,0.193102659365132,0.511813384810724,0.193060328915958,0.000228860065904745,0.038412763813245,NA,NA,NA,NA,NA,NA,NA,NA,NA,NA,NA,NA,NA,NA,NA,NA,NA,NA,NA,NA,NA,NA,NA,NA,NA,NA,NA,NA,NA,NA,NA,NA,NA,NA,NA,"Modern , 2000s"
"526","ssp245","IND_STPS","IND","STPS","2000s","10",15087,10.3693241214199,1745.29662408943,222.223315507753,1977.88926371861,356.865552215767,8.08361856504899,24.2902080661897,0.985282013825628,65.9389849757841,23.7191435315939,62.8838108708632,23.0943786796623,0.0276199252850687,4.6947573787447,7.44589670459545,1425.34718721083,136.50744006307,1622.97329922638,280.803758239746,8.01096356709798,12.1779832839966,14.7494984951869,1940.32241598107,276.799646437331,2117.58001249429,436.634334716797,8.15384353001912,30.5018863677979,0.00802156504995246,0.536834987231076,0.193106795920373,0.511961623587304,0.188020341656142,0.00022486458114541,0.038221850372689,NA,NA,NA,NA,NA,NA,NA,NA,NA,NA,NA,NA,NA,NA,NA,NA,NA,NA,NA,NA,NA,NA,NA,NA,NA,NA,NA,NA,NA,NA,NA,NA,NA,NA,NA,"Modern , 2000s"
"527","ssp245","IND_STPS","IND","STPS","2000s","11",15087,10.3825838348611,1743.25806541657,224.137068231924,1977.77771748336,364.380659158434,8.07586678570516,25.051951573728,0.95163094410968,64.8060425262297,23.1959323190329,61.7857817631509,20.7140497719608,0.0252649195735248,4.45717679377565,7.91882348668447,1479.77697022936,139.514646728667,1684.89959556105,293.28720703125,8.00796022415161,13.5718669891357,14.5400177410549,1917.87670352786,278.156214078986,2109.89341309673,429.559045410156,8.14939209620158,30.5479831695557,0.00774759857036671,0.527611260998963,0.188847129431459,0.503022140484333,0.168641155894623,0.000205691561397682,0.0362876141944244,NA,NA,NA,NA,NA,NA,NA,NA,NA,NA,NA,NA,NA,NA,NA,NA,NA,NA,NA,NA,NA,NA,NA,NA,NA,NA,NA,NA,NA,NA,NA,NA,NA,NA,NA,"Modern , 2000s"
"528","ssp245","IND_STPS","IND","STPS","2000s","12",15087,10.4127997854453,1741.06926871655,225.86006883883,1977.34213734082,373.328434801731,8.06681051938749,25.8882944994397,0.945889336567803,63.8435393078694,21.9627474907644,60.9224596855465,17.5508554957513,0.0214852094220464,3.9294938643494,8.50876349978306,1494.94420261043,149.447654609069,1697.28508816155,311.416693115234,8.00467929840088,15.5074129104614,13.9608135201915,1899.63931038354,276.805417469317,2111.2698970821,433.052152709961,8.14101632436116,31.347204208374,0.00770085390463427,0.519775147004668,0.178807290908312,0.495993498829062,0.142888357917798,0.000174919467292029,0.0319915417149248,NA,NA,NA,NA,NA,NA,NA,NA,NA,NA,NA,NA,NA,NA,NA,NA,NA,NA,NA,NA,NA,NA,NA,NA,NA,NA,NA,NA,NA,NA,NA,NA,NA,NA,NA,"Modern , 2000s"
"529","ssp245","NA_SPSS","NA","SPSS","2000s","1",7616,16.9260330593221,1910.92657783337,125.686166481388,2053.53877737408,330.729372347359,8.10194759671012,5.74337242185627,1.78810766199538,132.534467050943,23.8002629670699,147.516825109064,28.942564387279,0.0420170757929395,4.04483511587061,10.7788147822956,501.47285649552,3.00081360510415,530.789640841287,246.47849822998,7.60196385383606,-1.86623311042786,30.4655880262921,2047.89716911527,206.143223516674,2184.87358645497,440.186973063151,8.20378715515137,16.839485168457,0.0204894450784474,1.51867683437543,0.272720816134864,1.69035564829815,0.331645065924511,0.000481462377861351,0.0463486783930689,NA,NA,NA,NA,NA,NA,NA,NA,NA,NA,NA,NA,NA,NA,NA,NA,NA,NA,NA,NA,NA,NA,NA,NA,NA,NA,NA,NA,NA,NA,NA,NA,NA,NA,NA,"Modern , 2000s"
"530","ssp245","NA_SPSS","NA","SPSS","2000s","2",7616,17.1023937214739,1915.5356895983,124.279471160775,2056.91755448055,329.127685352869,8.10373340079292,5.28780461171336,1.77680783619281,133.180970646068,23.1424472902553,147.964134004218,30.4735663177435,0.0415686498160428,4.0314367580449,11.0583997235304,501.912876246171,3.01343622524599,530.939405231919,244.238248291016,7.62372493743896,-1.87860560417175,30.8697816916016,2053.99682636242,201.955866481805,2188.27456096078,421.642246500651,8.21167249679565,15.9445924758911,0.0203599634118237,1.52608494530011,0.265183083106645,1.69548124069684,0.349188405532062,0.000476323985123231,0.0461951502120505,NA,NA,NA,NA,NA,NA,NA,NA,NA,NA,NA,NA,NA,NA,NA,NA,NA,NA,NA,NA,NA,NA,NA,NA,NA,NA,NA,NA,NA,NA,NA,NA,NA,NA,NA,"Modern , 2000s"
"531","ssp245","NA_SPSS","NA","SPSS","2000s","3",7616,17.1406358849055,1916.76583866702,123.909324060147,2057.81579861208,327.802519793116,8.10524164403466,5.10405443576155,1.77050246243914,133.120597418903,23.1092688745834,147.946108767966,31.0638495869518,0.0412358267714025,4.06067856113443,11.2653651555561,503.349656477533,3.38649230588212,530.885287252986,243.181829528809,7.66654162406921,-1.89007723331451,30.5288081973844,2056.07314339544,199.356402032754,2189.28166180534,424.266983032227,8.20537691116333,16.1275978088379,0.0202877118287838,1.52539314471758,0.264802900559393,1.69527469435959,0.355952302853364,0.000472510255313255,0.0465302241738327,NA,NA,NA,NA,NA,NA,NA,NA,NA,NA,NA,NA,NA,NA,NA,NA,NA,NA,NA,NA,NA,NA,NA,NA,NA,NA,NA,NA,NA,NA,NA,NA,NA,NA,NA,"Modern , 2000s"
"532","ssp245","NA_SPSS","NA","SPSS","2000s","4",7616,16.7920065499532,1910.93436867307,126.329567900857,2054.05594312388,322.608008433158,8.11144248938516,5.27342008734272,1.84432004029313,130.978030314264,24.7975769636474,146.55586915444,29.4767867879377,0.0425927670615827,4.17589514188483,9.70956492525614,502.42910730876,3.57651222575647,529.055191323088,214.678077189128,7.67934482892354,-1.88835692405701,31.0428433667728,2055.62331763593,212.23265690035,2187.81411743243,436.948081461588,8.26649729410807,17.2246036529541,0.0211335676121966,1.50084204416002,0.284148769156462,1.67934431230673,0.337766576821544,0.00048805906937032,0.0478504600039154,NA,NA,NA,NA,NA,NA,NA,NA,NA,NA,NA,NA,NA,NA,NA,NA,NA,NA,NA,NA,NA,NA,NA,NA,NA,NA,NA,NA,NA,NA,NA,NA,NA,NA,NA,"Modern , 2000s"
"533","ssp245","NA_SPSS","NA","SPSS","2000s","5",7616,15.5790478125914,1887.88355355461,136.320315208766,2039.78291657596,307.341168588424,8.13104644039998,6.18173220149131,2.26380824345581,122.645399734002,31.6824514861558,140.97490483833,30.096034296164,0.0540388070322191,4.45460119120397,8.65384236605515,502.959608563579,3.55976185081311,529.999540329364,199.378523254395,7.64712773958842,-1.8481969833374,27.9776797097582,2039.19542231645,237.382024356974,2177.62351385388,425.539426269531,8.30084457397461,19.9277000427246,0.0259403701792002,1.4053606700448,0.363040695744103,1.6153935422999,0.344862367572538,0.00061921616484541,0.0510440777104595,NA,NA,NA,NA,NA,NA,NA,NA,NA,NA,NA,NA,NA,NA,NA,NA,NA,NA,NA,NA,NA,NA,NA,NA,NA,NA,NA,NA,NA,NA,NA,NA,NA,NA,NA,"Modern , 2000s"
"534","ssp245","NA_SPSS","NA","SPSS","2000s","6",7616,14.6676046138164,1861.49281831809,145.527203221464,2021.68762615337,307.73832191456,8.13271461027008,8.02344920082376,2.60525987290379,114.407136937079,37.3866141772575,134.576298580592,42.2750605708669,0.0690666248789911,4.7420650161065,7.32258351904445,505.536472379689,3.99544431782534,531.568985500912,150.829236602783,7.62054853439331,-1.72086882591248,26.1810859014584,2018.09905647223,252.177326320137,2169.81105418782,469.971335449219,8.31022529602051,23.1774463653564,0.0298529726232352,1.31096063099401,0.428403162815819,1.5420736330556,0.484418556088629,0.00079141589026728,0.0543380484134361,NA,NA,NA,NA,NA,NA,NA,NA,NA,NA,NA,NA,NA,NA,NA,NA,NA,NA,NA,NA,NA,NA,NA,NA,NA,NA,NA,NA,NA,NA,NA,NA,NA,NA,NA,"Modern , 2000s"
"535","ssp245","NA_SPSS","NA","SPSS","2000s","7",7616,14.679321875483,1855.99104868858,147.152317874896,2017.82268843896,329.312047839337,8.10838105298628,9.95272877762044,2.40331461226174,114.605772351477,36.2530763396054,135.206403528873,45.1859418531198,0.0669563839874015,4.72726464834795,7.94394793334717,514.271135361111,5.75130595248512,537.504749206974,186.634520721436,7.62064161300659,-1.35995233058929,26.0795966845274,2009.84282188019,259.377036825542,2165.6858113075,529.913749186198,8.26266117095947,25.8574523925781,0.0275389361618285,1.31323674081695,0.415414257414566,1.54929383629384,0.517773562294488,0.000767235207096184,0.0541684549774395,NA,NA,NA,NA,NA,NA,NA,NA,NA,NA,NA,NA,NA,NA,NA,NA,NA,NA,NA,NA,NA,NA,NA,NA,NA,NA,NA,NA,NA,NA,NA,NA,NA,NA,NA,"Modern , 2000s"
"536","ssp245","NA_SPSS","NA","SPSS","2000s","8",7616,14.7717141957452,1856.01772836732,147.195873187654,2017.98531575072,342.360877155268,8.09386394750099,10.9159777966214,2.19992093556383,115.64362377529,34.8083286002837,135.811459689328,42.94610645466,0.0613793274654098,4.68237759888456,9.32600005684414,513.952553226443,6.18126443162173,536.531764310121,239.066275024414,7.64351112047831,-1.02246510982513,24.9544678991189,2002.12568227607,261.449365432307,2163.95751169948,540.029849243164,8.22521295547485,26.66526222229,0.0252083026901533,1.32512920132131,0.398859281399302,1.55622701220519,0.492107890502505,0.000703329215451795,0.0536541063427005,NA,NA,NA,NA,NA,NA,NA,NA,NA,NA,NA,NA,NA,NA,NA,NA,NA,NA,NA,NA,NA,NA,NA,NA,NA,NA,NA,NA,NA,NA,NA,NA,NA,NA,NA,"Modern , 2000s"
"537","ssp245","NA_SPSS","NA","SPSS","2000s","9",7616,15.0670181279383,1864.60152104489,143.638770213635,2023.30730938646,342.382719486876,8.09238110825289,10.309178424627,1.95746860973824,118.877938984972,32.3224379328898,137.955116107105,34.0140478803766,0.0524500877568869,4.5802882241514,9.28701936409706,509.974100263794,5.61075814438407,532.859029106676,247.994550476074,7.67976800600688,-1.21289277076721,23.5354278719019,1999.97110405126,258.60278534864,2162.10080278714,490.212116495768,8.19878368377686,25.8073024749756,0.0224301066565868,1.36219034996669,0.370374128417097,1.5807905949092,0.389757832122336,0.000601011457696701,0.052484291637945,NA,NA,NA,NA,NA,NA,NA,NA,NA,NA,NA,NA,NA,NA,NA,NA,NA,NA,NA,NA,NA,NA,NA,NA,NA,NA,NA,NA,NA,NA,NA,NA,NA,NA,NA,"Modern , 2000s"
"538","ssp245","NA_SPSS","NA","SPSS","2000s","10",7616,15.59238291922,1878.18915587358,137.83248652868,2031.61402532148,338.793545445079,8.09463659972755,8.95112203759171,1.84284232687857,123.894900965194,29.5872090212953,141.311860899298,26.3007609184409,0.0461434973780643,4.38196771848068,9.52868392866712,507.184344590183,4.49165942598532,532.087298025146,246.573879699707,7.64300227165222,-1.49080109596252,23.6559175627833,2015.6539754608,248.599956033472,2170.22501547376,457.547918701172,8.18862926483154,23.7132835388184,0.0211166348913694,1.41967836880316,0.339031875513512,1.61925463123308,0.301373350057913,0.00052874593367621,0.0502117902694673,NA,NA,NA,NA,NA,NA,NA,NA,NA,NA,NA,NA,NA,NA,NA,NA,NA,NA,NA,NA,NA,NA,NA,NA,NA,NA,NA,NA,NA,NA,NA,NA,NA,NA,NA,"Modern , 2000s"
"539","ssp245","NA_SPSS","NA","SPSS","2000s","11",7616,16.1866691774842,1892.46607966721,132.136417316607,2040.7891661613,336.260465207878,8.09640344450149,7.58784183644455,1.81227677064706,128.331478351778,26.89556719689,144.406783126404,24.966010535577,0.0438318578421535,4.17390449471198,10.2266129408881,504.890833437149,3.46997424263827,533.109260085639,246.454931945801,7.56952986717224,-1.64661288261414,27.9488559268175,2033.26194195423,233.434877425214,2176.02272542856,493.064248657227,8.19171514511108,20.9258403778076,0.0207663923981412,1.47051591658104,0.308189075326379,1.65471851315816,0.286078804184424,0.000502257477573204,0.0478276497130221,NA,NA,NA,NA,NA,NA,NA,NA,NA,NA,NA,NA,NA,NA,NA,NA,NA,NA,NA,NA,NA,NA,NA,NA,NA,NA,NA,NA,NA,NA,NA,NA,NA,NA,NA,"Modern , 2000s"
"540","ssp245","NA_SPSS","NA","SPSS","2000s","12",7616,16.6647463431576,1903.90905318648,128.009128091004,2048.58292762064,334.261473650485,8.09817463954891,6.52838824222859,1.80529824054036,131.053914052354,24.921974970773,146.31309486326,26.9044026617815,0.0427607855033577,4.08079471734606,10.4988822156885,503.071513059536,3.18957700621692,532.049943564765,248.932247619629,7.57393007278442,-1.82297766208649,29.1222957429096,2041.29226490474,221.721394825987,2180.64350622443,477.70559387207,8.18970041275024,18.5519599914551,0.0206864272973878,1.50171157551821,0.285574212483529,1.6765624269587,0.308290318543711,0.000489984347533421,0.0467607298008975,NA,NA,NA,NA,NA,NA,NA,NA,NA,NA,NA,NA,NA,NA,NA,NA,NA,NA,NA,NA,NA,NA,NA,NA,NA,NA,NA,NA,NA,NA,NA,NA,NA,NA,NA,"Modern , 2000s"
"541","ssp245","NA_STPS","NA","STPS","2000s","1",7527,10.4754707556476,1814.05644384128,240.838162558878,2065.37007715581,359.16190993835,8.09359584323351,23.5949656952275,0.7042739996949,52.0202556151083,21.4890990789976,57.0856613428235,16.2929480213122,0.0209559929131392,3.0173678195891,9.45219924968923,1670.7092381018,156.545821820548,1909.42174921558,314.668310546875,8.03153921763102,14.7222747802734,13.5179815803066,1939.69832675005,277.983894995182,2167.21141222833,407.577555541992,8.15284461975098,29.5083770751953,0.00811765701050958,0.599599861510466,0.247689302549476,0.657985129651099,0.187797027555142,0.000241544573358138,0.0347790164688523,NA,NA,NA,NA,NA,NA,NA,NA,NA,NA,NA,NA,NA,NA,NA,NA,NA,NA,NA,NA,NA,NA,NA,NA,NA,NA,NA,NA,NA,NA,NA,NA,NA,NA,NA,"Modern , 2000s"
"542","ssp245","NA_STPS","NA","STPS","2000s","2",7527,10.5158897756774,1817.78716819924,238.905577800008,2067.20863577493,355.553841815406,8.09750006322682,23.0631430076546,0.728576433599769,51.8011804924177,21.9284815159049,56.4078864739936,16.4871012359523,0.0211328060708447,3.09713758314292,9.41097281070409,1682.08060770895,154.740392251598,1919.89409366075,312.111514282226,8.02515947024028,14.3413467407227,13.8245505040626,1945.95958982111,276.764175252914,2168.95501803414,415.007783813477,8.15615205764771,29.5331020355225,0.00839777358878134,0.597074741022832,0.252753746105252,0.650172908955903,0.190034891234078,0.000243582570742422,0.0356984648378393,NA,NA,NA,NA,NA,NA,NA,NA,NA,NA,NA,NA,NA,NA,NA,NA,NA,NA,NA,NA,NA,NA,NA,NA,NA,NA,NA,NA,NA,NA,NA,NA,NA,NA,NA,"Modern , 2000s"
"543","ssp245","NA_STPS","NA","STPS","2000s","3",7527,10.5204143849871,1818.87343896709,238.923366448128,2068.31721980021,355.168243536052,8.09812040062049,23.0009090304412,0.719897841458203,49.7330886768552,22.2197855431743,54.4793397637088,17.4178679190773,0.0223222497126536,3.18050734146135,9.43035315747814,1694.20960367333,154.208237115066,1931.40605748846,313.171752929688,8.01840710639954,14.4519853591919,13.6172817618539,1943.91058270032,276.626301891224,2162.89896238711,429.325639648437,8.15501317977905,30.1662540435791,0.00829774173417667,0.573237342464528,0.256111396934585,0.627943945896611,0.200763165589927,0.000257292427306371,0.0366594077426906,NA,NA,NA,NA,NA,NA,NA,NA,NA,NA,NA,NA,NA,NA,NA,NA,NA,NA,NA,NA,NA,NA,NA,NA,NA,NA,NA,NA,NA,NA,NA,NA,NA,NA,NA,"Modern , 2000s"
"544","ssp245","NA_STPS","NA","STPS","2000s","4",7527,10.5116528349706,1818.0786121228,240.488527429596,2069.07879238736,358.609424196612,8.09483071177261,23.3884438359305,0.694304224563513,47.0019828965132,22.148792538284,52.4394057436992,18.8009437761223,0.0239123089788285,3.19484343173841,9.43534472653417,1698.02702994685,154.602092794284,1942.68519015925,315.796450805664,8.01775345802307,14.8090333938599,13.7750305844345,1932.95558409277,277.566207043331,2159.67309660299,429.850353393555,8.15180540084839,30.6650886535645,0.00800274262346197,0.541757861475821,0.2552931119147,0.604431101881807,0.216704880649508,0.000275619890417011,0.0368246494863746,NA,NA,NA,NA,NA,NA,NA,NA,NA,NA,NA,NA,NA,NA,NA,NA,NA,NA,NA,NA,NA,NA,NA,NA,NA,NA,NA,NA,NA,NA,NA,NA,NA,NA,NA,"Modern , 2000s"
"545","ssp245","NA_STPS","NA","STPS","2000s","5",7527,10.5789815556544,1817.72749926963,242.495286777615,2070.8017676029,369.287033201114,8.08423616217669,24.2802463015706,0.724498268235461,46.1223955171378,21.9982482983203,51.5603659734673,17.7969516330707,0.0229395840236245,2.98423360360065,9.49385204426604,1683.93091736125,155.610288018584,1920.93075730283,312.369938151042,8.02079127629598,15.9418468475342,14.0029707576179,1927.22279897489,279.008937266461,2163.53684963543,424.853760986328,8.14960769017537,30.7453956604004,0.00835076752626316,0.531619493937567,0.253557897345565,0.594299046238079,0.20513258937925,0.000264407993406288,0.0343971023263128,NA,NA,NA,NA,NA,NA,NA,NA,NA,NA,NA,NA,NA,NA,NA,NA,NA,NA,NA,NA,NA,NA,NA,NA,NA,NA,NA,NA,NA,NA,NA,NA,NA,NA,NA,"Modern , 2000s"
"546","ssp245","NA_STPS","NA","STPS","2000s","6",7527,10.7090691873721,1817.96577453321,244.31668821095,2072.99153193153,384.639732294655,8.06933228651943,25.4212092596438,0.792552242684912,47.4776229084325,21.7289458988322,52.232055808048,14.8288269246805,0.0195493853970831,2.55342016865301,9.60005116227983,1649.34281398232,157.188835595086,1882.09474515809,336.447573852539,8.00002536773682,17.4222965240479,14.2344879320755,1927.94619669409,280.262226824698,2166.45525339935,450.1396875,8.123823706309,30.3429985046387,0.00913517646798463,0.547240219874552,0.250453843366434,0.602041129144638,0.170921162636863,0.000225331625885002,0.0294314274583787,NA,NA,NA,NA,NA,NA,NA,NA,NA,NA,NA,NA,NA,NA,NA,NA,NA,NA,NA,NA,NA,NA,NA,NA,NA,NA,NA,NA,NA,NA,NA,NA,NA,NA,NA,"Modern , 2000s"
"547","ssp245","NA_STPS","NA","STPS","2000s","7",7527,10.7966015541468,1816.46896229448,246.206481154267,2073.4720450029,397.860299512244,8.05693292461072,26.4520481455102,0.832112062092334,48.434052389821,21.2736277591874,53.5056915185217,16.3437676474037,0.0183988587319531,2.1615771906704,9.26237944094032,1603.65983846042,160.144556731558,1828.71553794639,352.625634765625,7.96582935651143,18.940013885498,14.3240821301222,1922.04469808398,281.278151528912,2166.24718440038,500.047451171875,8.09848559697469,30.5676727294922,0.00959115389365456,0.558264290744718,0.245205720491103,0.616721406790045,0.18838278862852,0.000212070337163543,0.0249149368615123,NA,NA,NA,NA,NA,NA,NA,NA,NA,NA,NA,NA,NA,NA,NA,NA,NA,NA,NA,NA,NA,NA,NA,NA,NA,NA,NA,NA,NA,NA,NA,NA,NA,NA,NA,"Modern , 2000s"
"548","ssp245","NA_STPS","NA","STPS","2000s","8",7527,10.8019970207575,1813.56971654119,248.038456021685,2072.41016958363,404.654613390354,8.05059926131199,27.1203605379898,0.821442029004846,49.0167034895449,20.965574324721,55.0100431129608,17.7009182424586,0.0181728821124274,2.00493873393414,9.09385349683824,1588.56843394149,163.304184093934,1809.05874098865,343.429736328125,7.95160698890686,20.002197265625,14.2784625433566,1912.34417475435,282.458330582715,2164.97061333141,520.01064453125,8.08417638778687,30.6393547058105,0.00946816813962625,0.564980088554098,0.241655011359442,0.634060979558825,0.204025681944242,0.000209465668113573,0.0231094786634369,NA,NA,NA,NA,NA,NA,NA,NA,NA,NA,NA,NA,NA,NA,NA,NA,NA,NA,NA,NA,NA,NA,NA,NA,NA,NA,NA,NA,NA,NA,NA,NA,NA,NA,NA,"Modern , 2000s"
"549","ssp245","NA_STPS","NA","STPS","2000s","9",7527,10.7419161438382,1810.10743590641,249.200265779358,2070.04961782961,404.322446263111,8.05053163642432,27.3264840169522,0.782254578689218,49.5653103651554,20.8892671651214,56.0355252232127,14.8976389744911,0.0160512466617861,2.02510798243442,9.23330268247784,1609.9386436961,164.444267502541,1838.40255459185,353.535558064779,7.96589934031168,20.0705890655518,14.095481939708,1908.95705873274,283.315032748192,2162.23365831896,497.908995361328,8.08958120346069,30.6334114074707,0.00901648274315206,0.571303483215469,0.24077547392182,0.64588097013784,0.171714309364975,0.000185011110800502,0.0233419550029808,NA,NA,NA,NA,NA,NA,NA,NA,NA,NA,NA,NA,NA,NA,NA,NA,NA,NA,NA,NA,NA,NA,NA,NA,NA,NA,NA,NA,NA,NA,NA,NA,NA,NA,NA,"Modern , 2000s"
"550","ssp245","NA_STPS","NA","STPS","2000s","10",7527,10.6214728246935,1806.74361184273,248.908795224722,2066.27387989215,395.195223890753,8.05843599299429,26.8617228390594,0.739343857318057,50.1154014803865,20.9882820107528,56.63217961137,12.7103420517974,0.0159948522915617,2.27354887230022,9.28730132662876,1612.18033726479,163.486791145441,1842.7974196483,351.043630981445,7.99745734532674,19.1006641387939,13.8903146507981,1911.34193546223,283.168145322195,2159.04799149838,453.513760986328,8.10917568206787,30.630199432373,0.00852188189417066,0.577643985633434,0.241916746432423,0.65275817372476,0.146502919754876,0.00018436109368358,0.02620555344931,NA,NA,NA,NA,NA,NA,NA,NA,NA,NA,NA,NA,NA,NA,NA,NA,NA,NA,NA,NA,NA,NA,NA,NA,NA,NA,NA,NA,NA,NA,NA,NA,NA,NA,NA,"Modern , 2000s"
"551","ssp245","NA_STPS","NA","STPS","2000s","11",7527,10.5148991763151,1806.61224368292,246.982541355213,2064.10968421445,381.544191420632,8.07118011324638,25.8373009104511,0.701002446698228,50.3079060611908,21.0933172062239,56.6862322447816,14.4281953008883,0.0188568954033707,2.62798709091425,9.26888894044947,1628.66431496539,161.001256817782,1864.33109219105,333.275671386719,8.0211620648702,17.5578804016113,13.7160701713486,1916.94322076992,282.255265191738,2159.5625708588,423.587136230469,8.1302098274231,30.6523857116699,0.00807994818535035,0.57986284670256,0.243127411161258,0.653381199335162,0.166303371676359,0.000217349794588373,0.0302909064388725,NA,NA,NA,NA,NA,NA,NA,NA,NA,NA,NA,NA,NA,NA,NA,NA,NA,NA,NA,NA,NA,NA,NA,NA,NA,NA,NA,NA,NA,NA,NA,NA,NA,NA,NA,"Modern , 2000s"
"552","ssp245","NA_STPS","NA","STPS","2000s","12",7527,10.4822145056718,1810.38692311182,243.859400747891,2064.72853836538,369.188115567629,8.08342101926937,24.640518585075,0.685161951391224,50.8570755474075,21.162200468836,56.7515901123093,16.029866813955,0.0207233217005285,2.87279965773335,9.49520654677859,1656.88729358723,158.271799453051,1895.75808391925,322.637094116211,8.0266926129659,16.0930919647217,13.6227057371851,1923.51055265702,280.062355984024,2162.28753163703,415.213634643555,8.14306554794311,29.7860813140869,0.00789736625298517,0.586192726169466,0.243921378707827,0.654134532202424,0.184764680758069,0.00023886274057571,0.0331126838297187,NA,NA,NA,NA,NA,NA,NA,NA,NA,NA,NA,NA,NA,NA,NA,NA,NA,NA,NA,NA,NA,NA,NA,NA,NA,NA,NA,NA,NA,NA,NA,NA,NA,NA,NA,"Modern , 2000s"
"553","ssp245","NA_STSS","NA","STSS","2000s","1",3133,12.6059645093035,1870.73307804887,187.502742707774,2070.84178526595,343.646703798465,8.10522626602547,15.6974634340764,1.4583928743635,71.6898260581967,28.0455315228961,78.6760636803172,17.0363555213619,0.0172837272329903,3.20770448268943,9.44094205613338,1717.59613032384,95.216454651523,1867.27302123679,294.691482543945,8.01802134513855,5.36078262329102,17.6405083854444,1985.66823966793,255.267044605236,2174.66689962167,421.373604329427,8.1584780883789,23.2141056060791,0.0260551955067151,1.28078823383167,0.501052781979423,1.40560219192246,0.304366252491956,0.000308785718894054,0.0573078550323527,NA,NA,NA,NA,NA,NA,NA,NA,NA,NA,NA,NA,NA,NA,NA,NA,NA,NA,NA,NA,NA,NA,NA,NA,NA,NA,NA,NA,NA,NA,NA,NA,NA,NA,NA,"Modern , 2000s"
"554","ssp245","NA_STSS","NA","STSS","2000s","2",3133,12.8649570231605,1878.71408036062,183.768417335217,2075.347454719,345.045275499618,8.10386970262507,15.145029566879,1.51020976333916,74.2419615564571,27.0813274608617,80.3380635749678,20.1326115015583,0.0181143877943669,3.19763622788967,9.48354544772774,1721.77554195816,94.5991299576056,1873.58529272811,292.349260457357,8.00916387240092,4.54455280303955,17.7591948480314,1993.72478210333,252.664943515048,2175.79414194948,431.169158935547,8.16182321548462,22.7040748596191,0.0269809400002213,1.32638389638304,0.483826610769803,1.43529496740737,0.359683003088439,0.000323626043272236,0.0571279787097029,NA,NA,NA,NA,NA,NA,NA,NA,NA,NA,NA,NA,NA,NA,NA,NA,NA,NA,NA,NA,NA,NA,NA,NA,NA,NA,NA,NA,NA,NA,NA,NA,NA,NA,NA,"Modern , 2000s"
"555","ssp245","NA_STSS","NA","STSS","2000s","3",3133,12.8644231188456,1880.06965515368,183.763229793332,2076.69730806586,343.867830479537,8.10529352495785,15.0261203133605,1.49147333123729,72.4600485358386,26.9965498482486,79.1656311264287,19.5299678410949,0.0183716537994805,3.17135864546968,9.55952031363748,1723.10431415931,95.5485890054968,1879.52122746093,295.456481933594,8.01990216573079,4.58878803253174,17.7678555277631,1994.0303000882,254.197819773515,2173.40532947463,419.444271850586,8.15754224777222,22.86643409729,0.0266462007059651,1.2945487901203,0.482312000193973,1.4143486523217,0.34891635805727,0.000328222278058005,0.0566585115589563,NA,NA,NA,NA,NA,NA,NA,NA,NA,NA,NA,NA,NA,NA,NA,NA,NA,NA,NA,NA,NA,NA,NA,NA,NA,NA,NA,NA,NA,NA,NA,NA,NA,NA,NA,"Modern , 2000s"
"556","ssp245","NA_STSS","NA","STSS","2000s","4",3133,12.3965410707663,1869.86411230224,189.821902960017,2072.08255633302,334.724998120885,8.11549526260186,15.3639880033529,1.36923519374471,63.7207338696596,28.3482561904701,73.9148332154126,13.1198390688784,0.0191896193289636,3.15699869021395,9.44321486433679,1724.85413888534,96.3783415824231,1886.21043845922,300.293647460937,8.03461097081502,4.98028612136841,17.8908823957916,1983.25148629204,257.330662733895,2168.66983067593,407.279565429688,8.15159313201904,23.5547103881836,0.0244623319921689,1.13841490039503,0.506461167152581,1.32053952273618,0.234394982288609,0.000342835796927354,0.0564019610448713,NA,NA,NA,NA,NA,NA,NA,NA,NA,NA,NA,NA,NA,NA,NA,NA,NA,NA,NA,NA,NA,NA,NA,NA,NA,NA,NA,NA,NA,NA,NA,NA,NA,NA,NA,"Modern , 2000s"
"557","ssp245","NA_STSS","NA","STSS","2000s","5",3133,11.6974384033008,1848.29841400812,200.702377195485,2060.69822960691,326.630604923702,8.12489649495762,16.508521119487,1.50107626955669,51.9570010927271,32.1950520726612,65.4399494123441,20.4440878059918,0.0321515624964634,3.26664854762441,9.47894079780723,1729.06061176399,96.5891538807228,1887.59515797331,287.309684244792,8.03515656789144,5.93795108795166,18.0786191567377,1972.47813032391,262.453905550857,2157.25715796464,410.214572143555,8.17755031585693,25.7770576477051,0.0268177638284606,0.928247693204374,0.575186831235834,1.16912987293107,0.365247742295812,0.000574409859933891,0.0583609314446409,NA,NA,NA,NA,NA,NA,NA,NA,NA,NA,NA,NA,NA,NA,NA,NA,NA,NA,NA,NA,NA,NA,NA,NA,NA,NA,NA,NA,NA,NA,NA,NA,NA,NA,NA,"Modern , 2000s"
"558","ssp245","NA_STSS","NA","STSS","2000s","6",3133,11.6329377342963,1840.01230944878,206.3867945046,2058.03204168768,344.276074769865,8.10609447209012,18.5116432263606,1.52468587051895,47.8083405388472,33.6126380525989,61.9706946410362,25.0231053622192,0.0345324094092066,3.43747747662813,9.57026387766025,1732.73929708817,99.0823416022372,1880.68265153982,297.682921346029,7.99392422040304,7.60648965835571,18.5472671092054,1954.59520564745,266.619279092435,2160.35533155413,458.759588623047,8.16528800328573,28.3314399719238,0.0272395656486154,0.854129008368154,0.600512983402461,1.10714924143046,0.44705505207731,0.000616945333655373,0.0614129081935929,NA,NA,NA,NA,NA,NA,NA,NA,NA,NA,NA,NA,NA,NA,NA,NA,NA,NA,NA,NA,NA,NA,NA,NA,NA,NA,NA,NA,NA,NA,NA,NA,NA,NA,NA,"Modern , 2000s"
"559","ssp245","NA_STSS","NA","STSS","2000s","7",3133,11.9004350906247,1839.45579275299,209.119427266646,2060.47565511027,375.458754767764,8.07458960471734,20.8209907085478,1.52009017303064,45.4846047182285,34.3572946000675,59.3540091133166,25.8733775830555,0.033098220470429,3.53010117424781,9.69235395144625,1731.18727052369,101.865656915672,1872.76985558944,322.886134847005,7.95432934761047,9.55008697509766,18.8168590360978,1936.52554718953,270.093819117682,2158.97051176978,519.668157958984,8.13640441894531,30.0262203216553,0.0271574603403321,0.812613863734303,0.61381678669903,1.06040034804048,0.462245752290713,0.000591322558167163,0.0630676944946359,NA,NA,NA,NA,NA,NA,NA,NA,NA,NA,NA,NA,NA,NA,NA,NA,NA,NA,NA,NA,NA,NA,NA,NA,NA,NA,NA,NA,NA,NA,NA,NA,NA,NA,NA,"Modern , 2000s"
"560","ssp245","NA_STSS","NA","STSS","2000s","8",3133,11.985904403639,1836.24247801988,211.746353199848,2059.97473562336,393.009906494916,8.05769905437319,22.264435584917,1.50138676974279,44.2825089724395,34.8981109844011,57.9331759769203,25.1331596973371,0.0313542866980341,3.53125399756741,9.7330362343324,1716.26123011494,104.462584433171,1865.17920745447,337.098350016276,7.93807077407837,11.2531681060791,18.7343893134937,1927.58571650474,273.242028867564,2155.24086022019,543.274126586914,8.12131366729736,30.1651000976562,0.0268233111286401,0.791137593365119,0.623478844759481,1.03501618318204,0.449021248750556,0.000560165977393041,0.063088290479096,NA,NA,NA,NA,NA,NA,NA,NA,NA,NA,NA,NA,NA,NA,NA,NA,NA,NA,NA,NA,NA,NA,NA,NA,NA,NA,NA,NA,NA,NA,NA,NA,NA,NA,NA,"Modern , 2000s"
"561","ssp245","NA_STSS","NA","STSS","2000s","9",3133,11.823716691494,1832.6452482004,212.535678843612,2057.00464373551,384.194879802012,8.06555500892608,21.933367735061,1.45266612859779,45.7798155415536,34.9898189433905,59.3021918295972,21.5134297891242,0.0286539415315681,3.50891593065959,9.68602679675489,1715.95252992948,104.849248765443,1858.82575085558,343.136220296224,7.95405271848043,11.2806453704834,18.2926950152516,1930.56157050265,274.264803025401,2155.16965907106,516.56864440918,8.11509262720744,29.4532890319824,0.0259528832401334,0.817888008892747,0.625117270757711,1.05947459649461,0.384352275048148,0.000511922446802155,0.0626892054926315,NA,NA,NA,NA,NA,NA,NA,NA,NA,NA,NA,NA,NA,NA,NA,NA,NA,NA,NA,NA,NA,NA,NA,NA,NA,NA,NA,NA,NA,NA,NA,NA,NA,NA,NA,"Modern , 2000s"
"562","ssp245","NA_STSS","NA","STSS","2000s","10",3133,11.7186888337585,1834.45279538165,209.166830838714,2055.33831505412,364.46473699362,8.08424734705584,20.3227096961165,1.39907256135758,50.6312649829194,34.2097338619961,63.3851175498556,16.6627789149332,0.025075316400064,3.4933892629083,9.62890004226555,1716.91000698013,102.617981685296,1855.50474865697,333.014303588867,7.99141503969828,9.85578632354736,17.7364183518308,1945.18390778886,271.64484670026,2157.33811385084,462.467518310547,8.12741394042969,28.0305290222168,0.0249953971628955,0.904562502376472,0.611180512244354,1.13241888314792,0.297692048518295,0.000447987838312465,0.0624118108543696,NA,NA,NA,NA,NA,NA,NA,NA,NA,NA,NA,NA,NA,NA,NA,NA,NA,NA,NA,NA,NA,NA,NA,NA,NA,NA,NA,NA,NA,NA,NA,NA,NA,NA,NA,"Modern , 2000s"
"563","ssp245","NA_STSS","NA","STSS","2000s","11",3133,11.8945371136777,1844.79484801419,201.883755504372,2058.57314063224,350.479472129504,8.0981291891143,18.3930884447262,1.37911423294857,58.210946751388,32.4161431095117,69.2686198440699,12.700700366777,0.0210656130272523,3.44470813517715,9.61558198352068,1714.76931572261,100.278369541031,1856.90110677031,323.341273803711,8.02699352900187,8.36125755310059,17.3160469054115,1963.79172102804,264.898294455093,2163.43804837547,416.43885925293,8.1372392654419,26.1403007507324,0.0246388278475723,1.03997874982785,0.579136775240077,1.2375317133288,0.226906780021817,0.000376351719445565,0.0615420889002795,NA,NA,NA,NA,NA,NA,NA,NA,NA,NA,NA,NA,NA,NA,NA,NA,NA,NA,NA,NA,NA,NA,NA,NA,NA,NA,NA,NA,NA,NA,NA,NA,NA,NA,NA,"Modern , 2000s"
"564","ssp245","NA_STSS","NA","STSS","2000s","12",3133,12.2531530801391,1858.69142505658,193.892050713041,2064.83662884976,345.103458183273,8.10364559403552,16.8178397987611,1.4083675164522,65.4111321902891,30.1691872582783,74.5606929612995,13.2643839698352,0.0183578132915695,3.30737690531703,9.52143118610266,1715.4828913896,97.1863536326607,1862.1724056306,308.272510375977,8.03489446640014,6.80732440948486,17.4394349670717,1975.20916803593,258.841955342497,2169.90006564605,407.95110168457,8.14309143066406,24.4878425598145,0.0251614579524631,1.16861503336499,0.538993357764593,1.3320782529678,0.236977376731239,0.000327975007829336,0.0590885716717723,NA,NA,NA,NA,NA,NA,NA,NA,NA,NA,NA,NA,NA,NA,NA,NA,NA,NA,NA,NA,NA,NA,NA,NA,NA,NA,NA,NA,NA,NA,NA,NA,NA,NA,NA,"Modern , 2000s"
"565","ssp245","NP_SPSS","NP","SPSS","2000s","1",7558,17.8631156041397,1875.89027026825,113.249437942331,2007.00282381472,355.011667664497,8.06872688176253,6.64697357217541,3.0569769192235,81.6413317499191,19.45876690448,79.8168677577546,31.7330087710043,0.0335224813989857,3.2375207876486,10.0926228327566,1466.55776199028,70.3163420534935,1552.09679498931,192.67455851237,7.95577597618103,-1.4911949634552,29.4633609446888,2050.56403654709,193.840576498773,2162.63669282118,475.059729003906,8.2617400487264,16.4546089172363,0.0351632263224179,0.939088747295879,0.223826689797582,0.918102641751491,0.365012559397907,0.00038559617277745,0.0372399527990344,NA,NA,NA,NA,NA,NA,NA,NA,NA,NA,NA,NA,NA,NA,NA,NA,NA,NA,NA,NA,NA,NA,NA,NA,NA,NA,NA,NA,NA,NA,NA,NA,NA,NA,NA,"Modern , 2000s"
"566","ssp245","NP_SPSS","NP","SPSS","2000s","2",7558,18.218144446175,1881.28278659176,111.068439802579,2010.56937084052,355.018184175144,8.06820011531457,6.0945952293875,3.21042963827394,83.1136754366387,19.1812188344162,81.2568259026182,33.1154103947636,0.0344249951801031,3.26079676263925,10.2044423184768,1501.8012405636,66.0377732833322,1584.3740432707,185.791261291504,7.96654253005981,-1.61518788337708,30.5601054369255,2054.89271268514,187.646862647071,2166.67834133243,476.159841918945,8.27595078150431,15.0723743438721,0.0369283337577504,0.956024548791448,0.220634161407317,0.934665924851289,0.380913792036939,0.000395977440671547,0.0375076873610209,NA,NA,NA,NA,NA,NA,NA,NA,NA,NA,NA,NA,NA,NA,NA,NA,NA,NA,NA,NA,NA,NA,NA,NA,NA,NA,NA,NA,NA,NA,NA,NA,NA,NA,NA,"Modern , 2000s"
"567","ssp245","NP_SPSS","NP","SPSS","2000s","3",7558,18.288890812374,1882.59579233022,110.663789166798,2011.54847230939,353.99217064191,8.06905794831285,5.91878065469293,3.25414998577923,83.4256507366696,19.2749952397969,81.6724104871095,32.1983126802788,0.0338852146148738,3.30585333674752,10.2708731800988,1511.48538729024,63.0308234596102,1592.11868619996,185.994819641113,7.96124696731567,-1.67849707603455,31.3097438658274,2056.84962186535,182.618231480368,2167.31066673486,477.482592773437,8.27720076243083,14.5060596466064,0.0374312320506867,0.959613080328276,0.22171283522568,0.93944623402166,0.370364770782833,0.000389768553041338,0.0380259557531435,NA,NA,NA,NA,NA,NA,NA,NA,NA,NA,NA,NA,NA,NA,NA,NA,NA,NA,NA,NA,NA,NA,NA,NA,NA,NA,NA,NA,NA,NA,NA,NA,NA,NA,NA,"Modern , 2000s"
"568","ssp245","NP_SPSS","NP","SPSS","2000s","4",7558,17.7041261701084,1874.80024789033,114.015985135665,2006.5203591961,346.870960976463,8.07709622815822,6.28086439206464,3.09753226130108,80.8964780512685,20.3601248040392,80.0674439748427,28.4400245288924,0.0337466701791499,3.34899167928968,10.2874856997532,1511.15125748994,63.0943837785088,1592.34380936171,203.497297159831,7.96133805910746,-1.52365207672119,31.0708215098273,2044.50060957387,183.276192248165,2160.2282351799,465.289901733398,8.24509773254394,15.4118518829346,0.035629718778769,0.93052098251557,0.234194662031978,0.920984923320932,0.327134631876312,0.000388174929838482,0.0385221594674879,NA,NA,NA,NA,NA,NA,NA,NA,NA,NA,NA,NA,NA,NA,NA,NA,NA,NA,NA,NA,NA,NA,NA,NA,NA,NA,NA,NA,NA,NA,NA,NA,NA,NA,NA,"Modern , 2000s"
"569","ssp245","NP_SPSS","NP","SPSS","2000s","5",7558,16.4434997212508,1856.18471919156,122.01381856144,1994.64203747425,336.202671926552,8.09036948270309,7.46496856199399,2.60562603030138,73.6666013815601,21.9457174840342,75.8738207881026,25.1827429842205,0.0378837481642316,3.32229233096019,9.48786459913326,1490.79485199492,66.8888053305969,1575.2972176781,225.631504821777,7.96071594556173,-0.6589475274086,24.571113940172,2028.67735996711,202.51120868029,2146.81759339812,439.649182128906,8.23377103805542,17.3034420013428,0.0299715111484531,0.84735849999192,0.252433123013226,0.872747293426187,0.289667378711631,0.000435762142089948,0.0382150471624956,NA,NA,NA,NA,NA,NA,NA,NA,NA,NA,NA,NA,NA,NA,NA,NA,NA,NA,NA,NA,NA,NA,NA,NA,NA,NA,NA,NA,NA,NA,NA,NA,NA,NA,NA,"Modern , 2000s"
"570","ssp245","NP_SPSS","NP","SPSS","2000s","6",7558,15.3253063045147,1834.50049102615,131.093643534214,1980.91944086488,338.182811762086,8.09089250868026,9.60142167090369,2.3893393071148,63.0324908489173,23.05257022754,68.823858596925,35.6262792416263,0.0514933138565589,3.20353429928877,9.54964594073163,1455.99729021279,72.1014897267438,1547.48407460101,227.032211303711,7.90076947212219,2.19320178031921,22.0342955636642,2007.73718893072,211.391464476854,2131.20482725689,479.872593383789,8.24121567408244,20.6822452545166,0.0274836484007437,0.725038428471096,0.265164823171227,0.791654297749977,0.409795347855348,0.000592307726578913,0.0368490193331695,NA,NA,NA,NA,NA,NA,NA,NA,NA,NA,NA,NA,NA,NA,NA,NA,NA,NA,NA,NA,NA,NA,NA,NA,NA,NA,NA,NA,NA,NA,NA,NA,NA,NA,NA,"Modern , 2000s"
"571","ssp245","NP_SPSS","NP","SPSS","2000s","7",7558,14.8281744161796,1821.34732699014,137.34018831905,1973.51568972537,356.011010655113,8.07333293028422,12.1197036329781,2.0338084758043,58.1013072399346,22.2620240198302,64.9504977231308,36.291689019983,0.0486007167663626,3.19272671749124,9.85719875301624,1445.92980080094,78.2580251054107,1546.67972816908,248.449430847168,7.85285150527954,4.28139209747314,20.8156108960074,1990.30389561322,216.704055375382,2119.40766768733,559.130455932617,8.21180845896403,24.5179595947266,0.0233941143884476,0.6683169255413,0.256071475084357,0.74710052170504,0.417449299864724,0.000559035298022934,0.0367247038886024,NA,NA,NA,NA,NA,NA,NA,NA,NA,NA,NA,NA,NA,NA,NA,NA,NA,NA,NA,NA,NA,NA,NA,NA,NA,NA,NA,NA,NA,NA,NA,NA,NA,NA,NA,"Modern , 2000s"
"572","ssp245","NP_SPSS","NP","SPSS","2000s","8",7558,14.6888117308254,1815.5502318764,140.580340763499,1970.81938437072,371.545029899898,8.05772048785508,13.7981879674388,1.74568957939376,54.9283985810197,21.9573173722302,61.4915663532464,29.7047102795073,0.0385460649843731,3.45764632240393,9.42311772199878,1429.10357820177,79.8727962719033,1535.88129546531,267.155242919922,7.84434847831726,5.80964946746826,20.3058140865621,1977.4830563376,222.389775284476,2111.70992206221,576.580902099609,8.17107652028402,27.7749900817871,0.020079993860242,0.631820181136005,0.252566552052676,0.707313768384098,0.341681824233559,0.000443380516994033,0.0397719719154597,NA,NA,NA,NA,NA,NA,NA,NA,NA,NA,NA,NA,NA,NA,NA,NA,NA,NA,NA,NA,NA,NA,NA,NA,NA,NA,NA,NA,NA,NA,NA,NA,NA,NA,NA,"Modern , 2000s"
"573","ssp245","NP_SPSS","NP","SPSS","2000s","9",7558,14.7957164985359,1818.87780668859,139.06710786109,1972.74063104821,367.322836435802,8.0610655751252,13.2623952846171,1.74399150312042,57.278131716521,22.2400407939037,62.0417202807401,20.610184400468,0.0293864789245764,3.51870313813052,8.78725008446786,1406.71815487285,78.8808748808116,1531.24063376091,246.767916870117,7.89637163480123,5.57019948959351,20.7648137724329,1985.81052447944,220.479502441142,2116.24400288263,512.059765625,8.17073917388916,24.7291469573975,0.0200604615438752,0.658848255022118,0.255818610516198,0.713641976799077,0.237071001113253,0.000338021331710387,0.0404742849150834,NA,NA,NA,NA,NA,NA,NA,NA,NA,NA,NA,NA,NA,NA,NA,NA,NA,NA,NA,NA,NA,NA,NA,NA,NA,NA,NA,NA,NA,NA,NA,NA,NA,NA,NA,"Modern , 2000s"
"574","ssp245","NP_SPSS","NP","SPSS","2000s","10",7558,15.4769200608619,1834.48296397067,131.827870701419,1981.78775473295,359.966943827748,8.06706306586675,11.2710448717919,2.01524123966265,65.8290757972826,21.7604293164183,67.3327225855594,17.3063831311462,0.0245456895361282,3.41474230955975,8.60480559999851,1420.90839067942,76.1066806259314,1523.70594007079,237.735464477539,7.96351493199666,3.47197723388672,22.8599900766382,2009.47898005191,211.666209447531,2132.97922028348,471.231219482422,8.17751035690308,22.4180335998535,0.0231805426331212,0.757206466394724,0.250301824693055,0.774502335392839,0.199068649500156,0.00028233959863129,0.0392784636052423,NA,NA,NA,NA,NA,NA,NA,NA,NA,NA,NA,NA,NA,NA,NA,NA,NA,NA,NA,NA,NA,NA,NA,NA,NA,NA,NA,NA,NA,NA,NA,NA,NA,NA,NA,"Modern , 2000s"
"575","ssp245","NP_SPSS","NP","SPSS","2000s","11",7558,16.4387102624748,1852.3362699275,123.510053554905,1992.28503374488,357.216905357442,8.06840475099261,9.23927302135825,2.43322898142545,73.4361419430389,20.9535146224498,72.9093034666757,22.8949296465271,0.0272272267706122,3.32356823537526,8.73170678662584,1448.12533415054,75.5618162883057,1547.26662994688,226.72105662028,7.95613803863525,1.53582072257996,24.376801012598,2031.48121888149,201.685790047129,2149.56949612914,472.145706176758,8.20618030548096,20.0085983276367,0.027988494394607,0.844707613966612,0.24102019622263,0.838647594192428,0.263351544375141,0.000313184287079937,0.0382297233988227,NA,NA,NA,NA,NA,NA,NA,NA,NA,NA,NA,NA,NA,NA,NA,NA,NA,NA,NA,NA,NA,NA,NA,NA,NA,NA,NA,NA,NA,NA,NA,NA,NA,NA,NA,"Modern , 2000s"
"576","ssp245","NP_SPSS","NP","SPSS","2000s","12",7558,17.2957287528702,1866.84247591255,117.117519750498,2001.25572441592,356.528040781419,8.06796158738809,7.69262728592063,2.78274940504498,78.0811923542699,19.9817392459081,76.6564243437859,28.0882693732356,0.0308367306672971,3.2552461074779,9.40218648831578,1466.2258292362,73.9365204578577,1559.70170146582,204.282459513346,7.95251502990723,-0.444486707448959,27.2848487942346,2044.45262435167,197.348041267244,2158.49364123568,476.331890869141,8.24267219543457,17.9316005706787,0.0320088930056513,0.898137837093925,0.229842238912906,0.881749280250547,0.323088528004655,0.000354703018095748,0.0374438403157753,NA,NA,NA,NA,NA,NA,NA,NA,NA,NA,NA,NA,NA,NA,NA,NA,NA,NA,NA,NA,NA,NA,NA,NA,NA,NA,NA,NA,NA,NA,NA,NA,NA,NA,NA,"Modern , 2000s"
"577","ssp245","NP_STPS","NP","STPS","2000s","1",17525,10.3995420301697,1730.39776803781,216.328356851035,1957.12566691901,356.804065933784,8.080578912776,24.2831627570623,1.10498425196124,61.6337898655196,23.7826958782856,58.755569555122,20.0914400632802,0.0240270848261383,3.99290070015808,8.65316402527428,1488.13074507002,125.465906765489,1675.16543038917,299.516375732422,8.00682595570882,12.4160461425781,14.6784393122179,1887.88268507602,248.883916836639,2074.86417834776,444.381302897135,8.15436134338379,30.3445491790771,0.0083469358402925,0.465575223075313,0.179652005223512,0.443833446916536,0.151768643625127,0.000181498093857067,0.0301619556131444,NA,NA,NA,NA,NA,NA,NA,NA,NA,NA,NA,NA,NA,NA,NA,NA,NA,NA,NA,NA,NA,NA,NA,NA,NA,NA,NA,NA,NA,NA,NA,NA,NA,NA,NA,"Modern , 2000s"
"578","ssp245","NP_STPS","NP","STPS","2000s","2",17525,10.4814831681304,1735.41655401892,214.602916485271,1960.50095367232,355.502629837194,8.08237084769754,23.830788483745,1.13639725239093,60.8423577010128,24.4858484745379,57.5145072406836,23.0464201417581,0.0265547823160633,4.21124331935334,8.74608651284087,1514.44172367001,123.673506191323,1703.18080894375,292.735034179687,8.00240511894226,11.7921981811523,14.7394495654956,1902.64622384747,246.879191129641,2079.99765856944,451.383297729492,8.16369457244873,29.9601745605469,0.00858422637060757,0.459596827014594,0.184963546629135,0.434458591578973,0.17409025506947,0.000200592057173399,0.0318112929954551,NA,NA,NA,NA,NA,NA,NA,NA,NA,NA,NA,NA,NA,NA,NA,NA,NA,NA,NA,NA,NA,NA,NA,NA,NA,NA,NA,NA,NA,NA,NA,NA,NA,NA,NA,"Modern , 2000s"
"579","ssp245","NP_STPS","NP","STPS","2000s","3",17525,10.5345429353554,1737.8988014932,214.484358538753,1962.91770296731,357.892327397517,8.0802736097685,23.8763483168719,1.12290175438909,59.4561842818719,24.7532357193096,56.4714732408129,25.0041456743353,0.0284292082206698,4.33796606727676,8.75370948015596,1503.26243610917,122.599939913864,1703.44267506352,294.305560302734,7.99790175755819,11.5269041061401,14.8471534321673,1896.39927488646,248.430106044045,2075.86732447021,458.887463378906,8.1620153427124,30.3140869140625,0.00848228278566125,0.44912581752052,0.186983361999951,0.426579621484411,0.18887870964185,0.000214751275040408,0.0327685434219159,NA,NA,NA,NA,NA,NA,NA,NA,NA,NA,NA,NA,NA,NA,NA,NA,NA,NA,NA,NA,NA,NA,NA,NA,NA,NA,NA,NA,NA,NA,NA,NA,NA,NA,NA,"Modern , 2000s"
"580","ssp245","NP_STPS","NP","STPS","2000s","4",17525,10.5821283604718,1738.32224526881,215.696407107173,1964.60078073645,364.905826563429,8.07339012486355,24.4377488570022,1.08143811249826,57.5610755946491,24.7069487408498,54.990829361999,25.6634377811877,0.0292397541118113,4.39302293893664,8.80105138923489,1491.22297280986,122.726653979772,1678.65903884473,302.867730712891,7.98932437896728,11.860936164856,15.0192496535451,1881.23815048915,252.616095629211,2074.95210019899,453.293030802409,8.15125904083252,31.1077613830566,0.00816907075756823,0.43481036406989,0.186633714990268,0.41539499198689,0.193858933483177,0.000220874054199443,0.0331844372905357,NA,NA,NA,NA,NA,NA,NA,NA,NA,NA,NA,NA,NA,NA,NA,NA,NA,NA,NA,NA,NA,NA,NA,NA,NA,NA,NA,NA,NA,NA,NA,NA,NA,NA,NA,"Modern , 2000s"
"581","ssp245","NP_STPS","NP","STPS","2000s","5",17525,10.6404397629479,1737.25912196457,217.531909328959,1965.43147105647,375.305582125655,8.06301534759008,25.3364911448999,1.08785312213898,56.9150027116064,24.6494416845197,54.2234203067026,22.9991759637358,0.0270492021839381,4.22141842345537,8.87897144527882,1481.93630511762,125.300634224379,1669.69840752976,305.496886189779,7.98351980845134,12.7913799285889,15.2632487846712,1874.12450208209,253.512365785511,2076.4227407039,450.603747558594,8.14393323262533,31.6332588195801,0.00821752907160389,0.429929996867066,0.186199312682091,0.409598063988641,0.173733377474084,0.000204326853310078,0.0318881546710466,NA,NA,NA,NA,NA,NA,NA,NA,NA,NA,NA,NA,NA,NA,NA,NA,NA,NA,NA,NA,NA,NA,NA,NA,NA,NA,NA,NA,NA,NA,NA,NA,NA,NA,NA,"Modern , 2000s"
"582","ssp245","NP_STPS","NP","STPS","2000s","6",17525,10.6922955600568,1734.60871846492,219.509105072546,1964.81011909752,386.512027574102,8.05188786022439,26.3437845833014,1.15585536406409,58.0710190558647,24.4536927713831,54.8650371509272,18.1612929719677,0.0223191866538637,3.71700440699524,8.84618050017164,1480.3256278984,126.72900789664,1669.43341497175,333.401236979167,7.99271856943766,14.3568477630615,15.4561746818831,1868.53879484288,252.465560167795,2077.89740347296,446.622086588542,8.11229095458984,31.4357089996338,0.00873121091760074,0.43866242381227,0.184720645799863,0.414444770738794,0.137188513722897,0.000168596809118912,0.0280778637778831,NA,NA,NA,NA,NA,NA,NA,NA,NA,NA,NA,NA,NA,NA,NA,NA,NA,NA,NA,NA,NA,NA,NA,NA,NA,NA,NA,NA,NA,NA,NA,NA,NA,NA,NA,"Modern , 2000s"
"583","ssp245","NP_STPS","NP","STPS","2000s","7",17525,10.686292724751,1730.49783598475,221.418477017159,1962.60260572666,393.937838003413,8.04469262611863,27.136298351973,1.20234582717072,59.3286029324376,23.736523480375,56.2454611641104,19.1820707698087,0.0213095038723527,3.20242475192715,8.80019306978896,1470.19397116099,128.690884198957,1658.32574093767,348.779998779297,7.97866676648458,15.3350009918213,15.5793493906647,1856.34369867257,251.796250255317,2078.78560210575,457.191797892253,8.08269577026367,31.3316764831543,0.00908239502909174,0.448162081307759,0.179303223743352,0.424872349819662,0.144899362787625,0.000160969770650841,0.0241907827104836,NA,NA,NA,NA,NA,NA,NA,NA,NA,NA,NA,NA,NA,NA,NA,NA,NA,NA,NA,NA,NA,NA,NA,NA,NA,NA,NA,NA,NA,NA,NA,NA,NA,NA,NA,"Modern , 2000s"
"584","ssp245","NP_STPS","NP","STPS","2000s","8",17525,10.6190411067171,1724.83751112263,222.873255998039,1958.32980822739,396.025635203993,8.04230169089722,27.6118177884865,1.19776830440438,60.6913682085392,22.9623917957953,58.1258674898009,20.3281423883045,0.0206581256071796,2.92596891963537,8.75357918436635,1463.04104193223,130.885717789618,1649.92655634352,342.73728129069,7.96600944201151,15.9887666702271,15.4945362410586,1850.89421826807,253.223176514191,2079.38693462218,472.301450805664,8.07448463439941,31.286060333252,0.00904781689933988,0.458456268129706,0.173455513704358,0.439076743164056,0.153556668311197,0.000156049327144511,0.0221024641749764,NA,NA,NA,NA,NA,NA,NA,NA,NA,NA,NA,NA,NA,NA,NA,NA,NA,NA,NA,NA,NA,NA,NA,NA,NA,NA,NA,NA,NA,NA,NA,NA,NA,NA,NA,"Modern , 2000s"
"585","ssp245","NP_STPS","NP","STPS","2000s","9",17525,10.5402106137128,1720.4575712153,223.612892423559,1954.61067425257,394.277649001134,8.04347179128612,27.7452205371122,1.1656409572249,62.2681273440853,22.4712837313281,60.2259810031284,19.1544590053245,0.0191464750010743,2.89140765928812,8.63642809029352,1465.32586584279,132.41166222544,1653.27011010173,337.934659830729,7.96762208938599,16.3017826080322,15.2809092321152,1848.36518969514,254.178701401054,2078.83242408365,473.517169189453,8.07518978118896,31.5302619934082,0.00880513026815038,0.470366942256182,0.16974573458535,0.454940781698508,0.144690786397347,0.000144630476061606,0.0218413920174627,NA,NA,NA,NA,NA,NA,NA,NA,NA,NA,NA,NA,NA,NA,NA,NA,NA,NA,NA,NA,NA,NA,NA,NA,NA,NA,NA,NA,NA,NA,NA,NA,NA,NA,NA,"Modern , 2000s"
"586","ssp245","NP_STPS","NP","STPS","2000s","10",17525,10.4435925857705,1718.82851848857,223.281032095848,1952.55314317019,386.237010044944,8.05080836107437,27.2880290360129,1.12524397965359,63.6741382666231,22.3958629316626,61.821228184953,16.9258196032309,0.0183797787682169,3.10804588425732,8.49559095670299,1459.02055958557,132.251836303125,1645.78923926911,332.11852722168,7.97859978675842,15.9983997344971,15.0374806990982,1849.85007898309,253.686364618236,2079.62363776955,460.727334594726,8.08655805587768,31.4460639953613,0.00849997571112297,0.480987802182777,0.169176013727597,0.466991112599119,0.127855876698493,0.000138838932649746,0.0234778545834797,NA,NA,NA,NA,NA,NA,NA,NA,NA,NA,NA,NA,NA,NA,NA,NA,NA,NA,NA,NA,NA,NA,NA,NA,NA,NA,NA,NA,NA,NA,NA,NA,NA,NA,NA,"Modern , 2000s"
"587","ssp245","NP_STPS","NP","STPS","2000s","11",17525,10.3657729034819,1720.12022502133,221.61498882197,1952.10098674678,374.447375005121,8.06214713633372,26.3402725764887,1.09094296347807,63.8641871338425,22.6794376975387,61.773166015982,15.5031576384389,0.0189067058047168,3.46415123601127,8.46402895138871,1445.51091764017,130.187535477215,1631.82796414288,331.777509562174,8.00013621648153,14.8980102539062,14.830031487369,1852.59037521406,252.444298348287,2078.81360584214,444.763095092773,8.11307859420776,31.1464385986328,0.00824086941095108,0.482423411512399,0.171318107945223,0.466628055985385,0.117109236534649,0.000142819284549218,0.0261678372852234,NA,NA,NA,NA,NA,NA,NA,NA,NA,NA,NA,NA,NA,NA,NA,NA,NA,NA,NA,NA,NA,NA,NA,NA,NA,NA,NA,NA,NA,NA,NA,NA,NA,NA,NA,"Modern , 2000s"
"588","ssp245","NP_STPS","NP","STPS","2000s","12",17525,10.3684923697915,1724.99351426639,218.764968925508,1954.12697556169,364.275069338209,8.07252138436932,25.2251517466554,1.0850568821963,62.8502421323144,23.133826506162,60.4921120659704,16.6932825403238,0.020940423340913,3.7428111595912,8.51906140589022,1447.23793523652,127.390019634354,1632.92519327115,317.641525268555,8.01083354949951,13.6342144012451,14.7210924574799,1865.07047187351,251.134094102597,2077.63223139677,439.216611735026,8.13163814544678,30.9510345458984,0.00819640656659602,0.474764176678673,0.174750513633714,0.45695110800199,0.126099315968211,0.000158181774794466,0.0282728052965359,NA,NA,NA,NA,NA,NA,NA,NA,NA,NA,NA,NA,NA,NA,NA,NA,NA,NA,NA,NA,NA,NA,NA,NA,NA,NA,NA,NA,NA,NA,NA,NA,NA,NA,NA,"Modern , 2000s"
"589","ssp245","NP_STSS","NP","STSS","2000s","1",3381,12.0977261320497,1795.98858037344,175.804212962409,1983.8905194679,328.542480228182,8.10994519244825,15.9234087108511,1.5760473353143,63.217057868911,24.1974904956051,59.269178424366,20.2923894041433,0.0237700932788522,2.95964427480504,9.44258715960508,1637.13094502806,116.646204117772,1838.17574840773,261.777971394857,8.03420050938924,8.5370044708252,15.6298448968305,1919.31026975024,225.345275838737,2084.46391782501,390.833050537109,8.19214363098144,23.2649097442627,0.0271048289950522,1.0872056344459,0.416147933692601,1.01931008661571,0.348988087080916,0.00040879756532899,0.0508999001218311,NA,NA,NA,NA,NA,NA,NA,NA,NA,NA,NA,NA,NA,NA,NA,NA,NA,NA,NA,NA,NA,NA,NA,NA,NA,NA,NA,NA,NA,NA,NA,NA,NA,NA,NA,"Modern , 2000s"
"590","ssp245","NP_STSS","NP","STSS","2000s","2",3381,12.4009861311458,1805.67964558281,171.146219046074,1989.22685076003,328.180198661321,8.1103140044641,15.0538070873001,1.64181766672407,66.7033847577674,23.2980944005299,62.5146296816948,21.7954937100747,0.0243664677545189,2.80278499265781,9.50597425742624,1641.70215582986,114.416248393137,1841.51241288056,254.67374420166,8.03870798746745,5.33267116546631,17.1530725951097,1960.85536516125,223.87833877759,2103.39919126838,383.589190673828,8.20210733413697,22.8309192657471,0.0282359457742663,1.1471634111103,0.400680138525797,1.07512528922454,0.374838443387551,0.00041905400104495,0.0482022374795859,NA,NA,NA,NA,NA,NA,NA,NA,NA,NA,NA,NA,NA,NA,NA,NA,NA,NA,NA,NA,NA,NA,NA,NA,NA,NA,NA,NA,NA,NA,NA,NA,NA,NA,NA,"Modern , 2000s"
"591","ssp245","NP_STSS","NP","STSS","2000s","3",3381,12.4231203213485,1807.09331149003,170.491386764808,1990.00781857618,326.699462953809,8.11189658073166,14.8333306534539,1.60542615582184,65.7794612755965,22.9850452107041,62.4813589181458,20.8329267737598,0.0240339629610405,2.74506744877426,9.53718563071421,1641.31521355157,113.192819422195,1840.26468659046,244.593953450521,8.04142090479533,5.29030323028564,17.3552433236032,1965.32461901722,227.770232790818,2107.69004710056,381.470475260417,8.21747611363729,23.1870441436768,0.0276100853335456,1.131273794455,0.39529632512937,1.0745530993313,0.358284237418919,0.000413335590585234,0.0472096123712379,NA,NA,NA,NA,NA,NA,NA,NA,NA,NA,NA,NA,NA,NA,NA,NA,NA,NA,NA,NA,NA,NA,NA,NA,NA,NA,NA,NA,NA,NA,NA,NA,NA,NA,NA,"Modern , 2000s"
"592","ssp245","NP_STSS","NP","STSS","2000s","4",3381,12.0456648851896,1796.7827706661,175.111597236836,1983.94003278812,322.019176536397,8.11711623867608,15.3586148801769,1.45953265896872,60.5009444281726,23.3820869813045,59.6343179913172,17.96558620406,0.0237176501484234,2.81675833223152,9.42380882078207,1636.60381125883,112.945109600596,1828.02086790091,238.209153747559,8.04097782770793,8.22097110748291,15.7924537161145,1926.51965852756,233.492214436208,2086.84952060892,387.257308959961,8.22769117355347,25.1563549041748,0.0251010120366415,1.04049397249718,0.402124641167143,1.02558974922468,0.308971774480241,0.000407895649472538,0.0484425506803057,NA,NA,NA,NA,NA,NA,NA,NA,NA,NA,NA,NA,NA,NA,NA,NA,NA,NA,NA,NA,NA,NA,NA,NA,NA,NA,NA,NA,NA,NA,NA,NA,NA,NA,NA,"Modern , 2000s"
"593","ssp245","NP_STSS","NP","STSS","2000s","5",3381,11.6156974239266,1781.1216606635,182.332404514157,1975.06976260159,324.399882819143,8.11462433235247,16.8015102313928,1.37545565045993,54.6694429857799,24.6456685076022,55.9908560819203,21.6995487121675,0.0291456231864264,3.13533227464368,9.47815359020109,1633.21268205404,116.702992107559,1813.79053467797,268.317013549805,8.0266962369283,10.925892829895,15.4937327753109,1898.17121619148,238.209005430458,2075.68093171477,398.045490519206,8.18455324172974,27.1494808197021,0.0236550574088943,0.94020393308099,0.423855689736681,0.96292956777493,0.373188383327212,0.000501245815859188,0.0539213786557606,NA,NA,NA,NA,NA,NA,NA,NA,NA,NA,NA,NA,NA,NA,NA,NA,NA,NA,NA,NA,NA,NA,NA,NA,NA,NA,NA,NA,NA,NA,NA,NA,NA,NA,NA,"Modern , 2000s"
"594","ssp245","NP_STSS","NP","STSS","2000s","6",3381,11.6587239527469,1774.71353383104,186.294042462228,1972.66630024602,346.656001779097,8.09068006391302,18.9705748409486,1.33737344979787,52.571246648499,24.9280341525853,53.3610074566548,25.4486680785346,0.0312844557310356,3.46346420576132,9.54342273098217,1631.17263966287,122.268077223761,1798.82130692888,298.079000854492,7.99862252871196,12.6744613647461,15.7238129961253,1874.21395004479,239.949553024547,2076.7808203861,430.920240478516,8.15241184234619,29.4743404388428,0.0230001205211678,0.904119196508848,0.428711808172882,0.917701486312212,0.437665659504424,0.0005380294130721,0.0595645847203718,NA,NA,NA,NA,NA,NA,NA,NA,NA,NA,NA,NA,NA,NA,NA,NA,NA,NA,NA,NA,NA,NA,NA,NA,NA,NA,NA,NA,NA,NA,NA,NA,NA,NA,NA,"Modern , 2000s"
"595","ssp245","NP_STSS","NP","STSS","2000s","7",3381,11.8514641372391,1769.55580309438,189.973750394858,1971.38101762648,378.963895705049,8.05798955422287,21.6284678930949,1.33030765383063,51.0897189778022,25.3409149760337,50.7331048283037,25.5728174063669,0.0284006189163207,3.50672240340943,9.63479879114791,1611.12114865357,124.590788633693,1775.17726577713,328.60937906901,7.97333979606628,14.1721820831299,15.8698588372791,1859.23537068921,242.464481038163,2078.15265647184,464.423289794922,8.12013149261475,30.286828994751,0.0228786031104183,0.878639914722133,0.435812523909108,0.872506872063586,0.439800777038869,0.000488433248057872,0.0603085382956318,NA,NA,NA,NA,NA,NA,NA,NA,NA,NA,NA,NA,NA,NA,NA,NA,NA,NA,NA,NA,NA,NA,NA,NA,NA,NA,NA,NA,NA,NA,NA,NA,NA,NA,NA,"Modern , 2000s"
"596","ssp245","NP_STSS","NP","STSS","2000s","8",3381,11.8750555444288,1764.36459288095,194.095218974027,1970.3348673994,397.87000567085,8.04004913153238,23.4123699022325,1.32358068162189,49.1132483367162,25.7403460840461,47.4806654658657,22.7124993766031,0.0245885843621565,3.37341039255325,9.5998615438373,1592.3076405605,126.221088580767,1763.44586325353,346.939407348633,7.9593283812205,15.0937700271606,15.7986485610774,1844.93511950231,243.959378152318,2078.46895742274,485.221531982422,8.09558753967285,30.9103546142578,0.0227629127835565,0.844648614118402,0.442681931721547,0.816571488169751,0.390609087594624,0.000422873957801373,0.058015841130846,NA,NA,NA,NA,NA,NA,NA,NA,NA,NA,NA,NA,NA,NA,NA,NA,NA,NA,NA,NA,NA,NA,NA,NA,NA,NA,NA,NA,NA,NA,NA,NA,NA,NA,NA,"Modern , 2000s"
"597","ssp245","NP_STSS","NP","STSS","2000s","9",3381,11.6895732229422,1761.3683567275,196.437408324158,1969.4953382746,391.192254320412,8.04646000666037,23.3766451798968,1.30251275596214,48.2564282584088,26.0672222515863,45.926632750614,21.0865776865214,0.0235628707288076,3.43898948463324,9.52818592296375,1591.69304680551,127.31028756604,1773.37676233945,329.510079956055,7.95944808324178,15.3562335968018,15.575670962218,1842.22615698148,244.175868369037,2078.48063771229,487.347166137695,8.11421899795532,31.0058250427246,0.0224005870402283,0.829913040394395,0.448303541190509,0.789845266148499,0.362646520493032,0.000405233756262457,0.0591436689800803,NA,NA,NA,NA,NA,NA,NA,NA,NA,NA,NA,NA,NA,NA,NA,NA,NA,NA,NA,NA,NA,NA,NA,NA,NA,NA,NA,NA,NA,NA,NA,NA,NA,NA,NA,"Modern , 2000s"
"598","ssp245","NP_STSS","NP","STSS","2000s","10",3381,11.4947700281834,1763.04027693118,194.746898805318,1969.28194576468,367.962810741453,8.06899031006249,21.6996918530548,1.29771233570408,49.1242866053822,25.9715800134543,46.808481745625,21.1739417725287,0.0246565692822187,3.50397089382282,9.43691678296318,1601.22796408041,126.535585073116,1797.62008345019,310.548654174805,7.9782222588857,14.452844619751,15.3429832740272,1851.44895849488,241.120875220886,2079.11759174423,461.29272664388,8.13756294250488,29.6137542724609,0.0223180295133803,0.844838450031252,0.446658687986429,0.805011286656674,0.36414900621061,0.000424043161029753,0.0602612178915094,NA,NA,NA,NA,NA,NA,NA,NA,NA,NA,NA,NA,NA,NA,NA,NA,NA,NA,NA,NA,NA,NA,NA,NA,NA,NA,NA,NA,NA,NA,NA,NA,NA,NA,NA,"Modern , 2000s"
"599","ssp245","NP_STSS","NP","STSS","2000s","11",3381,11.5252468210564,1770.8244830308,189.460352817513,1971.81008266937,347.736808282481,8.08943657609072,19.5590700926473,1.35303836992071,52.7066410509445,25.7011606707546,49.9322637006377,18.7742122599862,0.0236045069380321,3.42334297478824,9.4475908147502,1614.53001746085,123.538805395918,1818.19993052551,289.663392130534,8.01590166091919,12.9993591308594,15.1917172787401,1876.30309195874,235.892069327951,2078.4231319355,434.45022277832,8.15454556147257,27.1368408203125,0.023269525488669,0.906447706600483,0.442008021806173,0.858734023157836,0.322878508418821,0.00040594981491485,0.0588745806321511,NA,NA,NA,NA,NA,NA,NA,NA,NA,NA,NA,NA,NA,NA,NA,NA,NA,NA,NA,NA,NA,NA,NA,NA,NA,NA,NA,NA,NA,NA,NA,NA,NA,NA,NA,"Modern , 2000s"
"600","ssp245","NP_STSS","NP","STSS","2000s","12",3381,11.7784252542121,1783.2453347803,182.294195848045,1977.31795588256,335.235520232849,8.10259657527755,17.525295790975,1.47049546703336,58.0844575532019,25.1628877821727,54.6322334257103,18.3234517149537,0.0229608240257801,3.2180265369299,9.47813361539823,1627.19628423686,119.662113056419,1830.72512076823,274.126264444987,8.02589801152547,10.5458011627197,15.2171226617759,1902.76969343777,230.333933152827,2077.13954777503,406.694059244792,8.17525955835978,24.7092151641846,0.0252895501796526,0.998935281938051,0.432750815965477,0.939564003847858,0.315126338025801,0.000394879769699395,0.0553435528429928,NA,NA,NA,NA,NA,NA,NA,NA,NA,NA,NA,NA,NA,NA,NA,NA,NA,NA,NA,NA,NA,NA,NA,NA,NA,NA,NA,NA,NA,NA,NA,NA,NA,NA,NA,"Modern , 2000s"
"601","ssp245","Pac_EQU_E","Pac","EQU","2000s","1",6022,11.2240946812697,1758.932354129,215.903884643627,1986.0603334539,414.515585060336,8.02963575465863,27.0154290472677,0.793904596471265,60.9714739705283,11.6981398440219,64.2255872512761,22.8627421949253,0.0154731913186791,1.1162111525344,9.06689349388765,1545.10553320062,170.013103527662,1741.71048856581,326.607536010742,7.97613673210144,24.4911766052246,13.3295916749314,1867.27125177252,257.661422785197,2098.25636465474,488.385305786133,8.09798509597778,29.7466430664062,0.0102305254668645,0.785699213709408,0.150746220794226,0.827632827570224,0.294617095438378,0.000199392821937318,0.014383877701626,NA,NA,NA,NA,NA,NA,NA,NA,NA,NA,NA,NA,NA,NA,NA,NA,NA,NA,NA,NA,NA,NA,NA,NA,NA,NA,NA,NA,NA,NA,NA,NA,NA,NA,NA,"Modern , 2000s"
"602","ssp245","Pac_EQU_E","Pac","EQU","2000s","2",6022,11.3924307756293,1766.17137966778,215.183869408974,1992.74767985238,421.963602982737,8.02369953328264,27.1173569104993,0.75228095548753,54.5298048083253,11.9683144010814,57.7180897300293,20.4566020923878,0.0138786332793301,1.14890781141588,9.41267192146498,1572.24475208004,159.166826904147,1773.68786480928,342.607301025391,7.95770586331685,22.946216583252,15.0531239537382,1871.72219830188,257.927488397455,2099.51688998899,505.290225219727,8.08404476165772,29.6586036682129,0.00969414902944314,0.702689667340799,0.154227782305247,0.743774994509947,0.263610753233953,0.000178844803066459,0.0148052180022807,NA,NA,NA,NA,NA,NA,NA,NA,NA,NA,NA,NA,NA,NA,NA,NA,NA,NA,NA,NA,NA,NA,NA,NA,NA,NA,NA,NA,NA,NA,NA,NA,NA,NA,NA,"Modern , 2000s"
"603","ssp245","Pac_EQU_E","Pac","EQU","2000s","3",6022,11.4659412184089,1768.87920269545,215.654321787684,1995.99946570154,427.591613189349,8.01918755507879,27.3916285794223,0.741787205386478,52.0792258503662,11.9862834466926,55.099034374377,19.3792631115032,0.0133498009946543,1.19978046919359,9.62980222728497,1585.09908770521,156.896609336084,1791.02090511501,355.567926025391,7.94243755340576,22.6028327941895,16.1615945171257,1910.9651302052,257.426057392115,2100.37726180027,537.515493774414,8.0726252746582,29.9982032775879,0.00955892298574859,0.671110670885309,0.154459337557046,0.71002495371887,0.24972779559726,0.000172030089837536,0.0154607804253669,NA,NA,NA,NA,NA,NA,NA,NA,NA,NA,NA,NA,NA,NA,NA,NA,NA,NA,NA,NA,NA,NA,NA,NA,NA,NA,NA,NA,NA,NA,NA,NA,NA,NA,NA,"Modern , 2000s"
"604","ssp245","Pac_EQU_E","Pac","EQU","2000s","4",6022,11.4171457527499,1766.67784600676,217.663340589556,1995.75833234906,430.747650306819,8.01659556271348,27.8526469942581,0.671651214851226,51.3752707275195,10.5681993002942,54.8969283977767,19.6031010213549,0.0139270730242144,1.06913255951967,9.66640062308867,1583.77256363507,161.335442906027,1789.81707405808,357.98603922526,7.91873788833618,23.3570423126221,16.9975450225797,1925.41443995542,256.958096841067,2103.74742788403,573.636340332031,8.06927996635437,30.0980472564697,0.0086551266851554,0.662039265021401,0.136185421473968,0.707420547156917,0.252612247264836,0.000179469014144024,0.0137772068914025,NA,NA,NA,NA,NA,NA,NA,NA,NA,NA,NA,NA,NA,NA,NA,NA,NA,NA,NA,NA,NA,NA,NA,NA,NA,NA,NA,NA,NA,NA,NA,NA,NA,NA,NA,"Modern , 2000s"
"605","ssp245","Pac_EQU_E","Pac","EQU","2000s","5",6022,11.4504031291241,1768.81982657862,217.54919475133,1997.81942445907,431.02380962804,8.01651403777577,27.7734189137231,0.702963307178018,52.5439738026462,12.4615074276374,55.427837952776,18.527939549086,0.0133888684841267,1.57088909901211,9.68614886145437,1554.97908146681,168.037434884488,1750.32482912006,371.060962931315,7.94114170074463,21.879711151123,14.70033356846,1893.34148546194,255.588222284354,2108.20357034832,537.759512329102,8.06568660736084,30.7316074371338,0.00905862498884817,0.677099571544919,0.160583235895877,0.714262028799879,0.238757349747013,0.000172533526834563,0.0202430128311329,NA,NA,NA,NA,NA,NA,NA,NA,NA,NA,NA,NA,NA,NA,NA,NA,NA,NA,NA,NA,NA,NA,NA,NA,NA,NA,NA,NA,NA,NA,NA,NA,NA,NA,NA,"Modern , 2000s"
"606","ssp245","Pac_EQU_E","Pac","EQU","2000s","6",6022,11.5031446162705,1772.16206106253,215.750946000154,1999.41615167896,426.616886446017,8.0203822675468,27.2001676983893,0.920779518159358,60.6501248816407,15.4749677072811,61.5622834778774,21.1447496608341,0.0147654981159534,2.06871298603597,8.6610804261824,1463.9735264424,169.369877755037,1644.33375386204,321.146036376953,7.9787036895752,20.6962814331055,15.3743641442732,1910.34464715118,255.115411525732,2115.07508351631,488.594085693359,8.09312559127808,30.6441440582275,0.0118654789905068,0.781558199723306,0.199415713086851,0.793312586572931,0.272478457559186,0.000190273245900861,0.0266581412695479,NA,NA,NA,NA,NA,NA,NA,NA,NA,NA,NA,NA,NA,NA,NA,NA,NA,NA,NA,NA,NA,NA,NA,NA,NA,NA,NA,NA,NA,NA,NA,NA,NA,NA,NA,"Modern , 2000s"
"607","ssp245","Pac_EQU_E","Pac","EQU","2000s","7",6022,11.5356445064648,1773.59716462815,213.766695781786,1998.8995049164,422.259760571194,8.02404659213157,26.6993964665858,1.05514594114565,67.8087815000309,16.5656397523089,67.5600378783157,23.6351420304533,0.0162136507395478,2.29285425499975,8.30846924499866,1416.40387832832,167.542362668926,1592.50497301833,305.830029907227,7.98768189748128,20.0233364105225,15.275610580293,1918.47703469229,252.540043401048,2117.67768273139,482.008797200521,8.10074235916138,30.8084716796875,0.0135969705555672,0.873807091049167,0.213470485136603,0.870601695882055,0.304570503219482,0.000208934634638803,0.0295465021261313,NA,NA,NA,NA,NA,NA,NA,NA,NA,NA,NA,NA,NA,NA,NA,NA,NA,NA,NA,NA,NA,NA,NA,NA,NA,NA,NA,NA,NA,NA,NA,NA,NA,NA,NA,"Modern , 2000s"
"608","ssp245","Pac_EQU_E","Pac","EQU","2000s","8",6022,11.5885837329767,1774.53117824955,211.464388901296,1997.58415088382,419.312106309974,8.02637534497573,26.275234111363,1.16754845465171,74.1383242160062,16.9508581537585,72.7234303648066,25.2086088933248,0.0172918340910199,2.43384403173792,8.61845897389524,1429.26255017947,168.856480191291,1609.09229537361,327.877321777344,7.98570159276326,19.7148551940918,15.1149378761266,1921.32372662533,250.562779499311,2119.03547473992,484.897549438477,8.07993604660034,30.6875610351562,0.0150454276901834,0.955371737780288,0.218434540873088,0.937138932929496,0.324846733995099,0.00022282847312294,0.0313633444871637,NA,NA,NA,NA,NA,NA,NA,NA,NA,NA,NA,NA,NA,NA,NA,NA,NA,NA,NA,NA,NA,NA,NA,NA,NA,NA,NA,NA,NA,NA,NA,NA,NA,NA,NA,"Modern , 2000s"
"609","ssp245","Pac_EQU_E","Pac","EQU","2000s","9",6022,11.5788603954706,1772.14045292663,210.350507524729,1994.06982084683,417.007979864639,8.02796173889846,26.1174240042492,1.23200815343207,77.982224844936,16.8934439259387,76.1218952381376,26.6638366131397,0.0183356085345662,2.40155609264166,8.67930390821026,1439.6488661792,171.680515018003,1620.23693286123,327.261201782227,7.9890563805898,20.2847881317139,14.9282437568293,1924.02186170376,250.513587376661,2120.12339137399,477.230330403646,8.07840030670166,30.3562564849854,0.0158760773587834,1.00490555261289,0.217694681546814,0.98093271065719,0.343599294836573,0.00023627890668111,0.0309472710890942,NA,NA,NA,NA,NA,NA,NA,NA,NA,NA,NA,NA,NA,NA,NA,NA,NA,NA,NA,NA,NA,NA,NA,NA,NA,NA,NA,NA,NA,NA,NA,NA,NA,NA,NA,"Modern , 2000s"
"610","ssp245","Pac_EQU_E","Pac","EQU","2000s","10",6022,11.4235841078153,1764.919370293,211.736861936446,1988.07981633726,413.514664052678,8.03050685190045,26.315025880645,1.15800181781715,77.7441852272999,15.9318195445908,77.2090707174524,26.4256956622414,0.0183989590364506,2.20193011854267,7.94870164372792,1364.0139249365,164.070214069483,1536.16998862136,295.142951049805,7.98761825561523,21.1239604949951,14.9405311652629,1910.00643176766,251.571887524831,2114.81832021041,477.875384521484,8.10610778808594,30.3201847076416,0.014922406471144,1.00183809289396,0.205302861715231,0.994942424768329,0.340530529302657,0.000237095262860112,0.0283748226854133,NA,NA,NA,NA,NA,NA,NA,NA,NA,NA,NA,NA,NA,NA,NA,NA,NA,NA,NA,NA,NA,NA,NA,NA,NA,NA,NA,NA,NA,NA,NA,NA,NA,NA,NA,"Modern , 2000s"
"611","ssp245","Pac_EQU_E","Pac","EQU","2000s","11",6022,11.2660639632301,1758.30018401274,213.769457281674,1983.33570525764,411.077125720149,8.03230517266964,26.6141349413548,1.05765571150331,75.6923442684225,14.7354005741052,76.7935030976629,26.1982253427116,0.0183305148694533,1.93057663602038,8.05962977700398,1375.43225933132,166.851840492598,1550.46369805778,302.577067871094,7.974476146698,20.9847869873047,14.9394864067198,1902.81775100312,254.035816361369,2101.60194468825,494.653067016602,8.09952503204346,30.1896934509277,0.0136293123125921,0.975397370322194,0.189885398708974,0.989587278650825,0.33759926916479,0.000236213267974785,0.0248780691386954,NA,NA,NA,NA,NA,NA,NA,NA,NA,NA,NA,NA,NA,NA,NA,NA,NA,NA,NA,NA,NA,NA,NA,NA,NA,NA,NA,NA,NA,NA,NA,NA,NA,NA,NA,"Modern , 2000s"
"612","ssp245","Pac_EQU_E","Pac","EQU","2000s","12",6022,11.1942744229429,1756.04331178267,215.29070480535,1982.52829101096,411.445559564525,8.03201277418391,26.8690299561347,0.956405293460169,70.5056693261236,13.1797213971011,72.6491508930466,25.9861241505434,0.0179024565660429,1.51916937099747,8.90962505608973,1479.0799756084,177.574084892975,1665.83612563489,327.996419677734,7.96105599403381,22.8814334869385,15.0314013027318,1896.371303431,255.835124307923,2099.01535250727,512.111614990234,8.09718765258789,30.086498260498,0.012324564884595,0.908560107606512,0.169838386121629,0.936181742316312,0.334866060845209,0.000230697162647007,0.0195765347719998,NA,NA,NA,NA,NA,NA,NA,NA,NA,NA,NA,NA,NA,NA,NA,NA,NA,NA,NA,NA,NA,NA,NA,NA,NA,NA,NA,NA,NA,NA,NA,NA,NA,NA,NA,"Modern , 2000s"
"613","ssp245","Pac_EQU_W","Pac","EQU","2000s","1",4363,9.86725478841523,1698.95049101921,241.394357666563,1950.21210347419,391.293807168659,8.04669010445117,29.9347986146801,0.546568044626269,38.3899275826247,11.8527157935291,44.3237174678219,21.7021967567686,0.0205803224116206,0.822521291930877,8.73874305102537,1592.35448889341,190.575637629679,1805.40372197961,338.377304077148,8.00663115183512,26.3615913391113,11.0611538988196,1792.5139598206,262.395625319168,2046.88777154127,435.894722900391,8.08711715698242,31.2699165344238,0.00827468805392529,0.581198769818702,0.179442480671094,0.671032525670854,0.328557276651549,0.000311572821864864,0.0124524424275361,NA,NA,NA,NA,NA,NA,NA,NA,NA,NA,NA,NA,NA,NA,NA,NA,NA,NA,NA,NA,NA,NA,NA,NA,NA,NA,NA,NA,NA,NA,NA,NA,NA,NA,NA,"Modern , 2000s"
"614","ssp245","Pac_EQU_W","Pac","EQU","2000s","2",4363,9.90057557891376,1700.71116681962,240.509236477157,1951.12097887569,391.172255433651,8.04689808085403,29.7815891898409,0.578969798265534,40.6823927622123,12.0704134155777,45.872446297324,21.694290920469,0.0204159783831041,0.894546706029025,8.87316813124876,1582.81650691242,193.193929290918,1814.06576074237,341.686809692383,8.00895878473917,26.5765419006348,11.1825836830923,1795.16249945016,261.915703042242,2046.76777409807,432.248308105469,8.09122686386108,31.2473907470703,0.00876522972828971,0.615905215652989,0.182738282411141,0.694479282337745,0.328437587383529,0.000309084759156351,0.013542860792599,NA,NA,NA,NA,NA,NA,NA,NA,NA,NA,NA,NA,NA,NA,NA,NA,NA,NA,NA,NA,NA,NA,NA,NA,NA,NA,NA,NA,NA,NA,NA,NA,NA,NA,NA,"Modern , 2000s"
"615","ssp245","Pac_EQU_W","Pac","EQU","2000s","3",4363,9.91399045201151,1700.29805060666,240.248805979328,1950.460847038,392.046601528072,8.04595885845549,29.8279046110882,0.611894737157302,43.2258515441527,12.0862034586884,47.8282445236475,22.205181780468,0.0206322712134026,0.883777340221472,8.7028790298344,1576.13721370673,198.681232676814,1806.81516511075,340.244082641602,8.00737930933635,27.1831607818604,11.3470305913184,1802.88203454384,261.46780937204,2047.6996507385,436.602973429362,8.08791856765747,31.2083282470703,0.00926369209030032,0.654411542917263,0.182977333490661,0.724088807406693,0.336172145848218,0.000312359293254378,0.0133798195327371,NA,NA,NA,NA,NA,NA,NA,NA,NA,NA,NA,NA,NA,NA,NA,NA,NA,NA,NA,NA,NA,NA,NA,NA,NA,NA,NA,NA,NA,NA,NA,NA,NA,NA,NA,"Modern , 2000s"
"616","ssp245","Pac_EQU_W","Pac","EQU","2000s","4",4363,9.88531565824896,1697.35967861626,241.052915746882,1948.29791002139,393.055469114512,8.0447267457898,30.0702601950326,0.621454678203143,42.8995285783804,12.0624489683015,47.4804346087073,22.834069512266,0.0211163751212877,0.765298490290155,8.55049788013429,1574.86380076032,204.881316600497,1805.50203169033,335.732269287109,8.00039267539978,27.7912254333496,11.369268662553,1802.47596661511,261.431029098601,2047.18409371766,440.944782511393,8.08604164123535,31.277853012085,0.00940842343847553,0.649471223458149,0.182617705810697,0.718823189380744,0.345693100929168,0.000319688314522306,0.0115861260780825,NA,NA,NA,NA,NA,NA,NA,NA,NA,NA,NA,NA,NA,NA,NA,NA,NA,NA,NA,NA,NA,NA,NA,NA,NA,NA,NA,NA,NA,NA,NA,NA,NA,NA,NA,"Modern , 2000s"
"617","ssp245","Pac_EQU_W","Pac","EQU","2000s","5",4363,9.82527913248955,1693.62728759022,242.237996557554,1945.69056328027,392.631197836516,8.0448297426257,30.2853472588437,0.593805682999518,39.4285026016211,11.8813948446111,44.7081639900654,23.1688198932385,0.0216934601518348,0.57597402378442,8.34537764531266,1549.90327563741,208.650516527367,1785.46978726154,327.034158325195,7.99191319147746,28.2146759033203,11.1605839582303,1793.44091822914,261.736478579018,2042.69067292524,443.496469116211,8.09005270004272,31.4302825927734,0.00898983546472945,0.596922126475368,0.179876663027197,0.676852798327219,0.350761006024817,0.000328425010081652,0.00871987563275696,NA,NA,NA,NA,NA,NA,NA,NA,NA,NA,NA,NA,NA,NA,NA,NA,NA,NA,NA,NA,NA,NA,NA,NA,NA,NA,NA,NA,NA,NA,NA,NA,NA,NA,NA,"Modern , 2000s"
"618","ssp245","Pac_EQU_W","Pac","EQU","2000s","6",4363,9.77969147669503,1692.35321256484,242.600582107955,1944.73348614949,390.302087399995,8.04698358647542,30.2213208725345,0.553032154421899,36.3502384054071,11.4378711995359,42.3337168592098,23.2302618918491,0.0222082542013087,0.632764180884296,8.51090735598087,1558.44308230966,208.950408628001,1794.14641763625,336.248590087891,8.00242460568746,27.8673973083496,11.1084354384432,1783.74633263313,260.831777579483,2036.36782887219,448.481004842122,8.09550345738729,31.4087409973145,0.00837255051154799,0.550319189802304,0.173162000793244,0.640905198569896,0.351691198298059,0.000336218660320254,0.00957964202260546,NA,NA,NA,NA,NA,NA,NA,NA,NA,NA,NA,NA,NA,NA,NA,NA,NA,NA,NA,NA,NA,NA,NA,NA,NA,NA,NA,NA,NA,NA,NA,NA,NA,NA,NA,"Modern , 2000s"
"619","ssp245","Pac_EQU_W","Pac","EQU","2000s","7",4363,9.77277668605052,1693.20396688556,242.07550394567,1945.05224751728,388.210689364327,8.04900422083584,30.0143619775413,0.520332554318186,35.8862848941909,10.972136547572,42.0458496143493,22.5085120843498,0.0218134929464212,0.784468360860113,8.6763462502119,1582.4116000995,206.933850972075,1821.7687327877,333.339437866211,8.00454279581706,27.1802978515625,10.9943459241014,1782.56965557205,259.562544469961,2035.99543804132,441.455017089844,8.10168631871541,31.3113613128662,0.00787749963360772,0.543295232557489,0.166111078225058,0.636547073949214,0.340764371219976,0.000330242229257214,0.0118763455677876,NA,NA,NA,NA,NA,NA,NA,NA,NA,NA,NA,NA,NA,NA,NA,NA,NA,NA,NA,NA,NA,NA,NA,NA,NA,NA,NA,NA,NA,NA,NA,NA,NA,NA,NA,"Modern , 2000s"
"620","ssp245","Pac_EQU_W","Pac","EQU","2000s","8",4363,9.80857887987019,1695.30824504482,241.541790827446,1946.65861475213,388.953057722502,8.04845420620967,29.9357890623543,0.517983807760489,37.4902177756469,10.7405500506548,43.4159811725502,22.0640331604513,0.0213319058167438,0.849105986439935,8.70168022549436,1596.00256451359,205.280816867576,1814.28092591025,333.993788655599,8.00479261080424,26.9115505218506,10.994664597669,1788.66654290532,258.948851799071,2039.88926011079,439.746665445964,8.10320971806844,31.3818168640137,0.00784194112396971,0.567577743004211,0.162605007867795,0.657289982994881,0.334035246680104,0.000322951310389845,0.0128549175744719,NA,NA,NA,NA,NA,NA,NA,NA,NA,NA,NA,NA,NA,NA,NA,NA,NA,NA,NA,NA,NA,NA,NA,NA,NA,NA,NA,NA,NA,NA,NA,NA,NA,NA,NA,"Modern , 2000s"
"621","ssp245","Pac_EQU_W","Pac","EQU","2000s","9",4363,9.86326350391599,1697.64734067459,241.286293257415,1948.79689743592,391.757104101693,8.04606186630458,30.0012651873261,0.546503429765692,40.2577725957278,10.6720729430082,45.8545360242055,22.6985456744875,0.0214673373012876,0.778793413842297,8.83076366971125,1584.76389577947,203.200253820153,1797.82345333262,337.995269775391,8.00295000076294,27.1682395935059,11.1564600245567,1796.06758756348,258.987698848425,2046.18701919239,440.020512695313,8.09988838831584,31.5291233062744,0.00827370982656607,0.609476739905806,0.161568308576313,0.694208132341925,0.343641357340216,0.000325001655810325,0.0117904305261809,NA,NA,NA,NA,NA,NA,NA,NA,NA,NA,NA,NA,NA,NA,NA,NA,NA,NA,NA,NA,NA,NA,NA,NA,NA,NA,NA,NA,NA,NA,NA,NA,NA,NA,NA,"Modern , 2000s"
"622","ssp245","Pac_EQU_W","Pac","EQU","2000s","10",4363,9.88346507368166,1697.76056088527,241.423573562695,1949.06759952165,393.792552375172,8.04419771172504,30.1367176272071,0.562664262127896,41.6681122200194,10.8618176414237,47.4932173346787,23.3481480478552,0.0217546645155473,0.657755946274478,8.97490507871571,1576.8394404087,198.899887335081,1785.53866988105,345.791515096029,8.00231750806173,27.5964202880859,11.1649865303402,1797.42571182613,260.009468354967,2050.16777025357,440.855606079102,8.09172868728638,31.4354000091553,0.00851837441646258,0.630828373166918,0.164440921062007,0.719016711616322,0.353475918748546,0.00032935160471564,0.00995800124897049,NA,NA,NA,NA,NA,NA,NA,NA,NA,NA,NA,NA,NA,NA,NA,NA,NA,NA,NA,NA,NA,NA,NA,NA,NA,NA,NA,NA,NA,NA,NA,NA,NA,NA,NA,"Modern , 2000s"
"623","ssp245","Pac_EQU_W","Pac","EQU","2000s","11",4363,9.87108034804768,1696.43684929028,241.848947756583,1948.15687739491,394.440138327052,8.04346478190839,30.2676993772685,0.550147359966466,40.2659395922397,11.1348421892773,46.4957480140707,22.9372099526298,0.0213784452066227,0.573763765375685,8.90670064747036,1587.77009570348,194.392255121412,1792.10649031943,351.004642333984,7.998224401474,27.9859809875488,11.0326104874532,1794.78969303405,261.043285145756,2049.06980461465,445.049877319336,8.08425079981486,31.4182586669922,0.00832887658210207,0.60960038297118,0.168574336812825,0.703915668749765,0.34725458074517,0.000323655886768311,0.00868641374446937,NA,NA,NA,NA,NA,NA,NA,NA,NA,NA,NA,NA,NA,NA,NA,NA,NA,NA,NA,NA,NA,NA,NA,NA,NA,NA,NA,NA,NA,NA,NA,NA,NA,NA,NA,"Modern , 2000s"
"624","ssp245","Pac_EQU_W","Pac","EQU","2000s","12",4363,9.87178281115523,1697.4357635856,241.772255380728,1949.07980177749,393.6461817986,8.04433259696166,30.1758736723088,0.538067855186872,37.8273890633339,11.5380082292831,44.162087302105,22.2904734161214,0.021061915335122,0.672173607087217,8.91497721448619,1593.56788424831,189.721234243491,1793.35861425547,342.343734130859,7.99929609298706,26.8713283538818,10.9960758400843,1793.37821931303,261.616236733799,2048.38470042291,444.172228393555,8.08092884063721,31.3372497558594,0.00814600066229709,0.572682299067781,0.174678010907541,0.668585549096645,0.337463406260495,0.000318863828446994,0.010176275344695,NA,NA,NA,NA,NA,NA,NA,NA,NA,NA,NA,NA,NA,NA,NA,NA,NA,NA,NA,NA,NA,NA,NA,NA,NA,NA,NA,NA,NA,NA,NA,NA,NA,NA,NA,"Modern , 2000s"
"625","ssp245","SA_STPS","SA","STPS","2000s","1",7787,11.3396221019392,1818.44589656906,223.705230857795,2053.4907495288,394.94648120811,8.05632766881639,24.3334628339208,0.696930110786129,42.479302280187,21.5601129732732,51.0757300254772,20.999112687081,0.0211264982153157,2.5953094013912,10.1556271424062,1643.85688705556,142.066962051394,1869.42178819272,325.235725911458,7.90198863347372,17.4630527496338,17.7257763030035,1916.44144186373,263.943775172928,2132.16925445527,568.183774820964,8.12699988683065,29.6828498840332,0.00789776380287227,0.481384705191314,0.244323895884027,0.578801296654377,0.237966518458202,0.000239410079008006,0.0294106113803018,NA,NA,NA,NA,NA,NA,NA,NA,NA,NA,NA,NA,NA,NA,NA,NA,NA,NA,NA,NA,NA,NA,NA,NA,NA,NA,NA,NA,NA,NA,NA,NA,NA,NA,NA,"Modern , 2000s"
"626","ssp245","SA_STPS","SA","STPS","2000s","2",7787,11.3266972528998,1815.66744709098,226.323903942323,2053.3180482862,402.620786471044,8.0492968289385,25.1329746611029,0.678993603333234,42.5424572957208,21.1871229746631,50.8821253001795,20.9327732662321,0.0209681468997476,2.56168771051573,9.83286423070919,1643.89488425914,141.302433524166,1875.11136681615,329.774974568685,7.89578086535136,18.6192893981934,17.9195846260632,1907.55528562836,265.361649177308,2129.37603606541,577.95248819987,8.12157236735026,30.416482925415,0.00769450339394599,0.482100391582149,0.240097091984661,0.576607325741287,0.237214745692791,0.000237615607411966,0.0290296030566865,NA,NA,NA,NA,NA,NA,NA,NA,NA,NA,NA,NA,NA,NA,NA,NA,NA,NA,NA,NA,NA,NA,NA,NA,NA,NA,NA,NA,NA,NA,NA,NA,NA,NA,NA,"Modern , 2000s"
"627","ssp245","SA_STPS","SA","STPS","2000s","3",7787,11.2444289454724,1812.54061037967,227.484448674991,2051.26948800013,400.445182081929,8.0510583480817,25.2140042809743,0.647262312926724,44.3503637692307,21.2454519646565,52.3286563975863,20.5459694397454,0.0206857039737255,2.75068823720852,9.07942163884044,1559.88427443085,143.395300860223,1778.59276438145,330.599502563477,7.90611344973246,18.6513195037842,17.3581115572465,1900.93215449982,266.286240696899,2130.29677560443,562.651582845052,8.12109829584758,30.9279079437256,0.00733491750016349,0.502587981491786,0.240758088802992,0.592999731183408,0.232831400487354,0.000234414902659809,0.0311713981884169,NA,NA,NA,NA,NA,NA,NA,NA,NA,NA,NA,NA,NA,NA,NA,NA,NA,NA,NA,NA,NA,NA,NA,NA,NA,NA,NA,NA,NA,NA,NA,NA,NA,NA,NA,"Modern , 2000s"
"628","ssp245","SA_STPS","SA","STPS","2000s","4",7787,11.1336847740331,1810.70601716157,226.840048570049,2048.67975050565,390.055276978353,8.06035305824588,24.5819568435043,0.631467914288973,46.6943732587865,21.7467752317794,54.0605276756942,19.464679628951,0.019964711651807,3.00196912962511,9.64031035405936,1636.24216494339,143.764595291557,1867.54314438749,333.094986979167,7.92214439709981,17.3460292816162,17.0389292398664,1912.06524208844,266.684548696846,2129.82469924646,536.72016398112,8.11759910583496,31.4538917541504,0.00715593193486964,0.529150807539468,0.246439193251406,0.612625673698714,0.220577988852615,0.000226244460639771,0.0340189679888416,NA,NA,NA,NA,NA,NA,NA,NA,NA,NA,NA,NA,NA,NA,NA,NA,NA,NA,NA,NA,NA,NA,NA,NA,NA,NA,NA,NA,NA,NA,NA,NA,NA,NA,NA,"Modern , 2000s"
"629","ssp245","SA_STPS","SA","STPS","2000s","5",7787,11.0711511861756,1811.60769956931,224.406475461504,2047.08532621699,377.273226812491,8.07226022851883,23.5258039183022,0.659569315722537,49.116713844225,22.5478785480232,55.813198281614,18.2548927420719,0.0189768546615842,3.19903252846296,9.54227424772426,1610.40674495682,145.104135844053,1828.50438779863,320.880008544922,7.94345161120097,15.5956974029541,16.5346796132763,1918.9767954086,265.378922121954,2131.27044370218,506.349655151367,8.1226495552063,30.7515983581543,0.00747438313624139,0.556601298625762,0.255517470506861,0.632487318726761,0.206868420365746,0.000215049850076891,0.036252133343768,NA,NA,NA,NA,NA,NA,NA,NA,NA,NA,NA,NA,NA,NA,NA,NA,NA,NA,NA,NA,NA,NA,NA,NA,NA,NA,NA,NA,NA,NA,NA,NA,NA,NA,NA,"Modern , 2000s"
"630","ssp245","SA_STPS","SA","STPS","2000s","6",7787,11.0894252615295,1815.20174515426,220.404599284566,2046.69576970036,365.388567352377,8.08371325652389,22.2701660742642,0.745915405838507,51.9533137015561,23.3869419548307,57.8696118513122,17.2366188357511,0.0178231824971131,3.28559951591309,9.22162645725887,1571.26083805635,143.501730304555,1787.97128638191,308.712894897461,7.95507699648539,14.0548982620239,16.3294830474262,1918.84383654336,263.319680517116,2132.96980570014,490.024751790365,8.13529537200928,29.0522060394287,0.00845287583512655,0.588746266004474,0.265025919776076,0.655791045173848,0.195329118685011,0.000201976185845819,0.037233129299354,NA,NA,NA,NA,NA,NA,NA,NA,NA,NA,NA,NA,NA,NA,NA,NA,NA,NA,NA,NA,NA,NA,NA,NA,NA,NA,NA,NA,NA,NA,NA,NA,NA,NA,NA,"Modern , 2000s"
"631","ssp245","SA_STPS","SA","STPS","2000s","7",7787,11.1802238977981,1820.00434606666,215.974179190135,2047.15874915459,357.41176877371,8.09155941636922,21.169870088101,0.856821766296537,54.2341849821371,24.0553032236421,59.3229255039329,17.2053994483787,0.017729470329235,3.29755376258759,9.4129279041505,1614.84077808508,137.41847076757,1833.92589373455,302.672450561523,7.94975097974141,13.0562763214111,17.0892786622744,1941.39702305446,260.914720930118,2132.72995205983,494.835467529297,8.14181049346924,27.4382877349854,0.00970969086661617,0.614593596116906,0.272599935239558,0.672260312008855,0.1949753337879,0.000200914219149443,0.0373685974262369,NA,NA,NA,NA,NA,NA,NA,NA,NA,NA,NA,NA,NA,NA,NA,NA,NA,NA,NA,NA,NA,NA,NA,NA,NA,NA,NA,NA,NA,NA,NA,NA,NA,NA,NA,"Modern , 2000s"
"632","ssp245","SA_STPS","SA","STPS","2000s","8",7787,11.2997217472286,1824.51523689126,212.307871092805,2048.12282973129,353.92988258309,8.09498344057008,20.4395452410915,0.936890873983064,54.967612798976,24.4943884536913,59.7916295142212,17.678609358567,0.0185869422943859,3.27935393049753,9.47354091182832,1644.19935686295,130.421944860462,1868.08129090189,299.331771850586,7.93557764689128,12.7150239944458,18.0812703596408,1954.90473938129,258.895622867592,2135.77660558005,512.662852986654,8.14562210083008,26.9775638580322,0.0106170514335195,0.622904959873763,0.277575744696761,0.67757176793453,0.200337851552601,0.000210631278211087,0.0371623529651716,NA,NA,NA,NA,NA,NA,NA,NA,NA,NA,NA,NA,NA,NA,NA,NA,NA,NA,NA,NA,NA,NA,NA,NA,NA,NA,NA,NA,NA,NA,NA,NA,NA,NA,NA,"Modern , 2000s"
"633","ssp245","SA_STPS","SA","STPS","2000s","9",7787,11.3440358053822,1826.36127435367,211.130168884446,2048.8354790435,353.271351944936,8.09570189634218,20.2273969909953,0.924490306839547,53.5760602082491,24.4123044278669,58.9901249383811,17.927288041667,0.0195457065708921,3.28132318760236,9.65186958689735,1653.66517921563,128.972788407217,1875.48265542855,298.203384399414,7.92652393976847,12.7035503387451,18.4588513613023,1954.2556070615,258.312303221709,2137.02106317739,525.552482096354,8.14709438323975,26.9650821685791,0.0104765255058757,0.607135582843348,0.276645550638681,0.668488943517938,0.203155932550303,0.000221496203805902,0.0371846690155767,NA,NA,NA,NA,NA,NA,NA,NA,NA,NA,NA,NA,NA,NA,NA,NA,NA,NA,NA,NA,NA,NA,NA,NA,NA,NA,NA,NA,NA,NA,NA,NA,NA,NA,NA,"Modern , 2000s"
"634","ssp245","SA_STPS","SA","STPS","2000s","10",7787,11.2682992160312,1824.12251562093,213.197852281097,2048.58866711806,355.240745659713,8.09398312568116,20.6376465908985,0.809291886147495,50.3679474165147,23.4390892074463,57.2996028073041,19.5563785051051,0.0215491623841634,3.27425498914183,9.86134774078807,1669.8515427408,134.17011836578,1893.03208972604,302.675638427734,7.92812371253967,13.3890762329102,17.8885066542435,1940.25403086497,258.852643929206,2133.48990311329,524.918785603841,8.15142259597778,27.2402286529541,0.00917107191302765,0.570780549978557,0.265616863800094,0.649331578542397,0.221617140488691,0.000244199801423258,0.0371045706512082,NA,NA,NA,NA,NA,NA,NA,NA,NA,NA,NA,NA,NA,NA,NA,NA,NA,NA,NA,NA,NA,NA,NA,NA,NA,NA,NA,NA,NA,NA,NA,NA,NA,NA,NA,"Modern , 2000s"
"635","ssp245","SA_STPS","SA","STPS","2000s","11",7787,11.2481412672114,1822.03938114944,216.406281432264,2049.69380384892,364.502105854204,8.08501457598324,21.6200084360035,0.735681219305737,47.4422971018662,22.6601518903128,55.3400767654586,20.9636259862081,0.0224219174278759,3.15070304279955,10.0666722043441,1664.99696519911,140.247611216951,1887.84043216185,297.842690022787,7.92588540712992,14.3779315948486,17.369940126172,1954.20295661567,260.057479058676,2135.51743640976,530.366028849284,8.15912834803263,28.5254821777344,0.00833689980438914,0.537626443422838,0.256789776474186,0.627125802662493,0.237564375435107,0.00025409005165973,0.035704453086341,NA,NA,NA,NA,NA,NA,NA,NA,NA,NA,NA,NA,NA,NA,NA,NA,NA,NA,NA,NA,NA,NA,NA,NA,NA,NA,NA,NA,NA,NA,NA,NA,NA,NA,NA,"Modern , 2000s"
"636","ssp245","SA_STPS","SA","STPS","2000s","12",7787,11.3200786914965,1821.44825271541,219.801070631084,2052.56940203799,380.640584405867,8.06960300989234,22.9904236748999,0.69826667404186,44.5097819587823,22.0801749489938,52.9388281000738,20.5441655828231,0.0211116187494552,2.8683593182255,10.1541764059846,1649.3021384283,143.505075564375,1872.64749904513,315.196150716146,7.91683568954468,15.8077192306519,17.2721074887173,1937.10323554891,261.771104970014,2135.39863194991,545.163212076823,8.13872270584107,28.8956356048584,0.00791291002878214,0.504394543136167,0.250217351459456,0.599914329807949,0.232810958787841,0.000239241461660212,0.0325048725065986,NA,NA,NA,NA,NA,NA,NA,NA,NA,NA,NA,NA,NA,NA,NA,NA,NA,NA,NA,NA,NA,NA,NA,NA,NA,NA,NA,NA,NA,NA,NA,NA,NA,NA,NA,"Modern , 2000s"
"637","ssp245","SO_SPSS","SO","SPSS","2000s","1",21560,19.3765868123875,1941.7848038347,109.592422827697,2070.75381347478,370.498138854601,8.05792484209908,5.16857366464045,1.88142316042872,47.6156069659058,14.5269878234929,53.5568975298253,17.3381095272306,0.027609732180584,2.4290946059199,11.3700752958164,1490.02944764767,64.9198569154002,1571.78008219211,266.561947631836,8.01028898557027,-0.965308785438538,23.6672206668554,2057.34054585786,176.443973743158,2185.5499508397,412.52174621582,8.19471317927043,11.7839002609253,0.0128133328429214,0.324283570758664,0.0989352816009055,0.364746415648201,0.118080277160407,0.000188034619523407,0.0165432202320207,NA,NA,NA,NA,NA,NA,NA,NA,NA,NA,NA,NA,NA,NA,NA,NA,NA,NA,NA,NA,NA,NA,NA,NA,NA,NA,NA,NA,NA,NA,NA,NA,NA,NA,NA,"Modern , 2000s"
"638","ssp245","SO_SPSS","SO","SPSS","2000s","2",21560,19.3467300208028,1940.860817477,110.090338870301,2070.29788636811,375.147822096459,8.05353363355973,5.5627065154475,1.84146878118669,47.1988986728106,14.3850056963718,52.982205766876,15.5844649426315,0.0256963304297664,2.40100478710062,12.1040357345942,1490.13092165354,64.3779615176333,1571.57319819375,282.725933837891,8.00977986653646,-0.238811105489731,23.5077919214146,2052.08966197609,169.547563103786,2180.66178085029,410.447142944336,8.16977157592773,12.6620454788208,0.012541225658037,0.32144560098656,0.0979683198398232,0.360832507817345,0.106137173544347,0.000175003498183395,0.0163519160078573,NA,NA,NA,NA,NA,NA,NA,NA,NA,NA,NA,NA,NA,NA,NA,NA,NA,NA,NA,NA,NA,NA,NA,NA,NA,NA,NA,NA,NA,NA,NA,NA,NA,NA,NA,"Modern , 2000s"
"639","ssp245","SO_SPSS","SO","SPSS","2000s","3",21560,19.5154169884781,1942.95842637597,109.01102643994,2071.48486980439,376.253709297992,8.05203506085996,5.3987625364347,1.77017204459792,48.9626054540181,13.6724177411926,54.1147422240889,13.0651156849671,0.0227829041101244,2.42780829157722,13.8969057134842,1491.77319323882,63.0408879331535,1572.28321978835,292.915995483398,8.0034336566925,-0.337441265583038,23.3554931185398,2056.05603011268,158.459486406199,2183.82198511389,406.769413452148,8.14743986129761,12.5938358306885,0.0120556630075179,0.333457232659989,0.0931152772911774,0.368545587409554,0.0889792787841565,0.000155161762452666,0.0165344598562795,NA,NA,NA,NA,NA,NA,NA,NA,NA,NA,NA,NA,NA,NA,NA,NA,NA,NA,NA,NA,NA,NA,NA,NA,NA,NA,NA,NA,NA,NA,NA,NA,NA,NA,NA,"Modern , 2000s"
"640","ssp245","SO_SPSS","SO","SPSS","2000s","4",21560,19.7636501543691,1946.25800804217,107.184549252353,2073.20620744889,374.006581725963,8.05346410074512,4.8725697782776,1.70630604401586,51.2785570844198,12.7844663119736,55.8945364508861,10.4870141534946,0.0198905555455278,2.43286880156196,14.6430108431422,1494.8554956801,60.5900200299699,1573.56395312336,313.306674194336,7.99459228515625,-0.851462364196777,23.5728692050254,2064.99086965409,153.982190694895,2190.52748823403,397.399869384766,8.12265453338623,11.9470806121826,0.011620706991234,0.349229898646348,0.0870679310852672,0.3806667817796,0.0714212547731867,0.000135463575656945,0.0165689241916577,NA,NA,NA,NA,NA,NA,NA,NA,NA,NA,NA,NA,NA,NA,NA,NA,NA,NA,NA,NA,NA,NA,NA,NA,NA,NA,NA,NA,NA,NA,NA,NA,NA,NA,NA,"Modern , 2000s"
"641","ssp245","SO_SPSS","SO","SPSS","2000s","5",21560,20.0271388103788,1950.12656690397,105.295020767002,2075.44872648135,370.50228316919,8.05615563721083,4.2392850243523,1.66740931547155,53.1761910041537,11.9752550720916,57.3601995342588,8.51774111807682,0.0174647420748154,2.41957343363953,15.3554439324025,1496.23034075024,58.7536603519042,1573.53295249609,328.531907958984,7.99276628494263,-1.45992588996887,23.8704284925634,2075.59473497421,149.64286596078,2196.25309089387,390.028841552734,8.10620899200439,11.0028581619263,0.0113558028804409,0.362153634007418,0.0815568407708064,0.390648602625559,0.0580096250068941,0.000118942701422571,0.0164783767921985,NA,NA,NA,NA,NA,NA,NA,NA,NA,NA,NA,NA,NA,NA,NA,NA,NA,NA,NA,NA,NA,NA,NA,NA,NA,NA,NA,NA,NA,NA,NA,NA,NA,NA,NA,"Modern , 2000s"
"642","ssp245","SO_SPSS","SO","SPSS","2000s","6",21560,20.2663291607762,1953.6343472778,103.66990395622,2077.57058039479,367.295830728524,8.0586805503037,3.66959224111741,1.64083523940664,54.7037984714052,11.3586003133901,58.6155668998159,7.41575106762753,0.0155962311300281,2.41082883020197,15.8050414625293,1500.94035252038,57.9490046222466,1577.62027971877,327.151169433594,7.99994850158691,-1.76138818264008,24.0470571886363,2083.65351860398,146.094503314867,2201.94616239909,395.737588500977,8.09994211196899,10.3655319213867,0.0111748215420719,0.372557323800822,0.077357146178648,0.399198215617119,0.0505045801010065,0.000106217306540781,0.0164188221333735,NA,NA,NA,NA,NA,NA,NA,NA,NA,NA,NA,NA,NA,NA,NA,NA,NA,NA,NA,NA,NA,NA,NA,NA,NA,NA,NA,NA,NA,NA,NA,NA,NA,NA,NA,"Modern , 2000s"
"643","ssp245","SO_SPSS","SO","SPSS","2000s","7",21560,20.478814178933,1956.47277289573,102.330665412004,2079.28225248666,365.172540489629,8.06023200812213,3.22228662119853,1.6185289185661,56.0404812306088,10.9403917608057,59.8620216907913,7.1589382930263,0.0144519434265864,2.41700479931115,16.0396889740407,1506.16994371285,57.8736605363425,1582.78631972181,317.052178955078,8.0092493057251,-1.79291129112244,24.6672587383985,2091.08119013963,143.702409400749,2207.65553766864,408.166680908203,8.10510217666626,9.84309005737305,0.0110229055247493,0.381660730976466,0.074508958968707,0.407687129991269,0.048755570293702,9.84241957081708e-05,0.0164608832440731,NA,NA,NA,NA,NA,NA,NA,NA,NA,NA,NA,NA,NA,NA,NA,NA,NA,NA,NA,NA,NA,NA,NA,NA,NA,NA,NA,NA,NA,NA,NA,NA,NA,NA,NA,"Modern , 2000s"
"644","ssp245","SO_SPSS","SO","SPSS","2000s","8",21560,20.6338538881637,1958.83714972589,101.434017536129,2080.90502115018,363.707562720567,8.06137735521772,2.90441394504253,1.59906189088895,56.3447862607709,10.7416607064639,60.2068393497938,7.65890983607078,0.0144043034668556,2.43760970070698,16.0751238704455,1506.40540603938,58.224497333006,1583.15009063739,316.857840983073,8.02096214294434,-1.84682583808899,24.9346838368931,2095.89754406885,143.242913549448,2212.20898331637,409.866030883789,8.10635433197021,9.44115257263184,0.0108903263632209,0.383733184276315,0.0731555116427334,0.410035492405341,0.0521606000221327,9.8099746284196e-05,0.0166012118343303,NA,NA,NA,NA,NA,NA,NA,NA,NA,NA,NA,NA,NA,NA,NA,NA,NA,NA,NA,NA,NA,NA,NA,NA,NA,NA,NA,NA,NA,NA,NA,NA,NA,NA,NA,"Modern , 2000s"
"645","ssp245","SO_SPSS","SO","SPSS","2000s","9",21560,20.6892626463267,1959.91791155184,101.146300939656,2081.75347513782,362.799286048909,8.06221424829413,2.76298817368943,1.60031354619356,55.9348868552674,10.8676537478692,59.9842103908169,8.48377922815706,0.0156455622091989,2.46601181777861,15.9248890868066,1504.96274296956,59.3033046907515,1582.41540944344,322.724560546875,8.02930774688721,-1.83951854705811,24.9679171041548,2095.30527602051,144.756706813664,2212.11115085462,411.446273803711,8.11011606852214,9.49383735656738,0.0108988506954179,0.380941586072732,0.0740135805819141,0.408519289664862,0.0577783293533329,0.000106553273244184,0.0167946429492101,NA,NA,NA,NA,NA,NA,NA,NA,NA,NA,NA,NA,NA,NA,NA,NA,NA,NA,NA,NA,NA,NA,NA,NA,NA,NA,NA,NA,NA,NA,NA,NA,NA,NA,NA,"Modern , 2000s"
"646","ssp245","SO_SPSS","SO","SPSS","2000s","10",21560,20.607950738058,1958.91278274489,101.69087826151,2081.21161174446,362.889840466408,8.06234643912355,2.88097079673416,1.6563465801275,54.7223604771731,11.5437509150018,59.1874681303876,10.0157010252784,0.0185283644801025,2.50964503820478,15.4325380923448,1500.1348926188,61.0685034614684,1578.8162843507,301.982050577799,8.02722182273865,-1.81657695770264,24.3799212922129,2092.1063768257,149.255196468536,2209.69774776492,415.198764038086,8.1442274093628,9.88218784332275,0.0112804607069746,0.372683739358544,0.0786181045501701,0.403093118674931,0.0682114016619403,0.000126186445512033,0.0170918046872434,NA,NA,NA,NA,NA,NA,NA,NA,NA,NA,NA,NA,NA,NA,NA,NA,NA,NA,NA,NA,NA,NA,NA,NA,NA,NA,NA,NA,NA,NA,NA,NA,NA,NA,NA,"Modern , 2000s"
"647","ssp245","SO_SPSS","SO","SPSS","2000s","11",21560,20.3197422165642,1954.99158283701,103.506363904063,2078.81768895764,364.19901936133,8.06177717836822,3.37450472465171,1.77620396719764,52.5482091556228,12.7086051136148,57.4544057403032,12.6547076869064,0.0226185419234215,2.55751383578413,12.0999206436283,1496.56395365149,63.0105911927219,1576.72343203985,251.481790669759,8.0243530591329,-1.83826851844788,24.1785453882059,2078.12708572826,163.070623774865,2200.51027030152,402.866073608398,8.21500733693441,10.1672229766846,0.0120967430970897,0.357876796869564,0.0865512824094785,0.391290189005116,0.0861842168378845,0.000154042382480467,0.0174178125992726,NA,NA,NA,NA,NA,NA,NA,NA,NA,NA,NA,NA,NA,NA,NA,NA,NA,NA,NA,NA,NA,NA,NA,NA,NA,NA,NA,NA,NA,NA,NA,NA,NA,NA,NA,"Modern , 2000s"
"648","ssp245","SO_SPSS","SO","SPSS","2000s","12",21560,19.7597309012281,1947.26383778377,106.939760880395,2073.9633295654,365.923638745866,8.06144859388352,4.27824985513349,1.88513803227566,49.1592428821321,14.0761846629563,54.9162003502137,17.1582199452642,0.0277144594032162,2.52649196100799,11.1713081025998,1492.61005052406,64.4366387654343,1573.93393443907,248.999035135905,8.01504472096761,-1.74764001369476,24.014806727267,2066.66561718841,175.59006992653,2192.56405816938,405.87323059082,8.21899820963542,10.8086433410645,0.0128386327809921,0.334796421455361,0.0958651105388669,0.374003875553175,0.116855148684692,0.000188747858729517,0.0172065397632204,NA,NA,NA,NA,NA,NA,NA,NA,NA,NA,NA,NA,NA,NA,NA,NA,NA,NA,NA,NA,NA,NA,NA,NA,NA,NA,NA,NA,NA,NA,NA,NA,NA,NA,NA,"Modern , 2000s"
"649","ssp245","SO_STSS","SO","STSS","2000s","1",15878,14.0046315013206,1859.39156608781,160.710120494207,2034.10631808334,360.789912664531,8.07906764898787,14.2213880866516,2.03538843772681,53.1655691795824,27.6729843530526,52.431196652976,23.491060282731,0.0308847056424347,3.55300383469333,9.80497197738269,1674.99193631097,101.830208658675,1849.36930775798,253.988541666667,7.86984252929688,6.87254476547241,23.0335912126861,2028.18096766784,235.232874110915,2167.95093493072,634.852440185547,8.20242989857992,24.9539546966553,0.0161528590830929,0.421922386465617,0.219613027360376,0.416094400162415,0.186425244157903,0.000245101273456291,0.0281966671322877,NA,NA,NA,NA,NA,NA,NA,NA,NA,NA,NA,NA,NA,NA,NA,NA,NA,NA,NA,NA,NA,NA,NA,NA,NA,NA,NA,NA,NA,NA,NA,NA,NA,NA,NA,"Modern , 2000s"
"650","ssp245","SO_STSS","SO","STSS","2000s","2",15878,13.948685368451,1857.115236863,162.374666655589,2033.43858888704,366.100327260426,8.07384304388398,14.8448193863893,2.00592497866883,53.8898353423159,27.9054762256647,52.2649669862371,21.5434778978786,0.0277058653862051,3.71216379559733,9.79018154837919,1617.6095467799,105.49550684373,1777.1722992881,276.233563741048,7.87976474761963,7.0703706741333,23.0017831481123,2029.6934642518,236.533993418724,2169.38964692014,629.615814208984,8.17131242752075,25.2910671234131,0.0159190368340113,0.427670168583488,0.22145808473943,0.414775200184419,0.170969214619694,0.000219873971505078,0.029459761867671,NA,NA,NA,NA,NA,NA,NA,NA,NA,NA,NA,NA,NA,NA,NA,NA,NA,NA,NA,NA,NA,NA,NA,NA,NA,NA,NA,NA,NA,NA,NA,NA,NA,NA,NA,"Modern , 2000s"
"651","ssp245","SO_STSS","SO","STSS","2000s","3",15878,13.9997778365498,1858.58258197744,161.64926577325,2034.23162558724,365.489704655174,8.07426865198152,14.6843333525966,2.02094136318675,54.9423461753407,27.8946312888192,52.734840586106,19.3195671893532,0.0254700209761835,3.71488153724192,9.76580520793606,1564.78729759872,105.058940759357,1718.99841083632,291.865224202474,7.89277429580688,6.76142406463623,22.5379786246021,2019.47047292021,236.678482992724,2162.28965656657,605.390753173828,8.15131413141886,25.2383213043213,0.0160382069828435,0.436022903056258,0.221372019233022,0.418504120868484,0.153320241272714,0.000202130292206628,0.0294813298873157,NA,NA,NA,NA,NA,NA,NA,NA,NA,NA,NA,NA,NA,NA,NA,NA,NA,NA,NA,NA,NA,NA,NA,NA,NA,NA,NA,NA,NA,NA,NA,NA,NA,NA,NA,"Modern , 2000s"
"652","ssp245","SO_STSS","SO","STSS","2000s","4",15878,14.2281879309603,1864.65981908669,158.067222326988,2036.95522934464,361.832542250658,8.07741730078001,13.8354110220528,2.05755218773608,56.9366761753116,27.2693083540946,54.4966789743652,17.4795545115911,0.0241530404055828,3.59770414397761,9.70688777299817,1415.26350843574,94.4970393906065,1533.56915094023,303.448873901367,7.89927153587341,6.00066804885864,23.0694369555598,2016.49417693458,234.282023983194,2159.37468975672,567.73371887207,8.140433177948,24.2774925231934,0.016328750782199,0.451849922045661,0.216409451371865,0.432486084549342,0.138717885798891,0.000191678723760143,0.0285514091478442,NA,NA,NA,NA,NA,NA,NA,NA,NA,NA,NA,NA,NA,NA,NA,NA,NA,NA,NA,NA,NA,NA,NA,NA,NA,NA,NA,NA,NA,NA,NA,NA,NA,NA,NA,"Modern , 2000s"
"653","ssp245","SO_STSS","SO","STSS","2000s","5",15878,14.5893141197184,1873.65811511848,152.996349165814,2041.24377840402,358.727153161156,8.07990255507207,12.739855901199,2.06428817461063,58.5152765385565,25.8409738179336,56.4459355781099,16.4494041924185,0.0232645407890695,3.41563436308983,9.86516616825211,1458.57055525971,80.6424328657711,1568.53962589227,287.995669555664,7.89655960083008,4.86224937438965,22.7167798306002,1998.53766549582,228.748747447826,2138.06869375278,589.426553955078,8.14992528915405,23.0450553894043,0.0163822076284468,0.464377707279861,0.205074176955208,0.447955400702205,0.130542604544674,0.000184627583626445,0.0271065018960105,NA,NA,NA,NA,NA,NA,NA,NA,NA,NA,NA,NA,NA,NA,NA,NA,NA,NA,NA,NA,NA,NA,NA,NA,NA,NA,NA,NA,NA,NA,NA,NA,NA,NA,NA,"Modern , 2000s"
"654","ssp245","SO_STSS","SO","STSS","2000s","6",15878,14.9835216827948,1882.70123368976,148.015798421592,2045.70055379415,357.230219595424,8.08077263355212,11.7392961003599,2.05091628266197,59.8302385127758,24.1167177355432,58.4361310990447,17.1149398229858,0.0226637446266944,3.23295832406534,9.95250499819414,1545.65790194032,69.5466356252514,1652.18758020454,269.942985229492,7.79243708610535,3.95436549186707,29.0313886461372,2032.66932331701,221.500178298296,2155.32053970841,768.212252197266,8.17458463668823,21.776460647583,0.0162760881859278,0.474813256129156,0.191390466757305,0.463749608432581,0.135824300684865,0.000179859660428775,0.0256567833747067,NA,NA,NA,NA,NA,NA,NA,NA,NA,NA,NA,NA,NA,NA,NA,NA,NA,NA,NA,NA,NA,NA,NA,NA,NA,NA,NA,NA,NA,NA,NA,NA,NA,NA,NA,"Modern , 2000s"
"655","ssp245","SO_STSS","SO","STSS","2000s","7",15878,15.338632537533,1890.1909165503,144.013482041337,2049.54303112917,357.501731281528,8.07993478794887,11.0060262549459,2.03011577091933,60.7314125511433,22.5945229016407,59.9721644055406,18.521761313162,0.0222858680481457,3.09291685754337,9.94395538488214,1484.50818186344,62.5514286624838,1564.54109586782,263.636652526855,7.73651165962219,3.23260188102722,33.6006716501279,2046.68751802061,216.820729293983,2160.77977805705,872.784611816406,8.18612060546875,20.9864330291748,0.0161110151567176,0.48196498057707,0.179310316259595,0.475939581160575,0.14698884739481,0.000176860828849031,0.024545413165173,NA,NA,NA,NA,NA,NA,NA,NA,NA,NA,NA,NA,NA,NA,NA,NA,NA,NA,NA,NA,NA,NA,NA,NA,NA,NA,NA,NA,NA,NA,NA,NA,NA,NA,NA,"Modern , 2000s"
"656","ssp245","SO_STSS","SO","STSS","2000s","8",15878,15.5985521723521,1895.47722083143,141.404688302203,2052.48046130599,358.75335630786,8.07828891572256,10.5745701664781,1.99701668453726,60.431409769656,21.6532049447547,60.2695981954661,18.9401643532512,0.0222269297174859,3.00935497242562,9.97900339240746,1462.33411127257,63.1805649382041,1542.2305625784,272.835676574707,7.72168278694153,2.86370778083801,35.0896197953469,2053.27662800869,215.925174338307,2165.77959187585,905.134934082031,8.17742677688599,20.796573638916,0.0158483405398244,0.479584156079849,0.171840009350047,0.47830001812001,0.150309297300699,0.000176393093780828,0.0238822653698892,NA,NA,NA,NA,NA,NA,NA,NA,NA,NA,NA,NA,NA,NA,NA,NA,NA,NA,NA,NA,NA,NA,NA,NA,NA,NA,NA,NA,NA,NA,NA,NA,NA,NA,NA,"Modern , 2000s"
"657","ssp245","SO_STSS","SO","STSS","2000s","9",15878,15.6354698075219,1896.35141920927,141.05135784889,2053.03824686568,358.678519328362,8.07829765898517,10.489067011612,1.97550800553219,59.2033667871229,21.7403573235707,59.609183386049,18.5112849461103,0.0231267239112493,2.99022642305098,10.0216310222976,1545.24095086337,71.7143604327691,1634.1356292944,285.469139404297,7.73599875450134,2.88062787055969,34.0128928831721,2058.32069799784,217.036499817707,2172.58343499436,877.671049804688,8.16575433731079,21.1136589050293,0.0156776474894991,0.469838397050682,0.172531651332323,0.473058960857831,0.146905706861262,0.000183533867770818,0.0237304610475371,NA,NA,NA,NA,NA,NA,NA,NA,NA,NA,NA,NA,NA,NA,NA,NA,NA,NA,NA,NA,NA,NA,NA,NA,NA,NA,NA,NA,NA,NA,NA,NA,NA,NA,NA,"Modern , 2000s"
"658","ssp245","SO_STSS","SO","STSS","2000s","10",15878,15.3059258645208,1890.21708224172,144.263539152272,2049.78654725851,355.078685189347,8.08257060763948,10.851639493899,2.03613652555636,57.4032144130643,23.4340500290066,57.9465050785334,19.8759384414325,0.0274644035372027,3.0492146292557,9.95598494412393,1618.27726779768,83.8684862094464,1719.14449519469,263.75837504069,7.79691593170166,3.25667500495911,28.7225691454677,2038.00802442001,223.327198175317,2161.35823303381,754.350084228515,8.19665298461914,21.8873538970947,0.0161587959141511,0.455552373269031,0.185972810323834,0.459863932378742,0.157735608023425,0.000217957728320935,0.0241985919284677,NA,NA,NA,NA,NA,NA,NA,NA,NA,NA,NA,NA,NA,NA,NA,NA,NA,NA,NA,NA,NA,NA,NA,NA,NA,NA,NA,NA,NA,NA,NA,NA,NA,NA,NA,"Modern , 2000s"
"659","ssp245","SO_STSS","SO","STSS","2000s","11",15878,14.7222304172037,1878.08063385128,150.423471540799,2043.22633580929,350.904112662913,8.08797921010226,11.7176314650587,2.11837727398694,55.0206152534957,25.8528694308776,55.2995903081139,23.4752212742826,0.0332211747902983,3.15770134272586,10.0276466903626,1632.18194157672,94.2443175034731,1746.88067746708,238.203764851888,7.83460331916809,4.30171537399292,25.2136357298063,2013.70948604704,227.678734761162,2156.60629053159,688.435556640625,8.22136907577515,22.9578590393066,0.0168114591580137,0.436644047092731,0.205168580635621,0.438857995379663,0.186299545658914,0.000263643511487074,0.025059543362892,NA,NA,NA,NA,NA,NA,NA,NA,NA,NA,NA,NA,NA,NA,NA,NA,NA,NA,NA,NA,NA,NA,NA,NA,NA,NA,NA,NA,NA,NA,NA,NA,NA,NA,NA,"Modern , 2000s"
"660","ssp245","SO_STSS","SO","STSS","2000s","12",15878,14.2579011029262,1866.69020524779,156.460178804649,2037.40828515536,353.775789689744,8.08587496155418,13.0002827189953,2.1209465100318,53.3095956396114,27.3032440512025,53.2535335660958,25.5287186166348,0.0348327293518285,3.3264184994232,9.93130398808245,1669.30433483834,97.5371952719391,1797.98448667204,246.951473999023,7.8580252456665,5.72964715957642,23.8136803200696,2040.13563451965,230.976774174514,2176.44595518566,654.117452392578,8.21089302698771,24.1158695220947,0.0168318486360192,0.423065381615812,0.216678765338237,0.422620472547539,0.202596117155392,0.00027643282150506,0.0263984840812916,NA,NA,NA,NA,NA,NA,NA,NA,NA,NA,NA,NA,NA,NA,NA,NA,NA,NA,NA,NA,NA,NA,NA,NA,NA,NA,NA,NA,NA,NA,NA,NA,NA,NA,NA,"Modern , 2000s"
"661","ssp245","SP_STPS","SP","STPS","2000s","1",23951,11.7065097703198,1798.79515935503,210.68107849782,2021.18274762317,392.558133464729,8.05264559819733,23.5263813059695,1.80019496846992,65.8391096636551,35.6625155326375,57.6571286706353,21.8488832728721,0.0212424245175765,5.17337220890984,9.03128679867355,1594.64918076811,110.863560315888,1826.67002893924,333.587808227539,7.9195641708374,8.11362648010254,17.9815689801093,1950.66454906999,268.978260698875,2125.88738837409,564.76234375,8.11713190078735,30.8251686096191,0.0116320890460176,0.425424134458661,0.230435904747145,0.372555676791255,0.141178128056933,0.000137259451264756,0.0334281159853366,NA,NA,NA,NA,NA,NA,NA,NA,NA,NA,NA,NA,NA,NA,NA,NA,NA,NA,NA,NA,NA,NA,NA,NA,NA,NA,NA,NA,NA,NA,NA,NA,NA,NA,NA,"Modern , 2000s"
"662","ssp245","SP_STPS","SP","STPS","2000s","2",23951,11.6448982918451,1794.95347140937,212.833672721223,2019.43204242244,396.940794361142,8.04850158935221,24.1503294209764,1.76497037700832,66.4822212034455,35.1893701577847,58.1727266049423,21.3519682426948,0.0202398827987456,5.12454577614874,9.01742586212573,1590.10718381101,112.044073547336,1821.67994435798,339.685700480143,7.92203253746033,8.40348625183105,17.840314321091,1944.96306226498,269.090226695674,2126.94830428423,560.42055480957,8.1135853767395,30.9795341491699,0.0114044828190992,0.429579645849586,0.227378641934841,0.375887249864642,0.137967275910045,0.000130781455964225,0.0331126204842247,NA,NA,NA,NA,NA,NA,NA,NA,NA,NA,NA,NA,NA,NA,NA,NA,NA,NA,NA,NA,NA,NA,NA,NA,NA,NA,NA,NA,NA,NA,NA,NA,NA,NA,NA,"Modern , 2000s"
"663","ssp245","SP_STPS","SP","STPS","2000s","3",23951,11.5500323288237,1791.85814844155,213.795826436539,2017.20400720691,393.335178964311,8.05163656244256,24.1389139978649,1.76843049916512,67.8912922229421,35.47340151578,59.0703594447409,20.6850918051205,0.0196733059893306,5.28107432405015,8.98806687005839,1573.96894641285,112.186177945998,1796.87554908904,336.239909871419,7.92705388069153,8.27962970733643,17.9604523043616,1948.03476856721,269.193909826506,2126.8877499252,552.171939086914,8.11489028930664,30.8823852539062,0.0114268406468583,0.438684459415907,0.229213930948492,0.381687368910659,0.133658205925727,0.000127120479228952,0.034124040935522,NA,NA,NA,NA,NA,NA,NA,NA,NA,NA,NA,NA,NA,NA,NA,NA,NA,NA,NA,NA,NA,NA,NA,NA,NA,NA,NA,NA,NA,NA,NA,NA,NA,NA,NA,"Modern , 2000s"
"664","ssp245","SP_STPS","SP","STPS","2000s","4",23951,11.4635113632302,1790.92982719854,213.181602357032,2015.5749409188,383.630575637644,8.0606424496796,23.5059816404967,1.81961647630718,69.2480086791755,36.2467506028047,59.5078174504534,21.3691943603022,0.0208238620383669,5.51286140650126,8.97337654194719,1567.41676930246,111.28586243474,1788.8431849528,327.492738850911,7.93326494216919,7.7793984413147,18.1011251194384,1955.97179358791,269.461595573804,2126.61767137407,541.171646728516,8.12205670674642,31.0045127868652,0.0117575825134074,0.447450980212551,0.234210981602163,0.384514035224845,0.138078583705832,0.000134554879751802,0.0356217498115109,NA,NA,NA,NA,NA,NA,NA,NA,NA,NA,NA,NA,NA,NA,NA,NA,NA,NA,NA,NA,NA,NA,NA,NA,NA,NA,NA,NA,NA,NA,NA,NA,NA,NA,NA,"Modern , 2000s"
"665","ssp245","SP_STPS","SP","STPS","2000s","5",23951,11.4377312517255,1792.87713813385,211.03710180348,2015.35197118905,372.317171284817,8.07158957427333,22.4943124646523,1.90918773021401,70.3029116081559,37.2013654751536,59.6741017324462,23.5208244908805,0.0235452917832864,5.71821763014791,8.96832422953761,1586.3245720485,109.903983604026,1812.69555212115,319.680645751953,7.93469414710998,7.15322780609131,18.6682994879101,1965.16473565146,268.850130326854,2126.49083380998,535.901047363281,8.13182401657104,31.0991096496582,0.0123363536019041,0.454267311232092,0.240379294142917,0.385588493052453,0.151981496285492,0.000152139593452169,0.0369486737955514,NA,NA,NA,NA,NA,NA,NA,NA,NA,NA,NA,NA,NA,NA,NA,NA,NA,NA,NA,NA,NA,NA,NA,NA,NA,NA,NA,NA,NA,NA,NA,NA,NA,NA,NA,"Modern , 2000s"
"666","ssp245","SP_STPS","SP","STPS","2000s","6",23951,11.487702911142,1797.26502504398,207.92790304913,2016.68063100425,362.836903486795,8.08110622545425,21.4027725170933,2.01189306864682,71.1105843960239,37.9912871868494,59.8982264315883,25.6706470604764,0.02613817743343,5.83455545473898,9.01222895091676,1592.1100183774,108.532455690845,1822.05034478244,312.481713256836,7.91599129676819,6.52130222320557,20.3957480103833,1975.49432055682,267.591426655642,2134.15026295688,557.123898925781,8.14037809371948,30.8830051422119,0.0129999915206164,0.459486146943266,0.245483430000845,0.387036690888518,0.165872729180078,0.000168893710254443,0.0377003990024125,NA,NA,NA,NA,NA,NA,NA,NA,NA,NA,NA,NA,NA,NA,NA,NA,NA,NA,NA,NA,NA,NA,NA,NA,NA,NA,NA,NA,NA,NA,NA,NA,NA,NA,NA,"Modern , 2000s"
"667","ssp245","SP_STPS","SP","STPS","2000s","7",23951,11.598179088933,1802.57181578914,204.610116166817,2018.78011104489,357.115521587671,8.0869914499663,20.4954049336775,2.10876552063905,71.8095927407688,38.5650267961175,60.2944741655526,27.5028928028756,0.028123803786387,5.88444465569954,9.03805056162746,1598.30131187974,107.300445848374,1827.48474141601,309.484506225586,7.87572175979614,6.0547456741333,23.3245211803935,1983.96926311121,265.773824306026,2139.56416632483,617.371685791016,8.14821500778198,30.5768184661865,0.0136259398247812,0.464002839552897,0.24919068968167,0.389597074072831,0.177711916603143,0.000181723977505632,0.0380227616565538,NA,NA,NA,NA,NA,NA,NA,NA,NA,NA,NA,NA,NA,NA,NA,NA,NA,NA,NA,NA,NA,NA,NA,NA,NA,NA,NA,NA,NA,NA,NA,NA,NA,NA,NA,"Modern , 2000s"
"668","ssp245","SP_STPS","SP","STPS","2000s","8",23951,11.7151578838866,1806.92323684742,202.108978079501,2020.74737281081,355.109717428375,8.08911817853085,19.9451631310981,2.18001496217785,72.044150673511,38.9675154950837,60.4451622091327,29.0951573159386,0.0297264137163109,5.9202617752549,9.02488113266834,1603.42618438429,98.5868838565286,1832.10811602696,306.013478393555,7.83113615989685,5.73885107040405,26.5823645146959,2007.4413952321,265.109995364014,2143.81771786339,691.62533996582,8.15180702209473,30.2367248535156,0.0140863232071227,0.465518452476993,0.251791399309456,0.390570755686098,0.188000448081767,0.000192079356638122,0.0382541965462947,NA,NA,NA,NA,NA,NA,NA,NA,NA,NA,NA,NA,NA,NA,NA,NA,NA,NA,NA,NA,NA,NA,NA,NA,NA,NA,NA,NA,NA,NA,NA,NA,NA,NA,NA,"Modern , 2000s"
"669","ssp245","SP_STPS","SP","STPS","2000s","9",23951,11.7727007183505,1808.67603686499,201.256646866168,2021.70538444951,355.855468261739,8.08841096873719,19.8395117039707,2.18640346524827,71.3501933194089,39.0507295177277,60.0820362186883,30.0171532041586,0.0306867155934503,5.95252623477583,9.03043844720671,1609.9670943187,97.7754616051847,1837.92141050852,306.036350708008,7.82770372390747,5.67168807983398,26.7948857982594,2011.47587719264,264.92352201299,2143.59207231084,696.872084960938,8.14530239105224,29.8749122619629,0.0141276029784183,0.461034397206072,0.252329092691687,0.38822439102574,0.19395799071447,0.000198284416168667,0.0384626756681356,NA,NA,NA,NA,NA,NA,NA,NA,NA,NA,NA,NA,NA,NA,NA,NA,NA,NA,NA,NA,NA,NA,NA,NA,NA,NA,NA,NA,NA,NA,NA,NA,NA,NA,NA,"Modern , 2000s"
"670","ssp245","SP_STPS","SP","STPS","2000s","10",23951,11.7628248717476,1807.73609436099,202.26918431016,2021.7681035429,359.924052799099,8.08428923347303,20.2473213420493,2.10835023665739,69.6815172629629,38.6773912818148,59.4247160654673,29.350833581412,0.0299427327205688,5.92867641881885,9.06709141025325,1613.72195851761,105.372691344205,1842.74183771411,308.843313598633,7.8587802696228,5.97217559814453,24.3266548416269,1997.13474189908,265.970766539119,2139.26261979322,644.8634375,8.14417772293091,30.2608737945557,0.0136232564375156,0.450252127053391,0.249916740873977,0.383977069658928,0.189652518629141,0.000193477117416229,0.0383085683698697,NA,NA,NA,NA,NA,NA,NA,NA,NA,NA,NA,NA,NA,NA,NA,NA,NA,NA,NA,NA,NA,NA,NA,NA,NA,NA,NA,NA,NA,NA,NA,NA,NA,NA,NA,"Modern , 2000s"
"671","ssp245","SP_STPS","SP","STPS","2000s","11",23951,11.7585512129993,1805.85730392143,204.429127072382,2022.04498220681,369.388060480108,8.07478935717885,21.1639277194594,1.99435062572805,67.5728128989548,37.8909326565366,58.441126943099,26.3385041337482,0.0268159472683259,5.73361967448302,9.0948933481746,1613.22214736395,106.294652563269,1844.02753040962,311.130870564779,7.89624231338501,6.61008167266846,21.3198635327325,1972.77233698475,266.932492147823,2129.54704894915,588.416376953125,8.1421872138977,30.6085567474365,0.0128866397661177,0.436626582396573,0.244834981997592,0.377621537921271,0.170188135612368,0.000173273168707721,0.0370481952109174,NA,NA,NA,NA,NA,NA,NA,NA,NA,NA,NA,NA,NA,NA,NA,NA,NA,NA,NA,NA,NA,NA,NA,NA,NA,NA,NA,NA,NA,NA,NA,NA,NA,NA,NA,"Modern , 2000s"
"672","ssp245","SP_STPS","SP","STPS","2000s","12",23951,11.7622127644981,1803.29416806453,207.310980595553,2022.36736142458,382.456031231405,8.06212252526807,22.395067499062,1.879289253862,66.0393716322131,36.708847930105,57.6847107530921,22.8562974650043,0.023029082664778,5.41583571858258,9.11011914516902,1607.59839572213,108.491286964145,1840.00598630891,322.813689168294,7.91659623146057,7.40830373764038,19.1313752661814,1961.21726476617,267.663086487182,2125.0981137095,574.722872924805,8.12866398493449,30.8459224700928,0.012143162450191,0.426718141547669,0.237196856661937,0.372733900397492,0.147687607193553,0.00014880407116818,0.0349948113624048,NA,NA,NA,NA,NA,NA,NA,NA,NA,NA,NA,NA,NA,NA,NA,NA,NA,NA,NA,NA,NA,NA,NA,NA,NA,NA,NA,NA,NA,NA,NA,NA,NA,NA,NA,"Modern , 2000s"
