"","FINAL_TREAT","TIME_TREAT","Study_DOI","CO2_mean","HCO3_mean","CO3_mean","Temp_mean","DIC_mean","pHT_mean","Temp_sd","CO2_sd","CO3_sd","HCO3_sd","DIC_sd","pHT_sd"
"1","+Fe Acidified-1, Temp2","No Comment","10.1594/PANGAEA.957342",19.59,1921.32,148.89,24.2,2089.8,7.86799087585853,NA,NA,NA,NA,NA,NA
"2","+Fe Acidified-1, Temp3","No Comment","10.1594/PANGAEA.957342",19.59,1921.32,148.89,28,2089.8,7.80772017740098,NA,NA,NA,NA,NA,NA
"3","+Fe Acidified-2, Temp2","No Comment","10.1594/PANGAEA.957342",20.94,1929.66,140.5,24.2,2091.1,7.84092057932176,NA,NA,NA,NA,NA,NA
"4","+Fe Acidified-2, Temp3","No Comment","10.1594/PANGAEA.957342",20.94,1929.66,140.5,28,2091.1,7.78064988086421,NA,NA,NA,NA,NA,NA
"5","+Fe Acidified-3, Temp2","No Comment","10.1594/PANGAEA.957342",21.08,1929.02,139.5,24.2,2089.6,7.83796252670749,NA,NA,NA,NA,NA,NA
"6","+Fe Acidified-3, Temp3","No Comment","10.1594/PANGAEA.957342",21.08,1929.02,139.5,28,2089.6,7.77769182824994,NA,NA,NA,NA,NA,NA
"7","+Fe Ambient-1, Temp2","No Comment","10.1594/PANGAEA.957342",11.41,1730.05,207.34,23,1948.8,8.07659600847121,NA,NA,NA,NA,NA,NA
"8","+Fe Ambient-1, Temp3","No Comment","10.1594/PANGAEA.957342",11.41,1730.05,207.34,28,1948.8,7.99707879044327,NA,NA,NA,NA,NA,NA
"9","+Fe Ambient-2, Temp2","No Comment","10.1594/PANGAEA.957342",11.25,1727.65,209.71,23.1,1948.61,8.0805270970209,NA,NA,NA,NA,NA,NA
"10","+Fe Ambient-2, Temp3","No Comment","10.1594/PANGAEA.957342",11.25,1727.65,209.71,28,1948.61,8.00261772680775,NA,NA,NA,NA,NA,NA
"11","+Fe Ambient-3, Temp2","No Comment","10.1594/PANGAEA.957342",11.42,1725.86,206.12,23.1,1943.4,8.07347829177373,NA,NA,NA,NA,NA,NA
"12","+Fe Ambient-3, Temp3","No Comment","10.1594/PANGAEA.957342",11.42,1725.86,206.12,28,1943.4,7.99556892156058,NA,NA,NA,NA,NA,NA
"13","+Fe+P Acidified-1, Temp2","No Comment","10.1594/PANGAEA.957342",19.09,1910.27,151.04,24.3,2080.4,7.87512307194175,NA,NA,NA,NA,NA,NA
"14","+Fe+P Acidified-1, Temp3","No Comment","10.1594/PANGAEA.957342",19.09,1910.27,151.04,28,2080.4,7.81645157268631,NA,NA,NA,NA,NA,NA
"15","+Fe+P Acidified-2, Temp2","No Comment","10.1594/PANGAEA.957342",20.57,1921.14,141.79,24.3,2083.5,7.84521243829235,NA,NA,NA,NA,NA,NA
"16","+Fe+P Acidified-2, Temp3","No Comment","10.1594/PANGAEA.957342",20.57,1921.14,141.79,28,2083.5,7.78654093903692,NA,NA,NA,NA,NA,NA
"17","+Fe+P Acidified-3, Temp2","No Comment","10.1594/PANGAEA.957342",20.21,1915.17,143.42,24.3,2078.8,7.85152823832538,NA,NA,NA,NA,NA,NA
"18","+Fe+P Acidified-3, Temp3","No Comment","10.1594/PANGAEA.957342",20.21,1915.17,143.42,28,2078.8,7.79285673906994,NA,NA,NA,NA,NA,NA
"19","+Fe+P Ambient-1, Temp2","No Comment","10.1594/PANGAEA.957342",11.59,1722.99,202.43,23.2,1937.01,8.06474871575782,NA,NA,NA,NA,NA,NA
"20","+Fe+P Ambient-1, Temp3","No Comment","10.1594/PANGAEA.957342",11.59,1722.99,202.43,28,1937.01,7.98844646929508,NA,NA,NA,NA,NA,NA
"21","+Fe+P Ambient-2, Temp2","No Comment","10.1594/PANGAEA.957342",11.75,1723.97,199.88,23.2,1935.6,8.05899623419379,NA,NA,NA,NA,NA,NA
"22","+Fe+P Ambient-2, Temp3","No Comment","10.1594/PANGAEA.957342",11.75,1723.97,199.88,28,1935.6,7.98269398773105,NA,NA,NA,NA,NA,NA
"23","+Fe+P Ambient-3, Temp2","No Comment","10.1594/PANGAEA.957342",12,1726.9,196.3,23.3,1935.2,8.04880330731666,NA,NA,NA,NA,NA,NA
"24","+Fe+P Ambient-3, Temp3","No Comment","10.1594/PANGAEA.957342",12,1726.9,196.3,28,1935.2,7.97410746115088,NA,NA,NA,NA,NA,NA
"25","+P Acidified-1, Temp2","No Comment","10.1594/PANGAEA.957342",21.73,1928.79,135.29,24,2085.81,7.82790635172086,NA,NA,NA,NA,NA,NA
"26","+P Acidified-1, Temp3","No Comment","10.1594/PANGAEA.957342",21.73,1928.79,135.29,28,2085.81,7.7644351021018,NA,NA,NA,NA,NA,NA
"27","+P Acidified-2, Temp2","No Comment","10.1594/PANGAEA.957342",21.25,1919.56,136.99,24,2077.8,7.83541277486715,NA,NA,NA,NA,NA,NA
"28","+P Acidified-2, Temp3","No Comment","10.1594/PANGAEA.957342",21.25,1919.56,136.99,28,2077.8,7.77194152524809,NA,NA,NA,NA,NA,NA
"29","+P Acidified-3, Temp2","No Comment","10.1594/PANGAEA.957342",21.73,1931.25,135.62,24.1,2088.6,7.82681020937119,NA,NA,NA,NA,NA,NA
"30","+P Acidified-3, Temp3","No Comment","10.1594/PANGAEA.957342",21.73,1931.25,135.62,28,2088.6,7.76493959432695,NA,NA,NA,NA,NA,NA
"31","+P Ambient-1, Temp2","No Comment","10.1594/PANGAEA.957342",11.5,1728.02,205.08,23.1,1944.6,8.07073826536609,NA,NA,NA,NA,NA,NA
"32","+P Ambient-1, Temp3","No Comment","10.1594/PANGAEA.957342",11.5,1728.02,205.08,28,1944.6,7.99282889515294,NA,NA,NA,NA,NA,NA
"33","+P Ambient-2, Temp2","No Comment","10.1594/PANGAEA.957342",11.79,1731.05,200.86,23.1,1943.7,8.06094756731789,NA,NA,NA,NA,NA,NA
"34","+P Ambient-2, Temp3","No Comment","10.1594/PANGAEA.957342",11.79,1731.05,200.86,28,1943.7,7.98303819710474,NA,NA,NA,NA,NA,NA
"35","+P Ambient-3, Temp2","No Comment","10.1594/PANGAEA.957342",11.28,1716.13,206.29,23.1,1933.7,8.07629171376859,NA,NA,NA,NA,NA,NA
"36","+P Ambient-3, Temp3","No Comment","10.1594/PANGAEA.957342",11.28,1716.13,206.29,28,1933.7,7.99838234355544,NA,NA,NA,NA,NA,NA
"37","0.6-1400","No Comment","10.1594/PANGAEA.944854",81.0574074074074,2388.3462962963,37.782962962963,2,2507.18666666667,7.55188281201599,0,0.00525693138963618,0.00465321626967983,0.00926039879026627,0.00960768922829649,5.18367172347969e-05
"38","0.6-400","No Comment","10.1594/PANGAEA.944854",24.3346875,2216.7640625,108.410625,2,2349.509375,8.04203647399185,0,0.00502967385101926,0.010059347702035,0.0150890215531561,0.0100593477022565,4.32542652126807e-05
"39","0.6-900","No Comment","10.1594/PANGAEA.944854",53.3714035087719,2325.60210526316,54.4082456140351,2,2433.38175438596,7.72181339506717,0,0.014446773798429,0.0145311005159806,0.0148488626433397,0.0145311005156364,0.000118747914251662
"40","0.66","No Comment","10.1594/PANGAEA.834251",0.66,727.7,606.64,25,1335,8.88693016017267,NA,NA,NA,NA,NA,NA
"41","0.66","No Comment","10.1594/PANGAEA.835214",0.66,727.92,606.51,25,1335.09,8.88670580590438,NA,NA,NA,NA,NA,NA
"42","0.68","No Comment","10.1594/PANGAEA.835214",0.68,806.09,614.03,15,1420.8,9.01080692563901,NA,NA,NA,NA,NA,NA
"43","0.73","No Comment","10.1594/PANGAEA.835214",0.73,804.25,615.81,20,1420.79,8.93060242192026,NA,NA,NA,NA,NA,NA
"44","0.74","No Comment","10.1594/PANGAEA.834251",0.74,804.43,615.84,20,1421.01,8.93052638962752,NA,NA,NA,NA,NA,NA
"45","0.8","No Comment","10.1594/PANGAEA.861380",0.8,926.4,688.3,15,1615.5,8.99998009210535,0,0,0,0,0,0
"46","0.8","No Comment","10.1594/PANGAEA.920269",0.8,926.4,688.3,15,1615.5,8.99998009210535,0,0,0,0,0,0
"47","0.82","No Comment","10.1594/PANGAEA.835214",0.82,866.25,588.92,15,1455.99,8.96141392472996,NA,NA,NA,NA,NA,NA
"48","1","No Comment","10.1594/PANGAEA.727288",5.79,1591.33714285714,444.972857142857,20,2042.1,8.43469913729174,0,4.30572874203659,262.257150631099,239.025249622593,28.2515675081343,0.321343216083705
"49","1","No Comment","10.1594/PANGAEA.837755",44.098125,2088.91703125,103.3359375,20.4879649890591,2236.35109375,7.66676501048614,5.50119072595444,24.9760944673356,63.1848676307851,170.142470502883,130.75304572151,0.295126212728716
"50","1","No Comment","10.1594/PANGAEA.959616",12.7,1901.14,199.16,20,2113,8.06673477256268,NA,NA,NA,NA,NA,NA
"51","1, Temp2","No Comment","10.1594/PANGAEA.837755",44.098125,2088.91703125,103.3359375,20.9230769230769,2236.35109375,7.65558049632544,5.52637904822094,24.9760944673356,63.1848676307851,170.142470502883,130.75304572151,0.281528673429428
"52","1.01","No Comment","10.1594/PANGAEA.924611",1.01,891.26,549.8,20,1442.07,8.83674707426498,NA,NA,NA,NA,NA,NA
"53","1.04","No Comment","10.1594/PANGAEA.924611",1.04,912.58,561.19,20,1474.81,8.8353857314789,NA,NA,NA,NA,NA,NA
"54","1.2-1400","No Comment","10.1594/PANGAEA.944854",81.06,2388.35,37.7833333333333,2,2507.19333333333,7.55188639551339,0,0.00830454798537235,0.00479463301485289,0.00830454798536644,0.00958926602969896,5.3806235755254e-05
"55","1.2-400","No Comment","10.1594/PANGAEA.944854",24.3355357142857,2216.76660714286,108.408928571429,2,2349.51107142857,8.04202917950581,0,0.00501620749793562,0.0100324149958677,0.0150486224939049,0.0100324149960887,4.31384570658743e-05
"56","1.2-900","No Comment","10.1594/PANGAEA.944854",53.373,2325.608,54.4045,2,2433.3855,7.72178239759256,0,0.0131870506590656,0.0133308613527708,0.0148209654525413,0.0133308613524549,0.00010906657300748
"57","1.42","No Comment","10.1594/PANGAEA.887739",1.42,1068.13,554.22,20,1623.77,8.76160483543,NA,NA,NA,NA,NA,NA
"58","1.44","No Comment","10.1594/PANGAEA.887739",1.44,1070.815,551.115,20,1623.37,8.75807114928579,0,0,4.12243253431752,5.32451406233468,9.4469465966522,0.001089133614708
"59","1.46","No Comment","10.1594/PANGAEA.887739",1.46,1075.19,545.9,20,1622.55,8.75217463227166,NA,NA,NA,NA,NA,NA
"60","1.5","No Comment","10.1594/PANGAEA.834251",1.5,1036.42,545.08,25,1583,8.68687595430213,NA,NA,NA,NA,NA,NA
"61","1.5","No Comment","10.1594/PANGAEA.835214",1.5,1036.36,545.24,25,1583.1,8.68702855890563,NA,NA,NA,NA,NA,NA
"62","1.64","No Comment","10.1594/PANGAEA.924611",1.64,1080.38,499.03,20,1581.05,8.71109687325853,NA,NA,NA,NA,NA,NA
"63","1.68","No Comment","10.1594/PANGAEA.924611",1.68,1102.75,507.09,20,1611.52,8.70915473419556,NA,NA,NA,NA,NA,NA
"64","1.7","No Comment","10.1594/PANGAEA.861380",1.7,1216.6,570.4,15,1788.7,8.80003257365188,0,0,0,0,0,0
"65","1.7","No Comment","10.1594/PANGAEA.920269",1.7,1216.6,570.4,15,1788.7,8.80003257365188,0,0,0,0,0,0
"66","1.71","No Comment","10.1594/PANGAEA.835214",1.71,1128.03,482.26,15,1612,8.75996146086665,NA,NA,NA,NA,NA,NA
"67","1.74","No Comment","10.1594/PANGAEA.924611",1.74,1104.05,489.36,20,1595.15,8.69318647986729,NA,NA,NA,NA,NA,NA
"68","1.75","No Comment","10.1594/PANGAEA.834251",1.75,1097.01,482.24,20,1581,8.68959939860862,NA,NA,NA,NA,NA,NA
"69","1.75","No Comment","10.1594/PANGAEA.835214",1.75,1096.81,482.14,20,1580.7,8.68958851659367,NA,NA,NA,NA,NA,NA
"70","1.97","No Comment","10.1594/PANGAEA.849402",1.97,1131.86,454.2,20,1588.03,8.65000117214427,NA,NA,NA,NA,NA,NA
"72","10.05","No Comment","10.1594/PANGAEA.869122",10.05,2015.83,204.75,-1.8,2230.63,8.41986067628271,NA,NA,NA,NA,NA,NA
"73","10.09","No Comment","10.1594/PANGAEA.892370",10.09,1791.25,176.41,6,1977.75,8.27573439035961,NA,NA,NA,NA,NA,NA
"74","10.09, Temp2","No Comment","10.1594/PANGAEA.892370",10.09,1791.25,176.41,6.3,1977.75,8.2705154620653,NA,NA,NA,NA,NA,NA
"75","10.21","No Comment","10.1594/PANGAEA.835431",10.21,1801.48,249.31,28,2061,8.05956460481062,0,0,0,0,0,0
"76","10.23","No Comment","10.1594/PANGAEA.849402",10.23,1772.57,214.81,20,1997.61,8.1299978547882,NA,NA,NA,NA,NA,NA
"78","10.24","No Comment","10.1594/PANGAEA.849402",10.24,1703.28,192.48,20,1906,8.09964631751476,NA,NA,NA,NA,NA,NA
"80","10.25","No Comment","10.1594/PANGAEA.835431",10.25,1767.68,239.07,28,2017,8.04957578437329,0,0,0,0,0,0
"81","10.25","No Comment","10.1594/PANGAEA.949913",10.25,1763.25,193.5,17,1967,8.13615810974687,NA,NA,NA,NA,NA,NA
"82","10.32","No Comment","10.1594/PANGAEA.892370",10.32,1828,179.61,6,2017.93,8.27472171526597,NA,NA,NA,NA,NA,NA
"83","10.32, Temp2","No Comment","10.1594/PANGAEA.892370",10.32,1828,179.61,6.3,2017.93,8.26950278697166,NA,NA,NA,NA,NA,NA
"84","10.35","No Comment","10.1594/PANGAEA.836367",10.35,1769.67,214.88,20,1994.9,8.13085046112896,NA,NA,NA,NA,NA,NA
"85","10.36","No Comment","10.1594/PANGAEA.887739",10.36,1849.56,228.31,20,2088.23,8.1380032640493,NA,NA,NA,NA,NA,NA
"86","10.39","No Comment","10.1594/PANGAEA.861255",10.39,1858.92,208.88,15,2078.19,8.17963702776072,0,0,0,0,0,0
"87","10.41","No Comment","10.1594/PANGAEA.949280",10.41,1644.28,181.73,20,1836.42,8.08999760671071,NA,NA,NA,NA,NA,NA
"88","10.42","No Comment","10.1594/PANGAEA.868682",10.42,1876.77,216.31,15,2103.5,8.19066641358076,0,0,0,0,0,0
"89","10.44","No Comment","10.1594/PANGAEA.869122",10.44,2047.25,203.21,-1.8,2260.9,8.40986486608537,NA,NA,NA,NA,NA,NA
"90","10.47","No Comment","10.1594/PANGAEA.726883",10.47,1775.66,186.33,15,1972.46,8.14992384137866,NA,NA,NA,NA,NA,NA
"91","10.51","No Comment","10.1594/PANGAEA.861839",10.51,1835.99,204.5,14,2051,8.19254487228103,NA,NA,NA,NA,NA,NA
"92","10.52","No Comment","10.1594/PANGAEA.887739",10.52,1850.12,224.82,20,2085.46,8.13118179999462,NA,NA,NA,NA,NA,NA
"93","10.62","No Comment","10.1594/PANGAEA.836367",10.62,1834.35333333333,224.966666666667,20,2069.94,8.1351811618303,0,0,0.602522475376095,2.48043007023654,3.08144446648005,0.000578912948349881
"94","10.65","No Comment","10.1594/PANGAEA.834251",10.65,1905.07,217.29,15,2133.01,8.18612967080949,NA,NA,NA,NA,NA,NA
"95","10.67","No Comment","10.1594/PANGAEA.849402",10.67,1734.89,191.59,20,1937.15,8.08964764815032,NA,NA,NA,NA,NA,NA
"96","10.67","No Comment","10.1594/PANGAEA.861839",10.67,1841.72,202.61,14,2055,8.18715914359957,NA,NA,NA,NA,NA,NA
"98","10.68","No Comment","10.1594/PANGAEA.836367",10.68,1821.32,220.64,20,2052.64,8.12984474666446,NA,NA,NA,NA,NA,NA
"99","10.68","No Comment","10.1594/PANGAEA.949280",10.68,1813.69,199.32,15,2023.69,8.16998868896266,NA,NA,NA,NA,NA,NA
"100","10.69","No Comment","10.1594/PANGAEA.869122",10.69,2048.24,198.68,-1.8,2257.61,8.39986397814167,NA,NA,NA,NA,NA,NA
"101","10.72","No Comment","10.1594/PANGAEA.726883",10.72,1824.61,192.15,15,2027.48,8.15147120699661,NA,NA,NA,NA,NA,NA
"102","10.75","No Comment","10.1594/PANGAEA.834251",10.75,1919.72,218.53,15,2149,8.18527404520828,NA,NA,NA,NA,NA,NA
"103","10.76","No Comment","10.1594/PANGAEA.726883",10.76,1853.9,197.76,15,2062.42,8.15705301789631,NA,NA,NA,NA,NA,NA
"104","10.77","No Comment","10.1594/PANGAEA.960341",10.77,1840.74,200.57,16,2052.08,8.14963100460257,0,0,0,0,0,0
"105","10.81","No Comment","10.1594/PANGAEA.861839",10.81,1874.85,207.34,14,2093,8.18943843844218,NA,NA,NA,NA,NA,NA
"106","10.9","No Comment","10.1594/PANGAEA.868682",10.9,1882.64,208.8,15,2102.34,8.17396408146459,0,0,0,0,0,0
"107","10.91","No Comment","10.1594/PANGAEA.834251",10.91,1896.85,227.24,20,2135,8.12499854616232,NA,NA,NA,NA,NA,NA
"108","10.92","No Comment","10.1594/PANGAEA.726883",10.92,1851.94,194.41,15,2057.27,8.1500925570994,NA,NA,NA,NA,NA,NA
"109","10.92","No Comment","10.1594/PANGAEA.869122",10.92,2140.75,212.49,-1.8,2364.16,8.40986321384927,NA,NA,NA,NA,NA,NA
"110","10.97","No Comment","10.1594/PANGAEA.849402",10.97,1743.51,188.16,20,1942.64,8.07964961621587,NA,NA,NA,NA,NA,NA
"111","10.97","No Comment","10.1594/PANGAEA.924611",10.97,1882.61,225.93,20,2119.51,8.12576029554795,NA,NA,NA,NA,NA,NA
"113","100","No Comment","10.1594/PANGAEA.907928",3.46,1412.02,403.343333333333,20,1818.82333333333,8.50234923588035,0,0.07,8.83065305248336,22.7109378934469,30.2809285414654,0.005772156533521
"114","100.46","No Comment","10.1594/PANGAEA.883475",100.46,2378.13,41.99,24,2520.58,7.22883588375945,0,0,0,0,0,0
"115","1000","No Comment","10.1594/PANGAEA.837464",33.8925242718447,2112.56533980583,83.971067961165,13.356,2230.42893203883,7.75307447369797,1.5831660100522,3.9432751686609,8.37838171849589,20.876619430693,19.5915209206823,0.0509346866737455
"116","1000","No Comment","10.1594/PANGAEA.920033",31.4471428571429,1943.64571428571,84.9057142857143,25,2059.99857142857,7.60611034919829,0,1.08803667655268,2.6337290239181,19.2785743397023,20.1829139195933,0.0136333016975121
"117","1000","No Comment","10.1594/PANGAEA.951402",51.5697058823529,2116.43117647059,47.6391176470588,3.4,2215.64,7.67742637980553,0,5.85724604703331,5.39867140518632,21.6305433257098,22.5272281022356,0.0491423842513538
"118","1000","No Comment","10.1594/PANGAEA.973814",25.92,1754.315,92.27,27,1872.505,7.65493248960046,0,1.01876395695961,3.34110760078151,2.86458897575203,0.542245331930119,0.0164407379072759
"119","1000 ppm CO2 fluctuating-1000 ppm CO2","No Comment","10.1594/PANGAEA.863126",34.87,2183.04,90.65,18,2308.56,7.69760697993422,0,0,0,0,0,0
"120","1000 ppm CO2 fluctuating-430 ppm CO2","No Comment","10.1594/PANGAEA.863126",34.87,2183.04,90.65,18,2308.56,7.69760697993422,0,0,0,0,0,0
"121","1000 ppm CO2 fluctuating-NA","No Comment","10.1594/PANGAEA.863126",34.87,2183.04,90.65,18,2308.56,7.69760697993422,0,0,0,0,0,0
"122","1000 ppm CO2 stabel-1000 ppm CO2","No Comment","10.1594/PANGAEA.863126",34.87,2183.04,90.65,18,2308.56,7.69760697993422,0,0,0,0,0,0
"123","1000 ppm CO2 stabel-430 ppm CO2","No Comment","10.1594/PANGAEA.863126",34.87,2183.04,90.65,18,2308.56,7.69760697993422,0,0,0,0,0,0
"124","1000 ppm CO2 stabel-NA","No Comment","10.1594/PANGAEA.863126",34.87,2183.04,90.65,18,2308.56,7.69760697993422,0,0,0,0,0,0
"125","1000+T","No Comment","10.1594/PANGAEA.920033",31.66,2021.80428571429,91.2457142857143,25,2144.71,7.6202424544145,0,0.900407315237574,2.92119756916495,15.3924233062275,16.9081430086216,0.0127334691759859
"126","1000-100-2","No Comment","10.1594/PANGAEA.965090",62.66,2207.2,41.74,2,2311.6,7.62939485707571,0,0,0,0,0,0
"127","1000-100-4","No Comment","10.1594/PANGAEA.965090",62.66,2207.2,41.74,2,2311.6,7.62939485707571,0,0,0,0,0,0
"128","1000-100-6","No Comment","10.1594/PANGAEA.965090",62.66,2207.2,41.74,2,2311.6,7.62939485707571,0,0,0,0,0,0
"129","1000-1000","No Comment","10.1594/PANGAEA.956080",37.9725,2045.9675,62.02,29.2275,2145.96,7.38071113662513,0.100444663545569,0.814628482940163,1.51526149271482,3.38181100184118,3.11101549197435,0.0111492023941705
"130","1000-400","No Comment","10.1594/PANGAEA.956080",37.9725,2045.9675,62.02,29.2275,2145.96,7.38071113662513,0.100444663545569,0.814628482940163,1.51526149271482,3.38181100184118,3.11101549197435,0.0111492023941705
"131","1000-500-2","No Comment","10.1594/PANGAEA.965090",62.66,2207.2,41.74,2,2311.6,7.62939485707571,0,0,0,0,0,0
"132","1000-500-4","No Comment","10.1594/PANGAEA.965090",62.66,2207.2,41.74,2,2311.6,7.62939485707571,0,0,0,0,0,0
"133","1000-500-6","No Comment","10.1594/PANGAEA.965090",62.66,2207.2,41.74,2,2311.6,7.62939485707571,0,0,0,0,0,0
"134","1000-RCP8.5","No Comment","10.1594/PANGAEA.911407",35.22,1870.93666666667,64.99,18,1971.14666666667,7.61979452877827,0,1.36919684486928,3.0219695564317,18.9622001184814,20.4502257526252,0.0180260949755494
"135","1000ppm-15°C","No Comment","10.1594/PANGAEA.946525",33.29,2278.52,100.6,15,2412.41,7.77394600464446,0,0,0,0,0,0
"136","1000ppm-20°C","No Comment","10.1594/PANGAEA.946525",26.26,2199.77,128.47,20,2354.5,7.81297120364685,0,0,0,0,0,0
"137","1000ppm-400ppm","No Comment","10.1594/PANGAEA.863127",15.23,1931.69,159.84,18,2106.76,7.99704890422007,0,0,0,0,0,0
"138","1000ppm-400ppmfluc","No Comment","10.1594/PANGAEA.863127",16.87,1979.22,151.93,18,2148.02,7.96445033188434,0,0,0,0,0,0
"139","103.72","No Comment","10.1594/PANGAEA.924611",103.72,2327.31,36.53,20,2467.56,7.24234219107591,NA,NA,NA,NA,NA,NA
"140","103.87","No Comment","10.1594/PANGAEA.924611",103.87,2276.09,34.89,20,2414.85,7.23205829319221,NA,NA,NA,NA,NA,NA
"141","104.31","No Comment","10.1594/PANGAEA.883475",104.31,2450.53,39.03,18,2593.87,7.28143939255257,0,0,0,0,0,0
"142","104.51","No Comment","10.1594/PANGAEA.835214",104.51,2201.94,32.45,20,2338.9,7.21495597475847,NA,NA,NA,NA,NA,NA
"143","11","No Comment","10.1594/PANGAEA.833817",11,1909,251,25,2171,8.08481928520299,0,0,0,0,0,0
"144","11.09","No Comment","10.1594/PANGAEA.960341",11.09,1851.27,197.13,16,2059.49,8.1396404384085,0,0,0,0,0,0
"145","11.1","No Comment","10.1594/PANGAEA.834251",11.1,1888.26,240.64,25,2140,8.07125751768004,NA,NA,NA,NA,NA,NA
"146","11.1","No Comment","10.1594/PANGAEA.861380",11.1,2022.8,238.2,15,2272.1,8.19998968112123,0,0,0,0,0,0
"147","11.1","No Comment","10.1594/PANGAEA.920269",11.1,2022.8,238.2,15,2272.1,8.19998968112123,0,0,0,0,0,0
"148","11.12","Mean","10.1594/PANGAEA.733912",11.12,1778.13,193.755,19,1983.005,8.10017573035445,0,0,0,0,0,0
"149","11.12","No Comment","10.1594/PANGAEA.869122",11.12,2034.26,188.44,-1.8,2233.82,8.37985730601679,NA,NA,NA,NA,NA,NA
"150","11.14","No Comment","10.1594/PANGAEA.834251",11.14,1891.19,204.66,15,2106.99,8.1632986759273,NA,NA,NA,NA,NA,NA
"151","11.18","Mean","10.1594/PANGAEA.733912",11.18,1789.57,195.265,19,1996.015,8.10076203604778,0,0,0,0,0,0
"152","11.25","No Comment","10.1594/PANGAEA.869122",11.25,2057.97,190.64,-1.8,2259.86,8.37986565980652,NA,NA,NA,NA,NA,NA
"153","11.28","Mean","10.1594/PANGAEA.733912",11.28,1800.07,195.67,19,2007.02,8.09912117201264,0,0,0,0,0,0
"154","11.29","Mean","10.1594/PANGAEA.733912",11.29,1754.18,184.035,19,1949.505,8.0837125913641,0,0,0,0,0,0
"155","11.29","No Comment","10.1594/PANGAEA.960341",11.29,1841.83,191.66,16,2044.78,8.12963942117545,0,0,0,0,0,0
"156","11.32","No Comment","10.1594/PANGAEA.835214",11.32,1878.45,187.83,10,2077.6,8.21336106020708,NA,NA,NA,NA,NA,NA
"157","11.32","No Comment","10.1594/PANGAEA.869122",11.32,2071.68,191.91,-1.8,2274.91,8.37986560207581,NA,NA,NA,NA,NA,NA
"158","11.4","Mean","10.1594/PANGAEA.733912",11.4,1759.89,183.205,19,1954.495,8.08033811963399,0,0,0,0,0,0
"159","11.4","No Comment","10.1594/PANGAEA.849402",11.4,1801.31,199.09,20,2011.8,8.09000774103931,NA,NA,NA,NA,NA,NA
"161","11.41","No Comment","10.1594/PANGAEA.835715",11.41,1849.66,191.09,15,2052.16,8.14314692457833,0,0,0,0,0,0
"162","11.46","No Comment","10.1594/PANGAEA.834251",11.46,1859.63,202.405,17.5,2073.495,8.12667002024017,10.6066017177982,0,9.60958115632516,119.204061172428,109.594480016103,0.126484978698913
"163","11.46","No Comment","10.1594/PANGAEA.892370",11.46,1861.77,159.7,2,2032.93,8.28606298802193,NA,NA,NA,NA,NA,NA
"164","11.46, Temp2","No Comment","10.1594/PANGAEA.892370",11.46,1861.77,159.7,2.2,2032.93,8.28251444973653,NA,NA,NA,NA,NA,NA
"165","11.47","Mean","10.1594/PANGAEA.733912",11.47,1759.57,183.7,19,1954.74,8.08158802827765,0,0,0.484974226119288,2.11310198523408,2.59807621135345,0.000625001234450098
"166","11.48","No Comment","10.1594/PANGAEA.726883",11.48,1856.52,185.78,15,2053.78,8.12930019530365,NA,NA,NA,NA,NA,NA
"167","11.52","Mean","10.1594/PANGAEA.733912",11.52,1768.24,184.73,19,1964.49,8.08188254056556,0,0,0,0,0,0
"168","11.55","Mean","10.1594/PANGAEA.733912",11.55,1772.07,184.875,19,1968.495,8.08128363469955,0,0,0,0,0,0
"169","11.57","Mean","10.1594/PANGAEA.733912",11.57,1767.3,182.88,19,1961.75,8.07770718117105,0,0,2.84056332441297,8.99511719397433,11.8356805183872,0.00453557263802905
"170","11.57","No Comment","10.1594/PANGAEA.949913",11.57,1673.09,154.34,17,1839,8.06075022536635,NA,NA,NA,NA,NA,NA
"171","11.59","No Comment","10.1594/PANGAEA.924611",11.59,1847.41,206.03,20,2065.03,8.09391392687084,NA,NA,NA,NA,NA,NA
"172","11.6","No Comment","10.1594/PANGAEA.835715",11.6,1891.79,196.74,15,2100.13,8.14602061053055,0,0,0,0,0,0
"173","11.61","No Comment","10.1594/PANGAEA.861839",11.61,1900.95,198.44,14,2111,8.16438039579719,NA,NA,NA,NA,NA,NA
"174","11.61","No Comment","10.1594/PANGAEA.892370",11.61,1861.14,157.45,2,2030.2,8.28004772162127,NA,NA,NA,NA,NA,NA
"175","11.61, Temp2","No Comment","10.1594/PANGAEA.892370",11.61,1861.14,157.45,2.2,2030.2,8.27649918333587,NA,NA,NA,NA,NA,NA
"176","11.62","No Comment","10.1594/PANGAEA.849402",11.62,1841.29,188.85,15,2041.76,8.13999566357542,NA,NA,NA,NA,NA,NA
"178","11.64","No Comment","10.1594/PANGAEA.869122",11.64,2081.73,188.45,-1.8,2281.82,8.36986241089842,NA,NA,NA,NA,NA,NA
"179","11.65","Mean","10.1594/PANGAEA.733912",11.65,1766.95,181.89,19,1960.49,8.07547088366565,0,0,0,0,0,0
"180","11.66","No Comment","10.1594/PANGAEA.869122",11.66,2084.8,188.73,-1.8,2285.19,8.3698672115612,NA,NA,NA,NA,NA,NA
"181","11.67","No Comment","10.1594/PANGAEA.849402",11.67,1850.38,189.78,15,2051.83,8.1399903855577,NA,NA,NA,NA,NA,NA
"183","11.7","No Comment","10.1594/PANGAEA.849402",11.7,1806.74,195.14,20,2013.58,8.07999739546314,NA,NA,NA,NA,NA,NA
"185","11.73","No Comment","10.1594/PANGAEA.849402",11.73,1817.55,182.17,15,2011.45,8.12999136031707,NA,NA,NA,NA,NA,NA
"187","11.74","No Comment","10.1594/PANGAEA.892370",11.74,1877.29,158.45,2,2047.48,8.27904497659805,NA,NA,NA,NA,NA,NA
"188","11.74, Temp2","No Comment","10.1594/PANGAEA.892370",11.74,1877.29,158.45,2.2,2047.48,8.27549643831266,NA,NA,NA,NA,NA,NA
"189","11.77","No Comment","10.1594/PANGAEA.835214",11.77,1828.35,198.67,20,2038.79,8.08261971013733,NA,NA,NA,NA,NA,NA
"190","11.91","No Comment","10.1594/PANGAEA.726883",11.91,1792.1,166.93,15,1970.94,8.09817302248362,NA,NA,NA,NA,NA,NA
"191","11.93","Mean","10.1594/PANGAEA.733912",11.93,1791.48,181.595,19,1985.005,8.06877824349695,0,0,0,0,0,0
"192","11.93","No Comment","10.1594/PANGAEA.834251",11.93,1904.48,209.59,20,2126,8.08814089586644,NA,NA,NA,NA,NA,NA
"193","11.96","Mean","10.1594/PANGAEA.733912",11.96,1784.44,179.605,19,1976.005,8.06570279395386,0,0,0,0,0,0
"194","11.99","Mean","10.1594/PANGAEA.733912",11.99,1793.54,180.975,19,1986.505,8.06679383944027,0,0,0,0,0,0
"195","110.85","No Comment","10.1594/PANGAEA.835214",110.85,2234.7,29.15,15,2374.7,7.24442019903612,NA,NA,NA,NA,NA,NA
"197","1100 --> 1100-1100-1100","assay condition","10.1594/PANGAEA.832482",37.5,2185.5,81,15,2304,7.69763892328186,0,1.58113883008419,3.16227766016838,6.85160159703149,5.2704627669473,0.0183243464963085
"198","1100 --> 1100-1100-1100","selection condition","10.1594/PANGAEA.832482",37.5,2185.5,81,15,2304,7.69763892328186,0,1.58113883008419,3.16227766016838,6.85160159703149,5.2704627669473,0.0183243464963085
"200","1100 --> 1100-1100-1100, Temp2","assay condition","10.1594/PANGAEA.832482",37.5,2185.5,81,15,2304,7.69763892328186,0,1.58113883008419,3.16227766016838,6.85160159703149,5.2704627669473,0.0183243464963085
"201","1100 --> 1100-1100-1100, Temp2","selection condition","10.1594/PANGAEA.832482",37.5,2185.5,81,15,2304,7.69763892328186,0,1.58113883008419,3.16227766016838,6.85160159703149,5.2704627669473,0.0183243464963085
"203","1100 --> 400-1100-400","assay condition","10.1594/PANGAEA.832482",12.5,1918.5,186,15,2117,8.11550201688083,0,0.52704627669473,3.16227766016838,11.0679718105893,8.43274042711568,0.00988979765807177
"204","1100 --> 400-1100-400","selection condition","10.1594/PANGAEA.832482",37.5,2185.5,81,15,2304,7.69763892328186,0,1.58113883008419,3.16227766016838,6.85160159703149,5.2704627669473,0.0183243464963085
"206","1100 --> 400-1100-400, Temp2","assay condition","10.1594/PANGAEA.832482",12.5,1918.5,186,15,2117,8.11550201688083,0,0.52704627669473,3.16227766016838,11.0679718105893,8.43274042711568,0.00988979765807177
"207","1100 --> 400-1100-400, Temp2","selection condition","10.1594/PANGAEA.832482",37.5,2185.5,81,15,2304,7.69763892328186,0,1.58113883008419,3.16227766016838,6.85160159703149,5.2704627669473,0.0183243464963085
"208","1100-1100","Assay condition","10.1594/PANGAEA.832536",36,2179,84,15,2299,7.7150229247506,0,0,0,0,0,0
"210","1100-1100","Selection condition","10.1594/PANGAEA.832536",36,2179,84,15,2299,7.7150229247506,0,0,0,0,0,0
"211","1100-1100, Temp2","Assay condition","10.1594/PANGAEA.832536",36,2179,84,15,2299,7.7150229247506,0,0,0,0,0,0
"213","1100-1100, Temp2","Selection condition","10.1594/PANGAEA.832536",36,2179,84,15,2299,7.7150229247506,0,0,0,0,0,0
"214","1100-400","Assay condition","10.1594/PANGAEA.832536",13,1929,183,15,2125,8.10611973102152,0,0,0,0,0,0
"216","1100-400","Selection condition","10.1594/PANGAEA.832536",36,2179,84,15,2299,7.7150229247506,0,0,0,0,0,0
"217","1100-400, Temp2","Assay condition","10.1594/PANGAEA.832536",13,1929,183,15,2125,8.10611973102152,0,0,0,0,0,0
"219","1100-400, Temp2","Selection condition","10.1594/PANGAEA.832536",36,2179,84,15,2299,7.7150229247506,0,0,0,0,0,0
"220","111.57","No Comment","10.1594/PANGAEA.883475",111.57,2229.12,27.53,12,2368.22,7.27107220724397,0,0,0,0,0,0
"221","111.69","No Comment","10.1594/PANGAEA.883475",111.69,2277.9,28.68,12,2418.27,7.27944393669094,0,0,0,0,0,0
"222","113.19","No Comment","10.1594/PANGAEA.924611",113.19,2310.54,33,20,2456.73,7.20134720292436,NA,NA,NA,NA,NA,NA
"223","113.68","No Comment","10.1594/PANGAEA.883475",113.68,2405.63,37.91,24,2557.22,7.17945055399809,0,0,0,0,0,0
"224","118.52","No Comment","10.1594/PANGAEA.883475",118.52,2275.05,29.5,18,2423.07,7.19213193505023,0,0,0,0,0,0
"225","119.23","No Comment","10.1594/PANGAEA.883475",119.23,2240.35,28.38,18,2387.96,7.18199738446937,0,0,0,0,0,0
"226","12.06","No Comment","10.1594/PANGAEA.924611",12.06,1842.21,196.89,20,2051.16,8.07543127799717,NA,NA,NA,NA,NA,NA
"227","12.07","No Comment","10.1594/PANGAEA.887739",12.07,1902.32,207.27,20,2121.66,8.08379962798681,NA,NA,NA,NA,NA,NA
"228","12.08","No Comment","10.1594/PANGAEA.869122",12.08,2063.18,178.37,-1.8,2253.63,8.34987536314277,NA,NA,NA,NA,NA,NA
"229","12.09","No Comment","10.1594/PANGAEA.887739",12.09,1904.57,207.47,20,2124.13,8.08370512218382,NA,NA,NA,NA,NA,NA
"230","12.11","No Comment","10.1594/PANGAEA.846058",12.11,1937.87,200.72,15,2150.7,8.1442668777447,NA,NA,NA,NA,NA,NA
"231","12.12","No Comment","10.1594/PANGAEA.721775",12.12,2473.92,337.86,20,2823.9,8.18189788059366,NA,NA,NA,NA,NA,NA
"232","12.16","No Comment","10.1594/PANGAEA.726883",12.16,1884.43,180.8,15,2077.39,8.11101928551388,NA,NA,NA,NA,NA,NA
"233","12.16","No Comment","10.1594/PANGAEA.834251",12.16,1812.85,188.99,20,2014,8.06462370857188,NA,NA,NA,NA,NA,NA
"234","12.16","No Comment","10.1594/PANGAEA.835214",12.16,1813.07,189.07,20,2014.3,8.06475480676266,NA,NA,NA,NA,NA,NA
"235","12.31","No Comment","10.1594/PANGAEA.869122",12.31,2101.28,181.66,-1.8,2295.25,8.34986605295804,NA,NA,NA,NA,NA,NA
"236","12.33","No Comment","10.1594/PANGAEA.869122",12.33,2056.74,173.76,-1.8,2242.83,8.33986108351768,NA,NA,NA,NA,NA,NA
"237","12.37","No Comment","10.1594/PANGAEA.869122",12.37,2064.38,174.41,-1.8,2251.16,8.33987240920114,NA,NA,NA,NA,NA,NA
"238","12.42","No Comment","10.1594/PANGAEA.925549",12.42,1791.82,141.27,6,1945.51,8.17912295915542,0,0,0,0,0,0
"239","12.43","No Comment","10.1594/PANGAEA.887739",12.43,1911.04,203.03,20,2126.5,8.07283719170832,NA,NA,NA,NA,NA,NA
"240","12.46","No Comment","10.1594/PANGAEA.869122",12.46,2079.92,175.72,-1.8,2268.1,8.33986523361071,NA,NA,NA,NA,NA,NA
"241","12.48","No Comment","10.1594/PANGAEA.849402",12.48,1773.56,158.3,15,1944.34,8.07963589844461,NA,NA,NA,NA,NA,NA
"243","12.5","No Comment","10.1594/PANGAEA.949913",12.5,1853.64,183.86,20,2050,8.04300861764565,NA,NA,NA,NA,NA,NA
"244","12.68","No Comment","10.1594/PANGAEA.875066",12.68,1523.14833333333,138.674375,20,1674.50270833333,7.9317383753161,0,0,86.8631828064148,524.121730018909,610.812699451851,0.154337831001864
"245","12.71","No Comment","10.1594/PANGAEA.887739",12.71,1917.06,199.92,20,2129.69,8.064767291971,NA,NA,NA,NA,NA,NA
"246","12.74","No Comment","10.1594/PANGAEA.849402",12.74,1835.26,184.99,20,2032.99,8.04999740770853,NA,NA,NA,NA,NA,NA
"248","12.77","No Comment","10.1594/PANGAEA.849402",12.77,1845.33,172.61,15,2030.71,8.09999277925353,NA,NA,NA,NA,NA,NA
"250","12.81","No Comment","10.1594/PANGAEA.869122",12.81,2089.61,172.52,-1.8,2274.94,8.32986488154715,NA,NA,NA,NA,NA,NA
"251","12.82","No Comment","10.1594/PANGAEA.869122",12.82,2090.16,172.57,-1.8,2275.55,8.32987643686508,NA,NA,NA,NA,NA,NA
"252","12.9","No Comment","10.1594/PANGAEA.849402",12.9,1785.67,167.84,20,1966.41,8.01964102295187,NA,NA,NA,NA,NA,NA
"254","12.91","No Comment","10.1594/PANGAEA.849402",12.91,1786.56,167.92,20,1967.39,8.01963157386349,NA,NA,NA,NA,NA,NA
"256","12.93","No Comment","10.1594/PANGAEA.849402",12.93,1868.42,174.77,15,2056.12,8.09999324774107,NA,NA,NA,NA,NA,NA
"258","12.94","No Comment","10.1594/PANGAEA.960341",12.94,1881.87,174.53,16,2069.34,8.07963794962553,0,0,0,0,0,0
"259","12.96","No Comment","10.1594/PANGAEA.869122",12.96,2113.84,174.52,-1.8,2301.32,8.32986376258262,NA,NA,NA,NA,NA,NA
"260","12.96","No Comment","10.1594/PANGAEA.949913",12.96,1872.07,180.98,20,2066.01,8.03185525459408,NA,NA,NA,NA,NA,NA
"261","12.98","No Comment","10.1594/PANGAEA.849402",12.98,1836.59,172.205,17.5,2021.775,8.05982850577229,3.53553390593274,0,4.63154941677187,55.6493036793813,60.2808530961532,0.0568245789167244
"263","121.07","No Comment","10.1594/PANGAEA.834251",121.07,1893.46,19.46,17,2033.99,7.1076777339089,NA,NA,NA,NA,NA,NA
"264","122.58","No Comment","10.1594/PANGAEA.835214",122.58,2278.41,25.51,10,2426.5,7.26247432185882,NA,NA,NA,NA,NA,NA
"265","122.72","No Comment","10.1594/PANGAEA.924611",122.72,2244.15,28.71,20,2395.58,7.15352806496228,NA,NA,NA,NA,NA,NA
"266","123.71","No Comment","10.1594/PANGAEA.883475",123.71,2243.66,30.29,24,2397.66,7.11226782860241,0,0,0,0,0,0
"267","124.96","No Comment","10.1594/PANGAEA.835214",124.96,2191.65,26.89,20,2343.5,7.13536635687284,NA,NA,NA,NA,NA,NA
"268","1250","No Comment","10.1594/PANGAEA.875114",26.73,2159.19,122.03,20,2307.95,7.79872250555481,0,0,0,0,0,0
"269","128.03","No Comment","10.1594/PANGAEA.883475",128.03,2226.29,28.9,24,2383.22,7.09524170787183,0,0,0,0,0,0
"270","129.74","No Comment","10.1594/PANGAEA.924611",129.74,2236.85,26.98,20,2393.57,7.12795183789653,NA,NA,NA,NA,NA,NA
"271","13","No Comment","10.1594/PANGAEA.826456",13,1867,177.5,20,2057.5,8.02459033200617,0,0,2.12132034355964,12.7279220613579,10.6066017177982,0.00815116461747342
"272","13.04","No Comment","10.1594/PANGAEA.849402",13.04,1836.5,180.9,20,2030.44,8.03999438863798,NA,NA,NA,NA,NA,NA
"274","13.06","No Comment","10.1594/PANGAEA.909063",13.06,2361.06,330.98,25.4,2705.1,8.10627656255039,NA,NA,NA,NA,NA,NA
"275","13.07","No Comment","10.1594/PANGAEA.849402",13.07,1839.8,181.23,20,2034.1,8.04000623038674,NA,NA,NA,NA,NA,NA
"276","13.07","No Comment","10.1594/PANGAEA.909063",13.07,2338.6,321.02,24.9,2672.69,8.10512183152751,NA,NA,NA,NA,NA,NA
"278","13.09","No Comment","10.1594/PANGAEA.849402",13.09,1843.73,181.61,20,2038.43,8.0399891905748,NA,NA,NA,NA,NA,NA
"280","13.11","No Comment","10.1594/PANGAEA.835214",13.11,1759.29,179.6,25,1952,7.9749203903227,NA,NA,NA,NA,NA,NA
"281","13.11","No Comment","10.1594/PANGAEA.924611",13.11,1872,186.97,20,2072.08,8.04601283809302,NA,NA,NA,NA,NA,NA
"282","13.13","No Comment","10.1594/PANGAEA.869122",13.13,2190.95,185.1,-1.8,2389.18,8.33986462220395,NA,NA,NA,NA,NA,NA
"283","13.17","No Comment","10.1594/PANGAEA.849402",13.17,1787.87,152.4,15,1953.44,8.05964989884734,NA,NA,NA,NA,NA,NA
"285","13.24","No Comment","10.1594/PANGAEA.869122",13.24,2109.41,170.19,-1.8,2292.84,8.31986370778667,NA,NA,NA,NA,NA,NA
"286","13.25","No Comment","10.1594/PANGAEA.869122",13.25,2112.11,170.41,-1.8,2295.77,8.31986921369626,NA,NA,NA,NA,NA,NA
"287","13.29","No Comment","10.1594/PANGAEA.849402",13.29,1798.13,165.16,20,1976.58,8.00963054179791,NA,NA,NA,NA,NA,NA
"289","13.3","No Comment","10.1594/PANGAEA.869122",13.3,2119.6,171.01,-1.8,2303.91,8.31985826617044,NA,NA,NA,NA,NA,NA
"290","13.33","Mean","10.1594/PANGAEA.733912",13.33,1755.71,158.46,19,1927.5,8.01835318984572,0,0,0,0,0,0
"291","13.34","No Comment","10.1594/PANGAEA.960341",13.34,1895.78,171.82,16,2080.94,8.06964325734847,0,0,0,0,0,0
"292","13.35","No Comment","10.1594/PANGAEA.869122",13.35,2126.63,171.58,-1.8,2311.56,8.31986539741425,NA,NA,NA,NA,NA,NA
"293","13.36","No Comment","10.1594/PANGAEA.887739",13.36,1948.99,196.5,20,2158.85,8.05009969835292,NA,NA,NA,NA,NA,NA
"294","13.44","No Comment","10.1594/PANGAEA.869122",13.44,2092.6,164.99,-1.8,2271.03,8.30986207158029,NA,NA,NA,NA,NA,NA
"295","13.46","No Comment","10.1594/PANGAEA.869122",13.46,2095.79,165.24,-1.8,2274.49,8.30985809252663,NA,NA,NA,NA,NA,NA
"296","13.49","No Comment","10.1594/PANGAEA.869122",13.49,2199.43,181.59,-1.8,2394.51,8.32987245416638,NA,NA,NA,NA,NA,NA
"297","13.5","Mean","10.1594/PANGAEA.733912",13.5,1762.95,158.05,19,1934.5,8.01544082597695,0,0,0,0,0,0
"298","13.53","Mean","10.1594/PANGAEA.733912",13.53,1757.09,156.885,19,1927.505,8.01367373597684,0,0,0,0,0,0
"299","13.65","No Comment","10.1594/PANGAEA.849402",13.65,1884.89,168.38,15,2066.92,8.08000536376064,NA,NA,NA,NA,NA,NA
"301","13.68","No Comment","10.1594/PANGAEA.869122",13.68,2130.98,168.02,-1.8,2312.68,8.30987227667149,NA,NA,NA,NA,NA,NA
"302","13.73","No Comment","10.1594/PANGAEA.835214",13.73,1882.94,167.13,15,2063.8,8.07721880069756,NA,NA,NA,NA,NA,NA
"303","13.73","No Comment","10.1594/PANGAEA.949913",13.73,1849.39,158.88,17,2022,8.02983175907282,NA,NA,NA,NA,NA,NA
"304","13.74","No Comment","10.1594/PANGAEA.869122",13.74,2090.54,161.08,-1.8,2265.36,8.2998738092854,NA,NA,NA,NA,NA,NA
"305","13.75","No Comment","10.1594/PANGAEA.861839",13.75,1970.28,179.96,14,2163.99,8.10636990694184,NA,NA,NA,NA,NA,NA
"306","13.78","No Comment","10.1594/PANGAEA.869122",13.78,2096.46,161.53,-1.8,2271.77,8.29985728252318,NA,NA,NA,NA,NA,NA
"307","13.82","No Comment","10.1594/PANGAEA.925549",13.82,1657.29,108.68,6,1779.79,8.0991185136887,0,0,0,0,0,0
"308","13.83","No Comment","10.1594/PANGAEA.869122",13.83,2203.95,177.82,-1.8,2395.6,8.31986953828223,NA,NA,NA,NA,NA,NA
"309","13.9","No Comment","10.1594/PANGAEA.869122",13.9,2115.77,163.02,-1.8,2292.69,8.2998631039511,NA,NA,NA,NA,NA,NA
"310","13.91","No Comment","10.1594/PANGAEA.960341",13.91,1888.44,163.45,16,2065.8,8.04963921395682,0,0,0,0,0,0
"311","13.93","No Comment","10.1594/PANGAEA.849402",13.93,1879.81,164.1,15,2057.84,8.06999549440605,NA,NA,NA,NA,NA,NA
"313","131.03","No Comment","10.1594/PANGAEA.924611",131.03,2366.42,29.9,20,2527.35,7.14812611563881,NA,NA,NA,NA,NA,NA
"314","133.94","No Comment","10.1594/PANGAEA.883475",133.94,2466.07,27.96,12,2627.97,7.23393121137666,0,0,0,0,0,0
"315","134.86","No Comment","10.1594/PANGAEA.835214",134.86,2258.86,24.48,15,2418.2,7.16392296742953,NA,NA,NA,NA,NA,NA
"316","135.9","No Comment","10.1594/PANGAEA.835214",135.9,2255.71,26.19,20,2417.8,7.11139898802347,NA,NA,NA,NA,NA,NA
"317","137.11","No Comment","10.1594/PANGAEA.883475",137.11,2225.2,24.32,18,2386.63,7.11789538422589,0,0,0,0,0,0
"318","137.65","No Comment","10.1594/PANGAEA.924611",137.65,2372.58,28.61,20,2538.84,7.12784374713051,NA,NA,NA,NA,NA,NA
"319","138.29","No Comment","10.1594/PANGAEA.883475",138.29,2397.78,28,18,2564.07,7.14664956283161,0,0,0,0,0,0
"320","139.79","No Comment","10.1594/PANGAEA.883475",139.79,2241.05,26.78,24,2407.62,7.05928462717548,0,0,0,0,0,0
"321","139.91","No Comment","10.1594/PANGAEA.883475",139.91,2257.59,22.43,12,2419.93,7.17658364516958,0,0,0,0,0,0
"322","14","No Comment","10.1594/PANGAEA.826456",14,1853,154,17,2021,8.01543633442614,NA,NA,NA,NA,NA,NA
"323","14.04","No Comment","10.1594/PANGAEA.869122",14.04,2136.5,164.62,-1.8,2315.16,8.29987037022429,NA,NA,NA,NA,NA,NA
"324","14.05","No Comment","10.1594/PANGAEA.869122",14.05,2138.25,164.75,-1.8,2317.05,8.29985761258993,NA,NA,NA,NA,NA,NA
"325","14.06","No Comment","10.1594/PANGAEA.909063",14.06,2362.96,302.98,24.5,2680,8.0818871929109,NA,NA,NA,NA,NA,NA
"326","14.08","No Comment","10.1594/PANGAEA.849402",14.08,1825.26,148.58,15,1987.92,8.03963648647149,NA,NA,NA,NA,NA,NA
"328","14.1","No Comment","10.1594/PANGAEA.849402",14.1,1901.52,166,15,2081.62,8.07000805933684,NA,NA,NA,NA,NA,NA
"330","14.13","No Comment","10.1594/PANGAEA.949280",14.13,1862.25,158.87,15,2035.25,8.06000478153139,NA,NA,NA,NA,NA,NA
"331","14.14","No Comment","10.1594/PANGAEA.845818",14.14,2033.16,180.96,14,2228.26,8.09513290205113,0,0,0,0,0,0
"332","14.28","No Comment","10.1594/PANGAEA.869122",14.28,2123.475,159.89,-1.8,2297.645,8.2898648199348,0,0,0.0282842712474563,0.360624458405294,0.38890872965273,3.07081346197397e-06
"334","14.29","final","10.1594/PANGAEA.849339",17.74,1901.51,139.75,20,2059,7.91279995731904,0,0,0,0,0,0
"335","14.29","initial","10.1594/PANGAEA.849339",14.29,1910.61,175.09,20,2099.99,8.00863605069723,0,0,0,0,0,0
"336","14.3","No Comment","10.1594/PANGAEA.834251",14.3,2016.78,189.92,18,2221,8.05321304062543,NA,NA,NA,NA,NA,NA
"337","14.32","No Comment","10.1594/PANGAEA.861839",14.32,1962.22,171.47,14,2148.01,8.08716232124909,NA,NA,NA,NA,NA,NA
"338","14.33","No Comment","10.1594/PANGAEA.885410",14.33,1762.46,137.21,14,1914,8.03698836646915,NA,NA,NA,NA,NA,NA
"339","14.35","No Comment","10.1594/PANGAEA.846058",14.35,1941.52,170.03,15,2125.9,8.07138455509176,NA,NA,NA,NA,NA,NA
"340","14.35","No Comment","10.1594/PANGAEA.869122",14.35,2235.07,176.23,-1.8,2425.65,8.30987938192955,NA,NA,NA,NA,NA,NA
"341","14.36","No Comment","10.1594/PANGAEA.846058",14.36,1939.26,169.48,15,2123.1,8.07048328465634,NA,NA,NA,NA,NA,NA
"342","14.36","No Comment","10.1594/PANGAEA.849402",14.36,1892.8,161.47,15,2068.63,8.05998798692682,NA,NA,NA,NA,NA,NA
"344","14.38","No Comment","10.1594/PANGAEA.849402",14.38,1821.32,144.89,15,1980.59,8.02965302473115,NA,NA,NA,NA,NA,NA
"346","14.39","No Comment","10.1594/PANGAEA.849402",14.39,1859.47,153.385,15,2027.245,8.04482281592595,0,0,11.9571756698645,53.245140623347,65.2023162932114,0.0214523755856696
"348","14.4","No Comment","10.1594/PANGAEA.849402",14.4,1898.09,161.93,15,2074.42,8.06001138368874,NA,NA,NA,NA,NA,NA
"350","14.43","No Comment","10.1594/PANGAEA.869122",14.43,2145.57,161.56,-1.8,2321.56,8.28988182640806,NA,NA,NA,NA,NA,NA
"351","14.45","No Comment","10.1594/PANGAEA.869122",14.45,2099.55,154.49,-1.8,2268.49,8.27986482154277,NA,NA,NA,NA,NA,NA
"352","14.46","No Comment","10.1594/PANGAEA.846058",14.46,1929.46,166.58,15,2110.5,8.06518794712403,NA,NA,NA,NA,NA,NA
"353","14.47","No Comment","10.1594/PANGAEA.869122",14.47,2103.44,154.78,-1.8,2272.69,8.27987538393987,NA,NA,NA,NA,NA,NA
"354","14.56","No Comment","10.1594/PANGAEA.846058",14.56,1943.07,167.77,15,2125.4,8.06522672692317,NA,NA,NA,NA,NA,NA
"355","14.59","No Comment","10.1594/PANGAEA.869122",14.59,2120.93,156.06,-1.8,2291.58,8.27985593747574,NA,NA,NA,NA,NA,NA
"356","14.6","No Comment","10.1594/PANGAEA.887739",14.6,1966.43,183.09,20,2164.12,8.01553288791441,NA,NA,NA,NA,NA,NA
"357","14.62","No Comment","10.1594/PANGAEA.846058",14.62,1950.01,168.27,15,2132.9,8.06497072515616,NA,NA,NA,NA,NA,NA
"358","14.64","No Comment","10.1594/PANGAEA.846058",14.64,1947.95,165.51,15,2128.1,8.0582473024018,NA,NA,NA,NA,NA,NA
"359","14.67","No Comment","10.1594/PANGAEA.869122",14.67,2132.76,156.94,-1.8,2304.37,8.27988233136265,NA,NA,NA,NA,NA,NA
"360","14.72","No Comment","10.1594/PANGAEA.835214",14.72,1893.49,157.58,15,2065.79,8.04923894923443,NA,NA,NA,NA,NA,NA
"361","14.72","No Comment","10.1594/PANGAEA.861839",14.72,1936.78,162.5,14,2114,8.06949494492255,NA,NA,NA,NA,NA,NA
"362","14.73","No Comment","10.1594/PANGAEA.846058",14.73,1944.18,163.89,15,2122.8,8.05481685298851,NA,NA,NA,NA,NA,NA
"363","14.73","No Comment","10.1594/PANGAEA.869122",14.73,2141.06,157.55,-1.8,2313.34,8.27988023961764,NA,NA,NA,NA,NA,NA
"364","14.77","No Comment","10.1594/PANGAEA.834251",14.77,1926.97,173.26,20,2115,8.00037011112071,NA,NA,NA,NA,NA,NA
"365","14.8","No Comment","10.1594/PANGAEA.869122",14.8,2101.6,151.12,-1.8,2267.52,8.26986255516081,NA,NA,NA,NA,NA,NA
"366","14.81","No Comment","10.1594/PANGAEA.846058",14.81,1957.14,167.35,15,2139.3,8.06100469249363,NA,NA,NA,NA,NA,NA
"367","14.81","No Comment","10.1594/PANGAEA.849402",14.81,1833.1,142.5,15,1990.41,8.0196295758658,NA,NA,NA,NA,NA,NA
"369","14.82","No Comment","10.1594/PANGAEA.883475",14.82,2064.49,193.95,18,2273.26,8.05217786525476,0,0,0,0,0,0
"370","14.83","No Comment","10.1594/PANGAEA.846058",14.83,1946.48,163.08,15,2124.39,8.05215162599549,NA,NA,NA,NA,NA,NA
"371","14.85","No Comment","10.1594/PANGAEA.846058",14.85,1944.5,162.55,15,2121.9,8.05117989528364,NA,NA,NA,NA,NA,NA
"372","14.85","No Comment","10.1594/PANGAEA.849402",14.85,1837.32,142.83,15,1995,8.01963550258972,NA,NA,NA,NA,NA,NA
"374","14.86","No Comment","10.1594/PANGAEA.861839",14.86,1997.88,171.26,14,2184,8.0788084116899,NA,NA,NA,NA,NA,NA
"375","14.86","No Comment","10.1594/PANGAEA.887739",14.86,1972,180.86,20,2167.72,8.00898237035946,NA,NA,NA,NA,NA,NA
"376","14.91","No Comment","10.1594/PANGAEA.846058",14.91,1958.16,166.43,15,2139.5,8.05838430727534,NA,NA,NA,NA,NA,NA
"377","14.94","No Comment","10.1594/PANGAEA.846058",14.94,1937.125,162.53,15,2114.595,8.0527758725303,0,0,0.523259018078052,2.87792459942936,3.40118361750726,0.000752978974412708
"378","14.95","No Comment","10.1594/PANGAEA.849402",14.95,1876.38,164.73,20,2056.06,7.98999865765621,NA,NA,NA,NA,NA,NA
"379","14.95","No Comment","10.1594/PANGAEA.861839",14.95,1970.44,165.62,14,2151.01,8.07027143655077,NA,NA,NA,NA,NA,NA
"381","14.97","No Comment","10.1594/PANGAEA.861839",14.97,1942.37,160.66,14,2118,8.06329767223811,NA,NA,NA,NA,NA,NA
"382","14.98","No Comment","10.1594/PANGAEA.869122",14.98,2127.91,153.01,-1.8,2295.9,8.26985722965848,NA,NA,NA,NA,NA,NA
"383","1400","No Comment","10.1594/PANGAEA.973814",36.405,1765.13,66.47,27,1868.005,7.50994885606611,0,0.914696671033628,1.68698547711591,0.317679083353081,1.08996788943529,0.0109460535494108
"384","1400 µatm+[NO3]-","No Comment","10.1594/PANGAEA.956021",36.95,2180.41,96.13,25,2313.49,7.61027226926555,0,0,0,0,0,0
"385","1400 µatm-[NO3]-","No Comment","10.1594/PANGAEA.956021",38.64,2177.02,91.66,25,2307.32,7.59026892615796,0,0,0,0,0,0
"386","145.41","No Comment","10.1594/PANGAEA.883475",145.41,2457.9,25.52,12,2628.83,7.19571590476283,0,0,0,0,0,0
"387","149.58","No Comment","10.1594/PANGAEA.924611",149.58,2284.26,24.4,20,2458.24,7.07519104596221,NA,NA,NA,NA,NA,NA
"388","15","No Comment","10.1594/PANGAEA.826456",15,1899,153,17,2067,8.00195749898916,NA,NA,NA,NA,NA,NA
"389","15.01","No Comment","10.1594/PANGAEA.846058",15.01,1958.63,165.36,15,2139,8.05547893031906,NA,NA,NA,NA,NA,NA
"390","15.03","No Comment","10.1594/PANGAEA.869122",15.03,2135.13,153.53,-1.8,2303.69,8.26985959722892,NA,NA,NA,NA,NA,NA
"391","15.08","No Comment","10.1594/PANGAEA.846058",15.08,1937.29,161.02,15,2113.39,8.04868605453214,NA,NA,NA,NA,NA,NA
"392","15.11","No Comment","10.1594/PANGAEA.846058",15.11,1945.84,159.95,15,2120.9,8.04387798655631,NA,NA,NA,NA,NA,NA
"393","15.11","No Comment","10.1594/PANGAEA.869122",15.11,2247.32,169.22,-1.8,2431.65,8.28987744393253,NA,NA,NA,NA,NA,NA
"395","15.12","final","10.1594/PANGAEA.849339",15.35,1878.98,157.67,20,2052,7.97037366461907,0,0,0,0,0,0
"396","15.12","initial","10.1594/PANGAEA.849339",15.12,1905.25,164.63,20,2085,7.98310376234738,0,0,0,0,0,0
"397","15.13","No Comment","10.1594/PANGAEA.846058",15.13,1952.15,160.83,15,2128.11,8.04485474579239,NA,NA,NA,NA,NA,NA
"398","15.14","No Comment","10.1594/PANGAEA.869122",15.14,2053.03,140.98,-1.8,2209.15,8.24985288069085,NA,NA,NA,NA,NA,NA
"399","15.15","No Comment","10.1594/PANGAEA.846058",15.15,1945.42,161.62,15,2122.19,8.04848259501349,NA,NA,NA,NA,NA,NA
"400","15.17","No Comment","10.1594/PANGAEA.846058",15.17,1967.33,165.1,15,2147.6,8.05286924094041,0,0,0.707106781186548,4.24264068711928,4.94974746830583,0.000923468074007245
"401","15.18","No Comment","10.1594/PANGAEA.869122",15.18,2155.59,155,-1.8,2325.77,8.26985620800269,NA,NA,NA,NA,NA,NA
"402","15.2","No Comment","10.1594/PANGAEA.846058",15.2,1959.635,163.47,15,2138.305,8.05026323771422,0,0,0.424264068711945,2.82135605693433,3.24562012564636,0.000501883910271426
"403","15.21","No Comment","10.1594/PANGAEA.846058",15.21,1930.47,158.52,15,2104.2,8.0434218756325,NA,NA,NA,NA,NA,NA
"404","15.21","No Comment","10.1594/PANGAEA.949280",15.21,1823.4,152.87,20,1991.48,7.96998706957305,NA,NA,NA,NA,NA,NA
"405","15.23","No Comment","10.1594/PANGAEA.869122",15.23,2163.14,155.55,-1.8,2333.92,8.26987605726513,NA,NA,NA,NA,NA,NA
"406","15.28","No Comment","10.1594/PANGAEA.835214",15.28,1910.03,166.99,20,2092.3,7.98819703059737,NA,NA,NA,NA,NA,NA
"407","15.29","No Comment","10.1594/PANGAEA.846058",15.29,1952.11,161.3,15,2128.7,8.04613095012082,NA,NA,NA,NA,NA,NA
"408","15.3","No Comment","10.1594/PANGAEA.846058",15.3,1953.13,159.17,15,2127.6,8.04013093439562,NA,NA,NA,NA,NA,NA
"409","15.31","No Comment","10.1594/PANGAEA.869122",15.31,2124.69,149.3,-1.8,2289.3,8.25985490388633,NA,NA,NA,NA,NA,NA
"410","15.32","No Comment","10.1594/PANGAEA.835214",15.32,1958.95,150.93,10,2125.2,8.10014796212801,NA,NA,NA,NA,NA,NA
"411","15.33","No Comment","10.1594/PANGAEA.726883",15.33,1879.61,142.66,15,2037.6,8.00923534170623,NA,NA,NA,NA,NA,NA
"412","15.33","No Comment","10.1594/PANGAEA.867566",15.33,1888,162.67,20,2066,7.98185223116638,0,0,0,0,0,0
"413","15.34","No Comment","10.1594/PANGAEA.846058",15.34,1926.02,156.43,15,2097.79,8.03866012166559,NA,NA,NA,NA,NA,NA
"414","15.34","No Comment","10.1594/PANGAEA.869122",15.34,2129,149.61,-1.8,2293.95,8.25987563152474,NA,NA,NA,NA,NA,NA
"415","15.36","No Comment","10.1594/PANGAEA.726883",15.36,1814.2,132.61,15,1962.17,7.99289198138469,NA,NA,NA,NA,NA,NA
"416","15.4","No Comment","10.1594/PANGAEA.846058",15.4,1942.365,158.535,15,2116.3,8.04077803193215,0,0,2.31223917448,14.3754808615225,16.6877200360025,0.00312017539989076
"417","15.41","No Comment","10.1594/PANGAEA.846058",15.41,1962.39,161.7,15,2139.5,8.04492556672697,NA,NA,NA,NA,NA,NA
"418","15.42","No Comment","10.1594/PANGAEA.887739",15.42,1992.91,178.02,20,2186.35,7.99752786479562,NA,NA,NA,NA,NA,NA
"419","15.44","No Comment","10.1594/PANGAEA.846058",15.44,1963.79,161.68,15,2140.91,8.04456212525677,NA,NA,NA,NA,NA,NA
"420","15.44","No Comment","10.1594/PANGAEA.869122",15.44,2143.6,150.63,-1.8,2309.67,8.25985839774748,NA,NA,NA,NA,NA,NA
"421","15.46","No Comment","10.1594/PANGAEA.726883",15.46,1849.97,137.075,15,2002.505,7.99846969990178,0,0,8.63377379828775,57.9120453791783,66.5458191774659,0.0137749658633898
"422","15.46","No Comment","10.1594/PANGAEA.846058",15.46,1949.8,157.04,15,2122.3,8.03502108947261,NA,NA,NA,NA,NA,NA
"423","15.52","No Comment","10.1594/PANGAEA.846058",15.52,1951.07,156.61,15,2123.2,8.0335475073145,NA,NA,NA,NA,NA,NA
"424","15.53","No Comment","10.1594/PANGAEA.846058",15.53,1954.13,159.15,15,2128.81,8.03985405977401,NA,NA,NA,NA,NA,NA
"425","15.57","No Comment","10.1594/PANGAEA.846058",15.57,1929.16,154.67,15,2099.4,8.03303870596211,NA,NA,NA,NA,NA,NA
"426","15.59","No Comment","10.1594/PANGAEA.846058",15.59,1951.03,157.97,15,2124.59,8.03731153971014,NA,NA,NA,NA,NA,NA
"427","15.61","No Comment","10.1594/PANGAEA.846058",15.61,1952.7,158.09,15,2126.4,8.03726974213016,NA,NA,NA,NA,NA,NA
"428","15.64","No Comment","10.1594/PANGAEA.846058",15.64,1933.78,154.68,15,2104.1,8.03202796808061,NA,NA,NA,NA,NA,NA
"429","15.65","No Comment","10.1594/PANGAEA.846058",15.65,1931.25,154.2,15,2101.1,8.031246745881,NA,NA,NA,NA,NA,NA
"430","15.67","No Comment","10.1594/PANGAEA.869122",15.67,2124.83,145.92,-1.8,2286.42,8.24988130157142,NA,NA,NA,NA,NA,NA
"431","15.7","No Comment","10.1594/PANGAEA.943274",15.7,1914.08,146.22,16.98,2076,7.97916830629629,NA,NA,NA,NA,NA,NA
"432","15.71","No Comment","10.1594/PANGAEA.869122",15.71,2131.14,146.35,-1.8,2293.2,8.24987141623582,NA,NA,NA,NA,NA,NA
"433","15.72","No Comment","10.1594/PANGAEA.834251",15.72,1864.95,168.33,25,2049,7.92144582283381,NA,NA,NA,NA,NA,NA
"434","15.81","No Comment","10.1594/PANGAEA.846058",15.81,1951.16,155.84,15,2122.81,8.03138692438101,NA,NA,NA,NA,NA,NA
"435","15.84","No Comment","10.1594/PANGAEA.949280",15.84,1861.19,141.51,15,2018.54,8.00999728945652,NA,NA,NA,NA,NA,NA
"436","15.85","No Comment","10.1594/PANGAEA.846058",15.85,1932.41,152.44,15,2100.7,8.0260005327907,NA,NA,NA,NA,NA,NA
"437","15.87","No Comment","10.1594/PANGAEA.846058",15.87,1949.41,154.91,15,2120.19,8.0291771333169,NA,NA,NA,NA,NA,NA
"438","15.87","No Comment","10.1594/PANGAEA.943274",15.87,1915.13,145.09,17.13,2076.09,7.97308223278851,NA,NA,NA,NA,NA,NA
"439","15.88","No Comment","10.1594/PANGAEA.834251",15.88,1998.28,167.83,18,2181.99,8.00351411775193,NA,NA,NA,NA,NA,NA
"440","15.89","No Comment","10.1594/PANGAEA.846058",15.89,1953.05,155.36,15,2124.3,8.02962671970305,NA,NA,NA,NA,NA,NA
"441","15.91","No Comment","10.1594/PANGAEA.846058",15.91,1964.17,156.92,15,2137,8.03150009488716,NA,NA,NA,NA,NA,NA
"442","15.92","No Comment","10.1594/PANGAEA.846058",15.92,1950.08,154.6,15,2120.6,8.02815793031072,NA,NA,NA,NA,NA,NA
"443","15.93","No Comment","10.1594/PANGAEA.869122",15.93,2161.15,148.41,-1.8,2325.49,8.249868923889,NA,NA,NA,NA,NA,NA
"444","15.94","No Comment","10.1594/PANGAEA.846058",15.94,1951,154.56,15,2121.5,8.02784070861187,NA,NA,NA,NA,NA,NA
"445","15.95","No Comment","10.1594/PANGAEA.869122",15.95,2113.84,141.86,-1.8,2271.65,8.23987851378035,NA,NA,NA,NA,NA,NA
"446","15.96","No Comment","10.1594/PANGAEA.869122",15.96,2164.15,148.62,-1.8,2328.73,8.24988056801165,NA,NA,NA,NA,NA,NA
"447","15.99","No Comment","10.1594/PANGAEA.846058",15.99,1953.76,154.45,15,2124.2,8.02691756767446,NA,NA,NA,NA,NA,NA
"448","150 µatm CO2","No Comment","10.1594/PANGAEA.777430",3.68,1432.6,431.02,25,1867.3,8.44432396786237,0,0,0,0,0,0
"449","1514.23","No Comment","10.1594/PANGAEA.835394",1514.23,1878.4,359.17,28,3751.8,8.19996632615699,0,0,0,0,0,0
"450","1523.96","No Comment","10.1594/PANGAEA.835394",1523.96,1906,377.21,28,3807.17,8.21491465230474,0,0,0,0,0,0
"451","16.01","No Comment","10.1594/PANGAEA.869122",16.01,2171.7,149.13,-1.8,2336.84,8.24985585653559,NA,NA,NA,NA,NA,NA
"452","16.04","No Comment","10.1594/PANGAEA.846058",16.04,1944.31,152.55,15,2112.9,8.02364757106592,NA,NA,NA,NA,NA,NA
"453","16.04","No Comment","10.1594/PANGAEA.869122",16.04,2125.8,142.66,-1.8,2284.5,8.23987048699288,NA,NA,NA,NA,NA,NA
"454","16.05","No Comment","10.1594/PANGAEA.846058",16.05,1955.95,152.2,15,2124.2,8.02005777265703,NA,NA,NA,NA,NA,NA
"455","16.06","No Comment","10.1594/PANGAEA.869122",16.06,2128.5,142.84,-1.8,2287.4,8.23986685703263,NA,NA,NA,NA,NA,NA
"456","16.07","No Comment","10.1594/PANGAEA.846058",16.07,1960.73,154.8,15,2131.6,8.02635403150355,NA,NA,NA,NA,NA,NA
"457","16.09","No Comment","10.1594/PANGAEA.846058",16.09,1953.27,153.43,15,2122.79,8.02414887412595,NA,NA,NA,NA,NA,NA
"458","16.1","No Comment","10.1594/PANGAEA.846058",16.1,1949.58,152.72,15,2118.4,8.02295572338304,NA,NA,NA,NA,NA,NA
"459","16.22","No Comment","10.1594/PANGAEA.846058",16.22,1944.03,150.75,15,2111,8.01855522713328,NA,NA,NA,NA,NA,NA
"460","16.22","No Comment","10.1594/PANGAEA.869122",16.22,2250.9,158.17,-1.8,2425.29,8.25985858347854,NA,NA,NA,NA,NA,NA
"461","16.23","No Comment","10.1594/PANGAEA.846058",16.23,1952.42,151.94,15,2120.59,8.02009974321465,NA,NA,NA,NA,NA,NA
"462","16.25","No Comment","10.1594/PANGAEA.846058",16.25,1957.06,152.49,15,2125.8,8.02063809279414,NA,NA,NA,NA,NA,NA
"463","16.25","No Comment","10.1594/PANGAEA.869122",16.25,2104.75,138.03,-1.8,2259.03,8.22986363981803,NA,NA,NA,NA,NA,NA
"464","16.29","No Comment","10.1594/PANGAEA.869122",16.29,2159.61,144.93,-1.8,2320.83,8.23987363246029,0,0,0,0.0282842712474362,0.0282842712474362,5.68792649057495e-06
"465","16.33","No Comment","10.1594/PANGAEA.835214",16.33,1829.57,155.9,25,2001.8,7.89644857690236,NA,NA,NA,NA,NA,NA
"466","16.35","No Comment","10.1594/PANGAEA.835431",16.35,1951.09,182.56,28,2150,7.88958267510975,0,0,0,0,0,0
"467","16.36","No Comment","10.1594/PANGAEA.846058",16.36,1963.22,150.42,15,2130,8.01333748356353,NA,NA,NA,NA,NA,NA
"468","16.43","No Comment","10.1594/PANGAEA.846058",16.43,1959.27,151.2,15,2126.9,8.01645836003658,0,0,0.0565685424949326,0.367695526216992,0.424264068711864,8.09789503992932e-05
"469","16.44","No Comment","10.1594/PANGAEA.846058",16.44,1953.66,148.19,15,2118.29,8.00897078229005,NA,NA,NA,NA,NA,NA
"470","16.46","No Comment","10.1594/PANGAEA.846058",16.46,1956.65,148.49,15,2121.6,8.00918492894318,NA,NA,NA,NA,NA,NA
"471","16.47","No Comment","10.1594/PANGAEA.726883",16.47,1875.31,132.15,15,2023.93,7.97699496691972,NA,NA,NA,NA,NA,NA
"472","16.47","No Comment","10.1594/PANGAEA.869122",16.47,2183.6,146.54,-1.8,2346.61,8.23987377159411,NA,NA,NA,NA,NA,NA
"473","16.48","No Comment","10.1594/PANGAEA.849402",16.48,1860.32,131.89,15,2008.69,7.97962508207047,NA,NA,NA,NA,NA,NA
"475","16.5","No Comment","10.1594/PANGAEA.846058",16.5,1959.14,148.56,15,2124.2,8.00883728791138,NA,NA,NA,NA,NA,NA
"476","16.51","No Comment","10.1594/PANGAEA.846058",16.51,1957.77,150.22,15,2124.5,8.01396633362325,0,0,0.410121933088186,2.55972654789522,2.96984848098337,0.000617859692513913
"477","16.54","No Comment","10.1594/PANGAEA.846058",16.54,1947.645,148.415,15,2112.6,8.01095053574067,0,0,2.24152849636135,14.9977348289667,17.2392633253281,0.00321515377285536
"478","16.62","No Comment","10.1594/PANGAEA.869122",16.62,2152.52,141.16,-1.8,2310.3,8.22985512434952,NA,NA,NA,NA,NA,NA
"479","16.69","No Comment","10.1594/PANGAEA.846058",16.69,1965.63,149.77,15,2132.09,8.0109239268777,NA,NA,NA,NA,NA,NA
"480","16.76","No Comment","10.1594/PANGAEA.869122",16.76,2170.88,142.37,-1.8,2330.01,8.22987333749419,NA,NA,NA,NA,NA,NA
"481","16.78","No Comment","10.1594/PANGAEA.846058",16.78,1962.57,148.55,15,2127.9,8.00804836917504,NA,NA,NA,NA,NA,NA
"482","16.82","No Comment","10.1594/PANGAEA.943274",16.82,1920.78,144.3,17.17,2081.9,7.96877104706886,NA,NA,NA,NA,NA,NA
"483","16.83","No Comment","10.1594/PANGAEA.846058",16.83,1967.34,148.83,15,2133,8.00781192856323,NA,NA,NA,NA,NA,NA
"484","16.83","No Comment","10.1594/PANGAEA.869122",16.83,2179.39,142.93,-1.8,2339.15,8.22987910990423,NA,NA,NA,NA,NA,NA
"485","16.84","No Comment","10.1594/PANGAEA.943274",16.84,1929.51,138.54,17,2084.89,7.95191918249423,NA,NA,NA,NA,NA,NA
"486","16.86","No Comment","10.1594/PANGAEA.846058",16.86,1952.71,146.33,15,2115.9,8.0036964912044,NA,NA,NA,NA,NA,NA
"487","16.86","No Comment","10.1594/PANGAEA.869122",16.86,2085.3,130.6,-1.8,2232.76,8.2098653037348,NA,NA,NA,NA,NA,NA
"488","16.89","No Comment","10.1594/PANGAEA.835214",16.89,1943.26,144.65,15,2104.8,8.00078839565986,NA,NA,NA,NA,NA,NA
"489","16.89","No Comment","10.1594/PANGAEA.869122",16.89,2187.89,143.48,-1.8,2348.26,8.22985655473408,NA,NA,NA,NA,NA,NA
"490","16.9","No Comment","10.1594/PANGAEA.834251",16.9,1898.82,149.28,20,2065,7.94206458342971,NA,NA,NA,NA,NA,NA
"491","16.9","No Comment","10.1594/PANGAEA.835214",16.9,1899.3,149.3,20,2065.5,7.94201299394337,NA,NA,NA,NA,NA,NA
"492","16.92","No Comment","10.1594/PANGAEA.846058",16.92,1948.15,145.13,15,2110.2,8.00113567137469,NA,NA,NA,NA,NA,NA
"493","16.94","No Comment","10.1594/PANGAEA.887739",16.94,2004.09,163.91,20,2184.94,7.95923498374909,NA,NA,NA,NA,NA,NA
"494","16.95","No Comment","10.1594/PANGAEA.846058",16.95,1952.19,145.46,15,2114.6,8.00122236838074,NA,NA,NA,NA,NA,NA
"495","16.96","No Comment","10.1594/PANGAEA.726883",16.96,1884.26,129.58,15,2030.8,7.96639801574001,NA,NA,NA,NA,NA,NA
"496","16.99","No Comment","10.1594/PANGAEA.869122",16.99,2150.45,137.82,-1.8,2305.26,8.2198735663544,NA,NA,NA,NA,NA,NA
"497","1600","No Comment","10.1594/PANGAEA.907928",54.2033333333333,2211.03,63.0966666666667,20,2328.33,7.50197524039382,0,1.36269341134876,0.415852537966686,27.8590721309953,29.2383361359704,0.00576416983744119
"498","164.81","No Comment","10.1594/PANGAEA.883475",164.81,2446.97,22.47,12,2634.25,7.14237387180404,0,0,0,0,0,0
"499","17.02","No Comment","10.1594/PANGAEA.869122",17.02,2154.9,138.1,-1.8,2310.02,8.21985722745071,NA,NA,NA,NA,NA,NA
"500","17.03","No Comment","10.1594/PANGAEA.726883",17.03,1901.53,131.42,15,2049.98,7.968559150224,NA,NA,NA,NA,NA,NA
"501","17.06","No Comment","10.1594/PANGAEA.869122",17.06,2158.89,138.36,-1.8,2314.31,8.21987070868948,NA,NA,NA,NA,NA,NA
"502","17.14","No Comment","10.1594/PANGAEA.943274",17.14,1925.69,142.57,17.25,2085.4,7.9611031399296,NA,NA,NA,NA,NA,NA
"503","17.19","No Comment","10.1594/PANGAEA.846058",17.19,1959.31,144.49,15,2120.99,7.99673550495151,NA,NA,NA,NA,NA,NA
"504","17.19","No Comment","10.1594/PANGAEA.943274",17.19,1927.57,142.04,17.1,2086.8,7.9615390995712,NA,NA,NA,NA,NA,NA
"505","17.2","No Comment","10.1594/PANGAEA.943274",17.2,1895.22,137.68,17.1,2050.1,7.95534982095143,NA,NA,NA,NA,NA,NA
"506","17.22","No Comment","10.1594/PANGAEA.849402",17.22,1932.12,140.29,15,2089.63,7.98999348810288,NA,NA,NA,NA,NA,NA
"508","17.27","No Comment","10.1594/PANGAEA.834251",17.27,1901.17,137.57,17,2056.01,7.9552938175722,NA,NA,NA,NA,NA,NA
"509","17.27","No Comment","10.1594/PANGAEA.869122",17.27,2135.71,133.76,-1.8,2286.74,8.20987464896861,NA,NA,NA,NA,NA,NA
"510","17.29","No Comment","10.1594/PANGAEA.869122",17.29,2188.9,140.28,-1.8,2346.47,8.21986050597732,NA,NA,NA,NA,NA,NA
"511","17.3","No Comment","10.1594/PANGAEA.869122",17.3,2090.8,127.96,-1.8,2236.06,8.1998524100114,NA,NA,NA,NA,NA,NA
"512","17.33","No Comment","10.1594/PANGAEA.834251",17.33,1986.54,135.13,10,2139,8.04605020388358,NA,NA,NA,NA,NA,NA
"513","17.33","No Comment","10.1594/PANGAEA.891195",17.33,1957.68,168.19,25,2143.2,7.9000099586674,0,0,0,0,0,0
"514","17.35","No Comment","10.1594/PANGAEA.869122",17.35,2196.66,140.78,-1.8,2354.79,8.21986878906084,NA,NA,NA,NA,NA,NA
"515","17.42","No Comment","10.1594/PANGAEA.846058",17.42,1953.52,141.76,15,2112.7,7.98973671161811,NA,NA,NA,NA,NA,NA
"516","17.43","No Comment","10.1594/PANGAEA.835431",17.43,1941.06,169.5,28,2127.99,7.85958509354503,0,0,0,0,0,0
"517","17.43","No Comment","10.1594/PANGAEA.869122",17.43,2156.28,135.05,-1.8,2308.76,8.20988010381519,NA,NA,NA,NA,NA,NA
"518","17.51","No Comment","10.1594/PANGAEA.869122",17.51,2165.81,135.64,-1.8,2318.96,8.20985809651995,NA,NA,NA,NA,NA,NA
"519","17.54","No Comment","10.1594/PANGAEA.726883",17.54,1918.23,129.8,15,2065.57,7.95937488257812,NA,NA,NA,NA,NA,NA
"520","17.55","No Comment","10.1594/PANGAEA.869122",17.55,2170.83,135.96,-1.8,2324.34,8.20987601121159,NA,NA,NA,NA,NA,NA
"521","17.58","No Comment","10.1594/PANGAEA.726883",17.58,1912.87,128.77,15,2059.22,7.95713010855978,NA,NA,NA,NA,NA,NA
"522","17.63","No Comment","10.1594/PANGAEA.846058",17.63,1961.68,139.4,15,2118.71,7.98063547837307,NA,NA,NA,NA,NA,NA
"523","17.64","No Comment","10.1594/PANGAEA.869122",17.64,2084.32,124.66,-1.8,2226.62,8.18985339678007,NA,NA,NA,NA,NA,NA
"524","17.68","No Comment","10.1594/PANGAEA.869122",17.68,2088.97,124.94,-1.8,2231.59,8.18985996857576,NA,NA,NA,NA,NA,NA
"525","17.72","No Comment","10.1594/PANGAEA.869122",17.72,2092.78,125.17,-1.8,2235.67,8.18986734600014,NA,NA,NA,NA,NA,NA
"526","17.72","No Comment","10.1594/PANGAEA.943274",17.72,1899.57,134.81,17.37,2052.1,7.94074762202342,NA,NA,NA,NA,NA,NA
"527","17.74","No Comment","10.1594/PANGAEA.726883",17.74,1918.88,128.47,15,2065.09,7.95475477672036,NA,NA,NA,NA,NA,NA
"528","17.75","No Comment","10.1594/PANGAEA.836367",17.75,1983.02,157.26,20,2158.03,7.94583793143019,NA,NA,NA,NA,NA,NA
"529","17.75","No Comment","10.1594/PANGAEA.960341",17.75,1958.8,137.81,16,2114.36,7.95964811727986,0,0,0,0,0,0
"530","17.8","Mean","10.1594/PANGAEA.733912",17.8,1889.4,143.3,19,2050.5,7.9428086003865,0,0,0,0,0,0
"531","17.85","No Comment","10.1594/PANGAEA.869122",17.85,2208.14,138.29,-1.8,2364.28,8.20985484167834,NA,NA,NA,NA,NA,NA
"532","17.86","No Comment","10.1594/PANGAEA.869122",17.86,2159.49,132.17,-1.8,2309.52,8.19987236273272,NA,NA,NA,NA,NA,NA
"533","17.86","No Comment","10.1594/PANGAEA.949913",17.86,1774.63,112.51,17,1905,7.89787433863048,NA,NA,NA,NA,NA,NA
"534","17.93","No Comment","10.1594/PANGAEA.949280",17.93,1828.95,130.51,20,1977.39,7.89998871127242,NA,NA,NA,NA,NA,NA
"535","171.03","No Comment","10.1594/PANGAEA.835214",171.03,2267.15,21.02,20,2459.2,7.01369921112567,NA,NA,NA,NA,NA,NA
"536","174.85","No Comment","10.1594/PANGAEA.835214",174.85,2265.65,19,15,2459.5,7.05256164944818,NA,NA,NA,NA,NA,NA
"537","175.62","No Comment","10.1594/PANGAEA.835214",175.62,2303.29,18.2,10,2497.11,7.11111850726548,NA,NA,NA,NA,NA,NA
"539","18-1000","day 1","10.1594/PANGAEA.966813",24.46,2133.94,121.715,18,2280.115,7.83546277196028,0,0.0527046276694737,0.247711750046522,4.36394317103223,4.66435954874831,4.27274350471757e-06
"540","18-1000","day 2","10.1594/PANGAEA.966813",28.225,2159.96,107.37,18,2295.555,7.77570791290254,0,0.384743781987153,1.33869754280462,2.10818510677892,1.15423134596149,0.00583895448672964
"542","18-400","day 1","10.1594/PANGAEA.966813",10.81,1897.8,217.505,18,2126.115,8.13835429435285,0,0.52704627669473,6.73038095339169,20.0593812910014,13.8560466143044,0.0180330465582882
"543","18-400","day 2","10.1594/PANGAEA.966813",11.34,1913.45,210.495,18,2135.285,8.12018345205088,0,1.02246977678778,11.6635341032544,33.1828335807002,22.5417692542336,0.0316186373362616
"544","18.02","No Comment","10.1594/PANGAEA.869122",18.02,2178.78,133.35,-1.8,2330.15,8.19987031001561,NA,NA,NA,NA,NA,NA
"545","18.05","No Comment","10.1594/PANGAEA.943274",18.05,1901.16,133.09,17.62,2052.3,7.93068494171586,NA,NA,NA,NA,NA,NA
"546","18.12","No Comment","10.1594/PANGAEA.869122",18.12,2091.835,122.27,-1.8,2232.225,8.17988315762038,0,0,0.0424264068711945,0.742462120246004,0.784888527117479,3.44999201793037e-06
"547","18.13","No Comment","10.1594/PANGAEA.726883",18.13,1926.88,126.77,15,2071.78,7.94716269025422,NA,NA,NA,NA,NA,NA
"548","18.14","No Comment","10.1594/PANGAEA.869122",18.14,2093.77,122.38,-1.8,2234.29,8.17987214603996,NA,NA,NA,NA,NA,NA
"549","18.16","No Comment","10.1594/PANGAEA.836367",18.16,1986.23,154.29,20,2158.68,7.93685499631607,NA,NA,NA,NA,NA,NA
"550","18.21","Mean","10.1594/PANGAEA.733912",18.21,1903.1,140.695,19,2062.005,7.93170337556172,0,0,0,0,0,0
"551","18.21","No Comment","10.1594/PANGAEA.869122",18.21,2102.25,122.875,-1.8,2243.335,8.17986983806919,0,0,0.0212132034355972,0.254558441226926,0.275771644662342,2.23887270814763e-05
"552","18.22","No Comment","10.1594/PANGAEA.849402",18.22,1952.06,135.36,15,2105.64,7.96999805228878,NA,NA,NA,NA,NA,NA
"553","18.22","No Comment","10.1594/PANGAEA.887739",18.22,2030.61,156.48,20,2205.31,7.93337907131061,NA,NA,NA,NA,NA,NA
"554","18.22","No Comment","10.1594/PANGAEA.960341",18.22,1964.52,135.06,16,2117.8,7.94962777074125,0,0,0,0,0,0
"556","18.24","No Comment","10.1594/PANGAEA.869122",18.24,2154.71,128.87,-1.8,2301.82,8.18985367132025,NA,NA,NA,NA,NA,NA
"557","18.32","No Comment","10.1594/PANGAEA.949913",18.32,1804.29,113.39,17,1936,7.89405944608521,NA,NA,NA,NA,NA,NA
"558","18.35","No Comment","10.1594/PANGAEA.892370",18.35,1939.17,108.14,2,2065.66,8.09905458128742,NA,NA,NA,NA,NA,NA
"559","18.35, Temp2","No Comment","10.1594/PANGAEA.892370",18.35,1939.17,108.14,2.2,2065.66,8.09550604300203,NA,NA,NA,NA,NA,NA
"560","18.37","No Comment","10.1594/PANGAEA.887739",18.37,2053.47,158.7,20,2230.54,7.9346353187676,NA,NA,NA,NA,NA,NA
"561","18.42","No Comment","10.1594/PANGAEA.869122",18.42,2175.57,130.12,-1.8,2324.11,8.1898616631497,NA,NA,NA,NA,NA,NA
"562","18.42","No Comment","10.1594/PANGAEA.887739",18.42,2021.54,153.37,20,2193.33,7.92660483294036,NA,NA,NA,NA,NA,NA
"563","18.44","No Comment","10.1594/PANGAEA.869122",18.44,2178.19,130.28,-1.8,2326.91,8.18987266003871,NA,NA,NA,NA,NA,NA
"564","18.46","No Comment","10.1594/PANGAEA.869122",18.46,2181.12,130.45,-1.8,2330.03,8.18985519338273,NA,NA,NA,NA,NA,NA
"565","18.47","No Comment","10.1594/PANGAEA.869122",18.47,2132.43,124.64,-1.8,2275.54,8.17987332660433,NA,NA,NA,NA,NA,NA
"566","18.5","No Comment","10.1594/PANGAEA.869122",18.5,2087.15,119.22,-1.8,2224.87,8.16988612530914,NA,NA,NA,NA,NA,NA
"567","18.57","Mean","10.1594/PANGAEA.733912",18.57,1907.96,137.47,19,2064,7.92052498811098,0,0,0,0,0,0
"568","18.59","No Comment","10.1594/PANGAEA.869122",18.59,2097.7,119.82,-1.8,2236.11,8.16987660707516,NA,NA,NA,NA,NA,NA
"569","18.6","No Comment","10.1594/PANGAEA.869122",18.6,2098.09,119.84,-1.8,2236.53,8.16986835655863,NA,NA,NA,NA,NA,NA
"570","18.61","No Comment","10.1594/PANGAEA.869122",18.61,2099.92,119.94,-1.8,2238.47,8.16985196465972,NA,NA,NA,NA,NA,NA
"571","18.64","No Comment","10.1594/PANGAEA.869122",18.64,2136.04333333333,123.986666666667,-1.8,2278.67,8.17654356773226,0,0,6.71459107714933,57.6228447174672,64.337420681902,0.0115467802751308
"572","18.67","No Comment","10.1594/PANGAEA.869122",18.67,2205.43,131.905,-1.8,2356.005,8.1898586508315,0,0,0.0212132034355972,0.38183766184071,0.403050865276448,5.34764812584619e-06
"573","18.67","No Comment","10.1594/PANGAEA.960341",18.67,1967.49,132.19,16,2118.35,7.93964354880843,0,0,0,0,0,0
"574","18.69","No Comment","10.1594/PANGAEA.869122",18.69,2107.97,120.4,-1.8,2247.06,8.16985273111183,NA,NA,NA,NA,NA,NA
"575","18.7","No Comment","10.1594/PANGAEA.835214",18.7,1963.75,144.25,20,2126.7,7.91257637823922,NA,NA,NA,NA,NA,NA
"576","18.72","No Comment","10.1594/PANGAEA.869122",18.72,2211.47,132.27,-1.8,2362.46,8.18987097130688,NA,NA,NA,NA,NA,NA
"577","18.8","No Comment","10.1594/PANGAEA.869122",18.8,2195.96,129.865,-1.8,2344.625,8.18487268076935,0,0,4.20728534805996,35.4543340086937,39.6616193567539,0.00706036429588946
"578","18.81","No Comment","10.1594/PANGAEA.869122",18.81,2171.93,126.95,-1.8,2317.69,8.17987755114285,NA,NA,NA,NA,NA,NA
"579","18.86","No Comment","10.1594/PANGAEA.869122",18.86,2177.69,127.28,-1.8,2323.83,8.17985477982577,NA,NA,NA,NA,NA,NA
"580","18.94","No Comment","10.1594/PANGAEA.892370",18.94,1973.98,108.57,2,2101.49,8.09305118948066,NA,NA,NA,NA,NA,NA
"581","18.94, Temp2","No Comment","10.1594/PANGAEA.892370",18.94,1973.98,108.57,2.2,2101.49,8.08950265119527,NA,NA,NA,NA,NA,NA
"582","18.97","No Comment","10.1594/PANGAEA.869122",18.97,2189.75,127.99,-1.8,2336.71,8.17987217407657,NA,NA,NA,NA,NA,NA
"583","18.98","No Comment","10.1594/PANGAEA.836367",18.98,2001.33,149.84,20,2170.15,7.9208558133176,NA,NA,NA,NA,NA,NA
"584","180","No Comment","10.1594/PANGAEA.973814",4.585,1500.745,382.175,27,1887.505,8.3399326866391,0,0.290292955477738,14.6406239621131,18.1898661347465,3.83953512811108,0.0219081464001393
"586","184.52","No Comment","10.1594/PANGAEA.758212",184.52,20025.74,1370.35,20,21580.61,7.88178968529618,NA,NA,NA,NA,NA,NA
"587","19.04","No Comment","10.1594/PANGAEA.869122",19.04,2197.93,128.47,-1.8,2345.44,8.17987853731429,NA,NA,NA,NA,NA,NA
"588","19.05","No Comment","10.1594/PANGAEA.835214",19.05,1890.51,142.74,25,2052.3,7.84391820559739,NA,NA,NA,NA,NA,NA
"589","19.2","No Comment","10.1594/PANGAEA.861380",19.2,2203.2,163.7,15,2386.1,7.99999562543407,0,0,0,0,0,0
"590","19.2","No Comment","10.1594/PANGAEA.920269",19.2,2203.2,163.7,15,2386.1,7.99999562543407,0,0,0,0,0,0
"591","19.25","No Comment","10.1594/PANGAEA.869122",19.25,2222.76,129.92,-1.8,2371.93,8.17987410914782,NA,NA,NA,NA,NA,NA
"592","19.29","No Comment","10.1594/PANGAEA.869122",19.29,2175.85,124.28,-1.8,2319.42,8.16986296219292,NA,NA,NA,NA,NA,NA
"593","19.33","No Comment","10.1594/PANGAEA.869122",19.33,2206.355,127.51,-1.8,2353.195,8.17487347061859,0,0,4.14364573775317,35.8291006027224,39.9727463404757,0.00706275526545023
"594","19.4","No Comment","10.1594/PANGAEA.887739",19.4,2042.15,148.63,20,2210.18,7.90856559353157,NA,NA,NA,NA,NA,NA
"595","19.43","No Comment","10.1594/PANGAEA.869122",19.43,2192.48,125.23,-1.8,2337.14,8.1698634102239,NA,NA,NA,NA,NA,NA
"596","19.44","No Comment","10.1594/PANGAEA.834251",19.44,2005.73,122.83,10,2148,8.00042772282918,NA,NA,NA,NA,NA,NA
"597","19.45","No Comment","10.1594/PANGAEA.869122",19.45,2194.23,125.33,-1.8,2339.01,8.16986356116137,NA,NA,NA,NA,NA,NA
"598","19.5","No Comment","10.1594/PANGAEA.869122",19.5,2199.82,125.65,-1.8,2344.97,8.16986601677002,NA,NA,NA,NA,NA,NA
"599","19.52","No Comment","10.1594/PANGAEA.869122",19.52,2202.01,125.78,-1.8,2347.31,8.16988297351346,NA,NA,NA,NA,NA,NA
"600","19.53","No Comment","10.1594/PANGAEA.892370",19.53,1963.99,109.52,6,2093.04,8.02872155675443,NA,NA,NA,NA,NA,NA
"601","19.53, Temp2","No Comment","10.1594/PANGAEA.892370",19.53,1963.99,109.52,6.3,2093.04,8.02350262846013,NA,NA,NA,NA,NA,NA
"602","19.57","No Comment","10.1594/PANGAEA.887739",19.57,2042.92,147.46,20,2209.95,7.9049696238742,NA,NA,NA,NA,NA,NA
"603","19.62","No Comment","10.1594/PANGAEA.869122",19.62,2162.95,120.73,-1.8,2303.3,8.15985939050398,NA,NA,NA,NA,NA,NA
"604","19.63","No Comment","10.1594/PANGAEA.726883",19.63,1912.25,115.26,15,2047.14,7.90913481458598,NA,NA,NA,NA,NA,NA
"605","19.63","No Comment","10.1594/PANGAEA.869122",19.63,2214.72,126.5,-1.8,2360.85,8.16986236797622,NA,NA,NA,NA,NA,NA
"606","19.68","No Comment","10.1594/PANGAEA.861255",19.68,3521.32,395.68,15,3936.68,8.17963947457205,0,0,0,0,0,0
"607","19.68","No Comment","10.1594/PANGAEA.869122",19.68,2220.76,126.85,-1.8,2367.29,8.16987951518543,NA,NA,NA,NA,NA,NA
"608","19.77","No Comment","10.1594/PANGAEA.892370",19.77,2004,107.22,2,2130.99,8.08106218551148,NA,NA,NA,NA,NA,NA
"609","19.77, Temp2","No Comment","10.1594/PANGAEA.892370",19.77,2004,107.22,2.2,2130.99,8.07751364722609,NA,NA,NA,NA,NA,NA
"610","19.8","No Comment","10.1594/PANGAEA.883475",19.8,2095.36,164.79,24,2279.95,7.87759780535515,0,0,0,0,0,0
"611","19.83","No Comment","10.1594/PANGAEA.834251",19.83,1938.97,144.19,25,2102.99,7.83731554427645,NA,NA,NA,NA,NA,NA
"612","19.84","No Comment","10.1594/PANGAEA.949280",19.84,1894.52,117.08,15,2031.44,7.91998438831729,NA,NA,NA,NA,NA,NA
"613","19.96","No Comment","10.1594/PANGAEA.892370",19.96,1979.9,108.89,6,2108.75,8.02271213596246,NA,NA,NA,NA,NA,NA
"614","19.96, Temp2","No Comment","10.1594/PANGAEA.892370",19.96,1979.9,108.89,6.3,2108.75,8.01749320766815,NA,NA,NA,NA,NA,NA
"616","1N HL 1000","at the beginning","10.1594/PANGAEA.913444",38.88,2152.38,73.74,9.9,2265,7.74988820941122,NA,NA,NA,NA,NA,NA
"617","1N HL 1000","at the end","10.1594/PANGAEA.913444",35.69,2130.6,78.71,9.9,2245,7.78263201376382,NA,NA,NA,NA,NA,NA
"619","1N HL 1000, Temp2","at the beginning","10.1594/PANGAEA.913444",38.88,2152.38,73.74,15,2265,7.66378505429335,0,0,0,0,0,0
"620","1N HL 1000, Temp2","at the end","10.1594/PANGAEA.913444",35.69,2130.6,78.71,15,2245,7.69652885864594,0,0,0,0,0,0
"622","1N HL 400","at the beginning","10.1594/PANGAEA.913444",15.66,1970.87,153.47,9.4,2140,8.11502314199893,NA,NA,NA,NA,NA,NA
"623","1N HL 400","at the end","10.1594/PANGAEA.913444",13.93,1937.34,166.73,9.4,2118,8.15846553252231,NA,NA,NA,NA,NA,NA
"625","1N HL 400, Temp2","at the beginning","10.1594/PANGAEA.913444",15.66,1970.87,153.47,15,2140,8.02036638320404,0,0,0,0,0,0
"626","1N HL 400, Temp2","at the end","10.1594/PANGAEA.913444",13.93,1937.34,166.73,15,2118,8.06380877372742,0,0,0,0,0,0
"628","1N LL 1000","at the beginning","10.1594/PANGAEA.913444",40.76,2150.99,70.25,11.9,2262,7.6950995800061,NA,NA,NA,NA,NA,NA
"629","1N LL 1000","at the end","10.1594/PANGAEA.913444",33.4,2101.75,81.86,11.9,2217.01,7.77158232699655,NA,NA,NA,NA,NA,NA
"631","1N LL 1000, Temp2","at the beginning","10.1594/PANGAEA.913444",40.76,2150.99,70.25,15,2262,7.64300880616457,0,0,0,0,0,0
"632","1N LL 1000, Temp2","at the end","10.1594/PANGAEA.913444",33.4,2101.75,81.86,15,2217.01,7.71949155315503,0,0,0,0,0,0
"634","1N LL 400","at the beginning","10.1594/PANGAEA.913444",15.55,1962.22,153.23,15.4,2131,8.01493034112105,NA,NA,NA,NA,NA,NA
"635","1N LL 400","at the end","10.1594/PANGAEA.913444",14.29,1925.17,160.54,15.4,2100,8.04344841071181,NA,NA,NA,NA,NA,NA
"637","1N LL 400, Temp2","at the beginning","10.1594/PANGAEA.913444",15.55,1962.22,153.23,15,2131,8.02159697255495,0,0,0,0,0,0
"638","1N LL 400, Temp2","at the end","10.1594/PANGAEA.913444",14.29,1925.17,160.54,15,2100,8.05011504214571,0,0,0,0,0,0
"639","2","No Comment","10.1594/PANGAEA.727288",26.3975,3919.265,391.8525,20,4337.515,8.04864405021886,0,18.3716436844031,282.272507856622,2763.65754141741,3062.29539916819,0.0435784369813298
"640","2","No Comment","10.1594/PANGAEA.837755",55.746,2171.884,65.51,26,2293.14,7.4295076690056,0,0.982995422166349,0.629603049547886,10.630316552201,11.1167891047729,0.0057833362469545
"641","2","No Comment","10.1594/PANGAEA.959616",17.37,2001.36,161.27,20,2180,7.9527751248605,NA,NA,NA,NA,NA,NA
"642","2, Temp2","No Comment","10.1594/PANGAEA.837755",55.746,2171.884,65.51,26,2293.14,7.4295076690056,0,0.982995422166349,0.629603049547886,10.630316552201,11.1167891047729,0.0057833362469545
"643","2.03","No Comment","10.1594/PANGAEA.835214",2.03,1186.19,448.98,15,1637.2,8.70707360608454,NA,NA,NA,NA,NA,NA
"644","2.04","No Comment","10.1594/PANGAEA.849402",2.04,1144.17,448.69,20,1594.9,8.64000258850503,NA,NA,NA,NA,NA,NA
"646","2.09","No Comment","10.1594/PANGAEA.849402",2.09,1146.79,439.48,20,1588.36,8.63000197305682,NA,NA,NA,NA,NA,NA
"648","2.13","No Comment","10.1594/PANGAEA.849402",2.13,1166.99,447.22,20,1616.34,8.63000083716511,NA,NA,NA,NA,NA,NA
"650","2.18","No Comment","10.1594/PANGAEA.849402",2.18,1168.42,437.57,20,1608.17,8.6199953111352,NA,NA,NA,NA,NA,NA
"652","2.24","No Comment","10.1594/PANGAEA.849402",2.24,1182.54,392.15,15,1576.93,8.64963724839727,NA,NA,NA,NA,NA,NA
"654","2.25","No Comment","10.1594/PANGAEA.849402",2.25,1176.97,430.74,20,1609.96,8.60999656500186,NA,NA,NA,NA,NA,NA
"656","2.31","No Comment","10.1594/PANGAEA.849402",2.31,1220.22,404.65,15,1627.18,8.6496422746508,NA,NA,NA,NA,NA,NA
"658","2.33","No Comment","10.1594/PANGAEA.849402",2.33,1192,426.32,20,1620.65,8.60000620628812,NA,NA,NA,NA,NA,NA
"660","2.34","No Comment","10.1594/PANGAEA.849402",2.34,1207.63,391.36,15,1601.33,8.6396434110426,NA,NA,NA,NA,NA,NA
"662","2.39","No Comment","10.1594/PANGAEA.849402",2.39,1202.49,380.82,15,1585.7,8.62963914419825,NA,NA,NA,NA,NA,NA
"664","2.4","No Comment","10.1594/PANGAEA.849402",2.4,1200.43,419.56,20,1622.39,8.59000399083763,NA,NA,NA,NA,NA,NA
"666","2.46","No Comment","10.1594/PANGAEA.849402",2.46,1210.18,374.53,15,1587.17,8.61963750821999,NA,NA,NA,NA,NA,NA
"668","2.47","No Comment","10.1594/PANGAEA.849402",2.47,1217.32,376.74,15,1596.53,8.61963784504554,NA,NA,NA,NA,NA,NA
"670","2.48","No Comment","10.1594/PANGAEA.849402",2.48,1215.845,395.705,17.5,1614.03,8.59982071554964,3.53553390593274,0,25.4487730549039,6.51245345472813,18.9363196001757,0.0280277961680094
"672","2.55","No Comment","10.1594/PANGAEA.849402",2.55,1254.72,388.32,15,1645.59,8.61964380730272,NA,NA,NA,NA,NA,NA
"674","2.58","No Comment","10.1594/PANGAEA.849402",2.58,1213.91,358.78,15,1575.27,8.59964260538224,NA,NA,NA,NA,NA,NA
"676","2.59","No Comment","10.1594/PANGAEA.849402",2.59,1237.6,413.08,20,1653.27,8.57000062211705,NA,NA,NA,NA,NA,NA
"678","2.61","No Comment","10.1594/PANGAEA.835214",2.61,1271.75,433.64,20,1708,8.57927434390515,NA,NA,NA,NA,NA,NA
"679","2.61","No Comment","10.1594/PANGAEA.849402",2.61,1251.955,398.16,17.5,1652.725,8.58982087763256,3.53553390593274,0,24.9608693758851,8.73276874765396,16.2281006282311,0.0280304875895726
"681","2.64","No Comment","10.1594/PANGAEA.849402",2.64,1241.01,366.79,15,1610.44,8.59964307464482,NA,NA,NA,NA,NA,NA
"683","2.65","No Comment","10.1594/PANGAEA.849402",2.65,1247.37,368.67,15,1618.69,8.59964337308268,NA,NA,NA,NA,NA,NA
"685","2.71","No Comment","10.1594/PANGAEA.849402",2.71,1237.03,394.31,20,1634.05,8.55000431360101,NA,NA,NA,NA,NA,NA
"687","2.87","No Comment","10.1594/PANGAEA.849402",2.87,1291.36,364.49,15,1658.72,8.57963915666004,NA,NA,NA,NA,NA,NA
"689","2.88","No Comment","10.1594/PANGAEA.849402",2.88,1284.6,400.15,20,1687.63,8.54000165801137,NA,NA,NA,NA,NA,NA
"691","2.98","No Comment","10.1594/PANGAEA.849402",2.98,1295.11,394.24,20,1692.33,8.53000078387841,NA,NA,NA,NA,NA,NA
"693","20.08","No Comment","10.1594/PANGAEA.869122",20.08,2213.59,123.56,-1.8,2357.23,8.15987138546348,NA,NA,NA,NA,NA,NA
"694","20.11","No Comment","10.1594/PANGAEA.949913",20.11,1862.8,110.09,17,1993,7.86737267537115,NA,NA,NA,NA,NA,NA
"695","20.15","No Comment","10.1594/PANGAEA.835214",20.15,1982.26,126.19,15,2128.6,7.93286519185299,NA,NA,NA,NA,NA,NA
"696","20.15","No Comment","10.1594/PANGAEA.869122",20.15,2221.21,123.98,-1.8,2365.34,8.1598526820199,NA,NA,NA,NA,NA,NA
"697","20.16","No Comment","10.1594/PANGAEA.887739",20.16,2048.53,143.9,20,2212.59,7.8931652199707,NA,NA,NA,NA,NA,NA
"698","20.17","No Comment","10.1594/PANGAEA.869122",20.17,2223.63,124.12,-1.8,2367.92,8.15986991226746,NA,NA,NA,NA,NA,NA
"699","20.18","No Comment","10.1594/PANGAEA.849402",20.18,1888.64,120.02,20,2028.84,7.84965119340571,NA,NA,NA,NA,NA,NA
"701","20.25","No Comment","10.1594/PANGAEA.869122",20.25,2233.02,124.64,-1.8,2377.91,8.15985549751463,NA,NA,NA,NA,NA,NA
"702","20.31","No Comment","10.1594/PANGAEA.835214",20.31,2017.93,120.76,10,2159,7.99041274877541,NA,NA,NA,NA,NA,NA
"703","20.39","Mean","10.1594/PANGAEA.733912",20.39,1922.89,123.725,19,2067.005,7.87138934260268,0,0,0,0,0,0
"704","20.48","No Comment","10.1594/PANGAEA.869122",20.48,2206.9,120.38,-1.8,2347.76,8.14986235434428,NA,NA,NA,NA,NA,NA
"705","20.51","No Comment","10.1594/PANGAEA.869122",20.51,2210.07,120.55,-1.8,2351.13,8.14985185533744,NA,NA,NA,NA,NA,NA
"706","20.52","No Comment","10.1594/PANGAEA.892370",20.52,2007.53,108.9,6,2136.95,8.01673322957255,NA,NA,NA,NA,NA,NA
"707","20.52, Temp2","No Comment","10.1594/PANGAEA.892370",20.52,2007.53,108.9,6.3,2136.95,8.01151430127825,NA,NA,NA,NA,NA,NA
"708","20.56","No Comment","10.1594/PANGAEA.869122",20.56,2215.48,120.85,-1.8,2356.89,8.14986949092866,NA,NA,NA,NA,NA,NA
"709","20.64","No Comment","10.1594/PANGAEA.869122",20.64,2173.53,115.86,-1.8,2310.03,8.13985855529981,NA,NA,NA,NA,NA,NA
"710","20.67","No Comment","10.1594/PANGAEA.869122",20.67,2226.92,121.47,-1.8,2369.06,8.14985508581838,NA,NA,NA,NA,NA,NA
"711","20.68","Mean","10.1594/PANGAEA.733912",20.68,1930.64,122.675,19,2073.995,7.86594108777686,0,0,0,0,0,0
"712","20.69","No Comment","10.1594/PANGAEA.834251",20.69,1983.3,131,20,2134.99,7.86642963823462,NA,NA,NA,NA,NA,NA
"713","20.69","No Comment","10.1594/PANGAEA.869122",20.69,2228.72,121.57,-1.8,2370.98,8.14986157638187,NA,NA,NA,NA,NA,NA
"714","20.71","No Comment","10.1594/PANGAEA.869122",20.71,2180.98,116.26,-1.8,2317.95,8.13986930561117,NA,NA,NA,NA,NA,NA
"715","20.75","No Comment","10.1594/PANGAEA.726883",20.75,1868.32,104.11,15,1993.18,7.87504205254816,NA,NA,NA,NA,NA,NA
"717","20.76","final","10.1594/PANGAEA.849339",20.94,1962.01,126.06,20,2109.01,7.85442284068132,0,0,0,0,0,0
"718","20.76","initial","10.1594/PANGAEA.849339",20.76,1989.51,130.73,20,2141,7.86417588922946,0,0,0,0,0,0
"719","20.82","No Comment","10.1594/PANGAEA.869122",20.82,2192.37,116.87,-1.8,2330.06,8.1398798634325,NA,NA,NA,NA,NA,NA
"720","20.87","No Comment","10.1594/PANGAEA.869122",20.87,2196.92,117.11,-1.8,2334.9,8.1398704084604,NA,NA,NA,NA,NA,NA
"721","20.88","Mean","10.1594/PANGAEA.733912",20.88,1933.82,121.805,19,2076.505,7.86213538963087,0,0,0,0,0,0
"722","20.99","No Comment","10.1594/PANGAEA.868682",20.99,2029.14,125.07,15,2175.2,7.91884200667616,0,0,0,0,0,0
"723","200","No Comment","10.1594/PANGAEA.907928",6.2,1634.01,301.4,20,1941.61,8.31231868276212,0,0.277308492477241,10.0767901635392,28.2637948619784,31.4745150876069,0.0152782914497704
"724","200-Premodern","No Comment","10.1594/PANGAEA.911407",9.07333333333333,1572.95666666667,181.54,18,1763.57,8.13855249959505,0,1.70462117003554,27.0943019839966,43.7524540264124,21.7000622118923,0.0746430516191257
"725","2000ppm-1000ppm","No Comment","10.1594/PANGAEA.863127",34.87,2183.04,90.65,18,2308.56,7.69760697993422,0,0,0,0,0,0
"726","2000ppm-1000ppmfluc","No Comment","10.1594/PANGAEA.863127",34.87,2183.04,90.65,18,2308.56,7.69760697993422,0,0,0,0,0,0
"727","2000ppm-400ppm","No Comment","10.1594/PANGAEA.863127",15.23,1931.69,159.84,18,2106.76,7.99704890422007,0,0,0,0,0,0
"728","2000ppm-400ppmfluc","No Comment","10.1594/PANGAEA.863127",16.87,1979.22,151.93,18,2148.02,7.96445033188434,0,0,0,0,0,0
"729","201.57","No Comment","10.1594/PANGAEA.835214",201.57,2295.12,16.91,15,2513.6,6.99633907904489,NA,NA,NA,NA,NA,NA
"730","21","No Comment","10.1594/PANGAEA.826456",21,1866,106,17,1993,7.85018525876287,NA,NA,NA,NA,NA,NA
"731","21","No Comment","10.1594/PANGAEA.833817",21,2038,151,25,2210,7.83572425973838,0,0,0,0,0,0
"733","21-1000","day 1","10.1594/PANGAEA.966813",23.15,2112.175,133.505,21,2268.83,7.83067186090931,0,1.29653384066903,5.92927061281571,13.9509149441094,9.31817817196274,0.0221680159907746
"734","21-1000","day 2","10.1594/PANGAEA.966813",21.92,2093.34,138.365,21,2253.625,7.85016125853749,0,1.27545198960125,5.62358377233276,19.1317798440186,14.7836480612873,0.0216291043259966
"736","21-400","day 1","10.1594/PANGAEA.966813",9.175,1828.545,250.915,21,2088.635,8.16755247032832,0,0.258252675580418,6.96228131513737,2.90402498458796,3.80000365496878,0.0127431311083786
"737","21-400","day 2","10.1594/PANGAEA.966813",9.675,1844.855,242.84,21,2097.37,8.14963952557943,0,0.0368932393686312,0.99084700018609,7.54203221950156,8.56977245905618,3.42983925198555e-06
"738","21.02","No Comment","10.1594/PANGAEA.869122",21.02,2264.74,123.54,-1.8,2409.3,8.1498799163276,NA,NA,NA,NA,NA,NA
"739","21.07","No Comment","10.1594/PANGAEA.726883",21.07,1897.09,105.71,15,2023.87,7.87502900698473,NA,NA,NA,NA,NA,NA
"740","21.26","No Comment","10.1594/PANGAEA.835214",21.26,1989.65,120.48,15,2131.39,7.91113914155141,NA,NA,NA,NA,NA,NA
"741","21.32","No Comment","10.1594/PANGAEA.949913",21.32,1903.92,113.76,20,2039,7.82288764184739,NA,NA,NA,NA,NA,NA
"742","21.34","No Comment","10.1594/PANGAEA.869122",21.34,2196.17,114.4,-1.8,2331.91,8.12985073975848,NA,NA,NA,NA,NA,NA
"743","21.37","No Comment","10.1594/PANGAEA.847795",21.37,1994.64,101.12,3,2117.13,8.0399486833972,0,0,0,0,0,0
"744","21.4","No Comment","10.1594/PANGAEA.924611",21.4,2086.69,142.32,20,2250.41,7.88035475474366,NA,NA,NA,NA,NA,NA
"745","21.48","No Comment","10.1594/PANGAEA.924611",21.48,2066.76,139.11,20,2227.35,7.87461505744004,NA,NA,NA,NA,NA,NA
"746","21.51","No Comment","10.1594/PANGAEA.869122",21.51,2213.57,115.31,-1.8,2350.39,8.12986438188305,NA,NA,NA,NA,NA,NA
"747","21.64","No Comment","10.1594/PANGAEA.869122",21.64,2175.91,110.77,-1.8,2308.32,8.11987189762973,NA,NA,NA,NA,NA,NA
"748","21.71","No Comment","10.1594/PANGAEA.869122",21.71,2234.19,116.39,-1.8,2372.29,8.12988623458946,NA,NA,NA,NA,NA,NA
"749","21.81","No Comment","10.1594/PANGAEA.849402",21.81,1904.67,112.96,20,2039.44,7.81965169678746,NA,NA,NA,NA,NA,NA
"751","2100.82","No Comment","10.1594/PANGAEA.835394",2100.82,2299.4,179.27,28,4579.49,7.81034744251271,0,0,0,0,0,0
"752","2103.53","No Comment","10.1594/PANGAEA.835394",2103.53,2299.33,176.1,28,4578.96,7.80261240130568,0,0,0,0,0,0
"753","22","No Comment","10.1594/PANGAEA.826456",22,1907,110,20,2039,7.8075887465717,NA,NA,NA,NA,NA,NA
"754","22.01","No Comment","10.1594/PANGAEA.868682",22.01,2034.84,120.07,15,2176.92,7.89990511335339,0,0,0,0,0,0
"755","22.01","No Comment","10.1594/PANGAEA.887739",22.01,2083.36,136.32,20,2241.69,7.8623420103239,NA,NA,NA,NA,NA,NA
"756","22.05","Mean","10.1594/PANGAEA.733912",22.05,2019.6,127.36,19,2169.01,7.86265400937948,0,0,0,0,0,0
"757","22.11","No Comment","10.1594/PANGAEA.869122",22.11,2223.21,113.18,-1.8,2358.5,8.11987987239378,NA,NA,NA,NA,NA,NA
"758","22.17","No Comment","10.1594/PANGAEA.835214",22.17,2023.62,129.21,20,2175,7.85171391793069,NA,NA,NA,NA,NA,NA
"759","22.22","No Comment","10.1594/PANGAEA.869122",22.22,2339.92,124.73,-1.8,2486.87,8.13986058288702,NA,NA,NA,NA,NA,NA
"760","22.27","No Comment","10.1594/PANGAEA.861839",22.27,2098.63,126.1,14,2247,7.92450108110326,NA,NA,NA,NA,NA,NA
"761","22.3","No Comment","10.1594/PANGAEA.887739",22.3,2102.09,136.97,20,2261.36,7.86052090401505,NA,NA,NA,NA,NA,NA
"762","22.31","No Comment","10.1594/PANGAEA.726883",22.31,1834.84,93.41,15,1950.56,7.83579604171622,NA,NA,NA,NA,NA,NA
"763","22.42","No Comment","10.1594/PANGAEA.869122",22.42,2202.99,109.59,-1.8,2335,8.10984907118791,NA,NA,NA,NA,NA,NA
"764","22.46","No Comment","10.1594/PANGAEA.869122",22.46,2207.27,109.81,-1.8,2339.54,8.10987710093259,NA,NA,NA,NA,NA,NA
"765","22.5","Mean","10.1594/PANGAEA.733912",22.5,2020.05,124.45,19,2167,7.85251910277695,0,0,0,0,0,0
"766","22.53","No Comment","10.1594/PANGAEA.834251",22.53,1978.01,121.46,20,2122,7.83475154836614,NA,NA,NA,NA,NA,NA
"767","22.56","No Comment","10.1594/PANGAEA.869122",22.56,2217.07,110.3,-1.8,2349.93,8.10988677706666,NA,NA,NA,NA,NA,NA
"768","22.58","No Comment","10.1594/PANGAEA.835214",22.58,1978.63,121.29,20,2122.5,7.83400716094595,NA,NA,NA,NA,NA,NA
"769","22.58","No Comment","10.1594/PANGAEA.869122",22.58,2218.7,110.38,-1.8,2351.66,8.1098824763833,NA,NA,NA,NA,NA,NA
"770","22.59","Mean","10.1594/PANGAEA.733912",22.59,2035.52,125.885,19,2183.995,7.8541849313484,0,0,0,0,0,0
"771","22.59","No Comment","10.1594/PANGAEA.924611",22.59,2007,124.72,20,2154.31,7.83993548415278,NA,NA,NA,NA,NA,NA
"772","22.62","No Comment","10.1594/PANGAEA.847795",22.62,2016.7,97.63,3,2136.95,8.01991813749719,0,0,0,0,0,0
"773","22.64","No Comment","10.1594/PANGAEA.869122",22.64,2224.52,110.67,-1.8,2357.83,8.10988426525692,NA,NA,NA,NA,NA,NA
"774","22.66","No Comment","10.1594/PANGAEA.869122",22.66,2226.76,110.78,-1.8,2360.2,8.10987861950101,NA,NA,NA,NA,NA,NA
"775","22.75","No Comment","10.1594/PANGAEA.726883",22.75,1841.95,92.31,15,1957.01,7.82897178286799,NA,NA,NA,NA,NA,NA
"776","22.77","No Comment","10.1594/PANGAEA.869122",22.77,2186.46,106.3,-1.8,2315.53,8.09988239795696,NA,NA,NA,NA,NA,NA
"777","22.81","No Comment","10.1594/PANGAEA.869122",22.81,2190.49,106.49,-1.8,2319.79,8.09985822217809,NA,NA,NA,NA,NA,NA
"778","22.81","No Comment","10.1594/PANGAEA.887739",22.81,2090.37,132.44,20,2245.62,7.84834276256419,NA,NA,NA,NA,NA,NA
"779","22.83","No Comment","10.1594/PANGAEA.869122",22.83,2217.97,109.1,-1.8,2349.9,8.10487313969998,0,0,3.5638181771802,36.4159992311072,39.9798174082874,0.00705818340000571
"780","22.91","No Comment","10.1594/PANGAEA.869122",22.91,2251.27,112,-1.8,2386.18,8.10988110863285,NA,NA,NA,NA,NA,NA
"781","22.93","No Comment","10.1594/PANGAEA.869122",22.93,2201.99,107.05,-1.8,2331.97,8.0998619992971,NA,NA,NA,NA,NA,NA
"783","2200 --> 2200-2200-2200","assay condition","10.1594/PANGAEA.832482",73,2277.5,45.5,15,2396,7.42826894673437,0,6.32455532033676,3.68932393686311,10.0138792571999,12.6491106406735,0.0371936051585969
"784","2200 --> 2200-2200-2200","selection condition","10.1594/PANGAEA.832482",73,2277.5,45.5,15,2396,7.42826894673437,0,6.32455532033676,3.68932393686311,10.0138792571999,12.6491106406735,0.0371936051585969
"786","2200 --> 2200-2200-2200, Temp2","assay condition","10.1594/PANGAEA.832482",73,2277.5,45.5,15,2396,7.42826894673437,0,6.32455532033676,3.68932393686311,10.0138792571999,12.6491106406735,0.0371936051585969
"787","2200 --> 2200-2200-2200, Temp2","selection condition","10.1594/PANGAEA.832482",73,2277.5,45.5,15,2396,7.42826894673437,0,6.32455532033676,3.68932393686311,10.0138792571999,12.6491106406735,0.0371936051585969
"789","2200 --> 400-2200-400","assay condition","10.1594/PANGAEA.832482",12.5,1918.5,186,15,2117,8.11550201688083,0,0.52704627669473,3.16227766016838,11.0679718105893,8.43274042711568,0.00988979765807177
"790","2200 --> 400-2200-400","selection condition","10.1594/PANGAEA.832482",73,2277.5,45.5,15,2396,7.42826894673437,0,6.32455532033676,3.68932393686311,10.0138792571999,12.6491106406735,0.0371936051585969
"792","2200 --> 400-2200-400, Temp2","assay condition","10.1594/PANGAEA.832482",12.5,1918.5,186,15,2117,8.11550201688083,0,0.52704627669473,3.16227766016838,11.0679718105893,8.43274042711568,0.00988979765807177
"793","2200 --> 400-2200-400, Temp2","selection condition","10.1594/PANGAEA.832482",73,2277.5,45.5,15,2396,7.42826894673437,0,6.32455532033676,3.68932393686311,10.0138792571999,12.6491106406735,0.0371936051585969
"794","2200-2200","Assay condition","10.1594/PANGAEA.832536",79,2287,42,15,2408,7.39298399472613,0,0,0,0,0,0
"796","2200-2200","Selection condition","10.1594/PANGAEA.832536",79,2287,42,15,2408,7.39298399472613,0,0,0,0,0,0
"797","2200-2200, Temp2","Assay condition","10.1594/PANGAEA.832536",79,2287,42,15,2408,7.39298399472613,0,0,0,0,0,0
"799","2200-2200, Temp2","Selection condition","10.1594/PANGAEA.832536",79,2287,42,15,2408,7.39298399472613,0,0,0,0,0,0
"800","2200-400","Assay condition","10.1594/PANGAEA.832536",13,1929,183,15,2125,8.10611973102152,0,0,0,0,0,0
"802","2200-400","Selection condition","10.1594/PANGAEA.832536",79,2287,42,15,2408,7.39298399472613,0,0,0,0,0,0
"803","2200-400, Temp2","Assay condition","10.1594/PANGAEA.832536",13,1929,183,15,2125,8.10611973102152,0,0,0,0,0,0
"805","2200-400, Temp2","Selection condition","10.1594/PANGAEA.832536",79,2287,42,15,2408,7.39298399472613,0,0,0,0,0,0
"806","23.04","No Comment","10.1594/PANGAEA.869122",23.04,2211.95,107.54,-1.8,2342.53,8.09988539642748,NA,NA,NA,NA,NA,NA
"807","23.2","Mean","10.1594/PANGAEA.733912",23.2,1966.29,114.51,19,2104,7.8280821651567,0,0,0,0,0,0
"808","23.2","No Comment","10.1594/PANGAEA.861839",23.2,2084.4,119.4,14,2227,7.90374513365673,NA,NA,NA,NA,NA,NA
"809","23.22","No Comment","10.1594/PANGAEA.869122",23.22,2229.48,108.39,-1.8,2361.09,8.09987630553587,NA,NA,NA,NA,NA,NA
"810","23.29","Mean","10.1594/PANGAEA.733912",23.29,1955.62,112.595,19,2091.505,7.82312095614533,0,0,0,0,0,0
"811","23.36","Mean","10.1594/PANGAEA.733912",23.36,1966.1,113.545,19,2103.005,7.82444873246017,0,0,0,0,0,0
"812","23.38","No Comment","10.1594/PANGAEA.869122",23.38,2244.75,109.13,-1.8,2377.26,8.09986684499625,NA,NA,NA,NA,NA,NA
"813","23.48","No Comment","10.1594/PANGAEA.849402",23.48,1991.92,118.23,20,2133.63,7.82000255185276,NA,NA,NA,NA,NA,NA
"815","23.49","No Comment","10.1594/PANGAEA.869122",23.49,2255.15,109.64,-1.8,2388.28,8.09988426287111,NA,NA,NA,NA,NA,NA
"816","23.58","No Comment","10.1594/PANGAEA.869122",23.58,2212.69,105.12,-1.8,2341.39,8.08985544912684,NA,NA,NA,NA,NA,NA
"817","23.61","No Comment","10.1594/PANGAEA.949913",23.61,1940.66,106.74,20,2071.01,7.7869244984547,NA,NA,NA,NA,NA,NA
"818","23.69","No Comment","10.1594/PANGAEA.869122",23.69,2222.94,105.61,-1.8,2352.24,8.08986797195465,NA,NA,NA,NA,NA,NA
"819","23.88","No Comment","10.1594/PANGAEA.869122",23.88,2240.83,106.46,-1.8,2371.17,8.08986822171779,NA,NA,NA,NA,NA,NA
"820","23.9","No Comment","10.1594/PANGAEA.869122",23.9,2242.53,106.54,-1.8,2372.97,8.08986510083696,NA,NA,NA,NA,NA,NA
"821","23.92","No Comment","10.1594/PANGAEA.924611",23.92,2101.94,129.21,20,2255.07,7.83522256603392,NA,NA,NA,NA,NA,NA
"822","24","No Comment","10.1594/PANGAEA.869122",24,2251.725,106.975,-1.8,2382.7,8.08985761573078,0,0,0.00707106781186909,0.176776695296637,0.183847763108657,5.38830962167251e-06
"823","24.02","No Comment","10.1594/PANGAEA.869122",24.02,2202.39,102.25,-1.8,2328.66,8.07985976023827,NA,NA,NA,NA,NA,NA
"824","24.09","No Comment","10.1594/PANGAEA.861839",24.09,2092.99,115.92,14,2233,7.88911309047307,NA,NA,NA,NA,NA,NA
"825","24.14","No Comment","10.1594/PANGAEA.869122",24.14,2213.24,102.76,-1.8,2340.14,8.07988625497987,NA,NA,NA,NA,NA,NA
"826","24.2","No Comment","10.1594/PANGAEA.949280",24.2,1922.11,98.8,15,2045.11,7.83997957533784,NA,NA,NA,NA,NA,NA
"827","24.22","No Comment","10.1594/PANGAEA.869122",24.22,2272.96,107.99,-1.8,2405.17,8.0898824182062,NA,NA,NA,NA,NA,NA
"828","24.23","No Comment","10.1594/PANGAEA.885410",24.23,1911.36,95.41,14,2031,7.84397327414005,NA,NA,NA,NA,NA,NA
"829","24.3","No Comment","10.1594/PANGAEA.834251",24.3,1982.25,111.46,20,2118.01,7.79650736665625,NA,NA,NA,NA,NA,NA
"830","24.35","No Comment","10.1594/PANGAEA.849402",24.35,2025.65,109.03,15,2159.03,7.85998247267165,NA,NA,NA,NA,NA,NA
"832","24.38","No Comment","10.1594/PANGAEA.845818",24.38,2161.14,118.58,14,2304.1,7.88505041570451,0,0,0,0,0,0
"833","24.38","No Comment","10.1594/PANGAEA.869122",24.38,2235.3,103.78,-1.8,2363.46,8.0798685182667,NA,NA,NA,NA,NA,NA
"834","24.43","No Comment","10.1594/PANGAEA.960341",24.43,2044.74,109.12,16,2178.29,7.83962374431127,0,0,0,0,0,0
"835","24.44","No Comment","10.1594/PANGAEA.869122",24.44,2241.42,104.06,-1.8,2369.92,8.07985124879751,NA,NA,NA,NA,NA,NA
"836","24.45","Mean","10.1594/PANGAEA.733912",24.45,1956.67,106.37,19,2087.49,7.79818789386893,0,0,0,0,0,0
"837","24.49","No Comment","10.1594/PANGAEA.869122",24.49,2194.93,99.59,-1.8,2319.01,8.06988572797663,NA,NA,NA,NA,NA,NA
"838","24.5","Mean","10.1594/PANGAEA.733912",24.5,1955.95,106.04,19,2086.49,7.79699829135789,0,0,0,0,0,0
"839","24.55","No Comment","10.1594/PANGAEA.721775",24.55,5014.39,685.16,20,5724.1,8.18212064646047,NA,NA,NA,NA,NA,NA
"840","24.59","No Comment","10.1594/PANGAEA.721775",24.59,1585.69,68.42,20,1678.7,7.68151153694399,0,0,0,0,0,0
"841","24.68","No Comment","10.1594/PANGAEA.726883",24.68,1899.1,90.44,15,2014.22,7.80681358883244,NA,NA,NA,NA,NA,NA
"842","24.69","No Comment","10.1594/PANGAEA.726883",24.69,1934.24,93.76,15,2052.69,7.81450810737135,NA,NA,NA,NA,NA,NA
"844","24.72","final","10.1594/PANGAEA.849339",26.78,1999.83,102.39,20,2129,7.75581121839374,0,0,0,0,0,0
"845","24.72","initial","10.1594/PANGAEA.849339",24.72,2029.09,114.19,20,2168,7.79687351688416,0,0,0,0,0,0
"846","24.83","No Comment","10.1594/PANGAEA.869122",24.83,2277.17,105.72,-1.8,2407.72,8.07985237081028,NA,NA,NA,NA,NA,NA
"847","24.9","No Comment","10.1594/PANGAEA.869122",24.9,2231.79,101.26,-1.8,2357.95,8.06987526577263,NA,NA,NA,NA,NA,NA
"848","24.9","No Comment","10.1594/PANGAEA.924611",24.9,2039.27,116.83,20,2181,7.80462640083969,NA,NA,NA,NA,NA,NA
"849","24.93","No Comment","10.1594/PANGAEA.861839",24.93,2126.44,115.63,14,2267,7.8811392639066,NA,NA,NA,NA,NA,NA
"850","24.93","No Comment","10.1594/PANGAEA.869122",24.93,2234.49,101.38,-1.8,2360.8,8.06986454150725,NA,NA,NA,NA,NA,NA
"851","24.96","No Comment","10.1594/PANGAEA.726883",24.96,1932.34,92.58,15,2049.88,7.80943450139106,NA,NA,NA,NA,NA,NA
"852","24.96","No Comment","10.1594/PANGAEA.887739",24.96,2109.13,123.18,20,2257.27,7.81298360513205,NA,NA,NA,NA,NA,NA
"853","243.8","No Comment","10.1594/PANGAEA.835214",243.8,2315.55,13.25,10,2572.6,6.97095745639885,NA,NA,NA,NA,NA,NA
"854","25","No Comment","10.1594/PANGAEA.826456",25,1944,103,20,2072,7.7706877185744,NA,NA,NA,NA,NA,NA
"855","25","No Comment","10.1594/PANGAEA.833817",25,2059,129,25,2213,7.76288485579684,0,0,0,0,0,0
"856","25","No Comment","10.1594/PANGAEA.907928",0.85,857.836666666667,606.146666666667,20,1464.83333333333,8.89571141145647,0,0.0264575131106459,9.05026150635068,11.0201829990855,11.4944870843955,0.010000535550033
"858","25 per mil HC","after","10.1594/PANGAEA.930309",42.32,1418.55,26.53,15,1487.4,7.40089347082534,NA,NA,NA,NA,NA,NA
"859","25 per mil HC","before","10.1594/PANGAEA.930309",46.2,1445.27,25.23,15,1516.7,7.37096913149048,NA,NA,NA,NA,NA,NA
"861","25 per mil LC","after","10.1594/PANGAEA.930309",27.59,1336.39,36.12,15,1400.1,7.56081539335673,NA,NA,NA,NA,NA,NA
"862","25 per mil LC","before","10.1594/PANGAEA.930309",16.89,1328.77,58.34,15,1404,7.77151747935075,NA,NA,NA,NA,NA,NA
"863","25.01","No Comment","10.1594/PANGAEA.960341",25.01,2045.63,106.69,16,2177.33,7.8296541108653,0,0,0,0,0,0
"864","25.07","No Comment","10.1594/PANGAEA.960341",25.07,2050.16,106.92,16,2182.15,7.82962867410429,0,0,0,0,0,0
"865","25.12","No Comment","10.1594/PANGAEA.869122",25.12,2251.45,102.15,-1.8,2378.72,8.06986673436043,NA,NA,NA,NA,NA,NA
"866","25.23","No Comment","10.1594/PANGAEA.949913",25.23,1915.02,92.75,17,2033,7.7809316372021,NA,NA,NA,NA,NA,NA
"867","25.25","No Comment","10.1594/PANGAEA.924611",25.25,2034.69,114.71,20,2174.65,7.79764978358232,NA,NA,NA,NA,NA,NA
"868","25.26","No Comment","10.1594/PANGAEA.835214",25.26,1975.07,117.47,25,2117.8,7.74029596846257,NA,NA,NA,NA,NA,NA
"869","25.28","No Comment","10.1594/PANGAEA.949913",25.28,1813.71,83.01,17,1922,7.75635359925356,NA,NA,NA,NA,NA,NA
"870","25.29","No Comment","10.1594/PANGAEA.834251",25.29,1975.35,117.36,25,2118,7.73982753622805,NA,NA,NA,NA,NA,NA
"871","25.29","No Comment","10.1594/PANGAEA.835214",25.29,2059.38,101.03,10,2185.7,7.90410960362328,NA,NA,NA,NA,NA,NA
"872","25.35","No Comment","10.1594/PANGAEA.875066",25.35,2969.11204081633,265.925918367347,20,3260.38795918367,7.91841155990485,0,0,175.020198178648,1066.33927410358,1240.85920240772,0.160490610025715
"873","25.37","No Comment","10.1594/PANGAEA.869122",25.37,2273.29,103.14,-1.8,2401.8,8.06986295557839,NA,NA,NA,NA,NA,NA
"874","25.44","No Comment","10.1594/PANGAEA.887739",25.44,2110.46,121.01,20,2256.91,7.80499089010663,NA,NA,NA,NA,NA,NA
"875","25.47","No Comment","10.1594/PANGAEA.869122",25.47,2230.88,98.91,-1.8,2355.26,8.05985466186375,NA,NA,NA,NA,NA,NA
"876","25.53","No Comment","10.1594/PANGAEA.849402",25.53,2028.38,104.27,15,2158.18,7.84001092275961,NA,NA,NA,NA,NA,NA
"878","25.58","No Comment","10.1594/PANGAEA.869122",25.58,2188.96,94.85,-1.8,2309.39,8.04989017969732,NA,NA,NA,NA,NA,NA
"879","25.6","No Comment","10.1594/PANGAEA.869122",25.6,2190.73,94.92,-1.8,2311.25,8.04985954402503,NA,NA,NA,NA,NA,NA
"880","25.69","No Comment","10.1594/PANGAEA.849402",25.69,1960.65,93.98,15,2080.32,7.80963623591081,NA,NA,NA,NA,NA,NA
"882","25.72","No Comment","10.1594/PANGAEA.835214",25.72,2044.15,105.12,15,2174.99,7.8401734599316,NA,NA,NA,NA,NA,NA
"883","25.82","No Comment","10.1594/PANGAEA.835715",25.82,2102.6,109.15,15,2237.57,7.84426794890237,0,0,0,0,0,0
"884","25.96","No Comment","10.1594/PANGAEA.891195",25.96,2076,126.26,25,2228.22,7.74998992793053,0,0,0,0,0,0
"885","26","No Comment","10.1594/PANGAEA.826456",26,1941,93,17,2060,7.77624844607415,NA,NA,NA,NA,NA,NA
"886","26","No Comment","10.1594/PANGAEA.869122",26,2276.48,100.93,-1.8,2403.41,8.05984710410862,NA,NA,NA,NA,NA,NA
"887","26.05","No Comment","10.1594/PANGAEA.835214",26.05,2057.01,113.64,20,2196.7,7.78884157652044,NA,NA,NA,NA,NA,NA
"888","26.11","No Comment","10.1594/PANGAEA.849402",26.11,2020.52,109.37,20,2156,7.77998181293534,NA,NA,NA,NA,NA,NA
"890","26.16","No Comment","10.1594/PANGAEA.869122",26.16,2238.82,97.01,-1.8,2361.99,8.0498879966855,NA,NA,NA,NA,NA,NA
"891","26.26","No Comment","10.1594/PANGAEA.836367",26.26,2080.98,117.1,20,2224.34,7.79683574324207,NA,NA,NA,NA,NA,NA
"892","26.37","No Comment","10.1594/PANGAEA.726883",26.37,1934.8,87.87,15,2049.04,7.78620541661982,NA,NA,NA,NA,NA,NA
"893","26.39","No Comment","10.1594/PANGAEA.869122",26.39,2258.12,97.84,-1.8,2382.35,8.04986009676855,NA,NA,NA,NA,NA,NA
"894","26.46","Mean","10.1594/PANGAEA.733912",26.46,2004.48,104.815,19,2135.755,7.78130280996236,0,0,0.715914333795141,7.65566456945443,8.37157890324957,0.00130768442385544
"896","26.47","No Comment","10.1594/PANGAEA.758212",26.47,1853.56,81.84,20,1961.87,7.69150572639651,NA,NA,NA,NA,NA,NA
"897","26.51","No Comment","10.1594/PANGAEA.869122",26.51,2216.69,93.86,-1.8,2337.06,8.03986625782127,NA,NA,NA,NA,NA,NA
"898","26.59","No Comment","10.1594/PANGAEA.835214",26.59,2036.2,100.92,15,2163.71,7.82415767767055,NA,NA,NA,NA,NA,NA
"899","26.71","No Comment","10.1594/PANGAEA.726883",26.71,1901.69,83.8,15,2012.2,7.77310516479672,NA,NA,NA,NA,NA,NA
"900","26.74","No Comment","10.1594/PANGAEA.868682",26.74,2063.79,101.61,15,2192.14,7.82127181653069,0,0,0,0,0,0
"901","26.94","No Comment","10.1594/PANGAEA.869122",26.94,2305.86,99.91,-1.8,2432.71,8.04986669337221,NA,NA,NA,NA,NA,NA
"902","26.96","No Comment","10.1594/PANGAEA.869122",26.96,2254.94,95.48,-1.8,2377.38,8.03986808980679,NA,NA,NA,NA,NA,NA
"903","27.01","No Comment","10.1594/PANGAEA.869122",27.01,2259.22,95.66,-1.8,2381.89,8.03986252253135,NA,NA,NA,NA,NA,NA
"904","27.03","No Comment","10.1594/PANGAEA.861839",27.03,2082.66,102.31,14,2212,7.83702158006385,NA,NA,NA,NA,NA,NA
"905","27.04","No Comment","10.1594/PANGAEA.869122",27.04,2261.21,95.75,-1.8,2384,8.03988855524468,NA,NA,NA,NA,NA,NA
"906","27.23","No Comment","10.1594/PANGAEA.726883",27.23,1975.39,88.67,15,2091.29,7.78112472648683,NA,NA,NA,NA,NA,NA
"907","27.28","No Comment","10.1594/PANGAEA.869122",27.28,2229.65,92.26,-1.8,2349.19,8.02986742540985,NA,NA,NA,NA,NA,NA
"908","27.33","No Comment","10.1594/PANGAEA.868682",27.33,2070.59,100.1,15,2198.02,7.81334083417725,0,0,0,0,0,0
"909","27.37","No Comment","10.1594/PANGAEA.869122",27.37,2186.17,88.4,-1.8,2301.94,8.01985900469283,NA,NA,NA,NA,NA,NA
"910","27.39","No Comment","10.1594/PANGAEA.867566",27.39,2060.21,108.39,20,2195.99,7.76762447989603,0,0,0,0,0,0
"911","27.48","No Comment","10.1594/PANGAEA.849402",27.48,1957.37,87.56,15,2072.41,7.77963369409321,NA,NA,NA,NA,NA,NA
"913","27.49","No Comment","10.1594/PANGAEA.949280",27.49,1940.38,95.79,20,2063.66,7.73998013812737,NA,NA,NA,NA,NA,NA
"914","27.54","No Comment","10.1594/PANGAEA.869122",27.54,2199.17,88.93,-1.8,2315.64,8.01988015989749,NA,NA,NA,NA,NA,NA
"915","27.63","No Comment","10.1594/PANGAEA.836367",27.63,2091.54,112.4,20,2231.57,7.77684689096035,NA,NA,NA,NA,NA,NA
"916","27.75","No Comment","10.1594/PANGAEA.834251",27.75,2048.47,105.78,20,2182,7.75952070908265,NA,NA,NA,NA,NA,NA
"917","27.8","No Comment","10.1594/PANGAEA.835214",27.8,2048.5,105.6,20,2181.9,7.75877470436811,NA,NA,NA,NA,NA,NA
"918","27.82","No Comment","10.1594/PANGAEA.869122",27.82,2273.72,94.08,-1.8,2395.62,8.02985099683198,NA,NA,NA,NA,NA,NA
"920","27.83","final","10.1594/PANGAEA.849339",30.09,2038.24,94.67,20,2163,7.71350381130836,0,0,0,0,0,0
"921","27.83","initial","10.1594/PANGAEA.849339",27.83,2078.72,106.44,20,2212.99,7.75585562578581,0,0,0,0,0,0
"922","27.91","No Comment","10.1594/PANGAEA.869122",27.91,2228.97,90.13,-1.8,2347.01,8.01985581779842,NA,NA,NA,NA,NA,NA
"923","27.99","No Comment","10.1594/PANGAEA.869122",27.99,2287.75,94.66,-1.8,2410.4,8.02984860613419,NA,NA,NA,NA,NA,NA
"924","28","No Comment","10.1594/PANGAEA.869122",28,2288.18,94.68,-1.8,2410.86,8.02985873398107,NA,NA,NA,NA,NA,NA
"925","28.13","No Comment","10.1594/PANGAEA.869122",28.13,2195.82,86.77,-1.8,2310.72,8.00986353106616,NA,NA,NA,NA,NA,NA
"926","28.39","No Comment","10.1594/PANGAEA.849402",28.39,1969.74,92.79,20,2090.92,7.71963902485692,NA,NA,NA,NA,NA,NA
"928","28.4","No Comment","10.1594/PANGAEA.861839",28.4,2095.06,98.54,14,2222,7.81813796414466,NA,NA,NA,NA,NA,NA
"929","28.46","No Comment","10.1594/PANGAEA.849402",28.46,1974.19,93,20,2095.65,7.71964075529748,NA,NA,NA,NA,NA,NA
"931","28.47","No Comment","10.1594/PANGAEA.883475",28.47,2060.45,91.91,12,2180.83,7.82880013023405,0,0,0,0,0,0
"932","28.74","No Comment","10.1594/PANGAEA.869122",28.74,2242.75,88.63,-1.8,2360.12,8.00989055398163,NA,NA,NA,NA,NA,NA
"933","28.86","No Comment","10.1594/PANGAEA.869122",28.86,2201.31,85.01,-1.8,2315.18,7.99987947971951,NA,NA,NA,NA,NA,NA
"934","28.88","No Comment","10.1594/PANGAEA.883475",28.88,2266.26,109.31,12,2404.45,7.86274960513858,0,0,0,0,0,0
"935","28.91","No Comment","10.1594/PANGAEA.869122",28.91,2256.16,89.16,-1.8,2374.23,8.00989083458704,NA,NA,NA,NA,NA,NA
"936","28.95","No Comment","10.1594/PANGAEA.869122",28.95,2259.33,89.28,-1.8,2377.56,8.00986518257866,NA,NA,NA,NA,NA,NA
"937","28.95","No Comment","10.1594/PANGAEA.925549",28.95,2092.56,82.69,6,2204.2,7.87914246635296,0,0,0,0,0,0
"938","280","No Comment","10.1594/PANGAEA.923623",10.4672727272727,1666.29272727273,172.533636363636,16.4807692307692,1849.29363636364,8.11636582047674,0.167377969325072,1.9083767495392,20.1338795430624,54.3877438566648,36.9517280442274,0.063802674302056
"939","280","No Comment","10.1594/PANGAEA.973814",7.44,1611.09,270.965,27,1889.495,8.15992954077473,0,0.219089023002066,5.8003818839797,6.13449264405789,0.553199783080337,0.0109515147390125
"940","280_culture","No Comment","10.1594/PANGAEA.923623",7.70230769230769,1521.40923076923,199.349230769231,16.6733333333333,1728.46076923077,8.21676842007355,0.218653890451379,2.44256748063096,33.0901323311393,194.585099098121,189.619129681121,0.0992675109498996
"941","280_media","No Comment","10.1594/PANGAEA.923623",11.035,1776.7,182.31,16.95,1970.045,8.10647791821447,0.0707106781186558,0.0919238815542505,22.3304321498712,93.1966737603869,115.435182028704,0.0293682990440161
"942","29.02","No Comment","10.1594/PANGAEA.869122",29.02,2213.13,85.46,-1.8,2327.61,7.99984663322585,NA,NA,NA,NA,NA,NA
"943","29.05","No Comment","10.1594/PANGAEA.949913",29.05,1900.74,83.21,20,2013,7.68779956217523,NA,NA,NA,NA,NA,NA
"944","29.06","No Comment","10.1594/PANGAEA.887739",29.06,2142.87,109.25,20,2281.18,7.75397237530144,NA,NA,NA,NA,NA,NA
"945","29.09","No Comment","10.1594/PANGAEA.849402",29.09,2059.78,94.37,15,2183.24,7.79001398705528,NA,NA,NA,NA,NA,NA
"947","29.13","No Comment","10.1594/PANGAEA.834251",29.13,2029.92,83.95,10,2143,7.82993751929119,NA,NA,NA,NA,NA,NA
"948","29.14","No Comment","10.1594/PANGAEA.861839",29.14,2133.28,99.59,14,2262.01,7.8148897419626,NA,NA,NA,NA,NA,NA
"949","29.18","No Comment","10.1594/PANGAEA.943274",29.18,2065.93,92.19,17.37,2187.3,7.73924902822092,NA,NA,NA,NA,NA,NA
"950","29.31","No Comment","10.1594/PANGAEA.887739",29.31,2145.35,108.56,20,2283.22,7.75071843446975,NA,NA,NA,NA,NA,NA
"951","29.4","No Comment","10.1594/PANGAEA.868682",29.4,2085.27,94.37,15,2209.04,7.78467252874164,0,0,0,0,0,0
"952","29.41","No Comment","10.1594/PANGAEA.883475",29.41,2181.28,119.57,24,2330.26,7.72083641255165,0,0,0,0,0,0
"953","29.58","No Comment","10.1594/PANGAEA.849402",29.58,2039.8,98.41,20,2167.79,7.72999839881816,NA,NA,NA,NA,NA,NA
"955","29.6","No Comment","10.1594/PANGAEA.869122",29.6,2257.65,87.18,-1.8,2374.43,7.99985091990361,NA,NA,NA,NA,NA,NA
"956","29.62","No Comment","10.1594/PANGAEA.887739",29.62,2143.07,107.17,20,2279.86,7.74558362835451,NA,NA,NA,NA,NA,NA
"957","29.65","No Comment","10.1594/PANGAEA.726883",29.65,1843.36,70.92,15,1943.93,7.71415943658311,NA,NA,NA,NA,NA,NA
"958","29.65","No Comment","10.1594/PANGAEA.861255",29.65,5304.56,596.06,15,5930.27,8.17964148130663,0,0,0,0,0,0
"959","29.72","No Comment","10.1594/PANGAEA.883475",29.72,2286.71,108.49,12,2424.92,7.85557806251197,0,0,0,0,0,0
"961","29.81","No Comment","10.1594/PANGAEA.861839",29.81,2150.3,98.88,14,2278.99,7.80833127418466,NA,NA,NA,NA,NA,NA
"962","29.81","No Comment","10.1594/PANGAEA.883475",29.81,2115.6,92.59,12,2238,7.82052997004312,0,0,0,0,0,0
"963","29.81","final","10.1594/PANGAEA.849339",34.7,2073.35,84.95,20,2193,7.65903751659422,0,0,0,0,0,0
"964","29.81","initial","10.1594/PANGAEA.849339",29.81,2086.09,100.1,20,2216,7.72764779071492,0,0,0,0,0,0
"965","29.92","No Comment","10.1594/PANGAEA.835214",29.92,2101.29,88.88,10,2220.09,7.83971379354878,NA,NA,NA,NA,NA,NA
"966","29.95","No Comment","10.1594/PANGAEA.869122",29.95,2181.62,80.46,-1.8,2292.03,7.97989159191407,NA,NA,NA,NA,NA,NA
"968","2N HL 1000","at the beginning","10.1594/PANGAEA.913444",39.94,2156.03,72.03,6.5,2268,7.79753198777686,NA,NA,NA,NA,NA,NA
"969","2N HL 1000","at the end","10.1594/PANGAEA.913444",37.15,2095.69,73.17,6.5,2206.01,7.81667938648907,NA,NA,NA,NA,NA,NA
"971","2N HL 1000, Temp2","at the beginning","10.1594/PANGAEA.913444",39.94,2156.03,72.03,15,2268,7.65285948418035,0,0,0,0,0,0
"972","2N HL 1000, Temp2","at the end","10.1594/PANGAEA.913444",37.15,2095.69,73.17,15,2206.01,7.67200688289256,0,0,0,0,0,0
"974","2N HL 400","at the beginning","10.1594/PANGAEA.913444",15.6,1958.28,152.12,12.8,2126,8.0562020100177,NA,NA,NA,NA,NA,NA
"975","2N HL 400","at the end","10.1594/PANGAEA.913444",15.46,1906.97,145.57,12.8,2068,8.04861850286872,NA,NA,NA,NA,NA,NA
"977","2N HL 400, Temp2","at the beginning","10.1594/PANGAEA.913444",15.6,1958.28,152.12,15,2126,8.01931239720587,0,0,0,0,0,0
"978","2N HL 400, Temp2","at the end","10.1594/PANGAEA.913444",15.46,1906.97,145.57,15,2068,8.01172889005689,0,0,0,0,0,0
"980","2N LL 1000","at the beginning","10.1594/PANGAEA.913444",39.93,2135.4,70.67,3,2246,7.85473199940809,NA,NA,NA,NA,NA,NA
"981","2N LL 1000","at the end","10.1594/PANGAEA.913444",37.99,2106.71,72.29,3,2216.99,7.87044961448441,NA,NA,NA,NA,NA,NA
"983","2N LL 1000, Temp2","at the beginning","10.1594/PANGAEA.913444",39.93,2135.4,70.67,15,2246,7.64875672186221,0,0,0,0,0,0
"984","2N LL 1000, Temp2","at the end","10.1594/PANGAEA.913444",37.99,2106.71,72.29,15,2216.99,7.66447433693853,0,0,0,0,0,0
"986","2N LL 400","at the beginning","10.1594/PANGAEA.913444",15.52,1968.07,154.41,6.2,2138,8.17352215068527,NA,NA,NA,NA,NA,NA
"987","2N LL 400","at the end","10.1594/PANGAEA.913444",16.2,1921.7,141.1,6.2,2079,8.14472869261557,NA,NA,NA,NA,NA,NA
"989","2N LL 400, Temp2","at the beginning","10.1594/PANGAEA.913444",15.52,1968.07,154.41,15,2138,8.02363575061788,0,0,0,0,0,0
"990","2N LL 400, Temp2","at the end","10.1594/PANGAEA.913444",16.2,1921.7,141.1,15,2079,7.99484229254817,0,0,0,0,0,0
"991","3","No Comment","10.1594/PANGAEA.959616",32.59,2141.94,98.47,20,2273,7.70904339116504,NA,NA,NA,NA,NA,NA
"992","3.02","No Comment","10.1594/PANGAEA.849402",3.02,1296.4,349.44,15,1648.86,8.55963446326343,NA,NA,NA,NA,NA,NA
"994","3.08","No Comment","10.1594/PANGAEA.835214",3.08,1358.07,387.45,15,1748.6,8.58429437848294,NA,NA,NA,NA,NA,NA
"995","3.19","No Comment","10.1594/PANGAEA.835214",3.19,1328.61,386.79,20,1718.59,8.51062447493701,NA,NA,NA,NA,NA,NA
"996","3.2","No Comment","10.1594/PANGAEA.834251",3.2,1329.2,386.6,20,1719,8.51021827154534,NA,NA,NA,NA,NA,NA
"997","3.23","No Comment","10.1594/PANGAEA.849402",3.23,1322.47,340.43,15,1666.13,8.53964286480804,NA,NA,NA,NA,NA,NA
"999","3.24","No Comment","10.1594/PANGAEA.849402",3.24,1298.21,326.58,15,1628.03,8.52964550349465,NA,NA,NA,NA,NA,NA
"1001","3.28","No Comment","10.1594/PANGAEA.721775",3.28,1020.744,215.456,20,1239.48,8.36160443654964,0,0,43.6520808209643,123.695652955146,167.347733776111,0.063315452675459
"1002","3.28","No Comment","10.1594/PANGAEA.849402",3.28,1312.41,330.15,15,1645.84,8.52964263968014,NA,NA,NA,NA,NA,NA
"1004","3.3","No Comment","10.1594/PANGAEA.861380",3.3,1514.5,448,15,1965.8,8.60000960526424,0,0,0,0,0,0
"1005","3.3","No Comment","10.1594/PANGAEA.920269",3.3,1514.5,448,15,1965.8,8.60000960526424,0,0,0,0,0,0
"1006","3.35","No Comment","10.1594/PANGAEA.887739",3.35,1412.43,411.74,20,1827.52,8.51120288124503,NA,NA,NA,NA,NA,NA
"1007","3.37","No Comment","10.1594/PANGAEA.849402",3.37,1361.73,350.855,15,1715.955,8.53981951232805,0,0,16.4402326625872,18.7100454301961,35.1502780927833,0.0143901063991572
"1009","3.38","No Comment","10.1594/PANGAEA.849402",3.38,1341.43,372.41,20,1717.22,8.49000007389618,NA,NA,NA,NA,NA,NA
"1011","3.47","No Comment","10.1594/PANGAEA.849402",3.47,1343.92,364.61,20,1712,8.48000191306139,NA,NA,NA,NA,NA,NA
"1013","3.49","No Comment","10.1594/PANGAEA.849402",3.49,1354.85,367.57,20,1725.91,8.47999559709156,NA,NA,NA,NA,NA,NA
"1015","3.5","No Comment","10.1594/PANGAEA.849402",3.5,1395.32,359.48,15,1758.3,8.54000178266156,NA,NA,NA,NA,NA,NA
"1017","3.54","No Comment","10.1594/PANGAEA.849402",3.54,1371.39,372.06,20,1746.99,8.47999875786884,NA,NA,NA,NA,NA,NA
"1019","3.56","No Comment","10.1594/PANGAEA.849402",3.56,1350.26,357.99,20,1711.81,8.47000024746129,NA,NA,NA,NA,NA,NA
"1021","3.59","No Comment","10.1594/PANGAEA.849402",3.59,1397.35,351.81,15,1752.75,8.53000384954229,NA,NA,NA,NA,NA,NA
"1023","3.6","No Comment","10.1594/PANGAEA.849402",3.6,1378.38,331.14,15,1713.12,8.50964355041856,NA,NA,NA,NA,NA,NA
"1024","3.6","No Comment","10.1594/PANGAEA.924611",3.6,1417.53,390.82,20,1811.95,8.48699127597248,NA,NA,NA,NA,NA,NA
"1026","3.61","No Comment","10.1594/PANGAEA.849402",3.61,1406.49,354.11,15,1764.21,8.53000241153813,NA,NA,NA,NA,NA,NA
"1028","3.63","No Comment","10.1594/PANGAEA.835214",3.63,1454.97,351.1,10,1809.7,8.59597253210075,NA,NA,NA,NA,NA,NA
"1029","3.68","No Comment","10.1594/PANGAEA.849402",3.68,1370.43,346.7,20,1720.81,8.4496437389402,NA,NA,NA,NA,NA,NA
"1031","3.71","No Comment","10.1594/PANGAEA.849402",3.71,1373.66,355.9,20,1733.27,8.45999549037757,NA,NA,NA,NA,NA,NA
"1033","3.75","No Comment","10.1594/PANGAEA.849402",3.75,1370.57,314.44,15,1688.76,8.48963743509627,NA,NA,NA,NA,NA,NA
"1034","3.75","No Comment","10.1594/PANGAEA.887739",3.75,1467.74,397.35,20,1868.84,8.47907084168595,NA,NA,NA,NA,NA,NA
"1036","3.76","No Comment","10.1594/PANGAEA.835214",3.76,1416.23,345.51,15,1765.5,8.5163277006836,NA,NA,NA,NA,NA,NA
"1037","3.77","No Comment","10.1594/PANGAEA.924611",3.77,1427.19,378.42,20,1809.38,8.47003904179769,NA,NA,NA,NA,NA,NA
"1038","3.8","No Comment","10.1594/PANGAEA.849402",3.8,1376.75,348.58,20,1729.13,8.44999413487183,NA,NA,NA,NA,NA,NA
"1040","3.83","No Comment","10.1594/PANGAEA.849402",3.83,1386.525,351.06,20,1741.415,8.45000040042135,0,0,0.240416305603449,0.968736290225654,1.20915259582902,6.01480907012456e-06
"1042","3.88","No Comment","10.1594/PANGAEA.924611",3.88,1400.68,353.46,20,1758.02,8.44854810007925,NA,NA,NA,NA,NA,NA
"1043","3.9","No Comment","10.1594/PANGAEA.887739",3.9,1477.8,387.39,20,1869.09,8.46507949798257,NA,NA,NA,NA,NA,NA
"1044","3.92","No Comment","10.1594/PANGAEA.885410",3.92,1379.24,306.84,14,1690,8.49299400158645,NA,NA,NA,NA,NA,NA
"1045","3.93","No Comment","10.1594/PANGAEA.849402",3.93,1391.66,344.34,20,1739.93,8.44000108494771,NA,NA,NA,NA,NA,NA
"1047","3.95","No Comment","10.1594/PANGAEA.924611",3.95,1423.88,359.07,20,1786.9,8.44825248624922,NA,NA,NA,NA,NA,NA
"1048","3.96","No Comment","10.1594/PANGAEA.849402",3.96,1438.28,337.94,15,1780.18,8.49999702726043,NA,NA,NA,NA,NA,NA
"1050","30","No Comment","10.1594/PANGAEA.826456",30,1903,80,20,2013,7.6701979531644,NA,NA,NA,NA,NA,NA
"1052","30 per mil HC","after","10.1594/PANGAEA.930309",44.56,1649.36,36.68,15,1730.6,7.47611473801452,NA,NA,NA,NA,NA,NA
"1053","30 per mil HC","before","10.1594/PANGAEA.930309",42.46,1684.59,40.15,15,1767.2,7.50619220022913,NA,NA,NA,NA,NA,NA
"1055","30 per mil LC","after","10.1594/PANGAEA.930309",20.18,1524.89,69.23,15,1614.3,7.78605668415281,NA,NA,NA,NA,NA,NA
"1056","30 per mil LC","before","10.1594/PANGAEA.930309",15.48,1507.71,88.21,15,1611.4,7.89620087568028,NA,NA,NA,NA,NA,NA
"1057","30.11","No Comment","10.1594/PANGAEA.849402",30.11,2001.39,83.55,15,2115.05,7.74961559767446,NA,NA,NA,NA,NA,NA
"1059","30.13","No Comment","10.1594/PANGAEA.869122",30.13,2297.98,88.74,-1.8,2416.85,7.99986384983026,NA,NA,NA,NA,NA,NA
"1060","30.15","No Comment","10.1594/PANGAEA.835214",30.15,2080.51,100.44,20,2211.1,7.73028365092397,NA,NA,NA,NA,NA,NA
"1061","30.19","No Comment","10.1594/PANGAEA.869122",30.19,2250.24,84.92,-1.8,2365.35,7.98987181351166,0,0,0.0141421356237382,0.254558441227247,0.268700576850965,2.31955757779891e-05
"1062","30.26","No Comment","10.1594/PANGAEA.869122",30.26,2255.56,85.12,-1.8,2370.94,7.9898679007503,NA,NA,NA,NA,NA,NA
"1063","30.3","No Comment","10.1594/PANGAEA.835715",30.3,2098.91,92.69,15,2221.9,7.77403993439854,0,0,0,0,0,0
"1064","30.3","No Comment","10.1594/PANGAEA.943274",30.3,2078.62,89.58,17.15,2198.5,7.72774861747352,NA,NA,NA,NA,NA,NA
"1065","30.34","No Comment","10.1594/PANGAEA.849402",30.34,2044.63,96.4,20,2171.37,7.72000905963592,NA,NA,NA,NA,NA,NA
"1067","30.36","No Comment","10.1594/PANGAEA.849402",30.36,2045.84,96.46,20,2172.66,7.72002234642005,NA,NA,NA,NA,NA,NA
"1069","30.38","No Comment","10.1594/PANGAEA.869122",30.38,2213.15,81.62,-1.8,2325.15,7.97987641049138,NA,NA,NA,NA,NA,NA
"1070","30.4","No Comment","10.1594/PANGAEA.726883",30.4,1946.18,77.12,15,2053.7,7.72698488463145,NA,NA,NA,NA,NA,NA
"1071","30.52","No Comment","10.1594/PANGAEA.726883",30.52,1839.71,68.63,15,1938.86,7.70076549879755,NA,NA,NA,NA,NA,NA
"1072","30.56","No Comment","10.1594/PANGAEA.869122",30.56,2330.53,90,-1.8,2451.09,7.99987848165699,NA,NA,NA,NA,NA,NA
"1073","30.85","No Comment","10.1594/PANGAEA.835214",30.85,2071.44,90.01,15,2192.3,7.76701927231451,NA,NA,NA,NA,NA,NA
"1074","30.85","No Comment","10.1594/PANGAEA.960341",30.85,2098.41,91.03,16,2220.29,7.74965167541551,0,0,0,0,0,0
"1075","30.89","No Comment","10.1594/PANGAEA.869122",30.89,2224.455,81.11,-1.8,2336.455,7.97485483465213,0,0,2.64457936163769,36.2533646714343,38.8979440330721,0.00708432793453324
"1076","300-14","No Comment","10.1594/PANGAEA.829883",9.83333333333333,1080.33333333333,77.8333333333333,14,1168,7.96085395662621,0,1.32916013582513,42.4425101362616,220.320372790776,260.855515563693,0.139498846782498
"1077","300/14","No Comment","10.1594/PANGAEA.774802",10.41,1147.83333333333,82.87,14,1241.11333333333,7.95620157116858,0,1.18203214846298,53.3383168088383,368.811541070323,422.029242904644,0.128980660365807
"1078","31.05","No Comment","10.1594/PANGAEA.949913",31.05,1871.01,71.94,17,1974,7.68068535770816,0,0,0,0,0,0
"1079","31.11","No Comment","10.1594/PANGAEA.943274",31.11,2049.61,89.18,17.22,2169.9,7.73075291087897,NA,NA,NA,NA,NA,NA
"1080","31.21","No Comment","10.1594/PANGAEA.869122",31.21,2221.41,80.06,-1.8,2332.68,7.96987753321843,NA,NA,NA,NA,NA,NA
"1081","31.25","No Comment","10.1594/PANGAEA.849402",31.25,2064.56,88.27,15,2184.08,7.75998648671301,NA,NA,NA,NA,NA,NA
"1083","31.33","No Comment","10.1594/PANGAEA.943274",31.33,2043.13,87.74,17.03,2162.2,7.72819685062688,NA,NA,NA,NA,NA,NA
"1084","31.34","No Comment","10.1594/PANGAEA.883475",31.34,2055.73,100.51,24,2187.58,7.67116879991956,0,0,0,0,0,0
"1085","31.47","No Comment","10.1594/PANGAEA.849402",31.47,1991.11,85.54,20,2108.12,7.67962074684539,NA,NA,NA,NA,NA,NA
"1086","31.47","No Comment","10.1594/PANGAEA.868682",31.47,2094.36,89.2,15,2215.03,7.75831438857785,0,0,0,0,0,0
"1088","31.55","No Comment","10.1594/PANGAEA.960341",31.55,2097.49,88.92,16,2217.96,7.73965703497255,0,0,0,0,0,0
"1089","31.61","No Comment","10.1594/PANGAEA.885410",31.61,1976.21,78.18,14,2086,7.74298444487717,NA,NA,NA,NA,NA,NA
"1090","31.65","No Comment","10.1594/PANGAEA.943274",31.65,2040.15,87.09,17.4,2158.89,7.71949203996011,NA,NA,NA,NA,NA,NA
"1091","31.66","No Comment","10.1594/PANGAEA.943274",31.66,2083.69,85.85,16.92,2201.2,7.71202072489125,NA,NA,NA,NA,NA,NA
"1092","31.68","No Comment","10.1594/PANGAEA.869122",31.68,2204.03,77.62,-1.8,2313.33,7.95984680684013,NA,NA,NA,NA,NA,NA
"1093","31.81","No Comment","10.1594/PANGAEA.849402",31.81,2047.26,92.18,20,2171.25,7.70001045711218,NA,NA,NA,NA,NA,NA
"1094","31.81","No Comment","10.1594/PANGAEA.867566",31.81,2085.55,95.64,20,2213,7.70796571560734,0,0,0,0,0,0
"1096","32","No Comment","10.1594/PANGAEA.869122",32,2277.47,82.08,-1.8,2391.55,7.96987535285917,NA,NA,NA,NA,NA,NA
"1097","32.14","No Comment","10.1594/PANGAEA.883475",32.14,2085.93,91.22,18,2209.29,7.72009120259325,0,0,0,0,0,0
"1098","32.18","No Comment","10.1594/PANGAEA.869122",32.18,2238.31,78.83,-1.8,2349.32,7.95986196159581,NA,NA,NA,NA,NA,NA
"1099","32.2","No Comment","10.1594/PANGAEA.861380",32.2,2334.7,109.5,15,2476.4,7.80018390479998,0,0,0,0,0,0
"1100","32.2","No Comment","10.1594/PANGAEA.920269",32.2,2334.7,109.5,15,2476.4,7.80018390479998,0,0,0,0,0,0
"1101","32.23","No Comment","10.1594/PANGAEA.849402",32.23,1992.5,83.65,20,2108.38,7.66961436968974,NA,NA,NA,NA,NA,NA
"1103","32.31","No Comment","10.1594/PANGAEA.869122",32.31,2299.64,82.88,-1.8,2414.83,7.96988055825667,NA,NA,NA,NA,NA,NA
"1104","32.35","No Comment","10.1594/PANGAEA.869122",32.35,2302.45,82.98,-1.8,2417.78,7.96987389268488,NA,NA,NA,NA,NA,NA
"1105","32.37","No Comment","10.1594/PANGAEA.869122",32.37,2251.84,79.31,-1.8,2363.52,7.95988109055539,NA,NA,NA,NA,NA,NA
"1106","32.37","No Comment","10.1594/PANGAEA.887739",32.37,2162.36,99.84,20,2294.57,7.71092332774569,NA,NA,NA,NA,NA,NA
"1107","32.44","No Comment","10.1594/PANGAEA.869122",32.44,2256.35,79.47,-1.8,2368.26,7.95988741570986,NA,NA,NA,NA,NA,NA
"1108","32.44","No Comment","10.1594/PANGAEA.924611",32.44,2080.83,93.38,20,2206.65,7.69856402345712,NA,NA,NA,NA,NA,NA
"1109","32.71","No Comment","10.1594/PANGAEA.869122",32.71,2275.63,80.15,-1.8,2388.49,7.95989254620702,NA,NA,NA,NA,NA,NA
"1110","32.79","No Comment","10.1594/PANGAEA.861839",32.79,2157.69,90.51,14,2280.99,7.76842938745373,NA,NA,NA,NA,NA,NA
"1111","32.87","No Comment","10.1594/PANGAEA.869122",32.87,2286.81,80.54,-1.8,2400.22,7.9598722126221,NA,NA,NA,NA,NA,NA
"1112","33","No Comment","10.1594/PANGAEA.826456",33,1873,69,17,1975,7.6621023462706,NA,NA,NA,NA,NA,NA
"1113","33.03","No Comment","10.1594/PANGAEA.869122",33.03,2194.35,73.8,-1.8,2301.18,7.93984113288207,NA,NA,NA,NA,NA,NA
"1114","33.04","No Comment","10.1594/PANGAEA.849402",33.04,2085.08,85.14,15,2203.26,7.74001179220875,NA,NA,NA,NA,NA,NA
"1116","33.05","No Comment","10.1594/PANGAEA.849402",33.05,2003.18,76.27,15,2112.5,7.70963463982221,NA,NA,NA,NA,NA,NA
"1118","33.12","No Comment","10.1594/PANGAEA.834251",33.12,2012.82,93.06,25,2139,7.63090960124241,NA,NA,NA,NA,NA,NA
"1119","33.13","No Comment","10.1594/PANGAEA.835214",33.13,2012.48,93,25,2138.61,7.6307028676211,NA,NA,NA,NA,NA,NA
"1120","33.16","No Comment","10.1594/PANGAEA.943274",33.16,2094.82,87.32,17.35,2215.3,7.70997784648321,NA,NA,NA,NA,NA,NA
"1121","33.17","No Comment","10.1594/PANGAEA.960341",33.17,2105.52,85.24,16,2223.93,7.71964154987951,0,0,0,0,0,0
"1122","33.2","No Comment","10.1594/PANGAEA.869122",33.2,2256.87,77.68,-1.8,2367.75,7.94989334331407,NA,NA,NA,NA,NA,NA
"1123","33.23","No Comment","10.1594/PANGAEA.869122",33.23,2207.48,74.25,-1.8,2314.96,7.93989035050035,NA,NA,NA,NA,NA,NA
"1124","33.31","No Comment","10.1594/PANGAEA.835214",33.31,2123.55,81.54,10,2238.4,7.79770395733745,NA,NA,NA,NA,NA,NA
"1125","33.31","No Comment","10.1594/PANGAEA.869122",33.31,2264.17,77.93,-1.8,2375.41,7.94988631452088,NA,NA,NA,NA,NA,NA
"1126","33.31","No Comment","10.1594/PANGAEA.883475",33.31,2071.68,95.73,24,2200.72,7.64665098620065,0,0,0,0,0,0
"1127","33.38","No Comment","10.1594/PANGAEA.861839",33.38,2176.17,90.45,14,2300,7.76443762359668,NA,NA,NA,NA,NA,NA
"1128","33.38","No Comment","10.1594/PANGAEA.869122",33.38,2322.21,81.79,-1.8,2437.38,7.95988938731062,NA,NA,NA,NA,NA,NA
"1129","33.51","No Comment","10.1594/PANGAEA.943274",33.51,2095.21,85.87,16.93,2214.59,7.70956209834582,NA,NA,NA,NA,NA,NA
"1130","33.52","No Comment","10.1594/PANGAEA.834251",33.52,2011.3,83.18,20,2128,7.66308881688451,NA,NA,NA,NA,NA,NA
"1131","33.66","No Comment","10.1594/PANGAEA.869122",33.66,2235.75,75.2,-1.8,2344.61,7.93988527119235,NA,NA,NA,NA,NA,NA
"1132","33.68","No Comment","10.1594/PANGAEA.835214",33.68,2088.97,83.85,15,2206.5,7.73257173281779,NA,NA,NA,NA,NA,NA
"1133","33.71","No Comment","10.1594/PANGAEA.869122",33.71,2291.22,78.86,-1.8,2403.79,7.94988065117266,NA,NA,NA,NA,NA,NA
"1134","33.98","No Comment","10.1594/PANGAEA.869122",33.98,2257.04,75.91,-1.8,2366.93,7.93985040559619,NA,NA,NA,NA,NA,NA
"1135","33.99","No Comment","10.1594/PANGAEA.861839",33.99,2195.59,90.42,14,2320,7.76043512997317,NA,NA,NA,NA,NA,NA
"1136","34.04","No Comment","10.1594/PANGAEA.849402",34.04,2016.39,75.03,15,2125.46,7.69966128043553,NA,NA,NA,NA,NA,NA
"1138","34.12","No Comment","10.1594/PANGAEA.869122",34.12,2215.06,72.81,-1.8,2321.99,7.92989620649227,NA,NA,NA,NA,NA,NA
"1139","34.16","No Comment","10.1594/PANGAEA.949913",34.16,1944.77,74.08,20,2053.01,7.62737948166817,NA,NA,NA,NA,NA,NA
"1140","34.21","No Comment","10.1594/PANGAEA.869122",34.21,2325.24,80.03,-1.8,2439.48,7.94987570160856,NA,NA,NA,NA,NA,NA
"1141","34.26","No Comment","10.1594/PANGAEA.869122",34.26,2328.65,80.15,-1.8,2443.06,7.94988997846445,NA,NA,NA,NA,NA,NA
"1142","34.53","No Comment","10.1594/PANGAEA.869122",34.53,2347.52,80.8,-1.8,2462.85,7.94989272981776,NA,NA,NA,NA,NA,NA
"1143","34.55","No Comment","10.1594/PANGAEA.849402",34.55,2081.99,81.19,15,2197.73,7.7200247711194,NA,NA,NA,NA,NA,NA
"1145","34.57","No Comment","10.1594/PANGAEA.869122",34.57,2244.41,73.77,-1.8,2352.75,7.92986825844258,NA,NA,NA,NA,NA,NA
"1146","34.62","No Comment","10.1594/PANGAEA.883475",34.62,2063.14,91.48,24,2189.24,7.62872305739725,0,0,0,0,0,0
"1147","34.64","No Comment","10.1594/PANGAEA.849402",34.64,2087.46,81.4,15,2203.5,7.7200071115587,NA,NA,NA,NA,NA,NA
"1149","34.68","No Comment","10.1594/PANGAEA.869122",34.68,2251.37,74,-1.8,2360.05,7.92987551503386,NA,NA,NA,NA,NA,NA
"1150","34.68","No Comment","10.1594/PANGAEA.924611",34.68,2161.83,94.27,20,2290.78,7.68609872223108,NA,NA,NA,NA,NA,NA
"1151","34.79","No Comment","10.1594/PANGAEA.883475",34.79,2210.97,104.58,24,2350.34,7.65679138836265,0,0,0,0,0,0
"1152","34.81","No Comment","10.1594/PANGAEA.835214",34.81,2109.37,82.72,15,2226.9,7.72245862961372,NA,NA,NA,NA,NA,NA
"1153","34.89","No Comment","10.1594/PANGAEA.869122",34.89,2213.51,71.1,-1.8,2319.5,7.91987878241825,NA,NA,NA,NA,NA,NA
"1154","34.9","No Comment","10.1594/PANGAEA.869122",34.9,2318.48,77.98,-1.8,2431.36,7.93987054700149,NA,NA,NA,NA,NA,NA
"1155","34.94","No Comment","10.1594/PANGAEA.868682",34.94,2099.01,80.6,15,2214.55,7.71332140310837,0,0,0,0,0,0
"1156","34.94","No Comment","10.1594/PANGAEA.869122",34.94,2268.01,74.55,-1.8,2377.5,7.92989335271874,NA,NA,NA,NA,NA,NA
"1158","35 per mil HC","after","10.1594/PANGAEA.930309",40.1,1860.16,55.84,15,1956.1,7.60639597727379,NA,NA,NA,NA,NA,NA
"1159","35 per mil HC","before","10.1594/PANGAEA.930309",41.47,1878.75,55.08,15,1975.3,7.5961258069249,NA,NA,NA,NA,NA,NA
"1161","35 per mil LC","after","10.1594/PANGAEA.930309",19.43,1717.61,98.26,15,1835.3,7.88645306881689,NA,NA,NA,NA,NA,NA
"1162","35 per mil LC","before","10.1594/PANGAEA.930309",15.41,1675.87,117.91,15,1809.19,7.97631118164033,NA,NA,NA,NA,NA,NA
"1163","35.32","No Comment","10.1594/PANGAEA.869122",35.32,2346.17,78.91,-1.8,2460.4,7.93986323615318,NA,NA,NA,NA,NA,NA
"1164","35.42","No Comment","10.1594/PANGAEA.869122",35.42,2246.92,72.17,-1.8,2354.51,7.91985976537679,NA,NA,NA,NA,NA,NA
"1165","35.55","No Comment","10.1594/PANGAEA.943274",35.55,2096.24,81.31,17.15,2213.1,7.68201561823993,NA,NA,NA,NA,NA,NA
"1166","35.62","No Comment","10.1594/PANGAEA.849402",35.62,2014.96,71.6,15,2122.18,7.67964746208168,NA,NA,NA,NA,NA,NA
"1168","35.78","No Comment","10.1594/PANGAEA.869122",35.78,2269.68,72.9,-1.8,2378.36,7.91985356759512,NA,NA,NA,NA,NA,NA
"1170","35.82","final","10.1594/PANGAEA.849339",41.65,2146.51,75.84,20,2264,7.59471216271072,0,0,0,0,0,0
"1171","35.82","initial","10.1594/PANGAEA.849339",35.82,2134.01,87.18,20,2257.01,7.65776716893805,0,0,0,0,0,0
"1172","35.84","No Comment","10.1594/PANGAEA.835214",35.84,2114.12,87.25,20,2237.21,7.66218255534127,NA,NA,NA,NA,NA,NA
"1173","36","No Comment","10.1594/PANGAEA.826456",36,1946,71,20,2053,7.60866226724622,NA,NA,NA,NA,NA,NA
"1174","36.04","No Comment","10.1594/PANGAEA.835715",36.04,2153.41,82.04,15,2271.49,7.7098997951341,0,0,0,0,0,0
"1175","36.18","No Comment","10.1594/PANGAEA.869122",36.18,2243.17,70.41,-1.8,2349.76,7.90986282624217,NA,NA,NA,NA,NA,NA
"1176","36.19","No Comment","10.1594/PANGAEA.835214",36.19,2088.31,84.3,20,2208.8,7.65257936095314,NA,NA,NA,NA,NA,NA
"1177","36.21","No Comment","10.1594/PANGAEA.849402",36.21,2083.98,77.61,15,2197.8,7.70002500565699,NA,NA,NA,NA,NA,NA
"1179","36.26","No Comment","10.1594/PANGAEA.834251",36.26,2088.59,84.15,20,2209,7.65174768046527,NA,NA,NA,NA,NA,NA
"1180","36.39","No Comment","10.1594/PANGAEA.869122",36.39,2362.44,77.65,-1.8,2476.48,7.92987134274951,NA,NA,NA,NA,NA,NA
"1181","36.43","No Comment","10.1594/PANGAEA.869122",36.43,2207.2,67.7,-1.8,2311.33,7.89983765123906,NA,NA,NA,NA,NA,NA
"1182","36.45","No Comment","10.1594/PANGAEA.883475",36.45,2133.9,84.4,18,2254.75,7.67646924810212,0,0,0,0,0,0
"1183","36.47","No Comment","10.1594/PANGAEA.869122",36.47,2313.74,74.32,-1.8,2424.53,7.91988181626931,NA,NA,NA,NA,NA,NA
"1184","36.51","No Comment","10.1594/PANGAEA.943274",36.51,2071.42,73.47,16.83,2181.4,7.64844380398453,NA,NA,NA,NA,NA,NA
"1185","36.54","No Comment","10.1594/PANGAEA.869122",36.54,2213.67,67.9,-1.8,2318.11,7.89984756482739,NA,NA,NA,NA,NA,NA
"1186","37.03","No Comment","10.1594/PANGAEA.869122",37.03,2243.38,68.81,-1.8,2349.22,7.89983938410337,NA,NA,NA,NA,NA,NA
"1187","37.08","No Comment","10.1594/PANGAEA.869122",37.08,2352.12,75.55,-1.8,2464.75,7.91986566397949,NA,NA,NA,NA,NA,NA
"1188","37.15","No Comment","10.1594/PANGAEA.869122",37.15,2303.11,72.29,-1.8,2412.55,7.90985421375431,NA,NA,NA,NA,NA,NA
"1189","37.19","No Comment","10.1594/PANGAEA.924611",37.19,2099.27,82.9,20,2219.36,7.64303298555596,NA,NA,NA,NA,NA,NA
"1190","37.22","No Comment","10.1594/PANGAEA.849402",37.22,2093.45,76.18,15,2206.85,7.68997924460653,NA,NA,NA,NA,NA,NA
"1192","37.23","No Comment","10.1594/PANGAEA.869122",37.23,2362.03,75.87,-1.8,2475.13,7.91987534482867,NA,NA,NA,NA,NA,NA
"1193","37.33","No Comment","10.1594/PANGAEA.869122",37.33,2261.53,69.37,-1.8,2368.23,7.89986001133362,NA,NA,NA,NA,NA,NA
"1194","37.59","No Comment","10.1594/PANGAEA.869122",37.59,2330.43,73.15,-1.8,2441.17,7.9098689380881,NA,NA,NA,NA,NA,NA
"1195","37.61","No Comment","10.1594/PANGAEA.943274",37.61,2076.94,71.76,16.88,2186.31,7.63623344552707,NA,NA,NA,NA,NA,NA
"1196","37.67","No Comment","10.1594/PANGAEA.834251",37.67,2035.08,65.24,10,2137.99,7.71932820748044,NA,NA,NA,NA,NA,NA
"1197","37.89","No Comment","10.1594/PANGAEA.869122",37.89,2243.59,67.25,-1.8,2348.73,7.88983946307002,NA,NA,NA,NA,NA,NA
"1198","37.93","No Comment","10.1594/PANGAEA.868682",37.93,2118.82,75.72,15,2232.47,7.68211741054433,0,0,0,0,0,0
"1199","37.94","No Comment","10.1594/PANGAEA.943274",37.94,2074.82,70.74,16.66,2183.5,7.63409966313162,NA,NA,NA,NA,NA,NA
"1200","37.96","No Comment","10.1594/PANGAEA.943274",37.96,2049.93,73.11,17.22,2161,7.64439442685344,NA,NA,NA,NA,NA,NA
"1201","38.08","No Comment","10.1594/PANGAEA.861839",38.08,2183.13,79.79,14,2301,7.70859073878817,NA,NA,NA,NA,NA,NA
"1202","38.26","No Comment","10.1594/PANGAEA.836367",38.26,2146.56,85.51,20,2270.33,7.64682062863973,NA,NA,NA,NA,NA,NA
"1203","38.28","No Comment","10.1594/PANGAEA.883475",38.28,2095.75,77.28,18,2211.31,7.64602850347066,0,0,0,0,0,0
"1204","38.38","No Comment","10.1594/PANGAEA.836367",38.38,2143.74,85.01,20,2267.13,7.64484465911832,NA,NA,NA,NA,NA,NA
"1205","38.42","No Comment","10.1594/PANGAEA.834251",38.42,1943,64.59,17,2046.01,7.61748351685194,NA,NA,NA,NA,NA,NA
"1206","38.53","No Comment","10.1594/PANGAEA.861255",38.53,6892.66,774.51,15,7705.7,8.17964104219576,0,0,0,0,0,0
"1207","38.54","No Comment","10.1594/PANGAEA.949280",38.54,2022.71,68.7,15,2129.95,7.66002398443373,NA,NA,NA,NA,NA,NA
"1208","38.58","No Comment","10.1594/PANGAEA.869122",38.58,2284.41,68.48,-1.8,2391.47,7.88988036907406,NA,NA,NA,NA,NA,NA
"1209","38.65","No Comment","10.1594/PANGAEA.924611",38.65,2176.81,85.75,20,2301.21,7.64196035930205,NA,NA,NA,NA,NA,NA
"1210","38.8","No Comment","10.1594/PANGAEA.869122",38.8,2297.32,68.87,-1.8,2404.99,7.88989925953292,NA,NA,NA,NA,NA,NA
"1211","38.84","No Comment","10.1594/PANGAEA.883475",38.84,2291.35,91.05,18,2421.24,7.67848938299005,0,0,0,0,0,0
"1212","38.95","No Comment","10.1594/PANGAEA.861839",38.95,2222.22,80.83,14,2342,7.70650739822669,NA,NA,NA,NA,NA,NA
"1213","380","No Comment","10.1594/PANGAEA.923623",11.9081818181818,1705.44454545455,163.687272727273,16.4730769230769,1881.04,8.08006050312823,0.285037109594792,3.42900224024954,31.1575143716276,87.2160908736039,62.0408009297108,0.101336988274568
"1214","380","No Comment","10.1594/PANGAEA.951402",19.0786153846154,1974.18492307692,110.703230769231,3.4,2103.96676923077,8.07639007502639,0,0.363141143888456,4.54824179893049,33.9879286991663,38.0483323019754,0.0117739463773268
"1215","380","No Comment","10.1594/PANGAEA.973814",10.31,1674.01,211.18,27,1895.5,8.03493473958567,0,0.449132497154236,6.71507855501333,10.1000039603953,3.83405790253616,0.0164338361704946
"1216","380 µatm+[NO3]-","No Comment","10.1594/PANGAEA.956021",9.56,1784.14,248.77,25,2042.47,8.11032056817058,0,0,0,0,0,0
"1217","380 µatm-[NO3]-","No Comment","10.1594/PANGAEA.956021",9.64,1799,250.84,25,2059.48,8.11031712087338,0,0,0,0,0,0
"1218","380_culture","No Comment","10.1594/PANGAEA.923623",7.89076923076923,1410.99461538462,184.99,16.7533333333333,1603.87538461538,8.22235105585,0.195910572407291,4.5227912869865,38.4620587939162,351.431183818762,332.690509823955,0.183054057480971
"1219","380_media","No Comment","10.1594/PANGAEA.923623",14.585,1844.98,149.185,17.05,2008.75,8.00156260305343,0.0707106781186558,0.0919238815542517,17.3736136137535,103.478006358839,120.943543854147,0.0251521707531563
"1220","380ppm pCO2-1250pM Fe","No Comment","10.1594/PANGAEA.830475",10,1827,256,27,2093,8.08071787554604,0,0,0,0,0,0
"1221","380ppm pCO2-40pM Fe","No Comment","10.1594/PANGAEA.830475",10,1827,256,27,2093,8.08071787554604,0,0,0,0,0,0
"1223","39","Calculated from means","10.1594/PANGAEA.833669",39,2212.5,77,15,2328.5,7.67060841454675,0,0,0,1.60356745147455,1.60356745147455,0.00031476637389201
"1225","39.01","No Comment","10.1594/PANGAEA.869122",39.01,2257.1,66.12,-1.8,2362.23,7.87987271416033,NA,NA,NA,NA,NA,NA
"1226","39.02","No Comment","10.1594/PANGAEA.835214",39.02,2147.77,71.2,10,2257.99,7.73388796310678,NA,NA,NA,NA,NA,NA
"1227","39.26","No Comment","10.1594/PANGAEA.869122",39.26,2219.96,63.55,-1.8,2322.77,7.86986107566073,NA,NA,NA,NA,NA,NA
"1228","39.36","No Comment","10.1594/PANGAEA.869122",39.36,2225.54,63.71,-1.8,2328.61,7.86986287077155,NA,NA,NA,NA,NA,NA
"1229","39.45","No Comment","10.1594/PANGAEA.960341",39.45,2131.48,73.45,16,2244.38,7.64966801808249,0,0,0,0,0,0
"1230","39.53","No Comment","10.1594/PANGAEA.835214",39.53,2066.31,75.55,20,2181.39,7.60958574564608,NA,NA,NA,NA,NA,NA
"1231","39.65","No Comment","10.1594/PANGAEA.869122",39.65,2347.42,70.37,-1.8,2457.44,7.88988742060442,NA,NA,NA,NA,NA,NA
"1232","39.75","No Comment","10.1594/PANGAEA.846058",39.75,2174.32,75.93,15,2290,7.67209080817618,NA,NA,NA,NA,NA,NA
"1233","39.79","No Comment","10.1594/PANGAEA.849402",39.79,2088.35,70.93,15,2199.07,7.66002754214947,NA,NA,NA,NA,NA,NA
"1235","39.99","No Comment","10.1594/PANGAEA.836367",39.99,2162.81,83.05,20,2285.85,7.63086802232833,NA,NA,NA,NA,NA,NA
"1236","4","No Comment","10.1594/PANGAEA.849402",4,1403.05,339.285,20,1746.335,8.42982399556242,0,0,15.7189837457769,18.5120555314639,34.2310392772407,0.0143976365561667
"1237","4","No Comment","10.1594/PANGAEA.959616",44.36,2199.36,76.28,20,2320,7.58666111660448,NA,NA,NA,NA,NA,NA
"1239","4.04","No Comment","10.1594/PANGAEA.849402",4.04,1371.18,316.36,20,1691.58,8.40963385131257,NA,NA,NA,NA,NA,NA
"1241","4.08","No Comment","10.1594/PANGAEA.849402",4.08,1387.44,320.12,20,1711.64,8.40964535159468,NA,NA,NA,NA,NA,NA
"1243","4.1","No Comment","10.1594/PANGAEA.849402",4.1,1393.2,321.45,20,1718.75,8.40964671877079,NA,NA,NA,NA,NA,NA
"1245","4.18","No Comment","10.1594/PANGAEA.835214",4.18,1455.15,354.57,20,1813.9,8.43334097818687,NA,NA,NA,NA,NA,NA
"1246","4.18","No Comment","10.1594/PANGAEA.849402",4.18,1450,325.36,15,1779.54,8.47999702609653,NA,NA,NA,NA,NA,NA
"1248","4.2","No Comment","10.1594/PANGAEA.849402",4.2,1417.28,334.89,20,1756.37,8.41999327531567,NA,NA,NA,NA,NA,NA
"1250","4.22","No Comment","10.1594/PANGAEA.849402",4.22,1401.75,316.05,20,1722.02,8.39963198435273,NA,NA,NA,NA,NA,NA
"1251","4.22","No Comment","10.1594/PANGAEA.887739",4.22,1516.11,376.95,20,1897.28,8.4420997898223,NA,NA,NA,NA,NA,NA
"1253","4.35","No Comment","10.1594/PANGAEA.849402",4.35,1436.71,331.76,20,1772.82,8.4100016622024,NA,NA,NA,NA,NA,NA
"1255","4.38","No Comment","10.1594/PANGAEA.849402",4.38,1453.64,319.505,17.5,1777.525,8.42981594055384,3.53553390593274,0,8.66205806953521,44.363879451644,53.025937521179,0.0568230435437805
"1257","4.43","No Comment","10.1594/PANGAEA.849402",4.43,1403.76,302.26,20,1710.45,8.37963456939702,NA,NA,NA,NA,NA,NA
"1259","4.5","No Comment","10.1594/PANGAEA.960341",4.5,1533.02,333.29,16,1870.81,8.44963194247533,0,0,0,0,0,0
"1260","4.51","No Comment","10.1594/PANGAEA.849402",4.51,1494.4,320.23,15,1819.14,8.45999602540285,NA,NA,NA,NA,NA,NA
"1262","4.52","No Comment","10.1594/PANGAEA.849402",4.52,1433.02,308.56,20,1746.1,8.3796341286298,NA,NA,NA,NA,NA,NA
"1264","4.57","No Comment","10.1594/PANGAEA.849402",4.57,1452.325,301.445,17.5,1758.34,8.40464209914983,3.53553390593274,0,15.2098668633226,3.42946788875469,11.7803989745679,0.0353560402582274
"1266","4.65","No Comment","10.1594/PANGAEA.960341",4.65,1548.06,328.9,16,1881.61,8.43963356425006,0,0,0,0,0,0
"1267","4.71","No Comment","10.1594/PANGAEA.835431",4.71,1411.54,331.75,28,1748,8.28957209296485,0,0,0,0,0,0
"1268","4.76","No Comment","10.1594/PANGAEA.960341",4.76,1550.34,321.89,16,1876.99,8.42963801246788,0,0,0,0,0,0
"1269","4.78","No Comment","10.1594/PANGAEA.949280",4.78,1691.22,418.46,20,2114.46,8.44000059931116,NA,NA,NA,NA,NA,NA
"1270","4.79","No Comment","10.1594/PANGAEA.887739",4.79,1551.54,347.555,20,1903.885,8.39680723595712,0,0,0.45961940777124,1.54149278298672,2.00111219075804,0.000142844812077213
"1271","4.83","No Comment","10.1594/PANGAEA.835214",4.83,1534.34,315.13,15,1854.3,8.44156901121713,NA,NA,NA,NA,NA,NA
"1272","4.86","No Comment","10.1594/PANGAEA.849402",4.86,1439.18,289.21,20,1733.25,8.34964494484576,NA,NA,NA,NA,NA,NA
"1274","4.91","No Comment","10.1594/PANGAEA.887739",4.91,1560.56,343.08,20,1908.55,8.38866168490284,NA,NA,NA,NA,NA,NA
"1275","4.92","No Comment","10.1594/PANGAEA.849402",4.92,1479.86,311.65,20,1796.43,8.36999325414618,NA,NA,NA,NA,NA,NA
"1277","4.94","No Comment","10.1594/PANGAEA.949913",4.94,1449.81,271.24,17,1725.99,8.36783367766013,NA,NA,NA,NA,NA,NA
"1279","40","Calculated from means","10.1594/PANGAEA.833669",40,2202,75,15,2317,7.66124481769094,0,0,0,0,0,0
"1281","40.21","No Comment","10.1594/PANGAEA.960341",40.21,2123.1,71.49,16,2234.8,7.63963232664872,0,0,0,0,0,0
"1282","40.26","No Comment","10.1594/PANGAEA.869122",40.26,2329.46,68.24,-1.8,2437.96,7.87987443076383,NA,NA,NA,NA,NA,NA
"1283","40.3","No Comment","10.1594/PANGAEA.846058",40.3,2176.92,75.08,15,2292.3,7.66668266351105,NA,NA,NA,NA,NA,NA
"1284","40.32","No Comment","10.1594/PANGAEA.861839",40.32,2189.85,75.83,14,2306,7.68514855972069,NA,NA,NA,NA,NA,NA
"1285","40.32","No Comment","10.1594/PANGAEA.869122",40.32,2227.6,62.32,-1.8,2330.24,7.85988090547183,NA,NA,NA,NA,NA,NA
"1286","40.36","No Comment","10.1594/PANGAEA.846058",40.36,2176.03,74.9,15,2291.29,7.66581780813374,NA,NA,NA,NA,NA,NA
"1287","40.42","No Comment","10.1594/PANGAEA.835214",40.42,2123.49,72.19,15,2236.1,7.66042769060883,NA,NA,NA,NA,NA,NA
"1288","40.46","No Comment","10.1594/PANGAEA.846058",40.46,2174.43,74.61,15,2289.5,7.66445247765583,NA,NA,NA,NA,NA,NA
"1290","40.49","final","10.1594/PANGAEA.849339",49.17,2089.92,60.91,20,2200,7.51110569188024,0,0,0,0,0,0
"1291","40.49","initial","10.1594/PANGAEA.849339",40.49,2132.51,77,20,2250,7.60414640324626,0,0,0,0,0,0
"1292","40.63","No Comment","10.1594/PANGAEA.861839",40.63,2167.64,73.73,14,2282,7.67737894870282,NA,NA,NA,NA,NA,NA
"1293","40.91","No Comment","10.1594/PANGAEA.883475",40.91,2144.53,69.39,12,2254.83,7.68936420578556,0,0,0,0,0,0
"1294","40.99","No Comment","10.1594/PANGAEA.846058",40.99,2194.67,76.04,15,2311.7,7.66867375002331,NA,NA,NA,NA,NA,NA
"1295","400","No Comment","10.1594/PANGAEA.875114",13.17,1949.65,201.85,20,2164.67,8.06161885413129,0,0,0,0,0,0
"1296","400","No Comment","10.1594/PANGAEA.907928",13.3033333333333,1910.54666666667,192.116666666667,20,2115.96666666667,8.04894042432891,0,0.684129617348447,3.71357419924974,31.7702539072846,29.0748040979357,0.0152595279908599
"1297","400","No Comment","10.1594/PANGAEA.920033",13.18,1789.58142857143,172.38,25,1975.14142857143,7.94889393838599,0,1.05149100487514,11.3170947390809,16.4631481685323,12.25030806221,0.0315120243081037
"1298","400","No Comment","10.1594/PANGAEA.930555",12.1521284634761,1864.35730478589,196.459483627204,21,2072.96891687657,8.05243735508367,0,0.578178318157379,10.007574929779,7.13943802581064,16.124658388847,0.0214783104254646
"1300","400 --> 1100-400-1100","assay condition","10.1594/PANGAEA.832482",37.5,2185.5,81,15,2304,7.69763892328186,0,1.58113883008419,3.16227766016838,6.85160159703149,5.2704627669473,0.0183243464963085
"1301","400 --> 1100-400-1100","selection condition","10.1594/PANGAEA.832482",12.5,1918.5,186,15,2117,8.11550201688083,0,0.52704627669473,3.16227766016838,11.0679718105893,8.43274042711568,0.00988979765807177
"1303","400 --> 1100-400-1100, Temp2","assay condition","10.1594/PANGAEA.832482",37.5,2185.5,81,15,2304,7.69763892328186,0,1.58113883008419,3.16227766016838,6.85160159703149,5.2704627669473,0.0183243464963085
"1304","400 --> 1100-400-1100, Temp2","selection condition","10.1594/PANGAEA.832482",12.5,1918.5,186,15,2117,8.11550201688083,0,0.52704627669473,3.16227766016838,11.0679718105893,8.43274042711568,0.00988979765807177
"1306","400 --> 2200-400-2200","assay condition","10.1594/PANGAEA.832482",73,2277.5,45.5,15,2396,7.42826894673437,0,6.32455532033676,3.68932393686311,10.0138792571999,12.6491106406735,0.0371936051585969
"1307","400 --> 2200-400-2200","selection condition","10.1594/PANGAEA.832482",12.5,1918.5,186,15,2117,8.11550201688083,0,0.52704627669473,3.16227766016838,11.0679718105893,8.43274042711568,0.00988979765807177
"1309","400 --> 2200-400-2200, Temp2","assay condition","10.1594/PANGAEA.832482",73,2277.5,45.5,15,2396,7.42826894673437,0,6.32455532033676,3.68932393686311,10.0138792571999,12.6491106406735,0.0371936051585969
"1310","400 --> 2200-400-2200, Temp2","selection condition","10.1594/PANGAEA.832482",12.5,1918.5,186,15,2117,8.11550201688083,0,0.52704627669473,3.16227766016838,11.0679718105893,8.43274042711568,0.00988979765807177
"1312","400 --> 400-400-400","assay condition","10.1594/PANGAEA.832482",12.5,1918.5,186,15,2117,8.11550201688083,0,0.52704627669473,3.16227766016838,11.0679718105893,8.43274042711568,0.00988979765807177
"1313","400 --> 400-400-400","selection condition","10.1594/PANGAEA.832482",12.5,1918.5,186,15,2117,8.11550201688083,0,0.52704627669473,3.16227766016838,11.0679718105893,8.43274042711568,0.00988979765807177
"1315","400 --> 400-400-400, Temp2","assay condition","10.1594/PANGAEA.832482",12.5,1918.5,186,15,2117,8.11550201688083,0,0.52704627669473,3.16227766016838,11.0679718105893,8.43274042711568,0.00988979765807177
"1316","400 --> 400-400-400, Temp2","selection condition","10.1594/PANGAEA.832482",12.5,1918.5,186,15,2117,8.11550201688083,0,0.52704627669473,3.16227766016838,11.0679718105893,8.43274042711568,0.00988979765807177
"1317","400*","No Comment","10.1594/PANGAEA.907928",13.5633333333333,1905.1,187.203333333333,20,2105.86666666667,8.03893019140391,0,0.230723499742296,1.91808063785998,8.37082433216702,7.57258432328967,0.00577663930373192
"1318","400+ T","No Comment","10.1594/PANGAEA.920033",13.8771428571429,1803.58571428571,166.681428571429,25,1984.14428571429,7.93033269387441,0,1.23831490725252,14.7731924202494,15.1594050643408,15.1381117901616,0.0387132489337963
"1319","400-100-2","No Comment","10.1594/PANGAEA.965090",25.81,2079.81,89.99,2,2195.61,7.98885468961308,0,0,0,0,0,0
"1320","400-100-4","No Comment","10.1594/PANGAEA.965090",25.81,2079.81,89.99,2,2195.61,7.98885468961308,0,0,0,0,0,0
"1321","400-100-6","No Comment","10.1594/PANGAEA.965090",25.81,2079.81,89.99,2,2195.61,7.98885468961308,0,0,0,0,0,0
"1322","400-1000","No Comment","10.1594/PANGAEA.956080",19.08,1942.69,106.573333333333,29.38,2068.34333333333,7.63602512971872,0.0605853797156885,0.373945576411391,1.47483199441994,6.56155110786889,5.4970965598427,0.00816759454804951
"1323","400-1100","Assay condition","10.1594/PANGAEA.832536",36,2179,84,15,2299,7.7150229247506,0,0,0,0,0,0
"1325","400-1100","Selection condition","10.1594/PANGAEA.832536",13,1929,183,15,2125,8.10611973102152,0,0,0,0,0,0
"1326","400-1100, Temp2","Assay condition","10.1594/PANGAEA.832536",36,2179,84,15,2299,7.7150229247506,0,0,0,0,0,0
"1328","400-1100, Temp2","Selection condition","10.1594/PANGAEA.832536",13,1929,183,15,2125,8.10611973102152,0,0,0,0,0,0
"1329","400-2200","Assay condition","10.1594/PANGAEA.832536",79,2287,42,15,2408,7.39298399472613,0,0,0,0,0,0
"1331","400-2200","Selection condition","10.1594/PANGAEA.832536",13,1929,183,15,2125,8.10611973102152,0,0,0,0,0,0
"1332","400-2200, Temp2","Assay condition","10.1594/PANGAEA.832536",79,2287,42,15,2408,7.39298399472613,0,0,0,0,0,0
"1334","400-2200, Temp2","Selection condition","10.1594/PANGAEA.832536",13,1929,183,15,2125,8.10611973102152,0,0,0,0,0,0
"1335","400-400","Assay condition","10.1594/PANGAEA.832536",13,1929,183,15,2125,8.10611973102152,0,0,0,0,0,0
"1337","400-400","No Comment","10.1594/PANGAEA.956080",19.08,1942.69,106.573333333333,29.38,2068.34333333333,7.63602512971872,0.0605853797156885,0.373945576411391,1.47483199441994,6.56155110786889,5.4970965598427,0.00816759454804951
"1338","400-400","Selection condition","10.1594/PANGAEA.832536",13,1929,183,15,2125,8.10611973102152,0,0,0,0,0,0
"1339","400-400, Temp2","Assay condition","10.1594/PANGAEA.832536",13,1929,183,15,2125,8.10611973102152,0,0,0,0,0,0
"1341","400-400, Temp2","Selection condition","10.1594/PANGAEA.832536",13,1929,183,15,2125,8.10611973102152,0,0,0,0,0,0
"1342","400-500-2","No Comment","10.1594/PANGAEA.965090",25.81,2079.81,89.99,2,2195.61,7.98885468961308,0,0,0,0,0,0
"1343","400-500-4","No Comment","10.1594/PANGAEA.965090",25.81,2079.81,89.99,2,2195.61,7.98885468961308,0,0,0,0,0,0
"1344","400-500-6","No Comment","10.1594/PANGAEA.965090",25.81,2079.81,89.99,2,2195.61,7.98885468961308,0,0,0,0,0,0
"1345","400-modern","No Comment","10.1594/PANGAEA.911407",14.4133333333333,1709.06666666667,134.493333333333,18,1857.97333333333,7.97282324300414,0,2.47556727505704,18.1201609632291,43.6786404702955,28.2362609658809,0.0677018859920072
"1346","400ppm","No Comment","10.1594/PANGAEA.955830",12.9434925373134,1907.44865671642,195.106059701493,21,2115.49820895522,8.0392409139962,0,0.918331951990095,12.5553955764148,18.8039399693209,7.16687634489624,0.0318382041039729
"1347","400ppm-15°C","No Comment","10.1594/PANGAEA.946525",15.64,2087.52,179.75,15,2282.91,8.06403912294897,0,0,0,0,0,0
"1348","400ppm-20°C","No Comment","10.1594/PANGAEA.946525",12.03,1966.17,224,20,2202.2,8.10317370748162,0,0,0,0,0,0
"1349","41.14","No Comment","10.1594/PANGAEA.869122",41.14,2326.09,66.59,-1.8,2433.82,7.86987317067855,NA,NA,NA,NA,NA,NA
"1350","41.17","No Comment","10.1594/PANGAEA.943274",41.17,2078.87,69.66,17.53,2189.7,7.61219792320058,NA,NA,NA,NA,NA,NA
"1351","41.23","No Comment","10.1594/PANGAEA.846058",41.23,2167.51,72.76,15,2281.5,7.65493244951737,NA,NA,NA,NA,NA,NA
"1352","41.4","No Comment","10.1594/PANGAEA.925549",41.4,2432.54,78.13,6,2552.07,7.78912522769323,0,0,0,0,0,0
"1353","41.47","No Comment","10.1594/PANGAEA.924611",41.47,2161.42,78.8,20,2281.69,7.60833380619527,NA,NA,NA,NA,NA,NA
"1354","41.65","No Comment","10.1594/PANGAEA.869122",41.65,2465.95,73.92,-1.8,2581.52,7.88986836171308,NA,NA,NA,NA,NA,NA
"1355","41.7","No Comment","10.1594/PANGAEA.846058",41.7,2176.56,72.54,15,2290.8,7.6518077765703,NA,NA,NA,NA,NA,NA
"1356","41.8","No Comment","10.1594/PANGAEA.835214",41.8,2117.39,69.41,15,2228.6,7.64462205567291,NA,NA,NA,NA,NA,NA
"1357","41.86","No Comment","10.1594/PANGAEA.943274",41.86,2081.97,68.38,17.2,2192.21,7.60894154723605,NA,NA,NA,NA,NA,NA
"1358","41.88","No Comment","10.1594/PANGAEA.924611",41.88,2169.15,78.59,20,2289.62,7.60562445806059,NA,NA,NA,NA,NA,NA
"1359","42.21","No Comment","10.1594/PANGAEA.846058",42.21,2205.14,74.55,15,2321.9,7.65801234954265,NA,NA,NA,NA,NA,NA
"1360","42.24","No Comment","10.1594/PANGAEA.846058",42.24,2168.76,71.1,15,2282.1,7.64465897502383,NA,NA,NA,NA,NA,NA
"1361","42.29","No Comment","10.1594/PANGAEA.869122",42.29,2391.3,68.46,-1.8,2502.05,7.8698935009773,NA,NA,NA,NA,NA,NA
"1362","42.38","No Comment","10.1594/PANGAEA.943274",42.38,2092.99,68.03,17.18,2203.4,7.60475051000585,NA,NA,NA,NA,NA,NA
"1363","42.38","No Comment","10.1594/PANGAEA.960341",42.38,2137.02,68.72,16,2248.12,7.61963204406079,0,0,0,0,0,0
"1364","42.44","No Comment","10.1594/PANGAEA.861839",42.44,2171.71,70.85,14,2285,7.65925989480767,NA,NA,NA,NA,NA,NA
"1365","42.55","No Comment","10.1594/PANGAEA.846058",42.55,2197.6,73.45,15,2313.6,7.65304402264874,NA,NA,NA,NA,NA,NA
"1366","42.64","No Comment","10.1594/PANGAEA.943274",42.64,2101.86,68.4,17.38,2212.9,7.60196813547092,NA,NA,NA,NA,NA,NA
"1367","42.88","No Comment","10.1594/PANGAEA.943274",42.88,2094.8,67.43,17.25,2205.11,7.59937195991654,NA,NA,NA,NA,NA,NA
"1368","42.97","No Comment","10.1594/PANGAEA.846058",42.97,2173.44,70.19,15,2286.6,7.63812845579139,NA,NA,NA,NA,NA,NA
"1369","42.97","No Comment","10.1594/PANGAEA.885410",42.97,2019,60.04,14,2122.01,7.61902623598569,NA,NA,NA,NA,NA,NA
"1370","42.99","No Comment","10.1594/PANGAEA.846058",42.99,2200.33,72.88,15,2316.2,7.64912141279075,NA,NA,NA,NA,NA,NA
"1371","43","No Comment","10.1594/PANGAEA.826456",43,1931,55,17,2029,7.55037144862343,NA,NA,NA,NA,NA,NA
"1372","43","No Comment","10.1594/PANGAEA.846058",43,2184.77,71.83,15,2299.6,7.64590101167669,NA,NA,NA,NA,NA,NA
"1373","43.03","No Comment","10.1594/PANGAEA.869122",43.03,2323.47,63.52,-1.8,2430.02,7.84986409008285,NA,NA,NA,NA,NA,NA
"1374","43.1","No Comment","10.1594/PANGAEA.875066",43.1,2166.23,73.93,20,2283.26,7.57966289459676,NA,NA,NA,NA,NA,NA
"1375","43.13","No Comment","10.1594/PANGAEA.846058",43.13,2185.13,71.64,15,2299.9,7.64467916654321,NA,NA,NA,NA,NA,NA
"1376","43.15","No Comment","10.1594/PANGAEA.846058",43.15,2199.69,72.56,15,2315.4,7.64733666251738,NA,NA,NA,NA,NA,NA
"1377","43.41","No Comment","10.1594/PANGAEA.846058",43.41,2199.67,72.12,15,2315.2,7.64469905522172,NA,NA,NA,NA,NA,NA
"1378","43.46","No Comment","10.1594/PANGAEA.846058",43.46,2172.31,69.33,15,2285.1,7.63300026770007,NA,NA,NA,NA,NA,NA
"1379","43.47","No Comment","10.1594/PANGAEA.846058",43.47,2203.36,72.27,15,2319.1,7.64487346270723,NA,NA,NA,NA,NA,NA
"1380","43.48","No Comment","10.1594/PANGAEA.846058",43.48,2202.62,72.2,15,2318.3,7.6445984881637,NA,NA,NA,NA,NA,NA
"1381","43.67","No Comment","10.1594/PANGAEA.835715",43.67,2156.2,67.87,15,2267.74,7.62698967642254,0,0,0,0,0,0
"1382","43.67","No Comment","10.1594/PANGAEA.846058",43.67,2170.83,68.9,15,2283.4,7.63059427611812,NA,NA,NA,NA,NA,NA
"1383","43.68","No Comment","10.1594/PANGAEA.835214",43.68,2170.34,69.79,15,2283.81,7.63626629260258,NA,NA,NA,NA,NA,NA
"1384","43.69","No Comment","10.1594/PANGAEA.846058",43.69,2196.17,71.44,15,2311.3,7.6412763600919,NA,NA,NA,NA,NA,NA
"1385","43.75","No Comment","10.1594/PANGAEA.883475",43.75,2269.34,79.28,18,2392.37,7.62256493818047,0,0,0,0,0,0
"1386","43.82","No Comment","10.1594/PANGAEA.846058",43.82,2185.45,70.52,15,2299.79,7.63777229766543,NA,NA,NA,NA,NA,NA
"1387","43.93","No Comment","10.1594/PANGAEA.869122",43.93,2483.78,71.1,-1.8,2598.81,7.86984714503824,NA,NA,NA,NA,NA,NA
"1388","43.99","No Comment","10.1594/PANGAEA.846058",43.99,2205.08,71.53,15,2320.6,7.64006474374548,NA,NA,NA,NA,NA,NA
"1389","430 ppm CO2 fluctuating-1000 ppm CO2","No Comment","10.1594/PANGAEA.863126",16.87,1979.22,151.93,18,2148.02,7.96445033188434,0,0,0,0,0,0
"1390","430 ppm CO2 fluctuating-430 ppm CO2","No Comment","10.1594/PANGAEA.863126",16.87,1979.22,151.93,18,2148.02,7.96445033188434,0,0,0,0,0,0
"1391","430 ppm CO2 fluctuating-NA","No Comment","10.1594/PANGAEA.863126",16.87,1979.22,151.93,18,2148.02,7.96445033188434,0,0,0,0,0,0
"1392","430 ppm CO2 stabel-1000 ppm CO2","No Comment","10.1594/PANGAEA.863126",15.23,1931.69,159.84,18,2106.76,7.99704890422007,0,0,0,0,0,0
"1393","430 ppm CO2 stabel-NA","No Comment","10.1594/PANGAEA.863126",15.23,1931.69,159.84,18,2106.76,7.99704890422007,0,0,0,0,0,0
"1394","44.01","No Comment","10.1594/PANGAEA.869122",44.01,2322.17,62.04,-1.8,2428.22,7.83986844903563,NA,NA,NA,NA,NA,NA
"1395","44.03","No Comment","10.1594/PANGAEA.924611",44.03,2179.24,75.46,20,2298.73,7.58595849353347,NA,NA,NA,NA,NA,NA
"1396","44.14","No Comment","10.1594/PANGAEA.834251",44.14,2129.96,71.91,20,2246.01,7.57496459561556,NA,NA,NA,NA,NA,NA
"1397","44.14","No Comment","10.1594/PANGAEA.835214",44.14,2130.05,71.91,20,2246.1,7.57494624518756,NA,NA,NA,NA,NA,NA
"1398","44.29","No Comment","10.1594/PANGAEA.846058",44.29,2203.75,70.96,15,2319,7.63685215045127,NA,NA,NA,NA,NA,NA
"1399","44.37","No Comment","10.1594/PANGAEA.875066",44.37,3534.23,191.16,20,3769.76,7.77964896727769,0,0,0,0,0,0
"1400","44.49","No Comment","10.1594/PANGAEA.869122",44.49,2347.59,62.72,-1.8,2454.8,7.83987446881476,NA,NA,NA,NA,NA,NA
"1401","44.69","No Comment","10.1594/PANGAEA.861839",44.69,2216.24,70.07,14,2331,7.64563719983869,NA,NA,NA,NA,NA,NA
"1402","44.72","No Comment","10.1594/PANGAEA.846058",44.72,2190.73,69.45,15,2304.9,7.6300842634633,NA,NA,NA,NA,NA,NA
"1403","44.82","No Comment","10.1594/PANGAEA.846058",44.82,2183.35,68.83,15,2297,7.62765527800419,NA,NA,NA,NA,NA,NA
"1404","44.91","No Comment","10.1594/PANGAEA.869122",44.91,2369.72,63.31,-1.8,2477.94,7.83986594962028,NA,NA,NA,NA,NA,NA
"1405","44.94","No Comment","10.1594/PANGAEA.924611",44.94,2156.87,72.42,20,2274.23,7.57258130507393,NA,NA,NA,NA,NA,NA
"1406","44.96","No Comment","10.1594/PANGAEA.869122",44.96,2484.31,69.5,-1.8,2598.77,7.85986968710047,NA,NA,NA,NA,NA,NA
"1407","45.01","No Comment","10.1594/PANGAEA.869122",45.01,2321.18,60.6,-1.8,2426.79,7.8298544742974,NA,NA,NA,NA,NA,NA
"1408","45.2","No Comment","10.1594/PANGAEA.835214",45.2,2070.27,72.13,25,2187.6,7.50804043543649,NA,NA,NA,NA,NA,NA
"1409","45.22","No Comment","10.1594/PANGAEA.846058",45.22,2185.62,68.36,15,2299.2,7.62422826685618,NA,NA,NA,NA,NA,NA
"1410","45.24","No Comment","10.1594/PANGAEA.834251",45.24,2070.67,72.09,25,2188,7.50771562618105,NA,NA,NA,NA,NA,NA
"1411","45.26","No Comment","10.1594/PANGAEA.869122",45.26,2333.91,60.93,-1.8,2440.1,7.8298377433369,NA,NA,NA,NA,NA,NA
"1412","45.29","No Comment","10.1594/PANGAEA.846058",45.29,2179.44,67.86,15,2292.59,7.62226980685623,NA,NA,NA,NA,NA,NA
"1413","45.31","No Comment","10.1594/PANGAEA.835214",45.31,2155.27,71.72,20,2272.3,7.56868535149556,NA,NA,NA,NA,NA,NA
"1414","45.34","No Comment","10.1594/PANGAEA.869122",45.34,2392.26,63.91,-1.8,2501.51,7.83985110890063,NA,NA,NA,NA,NA,NA
"1415","45.4","No Comment","10.1594/PANGAEA.846058",45.4,2190.6,68.39,15,2304.39,7.62343038933463,NA,NA,NA,NA,NA,NA
"1416","45.6","No Comment","10.1594/PANGAEA.869122",45.6,2351.19,61.39,-1.8,2458.18,7.82990057746313,NA,NA,NA,NA,NA,NA
"1417","45.65","No Comment","10.1594/PANGAEA.869122",45.65,2353.85,61.45,-1.8,2460.95,7.82983377344185,NA,NA,NA,NA,NA,NA
"1418","45.73","No Comment","10.1594/PANGAEA.846058",45.73,2188.59,67.77,15,2302.09,7.61987394404182,NA,NA,NA,NA,NA,NA
"1419","45.99","No Comment","10.1594/PANGAEA.846058",45.99,2188.33,67.39,15,2301.71,7.6174835111314,NA,NA,NA,NA,NA,NA
"1421","46","Calculated from means","10.1594/PANGAEA.833669",46,2168,63,15,2277,7.59228214052221,0,0,0,0,0,0
"1423","46.09","No Comment","10.1594/PANGAEA.869122",46.09,2376.48,62.05,-1.8,2484.62,7.82989829215272,NA,NA,NA,NA,NA,NA
"1424","46.1","No Comment","10.1594/PANGAEA.846058",46.1,2186.21,67.1,15,2299.41,7.61603151261527,NA,NA,NA,NA,NA,NA
"1425","46.2","No Comment","10.1594/PANGAEA.869122",46.2,2328.31,59.4,-1.8,2433.91,7.81983631156862,NA,NA,NA,NA,NA,NA
"1426","46.49","No Comment","10.1594/PANGAEA.869122",46.49,2397.13,62.58,-1.8,2506.2,7.82983464171366,NA,NA,NA,NA,NA,NA
"1427","46.55","No Comment","10.1594/PANGAEA.869122",46.55,2345.93,59.85,-1.8,2452.33,7.81983977566967,NA,NA,NA,NA,NA,NA
"1428","46.66","No Comment","10.1594/PANGAEA.869122",46.66,2351.4,59.99,-1.8,2458.05,7.81984301810075,NA,NA,NA,NA,NA,NA
"1429","46.7","No Comment","10.1594/PANGAEA.869122",46.7,2353.46,60.05,-1.8,2460.21,7.81989686043722,NA,NA,NA,NA,NA,NA
"1430","46.77","No Comment","10.1594/PANGAEA.861839",46.77,2223.82,67.41,14,2338,7.62734656674262,NA,NA,NA,NA,NA,NA
"1431","46.79","No Comment","10.1594/PANGAEA.869122",46.79,2357.76,60.16,-1.8,2464.71,7.81989890209993,NA,NA,NA,NA,NA,NA
"1432","46.81","No Comment","10.1594/PANGAEA.835214",46.81,2200.74,66.96,15,2314.51,7.61224757678943,NA,NA,NA,NA,NA,NA
"1433","46.92","No Comment","10.1594/PANGAEA.846058",46.92,2191.82,66.26,15,2305,7.60944741500096,NA,NA,NA,NA,NA,NA
"1434","46.93","No Comment","10.1594/PANGAEA.960341",46.93,2158.47,63.3,16,2268.7,7.57961517303405,0,0,0,0,0,0
"1435","47.02","No Comment","10.1594/PANGAEA.846058",47.02,2193.18,66.2,15,2306.4,7.6087845815541,NA,NA,NA,NA,NA,NA
"1436","47.08","No Comment","10.1594/PANGAEA.869122",47.08,2318.61,57.81,-1.8,2423.5,7.80986593478629,NA,NA,NA,NA,NA,NA
"1437","47.09","No Comment","10.1594/PANGAEA.869122",47.09,2372.86,60.54,-1.8,2480.49,7.81986097127743,NA,NA,NA,NA,NA,NA
"1438","47.16","No Comment","10.1594/PANGAEA.869122",47.16,2376.77,60.64,-1.8,2484.57,7.81986270555853,NA,NA,NA,NA,NA,NA
"1439","47.45","No Comment","10.1594/PANGAEA.869122",47.45,2391.12,61.01,-1.8,2499.58,7.81989032298778,NA,NA,NA,NA,NA,NA
"1440","47.48","No Comment","10.1594/PANGAEA.869122",47.48,2338.14,58.3,-1.8,2443.92,7.80988871307922,NA,NA,NA,NA,NA,NA
"1441","47.89","No Comment","10.1594/PANGAEA.960341",47.89,2152.32,61.69,16,2261.9,7.56966540885297,0,0,0,0,0,0
"1442","47.93","No Comment","10.1594/PANGAEA.869122",47.93,2360.44,58.85,-1.8,2467.22,7.80984417162387,NA,NA,NA,NA,NA,NA
"1443","48.04","No Comment","10.1594/PANGAEA.869122",48.04,2365.77,58.99,-1.8,2472.8,7.80989654593027,NA,NA,NA,NA,NA,NA
"1444","48.15","No Comment","10.1594/PANGAEA.861839",48.15,2253.6,67.24,14,2368.99,7.62047274214782,NA,NA,NA,NA,NA,NA
"1445","48.18","No Comment","10.1594/PANGAEA.869122",48.18,2265.88,53.95,-1.8,2368.01,7.78984521295075,NA,NA,NA,NA,NA,NA
"1446","48.21","No Comment","10.1594/PANGAEA.835214",48.21,2182.38,59.51,10,2290.1,7.64905531861768,NA,NA,NA,NA,NA,NA
"1447","48.57","No Comment","10.1594/PANGAEA.869122",48.57,2284.01,54.38,-1.8,2386.96,7.78983187224242,NA,NA,NA,NA,NA,NA
"1448","48.87","No Comment","10.1594/PANGAEA.846058",48.87,2192.86,63.67,15,2305.4,7.59192481314423,NA,NA,NA,NA,NA,NA
"1449","49.11","No Comment","10.1594/PANGAEA.861255",49.11,8785.32,987.18,15,9821.61,8.17963963198958,0,0,0,0,0,0
"1450","49.29","No Comment","10.1594/PANGAEA.869122",49.29,2318.29,55.2,-1.8,2422.78,7.78986198587557,NA,NA,NA,NA,NA,NA
"1451","49.38","No Comment","10.1594/PANGAEA.869122",49.38,2269.46,52.81,-1.8,2371.65,7.77988430495433,NA,NA,NA,NA,NA,NA
"1452","49.4","No Comment","10.1594/PANGAEA.960341",49.4,2169.76,60.77,16,2279.93,7.55963501763211,0,0,0,0,0,0
"1453","49.44","No Comment","10.1594/PANGAEA.869122",49.44,2379.16,57.97,-1.8,2486.57,7.79987032080053,NA,NA,NA,NA,NA,NA
"1454","49.62","No Comment","10.1594/PANGAEA.869122",49.62,2387.98,58.18,-1.8,2495.78,7.7998337018012,NA,NA,NA,NA,NA,NA
"1455","49.63","No Comment","10.1594/PANGAEA.869122",49.63,2388.42,58.2,-1.8,2496.25,7.79990295548236,NA,NA,NA,NA,NA,NA
"1456","49.74","No Comment","10.1594/PANGAEA.869122",49.74,2393.68,58.32,-1.8,2501.74,7.79984209420325,NA,NA,NA,NA,NA,NA
"1457","49.77","No Comment","10.1594/PANGAEA.846058",49.77,2186.19,62.14,15,2298.1,7.58268421441876,NA,NA,NA,NA,NA,NA
"1458","49.99","No Comment","10.1594/PANGAEA.869122",49.99,2350.88,55.98,-1.8,2456.85,7.7898931029026,NA,NA,NA,NA,NA,NA
"1459","5","No Comment","10.1594/PANGAEA.959616",51.36,2223.31,67.32,20,2341.99,7.52769084040345,NA,NA,NA,NA,NA,NA
"1460","5.01","No Comment","10.1594/PANGAEA.949913",5.01,1668.49,354.5,17,2028,8.42308366434835,NA,NA,NA,NA,NA,NA
"1461","5.06","No Comment","10.1594/PANGAEA.849402",5.06,1462.78,287.26,20,1755.1,8.33964289682506,NA,NA,NA,NA,NA,NA
"1463","5.07","No Comment","10.1594/PANGAEA.887739",5.07,1573.32,337.24,20,1915.63,8.37766877165182,NA,NA,NA,NA,NA,NA
"1464","5.08","No Comment","10.1594/PANGAEA.849402",5.08,1494.74,307.62,20,1807.44,8.35999566566673,NA,NA,NA,NA,NA,NA
"1466","5.1","No Comment","10.1594/PANGAEA.887739",5.1,1577.42,337.15,20,1919.67,8.37642257555727,NA,NA,NA,NA,NA,NA
"1467","5.11","No Comment","10.1594/PANGAEA.849402",5.11,1478.55,290.36,20,1774.02,8.3396475265806,NA,NA,NA,NA,NA,NA
"1469","5.15","No Comment","10.1594/PANGAEA.849402",5.15,1554.59,303.82,15,1863.56,8.4200013585845,NA,NA,NA,NA,NA,NA
"1470","5.15","No Comment","10.1594/PANGAEA.887739",5.15,1579.26,334.72,20,1919.13,8.37277478174831,NA,NA,NA,NA,NA,NA
"1472","5.18","No Comment","10.1594/PANGAEA.726883",5.18,1647.85,324.63,15,1977.66,8.42347184436139,NA,NA,NA,NA,NA,NA
"1473","5.2","No Comment","10.1594/PANGAEA.834251",5.2,1735.09,398.71,20,2139,8.40788187596218,NA,NA,NA,NA,NA,NA
"1474","5.23","No Comment","10.1594/PANGAEA.849402",5.23,1477.88,283.62,20,1766.73,8.32964443523445,NA,NA,NA,NA,NA,NA
"1476","5.27","No Comment","10.1594/PANGAEA.726883",5.27,1709.56,343.25,15,2058.08,8.43172706711879,NA,NA,NA,NA,NA,NA
"1477","5.3","No Comment","10.1594/PANGAEA.849402",5.3,1462.5,274.28,20,1742.08,8.3196450204986,NA,NA,NA,NA,NA,NA
"1479","5.31","No Comment","10.1594/PANGAEA.849402",5.31,1467.42,275.2,20,1747.93,8.31964075008667,NA,NA,NA,NA,NA,NA
"1481","5.33","No Comment","10.1594/PANGAEA.726883",5.33,1651.71,316.68,15,1973.72,8.41168770704612,NA,NA,NA,NA,NA,NA
"1482","5.36","No Comment","10.1594/PANGAEA.849402",5.36,1539.96,309.72,20,1855.04,8.35000656473716,NA,NA,NA,NA,NA,NA
"1484","5.37","No Comment","10.1594/PANGAEA.849402",5.37,1483.26,278.17,20,1766.8,8.31963975862773,0,0,0.282842712474603,1.4990663761154,1.78190908859009,2.66723627589336e-06
"1486","5.39","No Comment","10.1594/PANGAEA.887739",5.39,1598.86,327.91,20,1932.16,8.35849097810131,NA,NA,NA,NA,NA,NA
"1487","5.39","No Comment","10.1594/PANGAEA.949280",5.39,1660.54,357.85,20,2023.78,8.3799984344249,NA,NA,NA,NA,NA,NA
"1488","5.43","No Comment","10.1594/PANGAEA.849402",5.43,1566.21,292.31,15,1863.95,8.39999454933106,NA,NA,NA,NA,NA,NA
"1490","5.46","No Comment","10.1594/PANGAEA.849402",5.46,1506.78,282.58,20,1794.82,8.31963832822014,NA,NA,NA,NA,NA,NA
"1492","5.51","No Comment","10.1594/PANGAEA.909063",5.51,1901.03,504.06,24.9,2410.6,8.3910389510717,NA,NA,NA,NA,NA,NA
"1493","5.53","No Comment","10.1594/PANGAEA.849402",5.53,1558.9,284.33,15,1848.76,8.39000529692742,NA,NA,NA,NA,NA,NA
"1495","5.55","No Comment","10.1594/PANGAEA.835214",5.55,1630,288.25,10,1923.8,8.46097745290239,NA,NA,NA,NA,NA,NA
"1496","5.57","No Comment","10.1594/PANGAEA.849402",5.57,1519.74,275.295,17.5,1800.605,8.34481998635272,3.53553390593274,0,26.2973011923277,14.6795367774327,40.9768379697605,0.020950039241159
"1498","5.59","No Comment","10.1594/PANGAEA.849402",5.59,1509.16,276.59,20,1791.34,8.30964794298611,NA,NA,NA,NA,NA,NA
"1500","5.6","No Comment","10.1594/PANGAEA.949280",5.6,1731.79,346.33,15,2083.72,8.42999575428811,NA,NA,NA,NA,NA,NA
"1501","5.62","No Comment","10.1594/PANGAEA.849402",5.62,1482.12,265.45,20,1753.19,8.29964611637188,NA,NA,NA,NA,NA,NA
"1503","5.63","No Comment","10.1594/PANGAEA.849402",5.63,1518.71,278.33,20,1802.67,8.30963192147757,NA,NA,NA,NA,NA,NA
"1505","5.64","No Comment","10.1594/PANGAEA.835715",5.64,1606.93,291.89,15,1904.46,8.38822312674185,0,0,0,0,0,0
"1506","5.65","No Comment","10.1594/PANGAEA.887739",5.65,1618.13,320.09,20,1943.87,8.34280545118381,NA,NA,NA,NA,NA,NA
"1507","5.66","No Comment","10.1594/PANGAEA.849402",5.66,1532.38,260.62,15,1798.66,8.35964213427103,NA,NA,NA,NA,NA,NA
"1509","5.7","No Comment","10.1594/PANGAEA.849402",5.7,1569.59,279.76,15,1855.05,8.38000026512094,NA,NA,NA,NA,NA,NA
"1510","5.7","No Comment","10.1594/PANGAEA.875066",5.7,941.273846153846,114.641538461538,20,1061.61538461538,8.0796295936399,0,0,85.0364911715508,289.136515148654,372.772592577463,0.122463309805543
"1512","5.72","No Comment","10.1594/PANGAEA.849402",5.72,1507.87,270.06,20,1783.65,8.29964311704117,NA,NA,NA,NA,NA,NA
"1514","5.85","No Comment","10.1594/PANGAEA.909063",5.85,1931.27,487.78,24.8,2424.9,8.37152158906114,NA,NA,NA,NA,NA,NA
"1515","5.87","No Comment","10.1594/PANGAEA.924611",5.87,1622.6,313.94,20,1942.41,8.3331819367545,NA,NA,NA,NA,NA,NA
"1516","5.91","No Comment","10.1594/PANGAEA.849402",5.91,1589.62,276.88,15,1872.41,8.36999913695535,NA,NA,NA,NA,NA,NA
"1518","5.99","No Comment","10.1594/PANGAEA.835715",5.99,1654.01,291.22,15,1951.22,8.37468393553845,0,0,0,0,0,0
"1519","50","No Comment","10.1594/PANGAEA.907928",1.69333333333333,1112.77333333333,511.616666666667,20,1626.08333333333,8.70904317738841,0,0.0115470053837925,8.96233414537384,4.70404435920126,13.6066503347934,0.00577411111159457
"1520","50.03","No Comment","10.1594/PANGAEA.869122",50.03,2299.28,53.5,-1.8,2402.81,7.77985259036793,NA,NA,NA,NA,NA,NA
"1521","50.06","No Comment","10.1594/PANGAEA.846058",50.06,2197.9,62.45,15,2310.41,7.58252538262779,NA,NA,NA,NA,NA,NA
"1522","50.32","No Comment","10.1594/PANGAEA.869122",50.32,2366.68,56.35,-1.8,2473.35,7.78984504968517,NA,NA,NA,NA,NA,NA
"1523","50.42","No Comment","10.1594/PANGAEA.869122",50.42,2264.29,51.49,-1.8,2366.2,7.76988151330506,NA,NA,NA,NA,NA,NA
"1524","50.59","No Comment","10.1594/PANGAEA.869122",50.59,2379.23,56.65,-1.8,2486.47,7.78985415694019,NA,NA,NA,NA,NA,NA
"1525","50.65","No Comment","10.1594/PANGAEA.846058",50.65,2191.4,61.35,15,2303.4,7.57609377868499,NA,NA,NA,NA,NA,NA
"1526","50.68","No Comment","10.1594/PANGAEA.869122",50.68,2329.93,54.26,-1.8,2434.87,7.77988146143842,0,0,3.53553390593274,75.9291261638115,79.4646600697443,0.0141627472392461
"1527","50.76","No Comment","10.1594/PANGAEA.869122",50.76,2387.03,56.84,-1.8,2494.63,7.78988686206149,NA,NA,NA,NA,NA,NA
"1528","50.77","No Comment","10.1594/PANGAEA.846058",50.77,2188.67,61.06,15,2300.5,7.57457738379516,NA,NA,NA,NA,NA,NA
"1529","50.88","No Comment","10.1594/PANGAEA.869122",50.88,2392.69,56.97,-1.8,2500.54,7.78985045497631,NA,NA,NA,NA,NA,NA
"1530","500","No Comment","10.1594/PANGAEA.974439",23.11,1917.12,95.67,14.6,2035.9,7.8338063944698,0,0,0,0,0,0
"1531","51.14","No Comment","10.1594/PANGAEA.846058",51.14,2191.77,60.79,15,2303.7,7.57203803411825,NA,NA,NA,NA,NA,NA
"1532","51.19","No Comment","10.1594/PANGAEA.892370",51.19,2126.39,48.98,6,2226.56,7.64474325338644,NA,NA,NA,NA,NA,NA
"1533","51.19, Temp2","No Comment","10.1594/PANGAEA.892370",51.19,2126.39,48.98,6.3,2226.56,7.63952432509213,NA,NA,NA,NA,NA,NA
"1534","51.33","No Comment","10.1594/PANGAEA.869122",51.33,2414.25,57.49,-1.8,2523.07,7.7899007385937,NA,NA,NA,NA,NA,NA
"1535","51.37","No Comment","10.1594/PANGAEA.869122",51.37,2416.06,57.53,-1.8,2524.96,7.78987732877638,NA,NA,NA,NA,NA,NA
"1536","51.52","No Comment","10.1594/PANGAEA.869122",51.52,2367.96,55.1,-1.8,2474.58,7.77986790694334,NA,NA,NA,NA,NA,NA
"1537","51.53","No Comment","10.1594/PANGAEA.869122",51.53,2314.15,52.62,-1.8,2418.3,7.76985000787941,NA,NA,NA,NA,NA,NA
"1538","51.54","No Comment","10.1594/PANGAEA.869122",51.54,2423.66,57.71,-1.8,2532.91,7.78987004900469,NA,NA,NA,NA,NA,NA
"1539","51.61","No Comment","10.1594/PANGAEA.869122",51.61,2265.21,50.34,-1.8,2367.16,7.75989541104149,NA,NA,NA,NA,NA,NA
"1540","51.75","No Comment","10.1594/PANGAEA.869122",51.75,2378.4,55.34,-1.8,2485.49,7.77984492863309,NA,NA,NA,NA,NA,NA
"1541","51.9","No Comment","10.1594/PANGAEA.869122",51.9,2330.93,53,-1.8,2435.83,7.76983730817742,NA,NA,NA,NA,NA,NA
"1542","52.03","No Comment","10.1594/PANGAEA.869122",52.03,2391.03,55.64,-1.8,2498.7,7.77989276614826,NA,NA,NA,NA,NA,NA
"1543","52.05","No Comment","10.1594/PANGAEA.869122",52.05,2392.23,55.66,-1.8,2499.94,7.77983093962941,NA,NA,NA,NA,NA,NA
"1544","52.19","No Comment","10.1594/PANGAEA.892370",52.19,2162.98,49.71,6,2264.88,7.64375865318479,NA,NA,NA,NA,NA,NA
"1545","52.19, Temp2","No Comment","10.1594/PANGAEA.892370",52.19,2162.98,49.71,6.3,2264.88,7.63853972489049,NA,NA,NA,NA,NA,NA
"1546","52.35","No Comment","10.1594/PANGAEA.834251",52.35,2031.85,46.8,10,2131,7.5757499511251,NA,NA,NA,NA,NA,NA
"1547","52.36","No Comment","10.1594/PANGAEA.869122",52.36,2406.43,56,-1.8,2514.79,7.7799054639104,NA,NA,NA,NA,NA,NA
"1548","52.39","No Comment","10.1594/PANGAEA.846058",52.39,2189.21,59.2,15,2300.8,7.56103515238746,NA,NA,NA,NA,NA,NA
"1549","52.42","No Comment","10.1594/PANGAEA.869122",52.42,2300.69,51.13,-1.8,2404.24,7.75990835792876,NA,NA,NA,NA,NA,NA
"1550","52.87","No Comment","10.1594/PANGAEA.869122",52.87,2429.93,56.54,-1.8,2539.34,7.77985271130106,NA,NA,NA,NA,NA,NA
"1551","52.88","No Comment","10.1594/PANGAEA.846058",52.88,2199.8,59.22,15,2311.9,7.5590860742773,NA,NA,NA,NA,NA,NA
"1552","52.97","No Comment","10.1594/PANGAEA.846058",52.97,2197.35,58.98,15,2309.3,7.55780639909129,NA,NA,NA,NA,NA,NA
"1553","53.1","No Comment","10.1594/PANGAEA.846058",53.1,2205.33,59.27,15,2317.7,7.55836221078026,NA,NA,NA,NA,NA,NA
"1554","53.1","No Comment","10.1594/PANGAEA.861380",53.1,2426,71.8,15,2550.9,7.60023451664672,0,0,0,0,0,0
"1555","53.1","No Comment","10.1594/PANGAEA.920269",53.1,2426,71.8,15,2550.9,7.60023451664672,0,0,0,0,0,0
"1556","53.19","No Comment","10.1594/PANGAEA.869122",53.19,2389.06,54.33,-1.8,2496.58,7.76990331809177,NA,NA,NA,NA,NA,NA
"1557","53.24","No Comment","10.1594/PANGAEA.846058",53.24,2195.76,58.6,15,2307.6,7.55531361564666,NA,NA,NA,NA,NA,NA
"1558","53.24","No Comment","10.1594/PANGAEA.861839",53.24,2272.9,61.87,14,2388.01,7.58062165873784,NA,NA,NA,NA,NA,NA
"1559","53.43","No Comment","10.1594/PANGAEA.869122",53.43,2399.64,54.57,-1.8,2507.64,7.76989853115517,NA,NA,NA,NA,NA,NA
"1560","53.5","No Comment","10.1594/PANGAEA.869122",53.5,2294.81,49.83,-1.8,2398.14,7.74983482347421,NA,NA,NA,NA,NA,NA
"1561","53.58","No Comment","10.1594/PANGAEA.834251",53.58,2153.85,60.57,20,2268,7.49558887356223,NA,NA,NA,NA,NA,NA
"1562","53.61","No Comment","10.1594/PANGAEA.835214",53.61,2153.67,60.52,20,2267.8,7.49526651531221,NA,NA,NA,NA,NA,NA
"1563","54.09","No Comment","10.1594/PANGAEA.846058",54.09,2198.58,57.83,15,2310.5,7.54901178826877,NA,NA,NA,NA,NA,NA
"1564","54.14","No Comment","10.1594/PANGAEA.869122",54.14,2488.28,57.9,-1.8,2600.32,7.77986998489894,NA,NA,NA,NA,NA,NA
"1565","54.22","No Comment","10.1594/PANGAEA.835214",54.22,2077.81,60.56,25,2192.59,7.43053152651457,NA,NA,NA,NA,NA,NA
"1566","54.22","No Comment","10.1594/PANGAEA.869122",54.22,2272.64,48.23,-1.8,2375.09,7.73987728566142,NA,NA,NA,NA,NA,NA
"1567","54.25","No Comment","10.1594/PANGAEA.846058",54.25,2201.73,57.82,15,2313.8,7.54831489626587,NA,NA,NA,NA,NA,NA
"1568","54.28","No Comment","10.1594/PANGAEA.892370",54.28,2133.59,46.5,6,2234.37,7.62070937951228,NA,NA,NA,NA,NA,NA
"1569","54.28, Temp2","No Comment","10.1594/PANGAEA.892370",54.28,2133.59,46.5,6.3,2234.37,7.61549045121798,NA,NA,NA,NA,NA,NA
"1570","54.35","No Comment","10.1594/PANGAEA.846058",54.35,2193.37,57.28,15,2305,7.54589197915907,NA,NA,NA,NA,NA,NA
"1571","54.38","No Comment","10.1594/PANGAEA.869122",54.38,2332.945,50.705,-1.8,2438.03,7.74989103212742,0,0,3.30218866814118,75.9361972316233,79.2383858997645,0.0141650998859864
"1572","54.39","No Comment","10.1594/PANGAEA.834251",54.39,2078.21,60.4,25,2193,7.42929900049291,NA,NA,NA,NA,NA,NA
"1573","54.39","No Comment","10.1594/PANGAEA.846058",54.39,2198.13,57.48,15,2310,7.54646425486242,NA,NA,NA,NA,NA,NA
"1574","54.46","No Comment","10.1594/PANGAEA.869122",54.46,2390.47,53.12,-1.8,2498.05,7.75986543864234,NA,NA,NA,NA,NA,NA
"1575","54.56","No Comment","10.1594/PANGAEA.869122",54.56,2394.47,53.21,-1.8,2502.24,7.75987452875555,NA,NA,NA,NA,NA,NA
"1576","55.01","No Comment","10.1594/PANGAEA.869122",55.01,2359.26,51.23,-1.8,2465.5,7.74983922136885,NA,NA,NA,NA,NA,NA
"1577","55.1","No Comment","10.1594/PANGAEA.892370",55.1,2099.18,42.21,2,2196.49,7.65604977201015,NA,NA,NA,NA,NA,NA
"1578","55.1, Temp2","No Comment","10.1594/PANGAEA.892370",55.1,2099.18,42.21,2.2,2196.49,7.65250123372476,NA,NA,NA,NA,NA,NA
"1579","55.2","No Comment","10.1594/PANGAEA.861839",55.2,2195.14,55.66,14,2306,7.54980284978548,NA,NA,NA,NA,NA,NA
"1580","55.2","No Comment","10.1594/PANGAEA.869122",55.2,2422.61,53.83,-1.8,2531.64,7.75983154427957,NA,NA,NA,NA,NA,NA
"1581","55.25","No Comment","10.1594/PANGAEA.869122",55.25,2262.95,46.93,-1.8,2365.13,7.72986626593636,NA,NA,NA,NA,NA,NA
"1582","55.4","No Comment","10.1594/PANGAEA.869122",55.4,2269.06,47.06,-1.8,2371.52,7.72989661292352,NA,NA,NA,NA,NA,NA
"1583","55.48","No Comment","10.1594/PANGAEA.924611",55.48,2244.28,63.51,20,2363.27,7.49831182795268,NA,NA,NA,NA,NA,NA
"1584","55.65","No Comment","10.1594/PANGAEA.869122",55.65,2386.77,51.83,-1.8,2494.25,7.74986130843071,NA,NA,NA,NA,NA,NA
"1585","55.74","No Comment","10.1594/PANGAEA.869122",55.74,2283,47.35,-1.8,2386.09,7.7299047418741,NA,NA,NA,NA,NA,NA
"1586","55.82","No Comment","10.1594/PANGAEA.869122",55.82,2286.42,47.42,-1.8,2389.66,7.7298962092999,NA,NA,NA,NA,NA,NA
"1587","550","No Comment","10.1594/PANGAEA.837464",19.7078723404255,2001.64691489362,129.039255319149,13.356,2150.39404255319,7.96440525626365,1.58396781613554,1.84972353199556,9.92420720696617,22.1174842541962,18.0613629868957,0.0413271356381961
"1588","550-14","No Comment","10.1594/PANGAEA.829883",20.3333333333333,1203,45.6666666666667,14,1269,7.69078368398828,0,1.75119007154183,23.2780296989815,238.178084634166,259.597380572301,0.117671107087417
"1589","550/14","No Comment","10.1594/PANGAEA.774802",21.0766666666667,1269.92333333333,49.9516666666667,14,1340.95166666667,7.6933994877758,0,0.523590170521436,33.0441495073888,386.464347626876,419.367898171363,0.120510491535244
"1590","56.07","No Comment","10.1594/PANGAEA.924611",56.07,2213.57,61.14,20,2330.78,7.487778928569,NA,NA,NA,NA,NA,NA
"1591","56.08","No Comment","10.1594/PANGAEA.869122",56.08,2297.28,47.64,-1.8,2401,7.72984849118278,NA,NA,NA,NA,NA,NA
"1592","56.43","No Comment","10.1594/PANGAEA.847795",56.43,2145.96,44.32,3,2246.71,7.64995427560447,0,0,0,0,0,0
"1593","56.45","No Comment","10.1594/PANGAEA.861839",56.45,2196.08,54.47,14,2307,7.54023108984875,NA,NA,NA,NA,NA,NA
"1594","56.62","No Comment","10.1594/PANGAEA.960341",56.62,2166.03,52.84,16,2275.49,7.49965582144333,0,0,0,0,0,0
"1595","56.63","No Comment","10.1594/PANGAEA.892370",56.63,2182.56,44.4,2,2283.59,7.66110087835133,NA,NA,NA,NA,NA,NA
"1596","56.63, Temp2","No Comment","10.1594/PANGAEA.892370",56.63,2182.56,44.4,2.2,2283.59,7.65755234006593,NA,NA,NA,NA,NA,NA
"1597","56.77","No Comment","10.1594/PANGAEA.869122",56.77,2379.42,50.5,-1.8,2486.69,7.73991094045571,NA,NA,NA,NA,NA,NA
"1598","56.85","No Comment","10.1594/PANGAEA.924611",56.85,2288.88,64.46,20,2410.19,7.49621403128975,NA,NA,NA,NA,NA,NA
"1599","57.22","No Comment","10.1594/PANGAEA.869122",57.22,2290.29,46.42,-1.8,2393.93,7.71990532929601,NA,NA,NA,NA,NA,NA
"1600","57.29","No Comment","10.1594/PANGAEA.869122",57.29,2346.61,48.67,-1.8,2452.57,7.72991109919743,NA,NA,NA,NA,NA,NA
"1601","57.38","No Comment","10.1594/PANGAEA.869122",57.38,2404.88,51.04,-1.8,2513.3,7.73990792514807,NA,NA,NA,NA,NA,NA
"1602","57.47","No Comment","10.1594/PANGAEA.869122",57.47,2300.38,46.62,-1.8,2404.47,7.71986335611742,NA,NA,NA,NA,NA,NA
"1603","57.66","No Comment","10.1594/PANGAEA.847795",57.66,2142.62,43.24,3,2243.52,7.63991667730299,0,0,0,0,0,0
"1604","57.69","No Comment","10.1594/PANGAEA.869122",57.69,2309.19,46.8,-1.8,2413.68,7.71987685499067,NA,NA,NA,NA,NA,NA
"1605","57.72","No Comment","10.1594/PANGAEA.892370",57.72,2158.75,42.62,2,2259.09,7.64809519462007,NA,NA,NA,NA,NA,NA
"1606","57.72, Temp2","No Comment","10.1594/PANGAEA.892370",57.72,2158.75,42.62,2.2,2259.09,7.64454665633467,NA,NA,NA,NA,NA,NA
"1607","57.73","No Comment","10.1594/PANGAEA.883475",57.73,2359.01,59.53,12,2476.27,7.58140554495188,0,0,0,0,0,0
"1608","57.81","No Comment","10.1594/PANGAEA.869122",57.81,2314.21,46.9,-1.8,2418.92,7.71986074684389,NA,NA,NA,NA,NA,NA
"1609","58.17","No Comment","10.1594/PANGAEA.869122",58.17,2382.53,49.41,-1.8,2490.11,7.72986714608261,NA,NA,NA,NA,NA,NA
"1610","58.3","No Comment","10.1594/PANGAEA.869122",58.3,2388.19,49.53,-1.8,2496.02,7.72989012250617,NA,NA,NA,NA,NA,NA
"1611","58.36","No Comment","10.1594/PANGAEA.869122",58.36,2363.225,48.455,-1.8,2470.04,7.72483794147817,0,0,1.576848122046,38.4595378287362,40.0363859507822,0.0070674384825346
"1612","58.74","No Comment","10.1594/PANGAEA.861255",58.74,10508.14,1180.77,15,11747.65,8.17964032910919,0,0,0,0,0,0
"1613","59.63","No Comment","10.1594/PANGAEA.869122",59.63,2279.48,44.12,-1.8,2383.23,7.69989038770827,NA,NA,NA,NA,NA,NA
"1614","59.65","No Comment","10.1594/PANGAEA.869122",59.65,2280.42,44.14,-1.8,2384.21,7.6999081576028,NA,NA,NA,NA,NA,NA
"1615","59.73","No Comment","10.1594/PANGAEA.960341",59.73,2182.09,50.83,16,2292.65,7.4796049305727,0,0,0,0,0,0
"1616","59.76","No Comment","10.1594/PANGAEA.869122",59.76,2284.55,44.22,-1.8,2388.53,7.69990874073858,NA,NA,NA,NA,NA,NA
"1617","59.87","No Comment","10.1594/PANGAEA.869122",59.87,2396.63,48.57,-1.8,2505.07,7.71985778216844,NA,NA,NA,NA,NA,NA
"1618","59.93","No Comment","10.1594/PANGAEA.869122",59.93,2290.97,44.34,-1.8,2395.24,7.69986695661532,NA,NA,NA,NA,NA,NA
"1619","59.95","No Comment","10.1594/PANGAEA.869122",59.95,2345.26,46.45,-1.8,2451.66,7.70988539191938,NA,NA,NA,NA,NA,NA
"1620","6","No Comment","10.1594/PANGAEA.826456",6,1741,320,20,2067,8.31089796166205,NA,NA,NA,NA,NA,NA
"1621","6.02","No Comment","10.1594/PANGAEA.849402",6.02,1584.61,269.72,15,1860.35,8.35999162763772,NA,NA,NA,NA,NA,NA
"1623","6.05","No Comment","10.1594/PANGAEA.909063",6.05,1931.47,469.88,24.7,2407.4,8.35683520840226,NA,NA,NA,NA,NA,NA
"1625","6.07","final","10.1594/PANGAEA.849339",6.66,1623.25,271.08,20,1900.99,8.26925881988267,0,0,0,0,0,0
"1626","6.07","initial","10.1594/PANGAEA.849339",6.07,1630.5,300.43,20,1937,8.31196924910345,0,0,0,0,0,0
"1627","6.19","No Comment","10.1594/PANGAEA.949913",6.19,1735.24,325.57,20,2067,8.31983158369566,NA,NA,NA,NA,NA,NA
"1628","6.2","No Comment","10.1594/PANGAEA.861380",6.2,1790.4,334.2,15,2130.8,8.40005724530807,0,0,0,0,0,0
"1629","6.2","No Comment","10.1594/PANGAEA.920269",6.2,1790.4,334.2,15,2130.8,8.40005724530807,0,0,0,0,0,0
"1630","6.26","No Comment","10.1594/PANGAEA.835214",6.26,1609.98,289.77,20,1906.01,8.30177969421072,NA,NA,NA,NA,NA,NA
"1631","6.26","No Comment","10.1594/PANGAEA.949280",6.26,1568.49,274.75,20,1849.5,8.29000270138236,NA,NA,NA,NA,NA,NA
"1632","6.33","No Comment","10.1594/PANGAEA.891195",6.33,1600.35,307.8,25,1914.48,8.25000513342656,0,0,0,0,0,0
"1633","6.38","No Comment","10.1594/PANGAEA.845818",6.38,1708.42,283.17,14,1997.97,8.3651744652177,0,0,0,0,0,0
"1634","6.43","No Comment","10.1594/PANGAEA.887739",6.43,1684.17,304.95,20,1995.55,8.30438946512282,NA,NA,NA,NA,NA,NA
"1635","6.47","No Comment","10.1594/PANGAEA.869122",6.47,1876.94,275.57,-1.8,2158.98,8.57987221646767,NA,NA,NA,NA,NA,NA
"1636","6.49","No Comment","10.1594/PANGAEA.849402",6.49,1559.96,254.8,20,1821.25,8.25963271566705,NA,NA,NA,NA,NA,NA
"1638","6.54","No Comment","10.1594/PANGAEA.849402",6.54,1599.15,273.74,20,1879.43,8.27999581497329,NA,NA,NA,NA,NA,NA
"1640","6.55","No Comment","10.1594/PANGAEA.924611",6.55,1661.1,294.52,20,1962.17,8.29526576803255,NA,NA,NA,NA,NA,NA
"1641","6.58","No Comment","10.1594/PANGAEA.949913",6.58,1763.34,316.08,20,2086,8.30000771187534,0,0,0,0,0,0
"1642","6.59","No Comment","10.1594/PANGAEA.849402",6.59,1618.53,257.11,15,1882.23,8.32999908368648,NA,NA,NA,NA,NA,NA
"1644","6.66","No Comment","10.1594/PANGAEA.949280",6.66,1668.69,292.3,20,1967.65,8.28999990647149,NA,NA,NA,NA,NA,NA
"1645","6.69","No Comment","10.1594/PANGAEA.949913",6.69,1750.2,292.11,17,2049,8.31824977812917,0,0,0,0,0,0
"1646","6.73","No Comment","10.1594/PANGAEA.849402",6.73,1652.43,262.5,15,1921.66,8.33000710564946,NA,NA,NA,NA,NA,NA
"1648","6.79","No Comment","10.1594/PANGAEA.849402",6.79,1627.94,252.72,15,1887.45,8.32000208751298,NA,NA,NA,NA,NA,NA
"1650","6.95","No Comment","10.1594/PANGAEA.885410",6.95,1551.73,219.32,14,1778,8.29598395202821,NA,NA,NA,NA,NA,NA
"1651","60.15","No Comment","10.1594/PANGAEA.869122",60.15,2407.53,48.79,-1.8,2516.47,7.71984978060521,NA,NA,NA,NA,NA,NA
"1652","60.25","No Comment","10.1594/PANGAEA.925549",60.25,2505.96,56.98,6,2623.19,7.63911570417381,0,0,0,0,0,0
"1653","60.71","No Comment","10.1594/PANGAEA.869122",60.71,2320.63,44.91,-1.8,2426.25,7.69982782279113,NA,NA,NA,NA,NA,NA
"1654","60.77","No Comment","10.1594/PANGAEA.834251",60.77,1935.71,40.53,17,2037.01,7.41672734299277,NA,NA,NA,NA,NA,NA
"1655","600-RCP4.5","No Comment","10.1594/PANGAEA.911407",19.7866666666667,1759.35,103.68,18,1882.81666666667,7.84687735332132,0,3.14153359576709,14.0141892380544,19.642237652569,15.5910786456015,0.0640596718431213
"1656","61.15","No Comment","10.1594/PANGAEA.861839",61.15,2209.93,50.92,14,2322,7.50823174880628,NA,NA,NA,NA,NA,NA
"1657","61.19","No Comment","10.1594/PANGAEA.869122",61.19,2339.07,45.27,-1.8,2445.53,7.69985794563596,NA,NA,NA,NA,NA,NA
"1658","61.66","No Comment","10.1594/PANGAEA.869122",61.66,2303.37,43.57,-1.8,2408.6,7.68991452384566,NA,NA,NA,NA,NA,NA
"1659","61.91","No Comment","10.1594/PANGAEA.869122",61.91,2421.89,47.97,-1.8,2531.77,7.70990597448898,NA,NA,NA,NA,NA,NA
"1660","62.62","No Comment","10.1594/PANGAEA.869122",62.62,2393.7,46.33,-1.8,2502.65,7.69988325043545,NA,NA,NA,NA,NA,NA
"1661","62.67","No Comment","10.1594/PANGAEA.869122",62.67,2287.87,42.29,-1.8,2392.83,7.67989701157484,NA,NA,NA,NA,NA,NA
"1662","62.7","No Comment","10.1594/PANGAEA.869122",62.7,2342.18,44.3,-1.8,2449.18,7.6898741280554,NA,NA,NA,NA,NA,NA
"1663","62.83","No Comment","10.1594/PANGAEA.869122",62.83,2293.64,42.39,-1.8,2398.86,7.67982883269783,NA,NA,NA,NA,NA,NA
"1664","62.89","No Comment","10.1594/PANGAEA.869122",62.89,2403.93,46.53,-1.8,2513.35,7.6999019052577,NA,NA,NA,NA,NA,NA
"1665","62.92","No Comment","10.1594/PANGAEA.960341",62.92,2195.1,48.84,16,2306.86,7.45967882542731,0,0,0,0,0,0
"1666","63.06","No Comment","10.1594/PANGAEA.861839",63.06,2212.45,49.49,14,2325,7.49536586047486,NA,NA,NA,NA,NA,NA
"1667","63.22","No Comment","10.1594/PANGAEA.835214",63.22,2171.71,48.27,15,2283.2,7.47587633661976,NA,NA,NA,NA,NA,NA
"1668","63.62","No Comment","10.1594/PANGAEA.834251",63.62,2184.89,52.49,20,2301,7.42719375026697,NA,NA,NA,NA,NA,NA
"1669","63.65","No Comment","10.1594/PANGAEA.869122",63.65,2323.55,42.95,-1.8,2430.15,7.67990181578221,NA,NA,NA,NA,NA,NA
"1670","63.81","No Comment","10.1594/PANGAEA.835214",63.81,2184.95,52.34,20,2301.1,7.42593896965944,NA,NA,NA,NA,NA,NA
"1671","63.95","No Comment","10.1594/PANGAEA.960341",63.95,2180.44,47.41,16,2291.8,7.44968329469968,0,0,0,0,0,0
"1672","64.31","No Comment","10.1594/PANGAEA.869122",64.31,2347.84,43.4,-1.8,2455.55,7.67991190214287,NA,NA,NA,NA,NA,NA
"1673","64.45","No Comment","10.1594/PANGAEA.869122",64.45,2299.31,41.53,-1.8,2405.29,7.66985507300906,NA,NA,NA,NA,NA,NA
"1674","64.47","No Comment","10.1594/PANGAEA.869122",64.47,2300.15,41.55,-1.8,2406.17,7.66990553949797,NA,NA,NA,NA,NA,NA
"1675","64.77","No Comment","10.1594/PANGAEA.835214",64.77,2220,45.83,10,2330.6,7.52819262413376,NA,NA,NA,NA,NA,NA
"1676","65.76","No Comment","10.1594/PANGAEA.869122",65.76,2292.6,40.47,-1.8,2398.83,7.65989558634456,NA,NA,NA,NA,NA,NA
"1677","66.04","No Comment","10.1594/PANGAEA.869122",66.04,2356.12,42.56,-1.8,2464.72,7.66989488349805,NA,NA,NA,NA,NA,NA
"1678","66.24","No Comment","10.1594/PANGAEA.836367",66.24,2229.05,53.26,20,2348.55,7.42482810627842,NA,NA,NA,NA,NA,NA
"1679","66.86","No Comment","10.1594/PANGAEA.836367",66.86,2229.23,52.78,20,2348.87,7.42086126137529,NA,NA,NA,NA,NA,NA
"1680","67.98","No Comment","10.1594/PANGAEA.869122",67.98,2316.23,39.95,-1.8,2424.16,7.64982577134362,NA,NA,NA,NA,NA,NA
"1681","68.51","No Comment","10.1594/PANGAEA.869122",68.51,2334.23,40.26,-1.8,2443,7.64982079417701,NA,NA,NA,NA,NA,NA
"1682","68.84","No Comment","10.1594/PANGAEA.924611",68.84,2271.55,52.43,20,2392.82,7.40980431148696,NA,NA,NA,NA,NA,NA
"1683","68.97","No Comment","10.1594/PANGAEA.960341",68.97,2194.6,44.53,16,2308.1,7.41965480017504,0,0,0,0,0,0
"1684","69.2","No Comment","10.1594/PANGAEA.836367",69.2,2234.09,51.21,20,2354.5,7.40680086567003,NA,NA,NA,NA,NA,NA
"1685","7","No Comment","10.1594/PANGAEA.826456",7,1762,299,18.5,2068,8.30048755970866,2.12132034355964,0,16.9705627484771,9.89949493661167,26.8700576850888,0.0125981667395661
"1686","7","No Comment","10.1594/PANGAEA.836367",7,1686.85,288.65,20,1982.5,8.2798418508174,NA,NA,NA,NA,NA,NA
"1687","7.06","No Comment","10.1594/PANGAEA.849402",7.06,1585.08,241.63,20,1833.77,8.22964642212884,NA,NA,NA,NA,NA,NA
"1689","7.11","No Comment","10.1594/PANGAEA.849402",7.11,1666.4,252.8,15,1926.31,8.30999868160563,NA,NA,NA,NA,NA,NA
"1691","7.2","No Comment","10.1594/PANGAEA.835214",7.2,1680.55,253.85,15,1941.6,8.30812659847703,NA,NA,NA,NA,NA,NA
"1692","7.24","No Comment","10.1594/PANGAEA.849402",7.24,1588.88,236.69,20,1832.81,8.21963556571466,NA,NA,NA,NA,NA,NA
"1693","7.24","No Comment","10.1594/PANGAEA.949280",7.24,1776.74,282.24,15,2066.22,8.3299955525987,NA,NA,NA,NA,NA,NA
"1695","7.37","No Comment","10.1594/PANGAEA.849402",7.37,1644.93,256.8,20,1909.1,8.23999435257977,NA,NA,NA,NA,NA,NA
"1697","7.39","No Comment","10.1594/PANGAEA.835214",7.39,1609.16,266.45,25,1883,8.18496798821663,NA,NA,NA,NA,NA,NA
"1698","7.4","No Comment","10.1594/PANGAEA.834251",7.4,1609.29,266.31,25,1883,8.18470465409501,NA,NA,NA,NA,NA,NA
"1699","7.41","No Comment","10.1594/PANGAEA.849402",7.41,1630.43,225.39,15,1863.23,8.26963335471662,NA,NA,NA,NA,NA,NA
"1701","7.48","No Comment","10.1594/PANGAEA.887739",7.48,1744.69,281.22,20,2033.39,8.25387468652341,NA,NA,NA,NA,NA,NA
"1702","7.58","No Comment","10.1594/PANGAEA.924611",7.58,1657.65,253.43,20,1918.66,8.23091194007616,NA,NA,NA,NA,NA,NA
"1703","7.61","No Comment","10.1594/PANGAEA.849402",7.61,1660.04,253.26,20,1920.91,8.22999480415628,NA,NA,NA,NA,NA,NA
"1705","7.65","No Comment","10.1594/PANGAEA.849402",7.65,1673.6,236.95,15,1918.2,8.28000591478322,NA,NA,NA,NA,NA,NA
"1707","7.69","No Comment","10.1594/PANGAEA.849402",7.69,1683.11,238.29,15,1929.09,8.27999418589553,NA,NA,NA,NA,NA,NA
"1710","7.8-400","beginning of culture","10.1594/PANGAEA.968756",13.49,1033.155,55.355,20,1102,7.77500526111964,0,1.25335912288102,6.46002181251595,108.222337931098,115.935718866495,0.00524988421121695
"1711","7.8-400","harvest time","10.1594/PANGAEA.968756",10.23,900.28,55.485,20,965.995,7.83497750776286,0,0.417786374293675,6.2720179440838,69.5509866605395,76.2407909789169,0.0156728950421513
"1713","7.8-800","beginning of culture","10.1594/PANGAEA.968756",25.19,2015.38,112.93,20,2153.5,7.79500847819547,0,1.37869503516913,1.96359595918027,37.6634416425748,37.0785407185639,0.0156690572923161
"1714","7.8-800","harvest time","10.1594/PANGAEA.968756",19.865,1848.34,120.29,20,1988.495,7.8599943621552,0,0.402119385257662,2.43360563026066,37.3814358399266,40.2171608554449,2.96568913783326e-06
"1715","7.96","No Comment","10.1594/PANGAEA.849402",7.96,1635.43,210.99,15,1854.38,8.23963078096799,NA,NA,NA,NA,NA,NA
"1717","7.98","No Comment","10.1594/PANGAEA.834251",7.98,1879.39,262.63,10,2150,8.35872316331479,NA,NA,NA,NA,NA,NA
"1718","70.36","No Comment","10.1594/PANGAEA.924611",70.36,2265.53,51.03,20,2386.92,7.39920250533932,NA,NA,NA,NA,NA,NA
"1719","71.39","No Comment","10.1594/PANGAEA.924611",71.39,2233.93,48.9,20,2354.22,7.38678605316968,NA,NA,NA,NA,NA,NA
"1720","72.77","No Comment","10.1594/PANGAEA.869122",72.77,2422.96,40.84,-1.8,2536.57,7.63983015889493,NA,NA,NA,NA,NA,NA
"1721","72.78","No Comment","10.1594/PANGAEA.892370",72.78,2170.24,35.88,6,2278.9,7.50071206440851,NA,NA,NA,NA,NA,NA
"1722","72.78, Temp2","No Comment","10.1594/PANGAEA.892370",72.78,2170.24,35.88,6.3,2278.9,7.49549313611421,NA,NA,NA,NA,NA,NA
"1723","73.15","No Comment","10.1594/PANGAEA.892370",73.15,2176.25,35.9,6,2285.3,7.49975305825136,NA,NA,NA,NA,NA,NA
"1724","73.15, Temp2","No Comment","10.1594/PANGAEA.892370",73.15,2176.25,35.9,6.3,2285.3,7.49453412995706,NA,NA,NA,NA,NA,NA
"1725","73.72","No Comment","10.1594/PANGAEA.924611",73.72,2206.29,46.19,20,2326.2,7.36743212015122,NA,NA,NA,NA,NA,NA
"1726","74.67","No Comment","10.1594/PANGAEA.892370",74.67,2180.73,35.32,6,2290.72,7.49178619055711,NA,NA,NA,NA,NA,NA
"1727","74.67, Temp2","No Comment","10.1594/PANGAEA.892370",74.67,2180.73,35.32,6.3,2290.72,7.48656726226281,NA,NA,NA,NA,NA,NA
"1729","74.75","No Comment","10.1594/PANGAEA.758212",74.75,6441.76,350.05,20,6866.56,7.7816722961279,NA,NA,NA,NA,NA,NA
"1730","750","No Comment","10.1594/PANGAEA.837464",25.9873267326733,2061.48534653465,104.502178217822,13.356,2191.97485148515,7.85801100059469,1.5831660100522,3.20008590231235,11.1460896823918,27.8540581088055,23.0444974175555,0.0543113381113802
"1731","750","No Comment","10.1594/PANGAEA.923623",27.0172727272727,1884.94909090909,85.3618181818182,16.4961538461538,1997.32818181818,7.75622753511994,0.27782119318838,4.34592243582209,11.1141889656257,33.1406989831372,28.0364522784827,0.062993522231699
"1732","750_culture","No Comment","10.1594/PANGAEA.923623",14.7761538461538,1466.94076923077,97.8161538461539,16.3266666666667,1579.53307692308,7.93806494500862,0.349421290271841,7.33077706029124,20.1835582997901,408.800048606927,423.821995661398,0.117681979557078
"1733","750_media","No Comment","10.1594/PANGAEA.923623",28.04,2004.165,91.15,17.05,2123.355,7.75244025847124,0.353553390593274,1.24450793488832,7.80645886429949,128.643936701269,137.694903500456,0.0151867918271829
"1734","750ppm pCO2-1250pM Fe","No Comment","10.1594/PANGAEA.830475",20,2273,201,27,2494,7.88081307928225,0,0,0,0,0,0
"1735","750ppm pCO2-40pM Fe","No Comment","10.1594/PANGAEA.830475",20,2273,201,27,2494,7.88081307928225,0,0,0,0,0,0
"1736","76.08","No Comment","10.1594/PANGAEA.960341",76.08,2207.7,40.85,16,2324.63,7.37960948313024,0,0,0,0,0,0
"1737","77.71","No Comment","10.1594/PANGAEA.835214",77.71,2145.26,41.43,20,2264.4,7.3323817526718,NA,NA,NA,NA,NA,NA
"1738","77.86","No Comment","10.1594/PANGAEA.892370",77.86,2168.62,31.88,2,2278.36,7.52001895382432,NA,NA,NA,NA,NA,NA
"1739","77.86, Temp2","No Comment","10.1594/PANGAEA.892370",77.86,2168.62,31.88,2.2,2278.36,7.51647041553893,NA,NA,NA,NA,NA,NA
"1740","78.35","No Comment","10.1594/PANGAEA.846058",78.35,2305.55,43.9,15,2427.8,7.4086908440623,NA,NA,NA,NA,NA,NA
"1741","78.94","No Comment","10.1594/PANGAEA.834251",78.94,1941.67,31.39,17,2052,7.30440692806094,NA,NA,NA,NA,NA,NA
"1742","79.6","No Comment","10.1594/PANGAEA.846058",79.6,2291.87,42.13,15,2413.6,7.39340234822364,NA,NA,NA,NA,NA,NA
"1743","79.93","No Comment","10.1594/PANGAEA.846058",79.93,2306.02,43.05,15,2429,7.40011095513458,NA,NA,NA,NA,NA,NA
"1744","8","No Comment","10.1594/PANGAEA.826456",8,1821,273,17,2102,8.27164373415441,NA,NA,NA,NA,NA,NA
"1746","8.1-400","beginning of culture","10.1594/PANGAEA.968756",12.19,1881.52,203.29,20,2097,8.07999800453683,0,0.240227165218863,5.75500730589538,8.06327702386795,13.5780571645444,0.0104364207518336
"1747","8.1-400","harvest time","10.1594/PANGAEA.968756",9.695,1697.625,208.18,20,1915.5,8.13500521950931,0,0.433453363329688,5.76545196525271,14.2099590556636,8.87796045374059,0.0156657483039923
"1749","8.1-800","beginning of culture","10.1594/PANGAEA.968756",25.16,3840.24,410.1,20,4275.5,8.07499903853526,0,0.0417786374293666,9.24352353124755,40.3999423941984,49.6016872880163,0.00522137713312545
"1750","8.1-800","harvest time","10.1594/PANGAEA.968756",21.05,3681.9,452.05,20,4155,8.13500100813422,0,1.31602707902508,26.0385357778533,9.05551966281548,15.6669890360128,0.0261093431969935
"1751","8.16","No Comment","10.1594/PANGAEA.834251",8.16,1644.77,252.06,25,1904.99,8.15135024802149,NA,NA,NA,NA,NA,NA
"1752","8.19","No Comment","10.1594/PANGAEA.868682",8.19,1788.96,249.4,15,2046.55,8.27329668794807,0,0,0,0,0,0
"1753","8.24","No Comment","10.1594/PANGAEA.834251",8.24,1691,242.76,20,1942,8.20358027568017,NA,NA,NA,NA,NA,NA
"1754","8.24","No Comment","10.1594/PANGAEA.835214",8.24,1690.78,242.68,20,1941.7,8.20349363875277,NA,NA,NA,NA,NA,NA
"1755","8.28","No Comment","10.1594/PANGAEA.949280",8.28,1610.08,218.93,20,1837.29,8.18000457617615,NA,NA,NA,NA,NA,NA
"1756","8.34","No Comment","10.1594/PANGAEA.835214",8.34,1775.45,227.61,10,2011.4,8.32127863386017,NA,NA,NA,NA,NA,NA
"1757","8.36","No Comment","10.1594/PANGAEA.924611",8.36,1682.85,236.91,20,1928.12,8.19508474011448,NA,NA,NA,NA,NA,NA
"1758","8.41","No Comment","10.1594/PANGAEA.869122",8.41,2028.75,247.75,-1.8,2284.91,8.49987580034807,NA,NA,NA,NA,NA,NA
"1759","8.49","No Comment","10.1594/PANGAEA.943274",8.49,1740.05,223.16,16.9,1971.7,8.20549885908711,NA,NA,NA,NA,NA,NA
"1760","8.53","No Comment","10.1594/PANGAEA.835214",8.53,1723.35,243.52,20,1975.4,8.19670790105593,NA,NA,NA,NA,NA,NA
"1761","8.56","No Comment","10.1594/PANGAEA.869122",8.56,1972.5,230.04,-1.8,2211.1,8.47987701706927,NA,NA,NA,NA,NA,NA
"1762","8.64","No Comment","10.1594/PANGAEA.909063",8.64,2274.62,459.94,25.1,2743.2,8.27015033779089,NA,NA,NA,NA,NA,NA
"1763","8.67","No Comment","10.1594/PANGAEA.861839",8.67,1802.49,238.84,14,2050,8.26795606988379,NA,NA,NA,NA,NA,NA
"1764","8.67","No Comment","10.1594/PANGAEA.909063",8.67,2183.71,422.82,25,2615.2,8.25291205110039,NA,NA,NA,NA,NA,NA
"1765","8.75","No Comment","10.1594/PANGAEA.868682",8.75,1810.13,239.04,15,2057.92,8.24976168289986,0,0,0,0,0,0
"1766","8.85","No Comment","10.1594/PANGAEA.943274",8.85,1690.6,213.25,17.23,1912.7,8.19283973886653,NA,NA,NA,NA,NA,NA
"1767","8.89","No Comment","10.1594/PANGAEA.909063",8.89,2292.85,445.76,24.3,2747.5,8.26585130127196,NA,NA,NA,NA,NA,NA
"1768","8.94","No Comment","10.1594/PANGAEA.943274",8.94,1762.41,216.85,16.72,1988.2,8.1904743989101,NA,NA,NA,NA,NA,NA
"1769","80.87","No Comment","10.1594/PANGAEA.883475",80.87,2421.42,48.81,18,2551.1,7.38373954735398,0,0,0,0,0,0
"1770","800","No Comment","10.1594/PANGAEA.907928",25.4966666666667,2076.18666666667,118.27,20,2219.95333333333,7.80217714429185,0,0.70159342452259,1.10489818535465,32.1616547045287,33.4137581444133,0.00575985946455955
"1771","800","No Comment","10.1594/PANGAEA.930555",26.6917827868852,2041.60532786885,107.002254098361,21,2175.2993647541,7.74953960351175,0,0.16769085773771,3.37335303810551,32.6774967985239,36.0146882054543,0.0071442316983009
"1772","800-RCP6","No Comment","10.1594/PANGAEA.911407",27.12,1838.4,81.8933333333333,18,1947.41333333333,7.72694069710132,0,2.70207327805891,7.49709499295115,12.3667012578133,7.63490231328043,0.0417197300859865
"1773","800ppm","No Comment","10.1594/PANGAEA.955830",27.0067955801105,2050.6626519337,107.725082872928,21,2185.39453038674,7.75026721767577,0,1.18300088262463,4.91326979477166,10.2749350853768,6.54466617322973,0.0217182767296822
"1774","81.54","No Comment","10.1594/PANGAEA.846058",81.54,2302.2,42.06,15,2425.8,7.39072708770332,NA,NA,NA,NA,NA,NA
"1775","81.65","No Comment","10.1594/PANGAEA.960341",81.65,2211.25,38.19,16,2331.09,7.34966929236306,0,0,0,0,0,0
"1776","81.95","No Comment","10.1594/PANGAEA.892370",81.95,2164.84,30.19,2,2276.98,7.49712140900326,NA,NA,NA,NA,NA,NA
"1777","81.95, Temp2","No Comment","10.1594/PANGAEA.892370",81.95,2164.84,30.19,2.2,2276.98,7.49357287071786,NA,NA,NA,NA,NA,NA
"1778","82.24","No Comment","10.1594/PANGAEA.846058",82.24,2302.64,41.72,15,2426.6,7.38711912400991,NA,NA,NA,NA,NA,NA
"1779","82.32","No Comment","10.1594/PANGAEA.846058",82.32,2305.88,41.8,15,2430,7.38734044822569,NA,NA,NA,NA,NA,NA
"1780","82.49","No Comment","10.1594/PANGAEA.835214",82.49,2187.95,37.55,15,2307.99,7.36357341718973,NA,NA,NA,NA,NA,NA
"1781","82.57","No Comment","10.1594/PANGAEA.846058",82.57,2306.44,41.69,15,2430.7,7.3860906027575,NA,NA,NA,NA,NA,NA
"1782","82.72","No Comment","10.1594/PANGAEA.846058",82.72,2298.84,41.34,15,2422.9,7.38386259594009,NA,NA,NA,NA,NA,NA
"1783","821","No Comment","10.1594/PANGAEA.974439",40.47,2009.5,60.03,14.6,2110,7.61096025124527,0,0,0,0,0,0
"1784","83.07","No Comment","10.1594/PANGAEA.883475",83.07,2380.36,50.7,24,2514.13,7.31029091631622,0,0,0,0,0,0
"1785","83.55","No Comment","10.1594/PANGAEA.846058",83.55,2308.48,41.27,15,2433.3,7.38130922151014,NA,NA,NA,NA,NA,NA
"1786","84.08","No Comment","10.1594/PANGAEA.892370",84.08,2165.71,29.44,2,2279.23,7.48602160362374,NA,NA,NA,NA,NA,NA
"1787","84.08, Temp2","No Comment","10.1594/PANGAEA.892370",84.08,2165.71,29.44,2.2,2279.23,7.48247306533834,NA,NA,NA,NA,NA,NA
"1788","84.33","No Comment","10.1594/PANGAEA.924611",84.33,2234.06,41.4,20,2359.79,7.3144522628263,NA,NA,NA,NA,NA,NA
"1789","84.38","No Comment","10.1594/PANGAEA.846058",84.38,2287.14,39.58,15,2411.1,7.36718390942967,NA,NA,NA,NA,NA,NA
"1790","84.65","No Comment","10.1594/PANGAEA.846058",84.65,2285.84,39.41,15,2409.9,7.36556147561925,NA,NA,NA,NA,NA,NA
"1791","84.69","No Comment","10.1594/PANGAEA.846058",84.69,2287.46,39.45,15,2411.6,7.36569436802877,NA,NA,NA,NA,NA,NA
"1792","85.92","No Comment","10.1594/PANGAEA.846058",85.92,2278.98,38.6,15,2403.5,7.35784765971541,NA,NA,NA,NA,NA,NA
"1793","86.2","No Comment","10.1594/PANGAEA.861380",86.2,2487.5,46.4,15,2620.1,7.39975576007209,0,0,0,0,0,0
"1794","86.2","No Comment","10.1594/PANGAEA.920269",86.2,2487.5,46.4,15,2620.1,7.39975576007209,0,0,0,0,0,0
"1795","87.19","No Comment","10.1594/PANGAEA.835214",87.19,2204.63,36.07,15,2327.89,7.3428112983754,NA,NA,NA,NA,NA,NA
"1796","88.14","No Comment","10.1594/PANGAEA.846058",88.14,2277,37.56,15,2402.7,7.34636342191391,NA,NA,NA,NA,NA,NA
"1797","88.45","No Comment","10.1594/PANGAEA.846058",88.45,2286.41,38.25,15,2413.11,7.35247819751335,NA,NA,NA,NA,NA,NA
"1798","88.54","No Comment","10.1594/PANGAEA.846058",88.54,2287.91,37.75,15,2414.2,7.34647888837716,NA,NA,NA,NA,NA,NA
"1799","89.26","No Comment","10.1594/PANGAEA.846058",89.26,2276.96,37.09,15,2403.31,7.34090230095537,NA,NA,NA,NA,NA,NA
"1800","89.36","No Comment","10.1594/PANGAEA.846058",89.36,2281.16,37.18,15,2407.7,7.34115450671799,NA,NA,NA,NA,NA,NA
"1801","89.73","No Comment","10.1594/PANGAEA.846058",89.73,2285.6,37.68,15,2413.01,7.34611153568113,NA,NA,NA,NA,NA,NA
"1802","89.83","No Comment","10.1594/PANGAEA.846058",89.83,2279.92,36.94,15,2406.69,7.33857815170896,NA,NA,NA,NA,NA,NA
"1803","9","No Comment","10.1594/PANGAEA.833817",9,1809,267,25,2085,8.13502418662038,0,0,0,0,0,0
"1804","9.02","No Comment","10.1594/PANGAEA.943274",9.02,1752.64,224.94,17.4,1986.6,8.197559820635,NA,NA,NA,NA,NA,NA
"1805","9.09","No Comment","10.1594/PANGAEA.849402",9.09,1731.5,213.51,15,1954.1,8.21999659359608,NA,NA,NA,NA,NA,NA
"1806","9.09","No Comment","10.1594/PANGAEA.943274",9.09,1751.07,221.34,17.02,1981.5,8.19721688222545,NA,NA,NA,NA,NA,NA
"1808","9.16","No Comment","10.1594/PANGAEA.943274",9.16,1767.15,213.9,17.04,1990.21,8.17806733554251,NA,NA,NA,NA,NA,NA
"1809","9.17","No Comment","10.1594/PANGAEA.887739",9.17,1826.67,251.41,20,2087.25,8.18526920623274,NA,NA,NA,NA,NA,NA
"1810","9.2","No Comment","10.1594/PANGAEA.861839",9.2,1819.37,229.44,14,2058.01,8.24646997609113,NA,NA,NA,NA,NA,NA
"1811","9.2","No Comment","10.1594/PANGAEA.943274",9.2,1753.66,219.35,16.97,1982.21,8.19347915582991,NA,NA,NA,NA,NA,NA
"1812","9.21","No Comment","10.1594/PANGAEA.869122",9.21,2072.16,236.16,-1.8,2317.53,8.46987372413613,NA,NA,NA,NA,NA,NA
"1813","9.21","No Comment","10.1594/PANGAEA.949280",9.21,1795.6,226.57,15,2031.38,8.22999367686341,NA,NA,NA,NA,NA,NA
"1814","9.26","No Comment","10.1594/PANGAEA.943274",9.26,1728.94,213.3,17.23,1951.5,8.1832024970515,NA,NA,NA,NA,NA,NA
"1815","9.27","No Comment","10.1594/PANGAEA.849402",9.27,1765.57,217.71,15,1992.55,8.21999430591264,NA,NA,NA,NA,NA,NA
"1817","9.29","No Comment","10.1594/PANGAEA.887739",9.29,1814.55,245,20,2068.84,8.17694389912022,NA,NA,NA,NA,NA,NA
"1818","9.37","No Comment","10.1594/PANGAEA.849402",9.37,1744.7,210.24,15,1964.31,8.20999545574607,NA,NA,NA,NA,NA,NA
"1820","9.44","No Comment","10.1594/PANGAEA.887739",9.44,1821.23,242.85,20,2073.52,8.17152006670796,NA,NA,NA,NA,NA,NA
"1821","9.48","No Comment","10.1594/PANGAEA.849402",9.48,1695.77,190.55,15,1895.8,8.17964287418408,NA,NA,NA,NA,NA,NA
"1823","9.49","No Comment","10.1594/PANGAEA.849402",9.49,1766.47,212.87,15,1988.83,8.21000906289289,NA,NA,NA,NA,NA,NA
"1825","9.69","No Comment","10.1594/PANGAEA.835214",9.69,1670.16,218.95,25,1898.8,8.08353836343714,NA,NA,NA,NA,NA,NA
"1826","9.69","No Comment","10.1594/PANGAEA.892370",9.69,1773.13,179.93,6,1962.75,8.28873039595794,NA,NA,NA,NA,NA,NA
"1827","9.69, Temp2","No Comment","10.1594/PANGAEA.892370",9.69,1773.13,179.93,6.3,1962.75,8.28351146766364,NA,NA,NA,NA,NA,NA
"1828","9.77","No Comment","10.1594/PANGAEA.943274",9.77,1741.28,204.85,17.17,1955.9,8.16354969744515,NA,NA,NA,NA,NA,NA
"1829","9.78","No Comment","10.1594/PANGAEA.835214",9.78,1788.99,211.73,15,2010.5,8.20217535347254,NA,NA,NA,NA,NA,NA
"1830","9.78","No Comment","10.1594/PANGAEA.849402",9.78,1705.07,201.76,20,1916.61,8.11963961045399,NA,NA,NA,NA,NA,NA
"1832","9.86","No Comment","10.1594/PANGAEA.891195",9.86,1765.14,240.34,25,2015.34,8.09999839230675,0,0,0,0,0,0
"1833","9.87","No Comment","10.1594/PANGAEA.869122",9.87,2026.83,210.67,-1.8,2247.37,8.42987604143217,NA,NA,NA,NA,NA,NA
"1834","9.9","No Comment","10.1594/PANGAEA.869122",9.9,2079.77,221.2,-1.8,2310.87,8.43986048329777,NA,NA,NA,NA,NA,NA
"1835","9.9","No Comment","10.1594/PANGAEA.887739",9.9,1852.68,239.55,20,2102.13,8.15814251639817,NA,NA,NA,NA,NA,NA
"1836","9.91","No Comment","10.1594/PANGAEA.835214",9.91,1779.22,206.78,15,1995.91,8.19427974814324,NA,NA,NA,NA,NA,NA
"1837","90.06","No Comment","10.1594/PANGAEA.846058",90.06,2286.67,37.57,15,2414.3,7.3446385699294,NA,NA,NA,NA,NA,NA
"1838","90.19","No Comment","10.1594/PANGAEA.925549",90.19,2595.38,40.83,6,2726.4,7.47914582008376,0,0,0,0,0,0
"1839","90.28","No Comment","10.1594/PANGAEA.960341",90.28,2229.9,35.12,16,2355.3,7.30962659961897,0,0,0,0,0,0
"1840","90.57","No Comment","10.1594/PANGAEA.835214",90.57,2256.66,33.87,10,2381.1,7.38974480701764,NA,NA,NA,NA,NA,NA
"1841","90.67","No Comment","10.1594/PANGAEA.846058",90.67,2286.03,37.3,15,2414,7.34162777531915,NA,NA,NA,NA,NA,NA
"1842","900 µatm CO2","No Comment","10.1594/PANGAEA.777430",23.08,2108.58,148.74,25,2280.4,7.81438918637318,0,0,0,0,0,0
"1843","900-14","No Comment","10.1594/PANGAEA.829883",37.6666666666667,1361.83333333333,31.8333333333333,14,1431.33333333333,7.48058761982886,0,5.42832079621927,15.8292977313167,206.493986998815,217.029644672489,0.128434844659064
"1844","900-18","No Comment","10.1594/PANGAEA.829883",32.5,1166.5,27.5,18,1226.5,7.4427081424515,0,3.14642654451045,6.56505902486794,88.9016310311571,92.9080190295757,0.071528640783585
"1845","900/14","No Comment","10.1594/PANGAEA.774802",38.5416666666667,1419.36,34.5483333333333,14,1492.45,7.48628282740662,0,3.79761723540784,21.7520402874458,349.32780198547,368.327826589304,0.13084911505698
"1846","900/18","No Comment","10.1594/PANGAEA.774802",32.955,1285.13833333333,35.0583333333333,18,1353.15166666667,7.46861817769253,0,2.62778043222793,23.7259203544703,357.580363689992,380.146882160918,0.122328470069291
"1847","91.6","No Comment","10.1594/PANGAEA.846058",91.6,2285.5,36.9,15,2414,7.33704600946869,NA,NA,NA,NA,NA,NA
"1848","91.89","No Comment","10.1594/PANGAEA.846058",91.89,2269.15,36.26,15,2397.3,7.33256546323743,NA,NA,NA,NA,NA,NA
"1849","91.94","No Comment","10.1594/PANGAEA.846058",91.94,2283.94,36.71,15,2412.59,7.33510056280175,NA,NA,NA,NA,NA,NA
"1850","91.98","No Comment","10.1594/PANGAEA.846058",91.98,2285.57,36.75,15,2414.3,7.33526368541801,NA,NA,NA,NA,NA,NA
"1851","92.32","No Comment","10.1594/PANGAEA.846058",92.32,2275.97,36.31,15,2404.6,7.33186058460652,NA,NA,NA,NA,NA,NA
"1852","92.51","No Comment","10.1594/PANGAEA.846058",92.51,2283.61,36.48,15,2412.6,7.33243376246335,NA,NA,NA,NA,NA,NA
"1853","93.09","No Comment","10.1594/PANGAEA.846058",93.09,2271.06,35.85,15,2400,7.327261420776,NA,NA,NA,NA,NA,NA
"1854","93.27","No Comment","10.1594/PANGAEA.846058",93.27,2273.08,35.85,15,2402.2,7.32687530815128,NA,NA,NA,NA,NA,NA
"1855","93.56","No Comment","10.1594/PANGAEA.846058",93.56,2272.13,35.7,15,2401.39,7.32523590912285,NA,NA,NA,NA,NA,NA
"1856","93.75","No Comment","10.1594/PANGAEA.846058",93.75,2271.73,35.62,15,2401.1,7.32433807078999,NA,NA,NA,NA,NA,NA
"1857","93.76","No Comment","10.1594/PANGAEA.846058",93.76,2269.78,35.55,15,2399.09,7.32385670906149,NA,NA,NA,NA,NA,NA
"1858","93.81","No Comment","10.1594/PANGAEA.846058",93.81,2276.83,35.76,15,2406.4,7.32506777392378,NA,NA,NA,NA,NA,NA
"1859","93.97","No Comment","10.1594/PANGAEA.846058",93.97,2272.86,35.57,15,2402.4,7.32351204854976,NA,NA,NA,NA,NA,NA
"1860","94.06","No Comment","10.1594/PANGAEA.846058",94.06,2271.35,35.49,15,2400.9,7.3228228070013,NA,NA,NA,NA,NA,NA
"1861","94.17","No Comment","10.1594/PANGAEA.924611",94.17,2314.38,39.79,20,2448.34,7.28188602595901,NA,NA,NA,NA,NA,NA
"1862","94.5","No Comment","10.1594/PANGAEA.846058",94.5,2283.88,35.72,15,2414.1,7.32323903775058,NA,NA,NA,NA,NA,NA
"1863","94.57","No Comment","10.1594/PANGAEA.960341",94.57,2230.75,33.55,16,2358.87,7.28959910275449,0,0,0,0,0,0
"1864","94.67","No Comment","10.1594/PANGAEA.834251",94.67,1942.02,30.3,25,2066.99,7.15914042241725,NA,NA,NA,NA,NA,NA
"1865","94.97","No Comment","10.1594/PANGAEA.846058",94.97,2274,35.23,15,2404.2,7.3191230517645,NA,NA,NA,NA,NA,NA
"1866","95.08","No Comment","10.1594/PANGAEA.835214",95.08,1942.05,30.17,25,2067.3,7.15726639523327,NA,NA,NA,NA,NA,NA
"1867","95.53","No Comment","10.1594/PANGAEA.846058",95.53,2280.93,35.24,15,2411.7,7.31792481135985,NA,NA,NA,NA,NA,NA
"1868","95.56","No Comment","10.1594/PANGAEA.846058",95.56,2276.74,35.1,15,2407.4,7.31699454767652,NA,NA,NA,NA,NA,NA
"1869","95.79","No Comment","10.1594/PANGAEA.846058",95.79,2278.44,35.07,15,2409.3,7.31629903837464,NA,NA,NA,NA,NA,NA
"1870","95.83","No Comment","10.1594/PANGAEA.846058",95.83,2279.78,35.1,15,2410.71,7.31641504603014,NA,NA,NA,NA,NA,NA
"1871","97.03","No Comment","10.1594/PANGAEA.846058",97.03,2280.87,34.69,15,2412.59,7.31110463575447,NA,NA,NA,NA,NA,NA
"1872","97.05","No Comment","10.1594/PANGAEA.846058",97.05,2279.02,34.63,15,2410.7,7.31070522404845,NA,NA,NA,NA,NA,NA
"1873","97.12","No Comment","10.1594/PANGAEA.846058",97.12,2287.22,34.85,15,2419.19,7.3118957114274,NA,NA,NA,NA,NA,NA
"1874","97.36","No Comment","10.1594/PANGAEA.846058",97.36,2288.73,34.82,15,2420.91,7.31123507345955,NA,NA,NA,NA,NA,NA
"1875","97.87","No Comment","10.1594/PANGAEA.846058",97.87,2285.49,34.54,15,2417.9,7.30834387676173,NA,NA,NA,NA,NA,NA
"1876","97.96","No Comment","10.1594/PANGAEA.846058",97.96,2283.69,34.45,15,2416.1,7.30755294500356,NA,NA,NA,NA,NA,NA
"1887","ACAO","end","10.1594/PANGAEA.961012",11.05,1807.32,222.73,27,2041.1,8.02496012008217,0,0,0,0,0,0
"1888","ACAO","initial","10.1594/PANGAEA.961012",11.89,1815.52,208.79,27,2036.2,7.99492511435602,0,0,0,0,0,0
"1890","ACLO","end","10.1594/PANGAEA.961012",10.78,1803.87,227.45,27,2042.1,8.03489716284002,0,0,0,0,0,0
"1891","ACLO","initial","10.1594/PANGAEA.961012",12.55,1830.7,201.14,27,2044.39,7.97509772184047,0,0,0,0,0,0
"1892","Acidified","No Comment","10.1594/PANGAEA.914234",40.9745161290323,2234.6575,93.9307258064516,23.3008064516129,2369.56274193548,7.61284480020445,0.309575100294365,4.541451964166,12.8015624791643,47.0780628599168,45.0601677857058,0.0594767168970972
"1893","Acidified","No Comment","10.1594/PANGAEA.957342",19.8766666666667,1910.17,144.613333333333,27,2074.66,7.81332647465432,0,0.210850861531513,1.60384151048633,0.464088588333939,1.71266568902877,0.00473590583996158
"1894","Acidified conditions","No Comment","10.1594/PANGAEA.930305",34,2063.13,94.07,26,2191.2,7.60897319219929,NA,NA,NA,NA,NA,NA
"1895","Acidified, Temp2","No Comment","10.1594/PANGAEA.957342",21.2716666666667,1916.875,136.556666666667,24.1666666666667,2074.70333333333,7.83189470593617,0.273252020425589,0.513436136892083,3.09100415183589,12.405788568245,13.3713135729691,0.0138842155743925
"1896","Acidified, Temp3","No Comment","10.1594/PANGAEA.957342",21.2716666666667,1916.875,136.556666666667,28,2074.70333333333,7.77108854909051,0,0.513436136892083,3.09100415183589,12.405788568245,13.3713135729691,0.00974967626638922
"1897","Acidified-1, Temp2","No Comment","10.1594/PANGAEA.957342",21.12,1908.435,136.35,24.05,2065.905,7.83501770950999,0.353553390593274,0.876812408671318,3.95979797464466,11.716759364261,8.63377379828777,0.0209397530247103
"1898","Acidified-1, Temp3","No Comment","10.1594/PANGAEA.957342",21.12,1908.435,136.35,28,2065.905,7.77234462230669,0,0.876812408671318,3.95979797464466,11.716759364261,8.63377379828777,0.0152806530778182
"1899","Acidified-2, Temp2","No Comment","10.1594/PANGAEA.957342",21.3,1915.86,136.195,24.2,2073.355,7.83049271522918,0.282842712474618,0.0282842712474613,2.60922402257836,17.1402683759619,19.721208127293,0.00895948365762879
"1900","Acidified-2, Temp3","No Comment","10.1594/PANGAEA.957342",21.3,1915.86,136.195,28,2073.355,7.77022058200213,0,0.0282842712474613,2.60922402257836,17.1402683759619,19.721208127293,0.00443524986843663
"1901","Acidified-3, Temp2","No Comment","10.1594/PANGAEA.957342",21.395,1926.33,137.125,24.25,2084.85,7.83017369306934,0.353553390593274,0.68589357775095,4.92853426487026,3.88908729652601,8.1317279836453,0.020389957756923
"1902","Acidified-3, Temp3","No Comment","10.1594/PANGAEA.957342",21.395,1926.33,137.125,28,2084.85,7.77070044296269,0,0.68589357775095,4.92853426487026,3.88908729652601,8.1317279836453,0.0147359326241033
"1903","Ambient","No Comment","10.1594/PANGAEA.771293",11.1428440366972,1812.02376146789,228.096605504587,26,2051.26321100917,8.05000355030982,0,0.201985935259893,4.13956121761882,32.8788675457462,37.220409073934,6.47497389136568e-06
"1904","Ambient","No Comment","10.1594/PANGAEA.837464",13.3224509803922,1897.33666666667,171.452843137255,13.356,2082.11196078431,8.1113274548583,1.5831660100522,1.20271840302675,13.6740260664604,18.3508154151972,10.1777361406622,0.0431090174619312
"1905","Ambient","No Comment","10.1594/PANGAEA.903329",18.9856,1973.6852,156.49,25,2149.1608,7.85850224023383,0,5.18196960624047,28.6375794775559,105.042628930671,97.9633847805733,0.0956113869977156
"1906","Ambient","No Comment","10.1594/PANGAEA.930305",17.14,1892.14,156.91,26,2066.19,7.86874599793563,NA,NA,NA,NA,NA,NA
"1907","Ambient","No Comment","10.1594/PANGAEA.957342",11.5,1738.50333333333,206.996666666667,27,1957,8.01000428921887,0,0.0216978445974933,0.376294618773636,3.17681441895929,3.57473929985767,6.23986319652114e-06
"1908","Ambient","No Comment","10.1594/PANGAEA.968460",16.19,1888.61,138,15.81,2042.8,7.97925058425635,0,0,0,0,0,0
"1909","Ambient + P, Temp2","No Comment","10.1594/PANGAEA.957342",11.5233333333333,1725.06666666667,204.076666666667,23.1,1940.66666666667,8.06932584881752,0,0.255799400572662,2.85065489551669,7.88626865718713,6.05006887013132,0.00776897019914386
"1910","Ambient + P, Temp3","No Comment","10.1594/PANGAEA.957342",11.5233333333333,1725.06666666667,204.076666666667,28,1940.66666666667,7.99141647860437,0,0.255799400572662,2.85065489551669,7.88626865718713,6.05006887013132,0.00776897019914386
"1911","Ambient CO2-High light","No Comment","10.1594/PANGAEA.928761",11.35,1878.55,217.41,20,2107.31,8.11000351164361,0,0,0,0,0,0
"1912","Ambient CO2-Low light","No Comment","10.1594/PANGAEA.928761",10.77,1865.94,226.13,20,2102.84,8.13000726246163,0,0,0,0,0,0
"1913","Ambient CO2-Medium light","No Comment","10.1594/PANGAEA.928761",11.06,1871.84,221.68,20,2104.58,8.12000454360444,0,0,0,0,0,0
"1914","Ambient pCO2","No Comment","10.1594/PANGAEA.733948",11.52,1861.36,186.12,15,2059,8.12896353596135,0,0,0,0,0,0
"1915","Ambient pCO2","No Comment","10.1594/PANGAEA.824406",23,1994,96,3,2113,8.01752222554479,0,0,0,0,0,0
"1916","Ambient pCO2 - FCN","No Comment","10.1594/PANGAEA.756687",8.165,1633.53,263.405,25,1905.1,8.16842860445091,0,3.51432070249714,62.3456048972179,167.867149853686,109.035865658966,0.148478263187818
"1917","Ambient pCO2 - NCD","No Comment","10.1594/PANGAEA.756687",14.275,1825.315,186.165,25,2025.755,7.96850191096729,0,5.22551911296859,45.0921994362661,118.15047206846,78.2837917451629,0.13437131227238
"1918","Ambient pCO2 - NCN","No Comment","10.1594/PANGAEA.756687",9.6,1703.68,231.47,25,1944.75,8.09851396343626,0,1.42835569799683,18.2574970902367,59.4676802977886,42.6385389055488,0.0494534425144866
"1919","Ambient pCO2 - Short incubation","No Comment","10.1594/PANGAEA.756687",11.19,1820.50666666667,225.303333333333,25,2057,8.05849050332595,0,0.656429737291053,14.0417995048118,109.873371356909,124.511574160798,0.00259524350267876
"1920","Ambient pCO2-Control","No Comment","10.1594/PANGAEA.945734",35.4719047619048,1888.5984047619,78.7442857142857,16,2002.8145952381,7.67707235930079,0,20.0057408644767,36.9189908409718,89.6465582821208,72.7316288445904,0.247524641875419
"1921","Ambient pCO2-Copepodamide","No Comment","10.1594/PANGAEA.945734",18.68,1829.608,103.021,16,1951.309,7.86292519031781,0,0,0.0030041753673666,0.00600835073472466,0.00300417536736233,1.40900951917392e-05
"1922","Ambient, Temp2","No Comment","10.1594/PANGAEA.957342",11.3683333333333,1713.345,204.238333333333,23.25,1928.95166666667,8.07005368355142,0.0522232967867101,0.3476370451369,6.46710112567423,8.67574413889875,11.8591129772028,0.0132630954610183
"1923","Ambient, Temp3","No Comment","10.1594/PANGAEA.957342",11.3683333333333,1713.345,204.238333333333,28,1928.95166666667,7.99455463723716,0,0.3476370451369,6.46710112567423,8.67574413889875,11.8591129772028,0.0132788530398747
"1924","Ambient-1, Temp2","No Comment","10.1594/PANGAEA.957342",11.615,1708.655,198.68,23.25,1918.95,8.05938543028554,0.0707106781186558,0.360624458405139,4.99217387517703,4.70226009489061,0.0707106781187512,0.0109728320176365
"1925","Ambient-1, Temp3","No Comment","10.1594/PANGAEA.957342",11.615,1708.655,198.68,28,1918.95,7.98388638397128,0,0.360624458405139,4.99217387517703,4.70226009489061,0.0707106781187512,0.0121087285609244
"1926","Ambient-2, Temp2","No Comment","10.1594/PANGAEA.957342",11.475,1718.7,203.48,23.25,1933.655,8.06728234158541,0.0707106781186558,0.21920310216783,0.452548339959401,14.5946839636903,14.3613387258989,0.00351793657137696
"1927","Ambient-2, Temp3","No Comment","10.1594/PANGAEA.957342",11.475,1718.7,203.48,28,1933.655,7.99178329527115,0,0.21920310216783,0.452548339959401,14.5946839636903,14.3613387258989,0.00465383311466611
"1928","Ambient-3, Temp2","No Comment","10.1594/PANGAEA.957342",11.015,1712.68,210.555,23.25,1934.25,8.0834932787833,0.0707106781186558,0.304055915910215,7.88424061023001,8.75398195108937,16.334166645409,0.0151820640351736
"1929","Ambient-3, Temp3","No Comment","10.1594/PANGAEA.957342",11.015,1712.68,210.555,28,1934.25,8.00799423246905,0,0.304055915910215,7.88424061023001,8.75398195108937,16.334166645409,0.0140461674918851
"1930","B12_limited","No Comment","10.1594/PANGAEA.835475",24.3333333333333,1959.45,100.573333333333,3,2084.35666666667,8.01807304942095,0,13.7128893138293,43.7410577527948,146.294317387929,117.13304757127,0.224777255495344
"1931","B12_replete","No Comment","10.1594/PANGAEA.835475",23.1666666666667,1928.18,102.97,3,2054.31666666667,8.0347848954778,0,13.6280348302069,45.3315530287679,158.318821054226,128.979688452614,0.229730759657944
"1932","Bottle_1-pCO2=162","No Comment","10.1594/PANGAEA.726862",6.74,1754.4,201.83,16,1962.97,8.17321458144472,NA,NA,NA,NA,NA,NA
"1933","Bottle_11-pCO2=508","No Comment","10.1594/PANGAEA.726862",20.59,1861.1,74.3,16,1955.99,7.71357658454517,NA,NA,NA,NA,NA,NA
"1934","Bottle_12-pCO2=532","No Comment","10.1594/PANGAEA.726862",21.44,1864,71.58,16,1957.02,7.69670326594354,NA,NA,NA,NA,NA,NA
"1935","Bottle_13-pCO2=723","No Comment","10.1594/PANGAEA.726862",29.09,1869.8,53.09,16,1951.98,7.56557504980393,NA,NA,NA,NA,NA,NA
"1936","Bottle_14-pCO2=697","No Comment","10.1594/PANGAEA.726862",28.11,1868,54.83,16,1950.94,7.57999885389692,NA,NA,NA,NA,NA,NA
"1937","Bottle_15-pCO2=731","No Comment","10.1594/PANGAEA.726862",29.46,1872,52.55,16,1954.01,7.56062435586969,NA,NA,NA,NA,NA,NA
"1938","Bottle_16-pCO2=215","No Comment","10.1594/PANGAEA.726862",8.9,1802.8,161.35,16,1973.05,8.0641789002485,NA,NA,NA,NA,NA,NA
"1939","Bottle_17-pCO2=349","No Comment","10.1594/PANGAEA.726862",14.27,1853.4,106.34,16,1974.01,7.87108497720058,NA,NA,NA,NA,NA,NA
"1940","Bottle_18-pCO2=506","No Comment","10.1594/PANGAEA.726862",20.48,1877.5,76.03,16,1974.01,7.71976252471806,NA,NA,NA,NA,NA,NA
"1941","Bottle_19-pCO2=587","No Comment","10.1594/PANGAEA.726862",23.68,1877.6,65.76,16,1967.04,7.65671620784898,NA,NA,NA,NA,NA,NA
"1942","Bottle_2-pCO2=153","No Comment","10.1594/PANGAEA.726862",6.33,1739.5,211.17,16,1957,8.19656526674682,NA,NA,NA,NA,NA,NA
"1943","Bottle_20-pCO2=707","No Comment","10.1594/PANGAEA.726862",28.41,1867.4,54.22,16,1950.03,7.57527963868115,NA,NA,NA,NA,NA,NA
"1944","Bottle_3-pCO2=154","No Comment","10.1594/PANGAEA.726862",6.39,1741.2,209.45,16,1957.04,8.1925891861194,NA,NA,NA,NA,NA,NA
"1945","Bottle_4-pCO2=297","No Comment","10.1594/PANGAEA.726862",12.2,1828.7,121.07,16,1961.97,7.9332515574286,NA,NA,NA,NA,NA,NA
"1946","Bottle_5-pCO2=295","No Comment","10.1594/PANGAEA.726862",12.21,1829.7,121.09,16,1963,7.93308587102489,NA,NA,NA,NA,NA,NA
"1947","Bottle_6-pCO2=313","No Comment","10.1594/PANGAEA.726862",12.81,1836.8,116.38,16,1965.99,7.91417396204703,NA,NA,NA,NA,NA,NA
"1948","Bottle_7-pCO2=446","No Comment","10.1594/PANGAEA.726862",18.06,1866.7,85.21,16,1969.97,7.77177351773789,NA,NA,NA,NA,NA,NA
"1949","Bottle_8-pCO2=435","No Comment","10.1594/PANGAEA.726862",17.71,1863.7,86.63,16,1968.04,7.7796497890945,NA,NA,NA,NA,NA,NA
"1950","Bottle_9-pCO2=459","No Comment","10.1594/PANGAEA.726862",18.55,1867.4,83.02,16,1968.97,7.76030285447918,NA,NA,NA,NA,NA,NA
"1951","CO2","No Comment","10.1594/PANGAEA.823376",25.3333333333333,1540,67.6666666666667,19.1233333333333,1633,7.5637931589144,0.0559677975821553,0.949425326555083,47.2929140391017,572.723072967956,618.279849122536,0.26304713247496
"1952","CO2+I","No Comment","10.1594/PANGAEA.919895",27.7266666666667,1902.55666666667,82.6766666666667,14,2012.96,7.7835875167392,0,0.751420876295923,2.93527397926213,10.3808493551025,12.3994072438968,0.0135422737933127
"1953","CO2+T","No Comment","10.1594/PANGAEA.919895",24.9533333333333,1892.77,91.16,14,2008.88333333333,7.82773993155988,0,1.75890117213371,6.35115737484122,5.87068139145699,6.07893356875483,0.0303983396470729
"1954","CO2,T","No Comment","10.1594/PANGAEA.823376",22.5,1407.5,79,23.82,1509,7.51121931980931,0.252645576319956,1.51587345791973,67.7090144537481,662.436701110924,728.629842106752,0.330916017980101
"1955","CO2-N","No Comment","10.1594/PANGAEA.919895",27.8366666666667,1900.29333333333,82.1033333333333,14,2010.23333333333,7.78125531920468,0,0.151767365837763,0.566598035059539,2.3196838865098,2.67051181112032,0.00264466130166809
"1956","CO2-P","No Comment","10.1594/PANGAEA.919895",27.73,1908.95666666667,83.4466666666667,14,2020.13333333333,7.78567465081607,0,2.11820678877205,5.607016437762,9.07334741610464,6.65880119340808,0.0311800435134127
"1957","Constant Light","No Comment","10.1594/PANGAEA.924887",37.56,2033.075,67.915,2,2138.55,7.84651014945135,0,16.150038901555,25.0218344651227,73.8907693829208,65.0189738193531,0.183332985992856
"1958","Constant Light, Temp2","No Comment","10.1594/PANGAEA.924887",37.56,2033.075,67.915,32.2,2138.55,7.34683184759876,0,16.150038901555,25.0218344651227,73.8907693829208,65.0189738193531,0.183332985992856
"1959","Control","No Comment","10.1594/PANGAEA.778475",30.895,2114.6,90.16,15,2235.655,7.75570850397007,0,1.43542676580869,16.2917402385381,142.892138342177,157.748451814907,0.0495380703072101
"1960","Control","No Comment","10.1594/PANGAEA.823376",13,1439.33333333333,115,19.1233333333333,1567.33333333333,7.83905987555757,0.109183912553835,0.822226451793038,74.9444864972603,507.734210162181,581.699695041408,0.249072486392433
"1961","Control","No Comment","10.1594/PANGAEA.848379",12.34,1936.96,228.27,18.5,2177.57,8.14241236713525,0,0,0,0,0,0
"1963","Control","No Comment","10.1594/PANGAEA.914234",7.686,1792.223,309.126,22.79,2109.035,8.23817032015978,0.311526466766145,1.20019494214884,18.2375955956163,112.123574389071,95.8840018990033,0.0484580892369968
"1964","Control","No Comment","10.1594/PANGAEA.919895",14.02,1778.31333333333,142.763333333333,14,1935.09666666667,8.05026550977821,0,0.194679223339318,3.17397752565032,11.80663514018,14.4228198814701,0.00746118591410525
"1965","Control","No Comment","10.1594/PANGAEA.945242",14.94,2147.54,200.48,20,2362.96,8.01667654637811,NA,NA,NA,NA,NA,NA
"1966","Control","No Comment","10.1594/PANGAEA.967074",13.2442592592593,1851.28481481481,173.885185185185,24.9462962962963,2038.41425925926,7.92904698862421,0.105888804195478,3.38249188140088,49.9608579900019,157.258377342209,139.93269632357,0.119378009717632
"1967","Control","beginning","10.1594/PANGAEA.869470",15.2,2011.44,161.12,15,2187.76,8.03264323977741,NA,NA,NA,NA,NA,NA
"1968","Control","end","10.1594/PANGAEA.869470",13.26,1836.93,154.07,15,2004.26,8.05262634456692,NA,NA,NA,NA,NA,NA
"1969","Control A","No Comment","10.1594/PANGAEA.965883",11.875,1932.855,207.825,19,2152.555,8.09412177982515,0,1.26572113832392,11.5470537367763,49.9005255483348,39.6191929498824,0.0353558764150197
"1972","Control light","selection environment","10.1594/PANGAEA.823153",41.85,2121.65,124.9,15,2288.4,7.79826046541865,0,30.4620029001649,77.9094965660311,197.265624790884,149.818131125018,0.355958935855015
"1975","Control salinity","selection environment","10.1594/PANGAEA.823153",41.85,2121.65,124.9,15,2288.4,7.79826046541865,0,30.4620029001649,77.9094965660311,197.265624790884,149.818131125018,0.355958935855015
"1976","Current-Fe limited","No Comment","10.1594/PANGAEA.840328",23.508358974359,1902.89241025641,83.9543076923077,2,2010.35507692308,7.99723527795172,0,0.408186048089119,2.56858537578032,45.8114170800508,48.7881885039202,0.00285238687387278
"1977","Current-Fe replete","No Comment","10.1594/PANGAEA.840328",23.5357046979866,1863.02100671141,80.3908724832215,2,1966.94758389262,7.98770319298721,0,0.630725938506422,0.220533544932315,22.4944215830962,22.9046139766703,0.00646812844112734
"1979","DCEWAF A","No Comment","10.1594/PANGAEA.965883",10.67,1930.94,230.15,19,2171.76,8.13912852106053,NA,NA,NA,NA,NA,NA
"1980","Dynamic Light","No Comment","10.1594/PANGAEA.924887",38.8933333333333,2050.77555555556,62.0811111111111,2,2151.75,7.81651222300909,0,13.049146744873,17.1456774847265,43.6997036896601,39.6031729498066,0.136351335690867
"1981","Dynamic Light, Temp2","No Comment","10.1594/PANGAEA.924887",38.8933333333333,2050.77555555556,62.0811111111111,32.2,2151.75,7.3168339211565,0,13.049146744873,17.1456774847265,43.6997036896601,39.6031729498066,0.136351335690867
"1982","Elevated","No Comment","10.1594/PANGAEA.771293",23.8701515151515,2133.205,147.565303030303,26,2304.64045454545,7.79000037607514,0,0.651427999266564,4.0142665657136,58.0447516013424,62.7104385233447,9.64840147603115e-06
"1983","Elevated pCO2-Control","No Comment","10.1594/PANGAEA.945734",37.4107619047619,1897.19342857143,75.2044761904762,16,2009.80866666667,7.65324185618019,0,20.0373999014894,36.9393645906052,89.6962801190055,72.7924860972341,0.247757476836666
"1984","Elevated pCO2-Copepodamide","No Comment","10.1594/PANGAEA.945734",47.0391428571429,1940.0659047619,57.5487619047619,16,2044.65380952381,7.53458206700945,0,17.1386279766842,31.5327744833091,76.568440573603,62.1713703122953,0.211646661032366
"1985","Exp1_pCO2=280","No Comment","10.1594/PANGAEA.718841",7.68,1601.49666666667,252.526666666667,19,1861.70333333333,8.26066664527096,0,0.0264575131106458,0.637207449213619,0.839186113644302,0.700095231617383,0.00124357292293981
"1986","Exp1_pCO2=300","No Comment","10.1594/PANGAEA.718841",8.14333333333333,1624.68333333333,245.083333333333,19,1877.91,8.24143102971898,0,0.0208166599946619,0.400790884793222,0.880302978146347,0.631506136153988,0.000907322873855977
"1987","Exp1_pCO2=490","No Comment","10.1594/PANGAEA.718841",12.59,1768.53,187.803333333333,19,1968.92333333333,8.08897458009389,0,0.0818535277187245,0.816843518266098,1.71192873683462,0.977974096453291,0.00231054168227975
"1988","Exp1_pCO2=750","No Comment","10.1594/PANGAEA.718841",18.41,1825.55666666667,136.856666666667,19,1980.82333333333,7.93775637968302,0,0.0399999999999991,0.275378527364296,0.342977161533173,0.223009715782381,0.000938043868610543
"1989","Exp2_pCO2=300","No Comment","10.1594/PANGAEA.718841",8.14333333333333,1624.68333333333,245.083333333333,19,1877.91,8.24143102971898,0,0.0208166599946619,0.400790884793222,0.880302978146347,0.631506136153988,0.000907322873855977
"1990","Exp2_pCO2=600","No Comment","10.1594/PANGAEA.718841",14.9433333333333,1651.43666666667,137.986666666667,19,1804.36666666667,7.98484614136576,0,0.200083315979452,1.43507258817571,2.28300970942597,1.07220955663213,0.0051121035079791
"1991","Exp2_pCO2=750","No Comment","10.1594/PANGAEA.718841",18.41,1825.55666666667,136.856666666667,19,1980.82333333333,7.93775637968302,0,0.0399999999999991,0.275378527364296,0.342977161533173,0.223009715782381,0.000938043868610543
"1992","Exp3_pCO2=300","No Comment","10.1594/PANGAEA.718841",8.14333333333333,1624.68333333333,245.083333333333,19,1877.91,8.24143102971898,0,0.0208166599946619,0.400790884793222,0.880302978146347,0.631506136153988,0.000907322873855977
"1993","Exp3_pCO2=600","No Comment","10.1594/PANGAEA.718841",14.9433333333333,1651.43666666667,137.986666666667,19,1804.36666666667,7.98484614136576,0,0.200083315979452,1.43507258817571,2.28300970942597,1.07220955663213,0.0051121035079791
"1994","Exp3_pCO2=750","No Comment","10.1594/PANGAEA.718841",18.41,1825.55666666667,136.856666666667,19,1980.82333333333,7.93775637968302,0,0.0399999999999991,0.275378527364296,0.342977161533173,0.223009715782381,0.000938043868610543
"1995","Exp4_pCO2=280","No Comment","10.1594/PANGAEA.718841",7.68,1601.49666666667,252.526666666667,19,1861.70333333333,8.26066664527096,0,0.0264575131106458,0.637207449213619,0.839186113644302,0.700095231617383,0.00124357292293981
"1996","Exp4_pCO2=300","No Comment","10.1594/PANGAEA.718841",8.14333333333333,1624.68333333333,245.083333333333,19,1877.91,8.24143102971898,0,0.0208166599946619,0.400790884793222,0.880302978146347,0.631506136153988,0.000907322873855977
"1997","Exp4_pCO2=490","No Comment","10.1594/PANGAEA.718841",12.59,1768.53,187.803333333333,19,1968.92333333333,8.08897458009389,0,0.0818535277187245,0.816843518266098,1.71192873683462,0.977974096453291,0.00231054168227975
"1998","Exp4_pCO2=750","No Comment","10.1594/PANGAEA.718841",18.41,1825.55666666667,136.856666666667,19,1980.82333333333,7.93775637968302,0,0.0399999999999991,0.275378527364296,0.342977161533173,0.223009715782381,0.000938043868610543
"1999","Exp5_pCO2=280","No Comment","10.1594/PANGAEA.718841",7.68,1601.49666666667,252.526666666667,19,1861.70333333333,8.26066664527096,0,0.0264575131106458,0.637207449213619,0.839186113644302,0.700095231617383,0.00124357292293981
"2000","Exp5_pCO2=300","No Comment","10.1594/PANGAEA.718841",8.14333333333333,1624.68333333333,245.083333333333,19,1877.91,8.24143102971898,0,0.0208166599946619,0.400790884793222,0.880302978146347,0.631506136153988,0.000907322873855977
"2001","Exp5_pCO2=490","No Comment","10.1594/PANGAEA.718841",12.59,1768.53,187.803333333333,19,1968.92333333333,8.08897458009389,0,0.0818535277187245,0.816843518266098,1.71192873683462,0.977974096453291,0.00231054168227975
"2002","Exp5_pCO2=750","No Comment","10.1594/PANGAEA.718841",18.41,1825.55666666667,136.856666666667,19,1980.82333333333,7.93775637968302,0,0.0399999999999991,0.275378527364296,0.342977161533173,0.223009715782381,0.000938043868610543
"2003","Exp6_pCO2=280","No Comment","10.1594/PANGAEA.718841",7.68,1601.49666666667,252.526666666667,19,1861.70333333333,8.26066664527096,0,0.0264575131106458,0.637207449213619,0.839186113644302,0.700095231617383,0.00124357292293981
"2004","Exp6_pCO2=490","No Comment","10.1594/PANGAEA.718841",12.59,1768.53,187.803333333333,19,1968.92333333333,8.08897458009389,0,0.0818535277187245,0.816843518266098,1.71192873683462,0.977974096453291,0.00231054168227975
"2005","Exp6_pCO2=600","No Comment","10.1594/PANGAEA.718841",14.9433333333333,1651.43666666667,137.986666666667,19,1804.36666666667,7.98484614136576,0,0.200083315979452,1.43507258817571,2.28300970942597,1.07220955663213,0.0051121035079791
"2006","Experiment 1","No Comment","10.1594/PANGAEA.762350",65.8273333333333,1922.28,56.9606666666667,17,2045.068,7.46462025210781,0,38.4702191806795,42.9105540575254,25.8081880694591,17.6278412907375,0.302886874452048
"2007","Experiment 2","No Comment","10.1594/PANGAEA.762350",33.384,1931.42933333333,97.054,17,2061.86733333333,7.73706994413296,0,17.8759198764307,51.8199437337733,39.2533488046683,53.2118652808438,0.240510388572149
"2008","Extreme heatwave","No Comment","10.1594/PANGAEA.967107",6.93,1543.48666666667,236.653333333333,20.5,1787.07,8.22297510096555,0,0.631743618883483,19.8537007465443,16.2547418722456,24.8182533632001,0.0378612074029946
"2009","Extreme ocean acidification","No Comment","10.1594/PANGAEA.967107",35.075,2050.325,80.105,19,2165.505,7.65465317997112,0,0.162634559672904,2.24152849636136,24.0769858994019,26.1558798360906,0.00705413781567937
"2022","Future CO2","T0","10.1594/PANGAEA.772696",27.1275,1985.5425,96.07,15.5,2108.74,7.80593283594248,2.88675134594813,3.55056216206204,4.58889238633173,128.383240696232,127.656671845488,1.49225002930384e-05
"2023","Future CO2","Tfin","10.1594/PANGAEA.772696",27.5325,1201.5125,34.7225,15.5,1263.7675,7.58093596625552,2.88675134594813,2.94558850939276,2.90965490508182,49.4801558708135,50.1616230299619,0.0499802398341252
"2025","Greeenhouse at 1400 µatm CO2 and 20 °C","beginning","10.1594/PANGAEA.869470",49.14,2049.23,55.92,20,2154.29,7.48252321202916,NA,NA,NA,NA,NA,NA
"2026","Greeenhouse at 1400 µatm CO2 and 20 °C","end","10.1594/PANGAEA.869470",34.18,1879.51,67.62,20,1981.31,7.60257728015397,NA,NA,NA,NA,NA,NA
"2028","Greeenhouse at 900 µatm CO2 and 20 °C","beginning","10.1594/PANGAEA.869470",30.09,2035.78,90.12,20,2155.99,7.69263709407663,NA,NA,NA,NA,NA,NA
"2029","Greeenhouse at 900 µatm CO2 and 20 °C","end","10.1594/PANGAEA.869470",24.92,1891.83,93.97,20,2010.72,7.74265387323373,NA,NA,NA,NA,NA,NA
"2030","H-C","No Comment","10.1594/PANGAEA.758214",25.81,2012.98,99.01,20,2137.8,7.73838635500186,NA,NA,NA,NA,NA,NA
"2031","H-C-L-C","No Comment","10.1594/PANGAEA.758214",26.36,2029.8,98.54,20,2154.7,7.73270606422675,NA,NA,NA,NA,NA,NA
"2032","HC","No Comment","10.1594/PANGAEA.843600",32.5709879518072,2182.25072289157,102.290096385542,20,2317.11180722892,7.71748178504068,0,0.519621506017915,1.14196287931811,26.9155873065381,28.3928269733331,0.0026833948672627
"2033","HC","No Comment","10.1594/PANGAEA.849257",25.8,2236.31,125.77,20,2387.88,7.79659180956181,0,0,0,0,0,0
"2035","HC","No Comment","10.1594/PANGAEA.867319",32.2,2072.26,93.3,20,2197.76,7.69998415413985,NA,NA,NA,NA,NA,NA
"2036","HC","No Comment","10.1594/PANGAEA.924794",26.2766666666667,2258.63166666667,125.925833333333,18,2410.83416666667,7.82248220764973,5.11681719253465,2.4105500441085,17.5840493104266,30.4742752418355,24.0260281052686,0.0255666987449082
"2037","HC","after","10.1594/PANGAEA.851340",31.83,2223.52,108.64,20,2363.99,7.73549547122437,0,0,0,0,0,0
"2038","HC","after renewal","10.1594/PANGAEA.830526",32,2019,88,20,2139,7.68589310766601,0,0,0,0,0,0
"2039","HC","before","10.1594/PANGAEA.851340",31.57,2204.71,107.72,20,2344,7.73549162724662,0,0,0,0,0,0
"2040","HC","before renewal","10.1594/PANGAEA.830526",32,1975,86,20,2093,7.68547810574057,0,0,0,0,0,0
"2041","HC P","after renewal","10.1594/PANGAEA.830526",32,2019,88,20,2139,7.68589310766601,0,0,0,0,0,0
"2042","HC P","before renewal","10.1594/PANGAEA.830526",32,1975,86,20,2093,7.68547810574057,0,0,0,0,0,0
"2043","HC PA","after renewal","10.1594/PANGAEA.830526",32,2019,88,20,2139,7.68589310766601,0,0,0,0,0,0
"2044","HC PA","before renewal","10.1594/PANGAEA.830526",32,1975,86,20,2093,7.68547810574057,0,0,0,0,0,0
"2045","HC PAB","after renewal","10.1594/PANGAEA.830526",32,2019,88,20,2139,7.68589310766601,0,0,0,0,0,0
"2046","HC PAB","before renewal","10.1594/PANGAEA.830526",32,1975,86,20,2093,7.68547810574057,0,0,0,0,0,0
"2047","HC PAR","after renewal","10.1594/PANGAEA.830526",32,2019,88,20,2139,7.68589310766601,0,0,0,0,0,0
"2048","HC PAR","before renewal","10.1594/PANGAEA.830526",32,1975,86,20,2093,7.68547810574057,0,0,0,0,0,0
"2049","HC UVA","after renewal","10.1594/PANGAEA.830526",32,2019,88,20,2139,7.68589310766601,0,0,0,0,0,0
"2050","HC UVA","before renewal","10.1594/PANGAEA.830526",32,1975,86,20,2093,7.68547810574057,0,0,0,0,0,0
"2051","HC UVB","after renewal","10.1594/PANGAEA.830526",32,2019,88,20,2139,7.68589310766601,0,0,0,0,0,0
"2052","HC UVB","before renewal","10.1594/PANGAEA.830526",32,1975,86,20,2093,7.68547810574057,0,0,0,0,0,0
"2053","HC-1","No Comment","10.1594/PANGAEA.860293",31.475,1868.335,77.731,20,1977.541,7.66440829367363,0,0.00527046276694812,7.25972520141086,87.3915151297119,94.6563616985144,0.0202578695984482
"2054","HC-2","No Comment","10.1594/PANGAEA.860293",31.48,1841.257,75.382,20,1948.119,7.65840739847685,0,0,3.48482998150555,41.4479732918269,44.9328032733325,0.00948865363383879
"2055","HC-3","No Comment","10.1594/PANGAEA.860293",31.475,1886.863,79.382,20,1997.72,7.66841126143877,0,0.00527046276694812,9.67692650931413,113.884487486224,123.563683985223,0.0258606697386489
"2056","HC-HN-NA","No Comment","10.1594/PANGAEA.851339",30.5,2079.9,99.3,20,2209.7,7.72545354803643,0,0,0,0,0,0
"2057","HC-HN-P","No Comment","10.1594/PANGAEA.851339",30.5,2079.9,99.3,20,2209.7,7.72545354803643,0,0,0,0,0,0
"2058","HC-HN-PA","No Comment","10.1594/PANGAEA.851339",30.5,2079.9,99.3,20,2209.7,7.72545354803643,0,0,0,0,0,0
"2059","HC-HN-PAB","No Comment","10.1594/PANGAEA.851339",30.5,2079.9,99.3,20,2209.7,7.72545354803643,0,0,0,0,0,0
"2060","HC-LN-NA","No Comment","10.1594/PANGAEA.851339",29.6,2070,101.1,20,2200.7,7.73532756459356,0,0,0,0,0,0
"2061","HC-LN-P","No Comment","10.1594/PANGAEA.851339",29.6,2070,101.1,20,2200.7,7.73532756459356,0,0,0,0,0,0
"2062","HC-LN-PA","No Comment","10.1594/PANGAEA.851339",29.6,2070,101.1,20,2200.7,7.73532756459356,0,0,0,0,0,0
"2063","HC-LN-PAB","No Comment","10.1594/PANGAEA.851339",29.6,2070,101.1,20,2200.7,7.73532756459356,0,0,0,0,0,0
"2064","HC-NA","No Comment","10.1594/PANGAEA.906572",32.8366666666667,2062.43333333333,91.8033333333333,19.6666666666667,2187.07333333333,7.69598599850206,3.90512483795333,3.60886755090846,14.6592453762122,12.2502418343476,7.31684529015081,0.00851628677094301
"2065","HC-P","No Comment","10.1594/PANGAEA.849257",25.8,2236.31,125.77,20,2387.88,7.79659180956181,0,0,0,0,0,0
"2066","HC-P","No Comment","10.1594/PANGAEA.873652",25.185,1299.265,61.745,16,1386.195,7.75642383859156,0,13.9356661451504,29.6522246597574,503.156113773124,510.012357310184,0.335407658628643
"2067","HC-P","No Comment","10.1594/PANGAEA.906572",32.8366666666667,2062.43333333333,91.8033333333333,19.6666666666667,2187.07333333333,7.69598599850206,3.90512483795333,3.60886755090846,14.6592453762122,12.2502418343476,7.31684529015081,0.00851628677094301
"2068","HC-P","No Comment","10.1594/PANGAEA.923683",28.15,1997.70050583658,100.130252918288,25,2125.98075875486,7.66598642563117,0,0,0.00157162995223524,0.00314325990446601,0.00471488985673476,6.1329675272715e-06
"2069","HC-PA","No Comment","10.1594/PANGAEA.849257",25.8,2236.31,125.77,20,2387.88,7.79659180956181,0,0,0,0,0,0
"2070","HC-PA","No Comment","10.1594/PANGAEA.906572",32.8366666666667,2062.43333333333,91.8033333333333,19.6666666666667,2187.07333333333,7.69598599850206,3.90512483795333,3.60886755090846,14.6592453762122,12.2502418343476,7.31684529015081,0.00851628677094301
"2071","HC-PAB","No Comment","10.1594/PANGAEA.849257",25.8,2236.31,125.77,20,2387.88,7.79659180956181,0,0,0,0,0,0
"2072","HC-PAB","No Comment","10.1594/PANGAEA.873652",24.53,1351.3325,62.9775,16,1438.84,7.74647074692364,0,12.1922195756892,26.6537304654953,378.819708715589,383.997812990931,0.268804307849982
"2073","HC-PAB","No Comment","10.1594/PANGAEA.906572",32.8366666666667,2062.43333333333,91.8033333333333,19.6666666666667,2187.07333333333,7.69598599850206,3.90512483795333,3.60886755090846,14.6592453762122,12.2502418343476,7.31684529015081,0.00851628677094301
"2074","HC-PAB","No Comment","10.1594/PANGAEA.923683",28.15,1864.36,87.2094941634241,25,1979.71949416342,7.63598548278031,0,0,0.00314325990446825,0,0.00314325990446601,1.56548215330565e-05
"2075","HC-PAB-10 min","after renewal","10.1594/PANGAEA.830526",32,2019,88,20,2139,7.68589310766601,0,0,0,0,0,0
"2076","HC-PAB-10 min","before renewal","10.1594/PANGAEA.830526",32,1975,86,20,2093,7.68547810574057,0,0,0,0,0,0
"2077","HC-PAB-20 min","after renewal","10.1594/PANGAEA.830526",32,2019,88,20,2139,7.68589310766601,0,0,0,0,0,0
"2078","HC-PAB-20 min","before renewal","10.1594/PANGAEA.830526",32,1975,86,20,2093,7.68547810574057,0,0,0,0,0,0
"2079","HC-PAB-30 min","after renewal","10.1594/PANGAEA.830526",32,2019,88,20,2139,7.68589310766601,0,0,0,0,0,0
"2080","HC-PAB-30 min","before renewal","10.1594/PANGAEA.830526",32,1975,86,20,2093,7.68547810574057,0,0,0,0,0,0
"2081","HC-PAB-40 min","after renewal","10.1594/PANGAEA.830526",32,2019,88,20,2139,7.68589310766601,0,0,0,0,0,0
"2082","HC-PAB-40 min","before renewal","10.1594/PANGAEA.830526",32,1975,86,20,2093,7.68547810574057,0,0,0,0,0,0
"2083","HC-PAR-10 min","after renewal","10.1594/PANGAEA.830526",32,2019,88,20,2139,7.68589310766601,0,0,0,0,0,0
"2084","HC-PAR-10 min","before renewal","10.1594/PANGAEA.830526",32,1975,86,20,2093,7.68547810574057,0,0,0,0,0,0
"2085","HC-PAR-20 min","after renewal","10.1594/PANGAEA.830526",32,2019,88,20,2139,7.68589310766601,0,0,0,0,0,0
"2086","HC-PAR-20 min","before renewal","10.1594/PANGAEA.830526",32,1975,86,20,2093,7.68547810574057,0,0,0,0,0,0
"2087","HC-PAR-30 min","after renewal","10.1594/PANGAEA.830526",32,2019,88,20,2139,7.68589310766601,0,0,0,0,0,0
"2088","HC-PAR-30 min","before renewal","10.1594/PANGAEA.830526",32,1975,86,20,2093,7.68547810574057,0,0,0,0,0,0
"2089","HC-PAR-40 min","after renewal","10.1594/PANGAEA.830526",32,2019,88,20,2139,7.68589310766601,0,0,0,0,0,0
"2090","HC-PAR-40 min","before renewal","10.1594/PANGAEA.830526",32,1975,86,20,2093,7.68547810574057,0,0,0,0,0,0
"2091","HC-control","No Comment","10.1594/PANGAEA.849257",25.8,2236.31,125.77,20,2387.88,7.79659180956181,0,0,0,0,0,0
"2094","HC1","selection","10.1594/PANGAEA.860281",31.4733576642336,1814.75211678832,73.2333576642336,20,1919.45883211679,7.65212537827099,0,0.00473990758515931,3.25157660341878,40.0237796490789,43.2800961600827,0.00949681950234263
"2097","HC2","selection","10.1594/PANGAEA.860281",31.48,1974.58802919708,86.6531386861314,20,2092.72116788321,7.68877672380221,0,0,1.9101827568189,21.6945570172707,23.6047397740897,0.00474905437805696
"2100","HC3","selection","10.1594/PANGAEA.860281",31.48,2084.42255474453,96.5886861313869,20,2212.49124087591,7.71217395391072,0,0,4.2896163645685,45.9534040381124,50.2430204026808,0.00950511358069193
"2102","HCAO","end","10.1594/PANGAEA.961012",27.11,2027.27,114.21,27,2168.59,7.68500899548388,0,0,0,0,0,0
"2103","HCAO","initial","10.1594/PANGAEA.961012",32.75,2084.4,99.95,27,2217.1,7.61501819154614,0,0,0,0,0,0
"2104","HCHP","No Comment","10.1594/PANGAEA.907178",35.61,2036.48,75.65,20,2147.74,7.61647553752423,0,0,0,0,0,0
"2105","HCL","No Comment","10.1594/PANGAEA.867319",32.71,2105.51,94.8,20,2233.02,7.69999778337942,NA,NA,NA,NA,NA,NA
"2107","HCLO","end","10.1594/PANGAEA.961012",25.06,2054.79,126.95,27,2206.8,7.72508171931016,0,0,0,0,0,0
"2108","HCLO","initial","10.1594/PANGAEA.961012",31.35,2089.07,104.88,27,2225.3,7.63495614382105,0,0,0,0,0,0
"2109","HCLP","No Comment","10.1594/PANGAEA.907178",35.22,2014.31,74.83,20,2124.36,7.61649619089835,0,0,0,0,0,0
"2110","HFe-386-1","No Comment","10.1594/PANGAEA.859316",12.3766666666667,1870.85333333333,198.44,20,2081.67,8.0700377804124,0,2.18078731960119,24.7217859387221,53.048189727203,30.5434886677995,0.0658838511086465
"2111","HFe-386-2","No Comment","10.1594/PANGAEA.859316",12.3633333333333,1867.76333333333,199.04,20,2079.16666666667,8.0713987754265,0,2.54079383920328,28.3202454085412,61.5826082050227,35.8638485571938,0.0760239710478661
"2112","HFe-614-1","No Comment","10.1594/PANGAEA.859316",17.63,1981.11,154.396666666667,20,2153.13666666667,7.93772769830858,0,1.39097088395121,9.71182955643958,18.5489056280957,10.3485377388951,0.0309494806475691
"2113","HFe-614-2","No Comment","10.1594/PANGAEA.859316",18.0933333333333,1988.32,151.403333333333,20,2157.81666666667,7.92780699405489,0,1.21631958519681,7.99082181839474,15.7152123752751,8.97249315036425,0.0261277007114327
"2114","HFe-795-1","No Comment","10.1594/PANGAEA.859316",22.4733333333333,2042.38666666667,128.643333333333,20,2193.50333333333,7.8453520653581,0,1.52513387390528,7.17268661892692,12.470743094673,6.95883850461686,0.0268186333915836
"2115","HFe-795-2","No Comment","10.1594/PANGAEA.859316",22.37,2040.2,129.093333333333,20,2191.66333333333,7.84715950615785,0,1.7616185739257,8.57902286588241,15.3352828470818,8.56733525276865,0.0316858724690994
"2117","HL","No Comment","10.1594/PANGAEA.769749",51.0115789473684,2013.40210526316,83.5663157894737,22,2147.98,7.5529192497572,0,31.0409500611975,49.3904210472848,24.306767137054,0,0.280201259087857
"2118","HL","No Comment","10.1594/PANGAEA.874781",34.7687179487179,2043.63256410256,73.8164102564103,2,2152.21769230769,7.88348205707713,0,13.8497785080298,25.5912181348083,69.6002823536911,57.8588427269128,0.170328236866902
"2119","HL HFe-400","No Comment","10.1594/PANGAEA.941907",12.67,1895.81,195.52,20,2104,8.05994313327218,NA,NA,NA,NA,NA,NA
"2120","HL HFe-750","No Comment","10.1594/PANGAEA.941907",22.09,2085.23,135.69,20,2243.01,7.85994063247291,NA,NA,NA,NA,NA,NA
"2121","HL LFe-400","No Comment","10.1594/PANGAEA.941907",13.61,1944.85,191.54,20,2150,8.03992012632101,NA,NA,NA,NA,NA,NA
"2122","HL LFe-750","No Comment","10.1594/PANGAEA.941907",22.93,2165.18,140.89,20,2329,7.85993291677489,NA,NA,NA,NA,NA,NA
"2123","HLNH4+","No Comment","10.1594/PANGAEA.860217",20.105,2207.26,180.64,20,2408.005,7.95000280433616,0,8.09637264458597,53.7825417770488,123.460843995171,77.7746748627082,0.155571253709431
"2124","HLNO3-","No Comment","10.1594/PANGAEA.860217",20.23,2220.165,181.605,20,2422,7.94999622357191,0,8.20243866176395,53.5916229461284,130.24199802675,84.852813742386,0.155562284228683
"2126","HNHC","after","10.1594/PANGAEA.851340",31.83,2223.52,108.64,20,2363.99,7.73549547122437,0,0,0,0,0,0
"2127","HNHC","before","10.1594/PANGAEA.851340",31.57,2204.71,107.72,20,2344,7.73549162724662,0,0,0,0,0,0
"2128","HNHP-HC","Before","10.1594/PANGAEA.932293",30.23,1991.31,91.75,20,2113.29,7.71001395268548,0,0,0,0,0,0
"2129","HNHP-HC","End","10.1594/PANGAEA.932293",23.46,1945.07,112.82,20,2081.35,7.80999761433279,0,0,0,0,0,0
"2131","HNHP-LC","Before","10.1594/PANGAEA.932293",12.71,1790.15,176.34,20,1979.2,8.04000816806828,0,0,0,0,0,0
"2132","HNHP-LC","End","10.1594/PANGAEA.932293",10.45,1728.08,199.99,20,1938.52,8.109991190953,0,0,0,0,0,0
"2135","HNLC","after","10.1594/PANGAEA.851340",12.45,1859.28,194.27,20,2066,8.0656076969569,0,0,0,0,0,0
"2136","HNLC","before","10.1594/PANGAEA.851340",12.51,1868.28,195.21,20,2076,8.06560685122333,0,0,0,0,0,0
"2137","HNLP-HC","Before","10.1594/PANGAEA.932293",28.68,1978.06,95.43,20,2102.17,7.72999221747949,0,0,0,0,0,0
"2138","HNLP-HC","End","10.1594/PANGAEA.932293",19.56,1905.76,129.87,20,2055.19,7.87998738769234,0,0,0,0,0,0
"2140","HNLP-LC","Before","10.1594/PANGAEA.932293",9.7,1719.26,213.2,20,1942.16,8.1399923957379,0,0,0,0,0,0
"2141","HNLP-LC","End","10.1594/PANGAEA.932293",9.04,1677.33,217.81,20,1904.18,8.160006054829,0,0,0,0,0,0
"2144","HNP-HC","before","10.1594/PANGAEA.920020",30.09,1981.54,91.3,20,2102.93,7.71001468842781,0,0,0,0,0,0
"2145","HNP-HC","end","10.1594/PANGAEA.920020",23.35,1936.08,112.3,20,2071.73,7.81000321206637,0,0,0,0,0,0
"2147","HNP-LC","before","10.1594/PANGAEA.920020",12.65,1780.64,175.4,20,1968.69,8.04000021842098,0,0,0,0,0,0
"2148","HNP-LC","end","10.1594/PANGAEA.920020",10.39,1719.39,198.99,20,1928.77,8.11000360993165,0,0,0,0,0,0
"2149","HTHL-HC","No Comment","10.1594/PANGAEA.889140",28.61,1879.73,89.28,28,1997.62,7.59511305994382,0,0,0,0,0,0
"2150","HTHL-LC","No Comment","10.1594/PANGAEA.889140",11.17,1605.74,166.82,28,1783.73,7.93502724185687,0,0,0,0,0,0
"2151","HTHN-HC","No Comment","10.1594/PANGAEA.880576",31.9833333333333,2034.86666666667,96.8466666666667,24,2163.69666666667,7.65939060879258,0,0.865582655402322,2.28095586303699,25.5827711693194,27.0348025537975,0.00954808284658079
"2152","HTHN-LC","No Comment","10.1594/PANGAEA.880576",13.8566666666667,1824.77333333333,180.23,24,2018.86,7.97610549328711,0,0.933725794679103,8.62260157346591,29.113094027596,27.0332544723793,0.0248140778090257
"2153","HTLL-HC","No Comment","10.1594/PANGAEA.889140",29.34,2018.37,100.38,28,2148.09,7.61510075997031,0,0,0,0,0,0
"2154","HTLL-LC","No Comment","10.1594/PANGAEA.889140",10.99,1692.45,188.4,28,1891.84,7.96501940231399,0,0,0,0,0,0
"2155","HTLN-HC","No Comment","10.1594/PANGAEA.880576",30.11,2051.37,104.65,24,2186.13,7.68939043038383,0,1.39799103980262,3.54433499070218,17.9544926205995,17.2672981155282,0.0172208097176463
"2156","HTLN-LC","No Comment","10.1594/PANGAEA.880576",14.2,1843.23,179.21,24,2036.64,7.96943568418855,0,0.622744350689582,6.47376283649301,9.72769378197062,8.12748067393962,0.0172194250896764
"2157","Heatwave","No Comment","10.1594/PANGAEA.967107",7.18333333333333,1553.97333333333,224.676666666667,19,1785.83333333333,8.22297226073272,0,0.0896288643983252,3.17151908922734,1.93634535487175,4.57902100162599,0.00577263529469137
"2158","High","No Comment","10.1594/PANGAEA.967074",11.3925925925926,3313.31277777778,646.411111111111,24.9851851851852,3971.11648148148,8.24672805347742,0.103536352940182,3.24889948576796,189.313860486566,554.579456118546,596.694287175404,0.124240688759106
"2159","High CO2","No Comment","10.1594/PANGAEA.773860",25.11,1986.92333333333,105.11,19,2117.14333333333,7.78630302642182,0,0.802446259882866,2.14802234625248,25.4133513466183,26.1449105308598,0.0103140711374864
"2160","High CO2","No Comment","10.1594/PANGAEA.778432",23.54,1403.2,53.36,16.7,1480.1,7.68084917259247,NA,NA,NA,NA,NA,NA
"2161","High CO2","No Comment","10.1594/PANGAEA.824065",24,1998,110,20,2132,7.78734395572774,0,0,0,0,0,0
"2162","High CO2","No Comment","10.1594/PANGAEA.848379",40.13,2273.93,96.72,18.5,2410.78,7.69982337703778,0,0,0,0,0,0
"2163","High CO2","No Comment","10.1594/PANGAEA.875042",18.1162745098039,2148.05098039216,196.999019607843,25.325,2363.1662745098,7.91937687867069,3.12812752588219,1.33376753714328,29.486607214456,126.572363954457,147.495249658567,0.027853709117039
"2164","High CO2","No Comment","10.1594/PANGAEA.903329",35.0452,2020.4668,89.0076,25,2144.5196,7.60138411308289,0,9.49445764643774,21.3503915420772,164.087037389714,172.391764485237,0.0956992998259696
"2165","High CO2","No Comment","10.1594/PANGAEA.961006",38.0304166666667,1285.80333333333,24.1508333333333,23,1347.98458333333,7.27161431322519,0,1.19422697997916,0.940868778295366,40.3099519125043,42.1976629251026,0.00725368143018667
"2166","High CO2","No Comment","10.1594/PANGAEA.974308",13.41,1233.42,77.48,20,1324.31,7.84407544366578,0,0,4.33610283391199,32.1267882087626,36.4590568021276,0.0134983168048028
"2167","High CO2 (AGG)","No Comment","10.1594/PANGAEA.778432",54.11,1892.88,42.11,16.5,1989.1,7.45132683917087,NA,NA,NA,NA,NA,NA
"2168","High CO2 HL","No Comment","10.1594/PANGAEA.778472",32.91,2305.41,89.68,3,2428,7.92492357343397,NA,NA,NA,NA,NA,NA
"2169","High CO2 LL","No Comment","10.1594/PANGAEA.778472",27.86,2275.88,103.26,3,2407,7.99175890784853,NA,NA,NA,NA,NA,NA
"2172","High CO2 level seawaters at fluorescent light","No Comment","10.1594/PANGAEA.824065",24,1998,110,20,2132,7.78734395572774,0,0,0,0,0,0
"2173","High CO2, fluctuating","0 h after the onset of light","10.1594/PANGAEA.932009",72.23,1899.91,32.34,35,2004.48,7.04104093932416,0,0,0,0,0,0
"2174","High CO2, fluctuating","12 h after the onset of light","10.1594/PANGAEA.932009",24.17,1792.06,85.97,35,1902.2,7.49102833292117,0,0,0,0,0,0
"2175","High CO2, fluctuating","3 h after the onset of light","10.1594/PANGAEA.932009",58.5,1893.26,39.65,35,1991.41,7.13106688462866,0,0,0,0,0,0
"2176","High CO2, fluctuating","6 h after the onset of light","10.1594/PANGAEA.932009",47.29,1882.7,48.5,35,1978.49,7.22099456837184,0,0,0,0,0,0
"2177","High CO2, fluctuating","9 h after the onset of light","10.1594/PANGAEA.932009",30.25,1822.59,71.07,35,1923.91,7.40103128471634,0,0,0,0,0,0
"2179","High CO2, high temperature","No Comment","10.1594/PANGAEA.959773",27.43,2070.04,110.33,25,2207.8,7.69266637275453,0,0,0,0,0,0
"2185","High CO2, stable","No Comment","10.1594/PANGAEA.932009",47.36,1885.56,48.58,35,1981.5,7.22105110629159,0,0,0,0,0,0
"2186","High CO2-High light","No Comment","10.1594/PANGAEA.928761",25.28,2096.05,121.58,20,2242.91,7.81000725524149,0,0,0,0,0,0
"2187","High CO2-High nutrient","No Comment","10.1594/PANGAEA.888942",32.5,2218.11,105.9,20,2356.51,7.72545963478789,0,0,0,0,0,0
"2188","High CO2-Low light","No Comment","10.1594/PANGAEA.928761",24.85,2108.77,125.16,20,2258.78,7.81998309438046,0,0,0,0,0,0
"2189","High CO2-Low nutrient","No Comment","10.1594/PANGAEA.888942",32.5,2118.27,96.58,20,2247.35,7.70545263996164,0,0,0,0,0,0
"2190","High CO2-Medium light","No Comment","10.1594/PANGAEA.928761",24.72,2097.42,124.49,20,2246.63,7.81999581648553,0,0,0,0,0,0
"2191","High CO2-Mid level nutrient","No Comment","10.1594/PANGAEA.888942",32.6,2224.71,106.22,20,2363.53,7.72547964458886,0,0,0,0,0,0
"2192","High CO2-NH4+NO3","No Comment","10.1594/PANGAEA.771910",12.14,1906.1,193.76,17,2112,8.10290947735333,NA,NA,NA,NA,NA,NA
"2193","High CO2-NO3","No Comment","10.1594/PANGAEA.771910",10.34,1772.87,196.79,17,1980,8.14111716756375,NA,NA,NA,NA,NA,NA
"2195","High Ca","initial","10.1594/PANGAEA.820681",13,2015,215,20,2243,8.07471016389796,0,0,0,0,0,0
"2196","High Ca-Low Ca","after transfer","10.1594/PANGAEA.820681",13,1993,208,20,2214,8.06510279072175,0,0,0,0,0,0
"2197","High Ca-Low Ca","initial","10.1594/PANGAEA.820681",13,2015,215,20,2243,8.07471016389796,0,0,0,0,0,0
"2198","High MDP, PAR only, HC","No Comment","10.1594/PANGAEA.843600",31.91,2211.49,107.23,20,2350.63,7.73217808054739,0,0,0,0,0,0
"2199","High MDP, PAR only, LC","No Comment","10.1594/PANGAEA.843600",12.85,1949.45,206.84,20,2169.14,8.07226918279035,0,0,0,0,0,0
"2200","High MDP, PAR+UVA+B, HC","No Comment","10.1594/PANGAEA.843600",31.62,2208.79,107.92,20,2348.33,7.73549426369759,0,0,0,0,0,0
"2201","High MDP, PAR+UVA+B, LC","No Comment","10.1594/PANGAEA.843600",13,1987.01,212.46,20,2212.47,8.07562387881759,0,0,0,0,0,0
"2202","High MDP, PAR+UVA, HC","No Comment","10.1594/PANGAEA.843600",32.03,2220.13,107.64,20,2359.8,7.7321420381863,0,0,0,0,0,0
"2203","High MDP, PAR+UVA, LC","No Comment","10.1594/PANGAEA.843600",12.9,1971.12,210.76,20,2194.78,8.07562187982131,0,0,0,0,0,0
"2204","High O2/High pHT","No Comment","10.1594/PANGAEA.949389",8.06333333333333,1843.05166666667,308.033333333333,15,2159.14833333333,8.34014681267753,0,3.83696581515482,86.6636160488741,215.816108612556,134.905891704798,0.173486193140906
"2206","High Temperature experiments-6-160-1000","final","10.1594/PANGAEA.964944",48.785,2083.0175,50.3075,2.375,2182.11,7.72711984509261,0.15,5.08100055763298,5.67044604359598,57.3583317836214,60.6770725507859,0.0466787156824831
"2207","High Temperature experiments-6-160-1000","initial","10.1594/PANGAEA.964944",38.5325,2018.7575,56.335,2.375,2113.625,7.79117679950122,0.15,2.26982194602719,3.30287248719454,1.77535677165654,1.5573588753613,0.026718908703458
"2209","High Temperature experiments-6-160-1000, Temp2","final","10.1594/PANGAEA.964944",48.785,2083.0175,50.3075,6.885,2182.11,7.64808544424298,0.457347424467075,5.08100055763298,5.67044604359598,57.3583317836214,60.6770725507859,0.0418863604394323
"2210","High Temperature experiments-6-160-1000, Temp2","initial","10.1594/PANGAEA.964944",38.5325,2018.7575,56.335,6.885,2113.625,7.71214239865158,0.457347424467075,2.26982194602719,3.30287248719454,1.77535677165654,1.5573588753613,0.0317477861313506
"2212","High Temperature experiments-6-160-400","final","10.1594/PANGAEA.964944",19.565,1949.2175,108.6525,1.9,2077.435,8.09763541481133,0.163299316185545,0.78019228399158,3.63673273694947,11.9193354820364,11.1733268695287,0.0144562917598647
"2213","High Temperature experiments-6-160-400","initial","10.1594/PANGAEA.964944",22.575,1913.335,85.7275,1.9,2021.6375,8.0028667630385,0.163299316185545,0.563353056853929,2.12297550621763,6.62750078586693,7.1864519525748,0.0112834069691548
"2215","High Temperature experiments-6-160-400, Temp2","final","10.1594/PANGAEA.964944",19.565,1949.2175,108.6525,6.585,2077.435,8.01820292696372,0.457347424467075,0.78019228399158,3.63673273694947,11.9193354820364,11.1733268695287,0.0156257095935705
"2216","High Temperature experiments-6-160-400, Temp2","initial","10.1594/PANGAEA.964944",22.575,1913.335,85.7275,6.585,2021.6375,7.92343427519089,0.457347424467075,0.563353056853929,2.12297550621763,6.62750078586693,7.1864519525748,0.00726089244043015
"2218","High Temperature experiments-6-55-1000","final","10.1594/PANGAEA.964944",42.155,2025.21,53.97,3.95,2121.335,7.74151849532057,0.62449979983984,4.98439230665752,6.90470853838162,51.8379590647626,54.659828332454,0.0572024910171781
"2219","High Temperature experiments-6-55-1000","initial","10.1594/PANGAEA.964944",39.3375,2016.6975,56.1925,3.95,2112.2275,7.76243283933114,0.62449979983984,3.2041782617909,3.98127596799485,2.39051424035359,2.77209156895415,0.0407991633457793
"2221","High Temperature experiments-6-55-1000, Temp2","final","10.1594/PANGAEA.964944",42.155,2025.21,53.97,5.11,2121.335,7.72117343352118,0.443471156521669,4.98439230665752,6.90470853838162,51.8379590647626,54.659828332454,0.0491320424263974
"2222","High Temperature experiments-6-55-1000, Temp2","initial","10.1594/PANGAEA.964944",39.3375,2016.6975,56.1925,5.11,2112.2275,7.74208777753174,0.443471156521669,3.2041782617909,3.98127596799485,2.39051424035359,2.77209156895415,0.0335019368661818
"2224","High Temperature experiments-6-55-400","final","10.1594/PANGAEA.964944",18.91,1899.6525,105.3125,4.275,2023.875,8.05596270286514,0.899536917900909,1.14501819490638,5.28700529600642,18.8043636336533,18.3153496645119,0.038872900436022
"2225","High Temperature experiments-6-55-400","initial","10.1594/PANGAEA.964944",17.6275,1887.965,109.9525,4.275,2015.545,8.07750373352063,0.899536917900909,0.570460340426922,4.37574660296198,5.37999070631164,6.36336127111029,0.00926890515932903
"2227","High Temperature experiments-6-55-400, Temp2","final","10.1594/PANGAEA.964944",18.91,1899.6525,105.3125,5.385,2023.875,8.03650455537345,0.221735578260835,1.14501819490638,5.28700529600642,18.8043636336533,18.3153496645119,0.0256837469626913
"2228","High Temperature experiments-6-55-400, Temp2","initial","10.1594/PANGAEA.964944",17.6275,1887.965,109.9525,5.385,2015.545,8.05804558602894,0.221735578260835,0.570460340426922,4.37574660296198,5.37999070631164,6.36336127111029,0.0180155653087478
"2230","High light","No Comment","10.1594/PANGAEA.900658",67.9533333333333,2125.15416666667,90.295,20,2283.4025,7.55814778525954,0,56.3000856392835,63.0403438913838,188.740886086209,182.468184783478,0.371477096487752
"2231","High light","No Comment","10.1594/PANGAEA.923884",37.725,2217.8825,85.0675,4.5,2340.675,7.86500631017182,1.73205080756888,17.4227102751935,34.6700200701797,92.3149267002182,75.0260694692185,0.192262531670629
"2233","High light","selection environment","10.1594/PANGAEA.823153",41.85,2121.65,124.9,15,2288.4,7.79826046541865,0,30.4620029001649,77.9094965660311,197.265624790884,149.818131125018,0.355958935855015
"2234","High light intensity-High DIP-High CO2","No Comment","10.1594/PANGAEA.960151",25.46,2027.54,109.66,20,2162.66,7.77962556512971,NA,NA,NA,NA,NA,NA
"2235","High light intensity-High DIP-Low CO2","No Comment","10.1594/PANGAEA.960151",11.42,1774.25,187.11,20,1972.78,8.06962893932935,NA,NA,NA,NA,NA,NA
"2236","High light intensity-Low DIP-High CO2","No Comment","10.1594/PANGAEA.960151",23.8,2031.33,117.73,20,2172.86,7.80965341597076,NA,NA,NA,NA,NA,NA
"2237","High light intensity-Low DIP-Low CO2","No Comment","10.1594/PANGAEA.960151",9.91,1807.76,223.99,20,2041.66,8.13963461161163,NA,NA,NA,NA,NA,NA
"2238","High pCO2","No Comment","10.1594/PANGAEA.733948",23.91,2043.96,108.13,15,2176,7.85247467945936,0,0,0,0,0,0
"2239","High pCO2","No Comment","10.1594/PANGAEA.821019",23.5,1890.5,126,28.0375,2040,7.74148186871453,1.68263186704638,2.67261241912424,6.41426980589819,65.7462655104564,62.0046081236825,0.0529263251780933
"2240","High pCO2","No Comment","10.1594/PANGAEA.823381",24.375,2044.0625,115.5625,18,2184,7.83140895077013,0,1.00265604717479,3.81434163751224,18.7859230344244,19.1478013848154,0.0152888025719408
"2241","High pCO2","No Comment","10.1594/PANGAEA.824406",55,2183,47,3,2285,7.66802026870744,0,0,0,0,0,0
"2243","High pCO2 to Low pCO2","No Comment","10.1594/PANGAEA.823381",23,2031,120,18,2174,7.8507721875368,0,0,0,0,0,0
"2244","High pCO2 to Low pCO2","switched","10.1594/PANGAEA.823381",10,1790,211,18,2011,8.15073028921178,0,0,0,0,0,0
"2245","High pCO2 to Medium pCO2","No Comment","10.1594/PANGAEA.823381",23,2031,120,18,2174,7.8507721875368,0,0,0,0,0,0
"2246","High pCO2 to Medium pCO2","switched","10.1594/PANGAEA.823381",15,1910,167,18,2092,8.02098396879383,0,0,0,0,0,0
"2247","High pCO2, Temp2","No Comment","10.1594/PANGAEA.821019",25.9931271477663,1939.55326460481,117.903780068729,29.0034364261168,2083.45017182131,7.6839871127326,3.00057268302517,2.90420993725312,12.6629116118448,47.1547680844547,41.501475980874,0.0254437565850217
"2250","Intermediate CO2 HL","No Comment","10.1594/PANGAEA.778472",11,2013.35,204.65,3,2229,8.34206861642256,NA,NA,NA,NA,NA,NA
"2251","Intermediate CO2 LL","No Comment","10.1594/PANGAEA.778472",13.47,2075.01,177.52,3,2266,8.26720324167629,NA,NA,NA,NA,NA,NA
"2252","L-C","No Comment","10.1594/PANGAEA.758214",9.52,1761.17,205.52,20,1976.21,8.11359956669625,NA,NA,NA,NA,NA,NA
"2253","L-C-H-C","No Comment","10.1594/PANGAEA.758214",9.89,1785.02,203.19,20,1998.1,8.10280599831994,NA,NA,NA,NA,NA,NA
"2254","LC","No Comment","10.1594/PANGAEA.843600",12.734966442953,1941.83583892617,207.179619686801,20,2161.75042505593,8.07468670609842,0,0.191450531590507,1.12108155192607,14.3299113197324,14.6689594957815,0.00374531957470651
"2255","LC","No Comment","10.1594/PANGAEA.849257",12.2,1832.05,179.08,20,2023.33,8.03665651798547,0,0,0,0,0,0
"2257","LC","No Comment","10.1594/PANGAEA.924794",9.72666666666667,1945.12833333333,253.055833333333,18,2207.91083333333,8.19173301870274,5.11681719253465,1.52363997974547,32.0174127222085,99.2864265037209,73.4812795526654,0.0208248635572211
"2258","LC","after","10.1594/PANGAEA.851340",12.45,1859.28,194.27,20,2066,8.0656076969569,0,0,0,0,0,0
"2259","LC","after renewal","10.1594/PANGAEA.830526",13,1765,168,20,1946,8.0251113264615,0,0,0,0,0,0
"2260","LC","before","10.1594/PANGAEA.851340",12.51,1868.28,195.21,20,2076,8.06560685122333,0,0,0,0,0,0
"2261","LC","before renewal","10.1594/PANGAEA.830526",13,1788,178,20,1979,8.04459924230847,0,0,0,0,0,0
"2262","LC P","after renewal","10.1594/PANGAEA.830526",13,1765,168,20,1946,8.0251113264615,0,0,0,0,0,0
"2263","LC P","before renewal","10.1594/PANGAEA.830526",13,1788,178,20,1979,8.04459924230847,0,0,0,0,0,0
"2264","LC PA","after renewal","10.1594/PANGAEA.830526",13,1765,168,20,1946,8.0251113264615,0,0,0,0,0,0
"2265","LC PA","before renewal","10.1594/PANGAEA.830526",13,1788,178,20,1979,8.04459924230847,0,0,0,0,0,0
"2266","LC PAB","after renewal","10.1594/PANGAEA.830526",13,1765,168,20,1946,8.0251113264615,0,0,0,0,0,0
"2267","LC PAB","before renewal","10.1594/PANGAEA.830526",13,1788,178,20,1979,8.04459924230847,0,0,0,0,0,0
"2268","LC PAR","after renewal","10.1594/PANGAEA.830526",13,1765,168,20,1946,8.0251113264615,0,0,0,0,0,0
"2269","LC PAR","before renewal","10.1594/PANGAEA.830526",13,1788,178,20,1979,8.04459924230847,0,0,0,0,0,0
"2270","LC UVA","after renewal","10.1594/PANGAEA.830526",13,1765,168,20,1946,8.0251113264615,0,0,0,0,0,0
"2271","LC UVA","before renewal","10.1594/PANGAEA.830526",13,1788,178,20,1979,8.04459924230847,0,0,0,0,0,0
"2272","LC UVB","after renewal","10.1594/PANGAEA.830526",13,1765,168,20,1946,8.0251113264615,0,0,0,0,0,0
"2273","LC UVB","before renewal","10.1594/PANGAEA.830526",13,1788,178,20,1979,8.04459924230847,0,0,0,0,0,0
"2274","LC-1","No Comment","10.1594/PANGAEA.860293",12.479,1806.104,183.167,20,2001.75,8.05157755200091,0,0.00316227766016831,15.1401482819687,77.0544536458903,92.1936518662996,0.0189935557608408
"2275","LC-2","No Comment","10.1594/PANGAEA.860293",12.795,1791.451,175.614,20,1979.86,8.03758432539064,0,0.332039154317679,7.65469529112688,25.7298013336027,32.1287410273108,0.0139832146780968
"2276","LC-3","No Comment","10.1594/PANGAEA.860293",12.475,1697.405,162.01,20,1871.89,8.0245390010307,0,0.00527046276694719,18.3448630411895,93.9760514705741,112.319093558387,0.0233410939292437
"2280","LC-HN-NA","No Comment","10.1594/PANGAEA.851339",13.1,1864.5,186.1,20,2063.7,8.04573073989292,0,0,0,0,0,0
"2281","LC-HN-P","No Comment","10.1594/PANGAEA.851339",13.1,1864.5,186.1,20,2063.7,8.04573073989292,0,0,0,0,0,0
"2282","LC-HN-PA","No Comment","10.1594/PANGAEA.851339",13.1,1864.5,186.1,20,2063.7,8.04573073989292,0,0,0,0,0,0
"2283","LC-HN-PAB","No Comment","10.1594/PANGAEA.851339",13.1,1864.5,186.1,20,2063.7,8.04573073989292,0,0,0,0,0,0
"2284","LC-LN-NA","No Comment","10.1594/PANGAEA.851339",12.7,1850.7,189,20,2052.4,8.05567253366908,0,0,0,0,0,0
"2285","LC-LN-P","No Comment","10.1594/PANGAEA.851339",12.7,1850.7,189,20,2052.4,8.05567253366908,0,0,0,0,0,0
"2286","LC-LN-PA","No Comment","10.1594/PANGAEA.851339",12.7,1850.7,189,20,2052.4,8.05567253366908,0,0,0,0,0,0
"2287","LC-LN-PAB","No Comment","10.1594/PANGAEA.851339",12.7,1850.7,189,20,2052.4,8.05567253366908,0,0,0,0,0,0
"2288","LC-NA","No Comment","10.1594/PANGAEA.906572",13.13,1791.11333333333,173.646666666667,19.6666666666667,1977.89,8.03274572095122,3.90512483795333,1.44023435592962,30.8796162540923,9.99635433545651,38.7193391601664,0.0129868216564957
"2289","LC-P","No Comment","10.1594/PANGAEA.849257",12.2,1832.05,179.08,20,2023.33,8.03665651798547,0,0,0,0,0,0
"2290","LC-P","No Comment","10.1594/PANGAEA.873652",1.2925,378.0675,73.31,16,452.67,8.39606849240607,0,0.128425783307643,11.8799862258873,36.6438488264836,46.9312012902446,0.0452778876067975
"2291","LC-P","No Comment","10.1594/PANGAEA.906572",13.13,1791.11333333333,173.646666666667,19.6666666666667,1977.89,8.03274572095122,3.90512483795333,1.44023435592962,30.8796162540923,9.99635433545651,38.7193391601664,0.0129868216564957
"2292","LC-P","No Comment","10.1594/PANGAEA.923683",11.61,1887.19159533074,216.71420233463,25,2115.51579766537,8.02602287176763,0,0,0.00815576395972968,0.0163115279194594,0.00815576395972968,2.00974368727262e-05
"2293","LC-PA","No Comment","10.1594/PANGAEA.849257",12.2,1832.05,179.08,20,2023.33,8.03665651798547,0,0,0,0,0,0
"2294","LC-PA","No Comment","10.1594/PANGAEA.906572",13.13,1791.11333333333,173.646666666667,19.6666666666667,1977.89,8.03274572095122,3.90512483795333,1.44023435592962,30.8796162540923,9.99635433545651,38.7193391601664,0.0129868216564957
"2295","LC-PAB","No Comment","10.1594/PANGAEA.849257",12.2,1832.05,179.08,20,2023.33,8.03665651798547,0,0,0,0,0,0
"2296","LC-PAB","No Comment","10.1594/PANGAEA.873652",1.535,380.2225,76.3375,16,458.095,8.3660553542744,0,0.776513185511184,30.4242711498567,40.4128047045848,63.3002725112618,0.219562879741548
"2297","LC-PAB","No Comment","10.1594/PANGAEA.906572",13.13,1791.11333333333,173.646666666667,19.6666666666667,1977.89,8.03274572095122,3.90512483795333,1.44023435592962,30.8796162540923,9.99635433545651,38.7193391601664,0.0129868216564957
"2298","LC-PAB","No Comment","10.1594/PANGAEA.923683",11.55,1793.23898832685,196.65,25,2001.43898832685,8.00600727020368,0,0,0,0.00628651980893203,0.00628651980893203,1.52251305672327e-06
"2299","LC-PAB-10 min","after renewal","10.1594/PANGAEA.830526",13,1765,168,20,1946,8.0251113264615,0,0,0,0,0,0
"2300","LC-PAB-10 min","before renewal","10.1594/PANGAEA.830526",13,1788,178,20,1979,8.04459924230847,0,0,0,0,0,0
"2301","LC-PAB-20 min","after renewal","10.1594/PANGAEA.830526",13,1765,168,20,1946,8.0251113264615,0,0,0,0,0,0
"2302","LC-PAB-20 min","before renewal","10.1594/PANGAEA.830526",13,1788,178,20,1979,8.04459924230847,0,0,0,0,0,0
"2303","LC-PAB-30 min","after renewal","10.1594/PANGAEA.830526",13,1765,168,20,1946,8.0251113264615,0,0,0,0,0,0
"2304","LC-PAB-30 min","before renewal","10.1594/PANGAEA.830526",13,1788,178,20,1979,8.04459924230847,0,0,0,0,0,0
"2305","LC-PAB-40 min","after renewal","10.1594/PANGAEA.830526",13,1765,168,20,1946,8.0251113264615,0,0,0,0,0,0
"2306","LC-PAB-40 min","before renewal","10.1594/PANGAEA.830526",13,1788,178,20,1979,8.04459924230847,0,0,0,0,0,0
"2307","LC-PAR-10 min","after renewal","10.1594/PANGAEA.830526",13,1765,168,20,1946,8.0251113264615,0,0,0,0,0,0
"2308","LC-PAR-10 min","before renewal","10.1594/PANGAEA.830526",13,1788,178,20,1979,8.04459924230847,0,0,0,0,0,0
"2309","LC-PAR-20 min","after renewal","10.1594/PANGAEA.830526",13,1765,168,20,1946,8.0251113264615,0,0,0,0,0,0
"2310","LC-PAR-20 min","before renewal","10.1594/PANGAEA.830526",13,1788,178,20,1979,8.04459924230847,0,0,0,0,0,0
"2311","LC-PAR-30 min","after renewal","10.1594/PANGAEA.830526",13,1765,168,20,1946,8.0251113264615,0,0,0,0,0,0
"2312","LC-PAR-30 min","before renewal","10.1594/PANGAEA.830526",13,1788,178,20,1979,8.04459924230847,0,0,0,0,0,0
"2313","LC-PAR-40 min","after renewal","10.1594/PANGAEA.830526",13,1765,168,20,1946,8.0251113264615,0,0,0,0,0,0
"2314","LC-PAR-40 min","before renewal","10.1594/PANGAEA.830526",13,1788,178,20,1979,8.04459924230847,0,0,0,0,0,0
"2315","LC-control","No Comment","10.1594/PANGAEA.849257",12.2,1832.05,179.08,20,2023.33,8.03665651798547,0,0,0,0,0,0
"2318","LC1","selection","10.1594/PANGAEA.860281",12.3133576642336,1653.78167883212,155.655328467153,20,1821.7503649635,8.01896555300189,0,0.00473990758515846,14.0253865444842,73.7055629492157,87.735689401285,0.0189806701397581
"2321","LC2","selection","10.1594/PANGAEA.860281",12.32,1757.73627737226,175.625474452555,20,1945.68175182482,8.04549551551696,0,0,11.2715002375071,57.2201643680342,68.4916646055413,0.0142475011517665
"2324","LC3","selection","10.1594/PANGAEA.860281",12.32,1692.53065693431,163.018759124088,20,1867.86941605839,8.02897992528882,0,0,14.6937135139916,75.4545888481392,90.1483023621308,0.018987401550582
"2325","LCHP","No Comment","10.1594/PANGAEA.907178",14.94,2147.54,200.48,20,2362.96,8.01667654637811,0,0,0,0,0,0
"2326","LCL","No Comment","10.1594/PANGAEA.867319",13.34,1793.49,168.71,20,1975.54,8.01998862036883,NA,NA,NA,NA,NA,NA
"2327","LCLP","No Comment","10.1594/PANGAEA.907178",14.95,2148.97,200.62,20,2364.54,8.01669062782882,0,0,0,0,0,0
"2328","LFe-386-1","No Comment","10.1594/PANGAEA.859316",12.29,1866.04666666667,196.58,20,2074.91666666667,8.06868295607306,0,1.03590540108641,11.590465909531,23.6255165728357,13.0989706974759,0.0311222130005569
"2329","LFe-386-2","No Comment","10.1594/PANGAEA.859316",12.18,1865.94333333333,198.346666666667,20,2076.47,8.07256743874491,0,1.02122475488993,12.01342721014,22.8288990828147,11.8775881390123,0.0314798216683363
"2330","LFe-614-1","No Comment","10.1594/PANGAEA.859316",18.2766666666667,1991.66666666667,150.12,20,2160.06333333333,7.923688203624,0,0.492172056636023,3.54247088908293,3.41585030897626,1.32850793499057,0.0109677838318806
"2331","LFe-614-2","No Comment","10.1594/PANGAEA.859316",18.6066666666667,1995.92,148.05,20,2162.57666666667,7.91676255353796,0,0.364737348421208,2.73325812904672,1.31464824192639,1.29939729618516,0.00830417514893796
"2332","LFe-795-1","No Comment","10.1594/PANGAEA.859316",22.5666666666667,2045.41,128.293333333333,20,2196.27,7.84374992700829,0,0.932541330630086,4.99932328753936,2.36881827078407,2.42654074764856,0.0174085377670672
"2333","LFe-795-2","No Comment","10.1594/PANGAEA.859316",22.84,2048.50333333333,127.093333333333,20,2198.43666666667,7.83906370933888,0,0.834505841801003,4.33862113272562,2.30330921357365,1.2491730598012,0.0153521402765603
"2335","LL","No Comment","10.1594/PANGAEA.769749",60.9168421052632,2009.79368421053,77.2694736842105,22,2147.98,7.49122023367378,0,36.39057235247,53.8892769661073,21.3534124804773,0,0.319820876674299
"2336","LL","No Comment","10.1594/PANGAEA.874781",33.6035294117647,2037.77705882353,75.9694117647059,2,2147.35,7.89781185368735,0,13.8293416015587,25.5534554131012,69.4975793061295,57.7734654945871,0.170076898389234
"2337","LL HFe-400","No Comment","10.1594/PANGAEA.941907",13.66,1997.98,201.36,20,2213,8.04992882042369,NA,NA,NA,NA,NA,NA
"2338","LL HFe-750","No Comment","10.1594/PANGAEA.941907",23.46,2164.87,137.66,20,2325.99,7.84992269749948,NA,NA,NA,NA,NA,NA
"2339","LL LFe-400","No Comment","10.1594/PANGAEA.941907",14.05,2007.26,197.69,20,2219,8.03992782565753,NA,NA,NA,NA,NA,NA
"2340","LL LFe-750","No Comment","10.1594/PANGAEA.941907",24.38,2198.03,136.59,20,2359,7.83993204385412,NA,NA,NA,NA,NA,NA
"2341","LLNH4+","No Comment","10.1594/PANGAEA.860217",21.77,2261.155,174.075,20,2457,7.92499693463016,0,8.58427632360469,47.9206265610123,142.573940290643,103.237590053236,0.148503061270308
"2342","LLNO3-","No Comment","10.1594/PANGAEA.860217",21.47,2265.78,176.245,20,2463.495,7.92999609379794,0,8.01859089865545,46.8175399823613,128.608581362209,89.8096322785029,0.141416143266671
"2344","LN-HC","before","10.1594/PANGAEA.920020",28.5,1965.3,94.82,20,2088.62,7.73001785129081,0,0,0,0,0,0
"2345","LN-HC","end","10.1594/PANGAEA.920020",21.98,1865.18,110.71,20,1997.87,7.82001285528344,0,0,0,0,0,0
"2347","LN-LC","before","10.1594/PANGAEA.920020",11.89,1753.79,180.9,20,1946.58,8.06000773189091,0,0,0,0,0,0
"2348","LN-LC","end","10.1594/PANGAEA.920020",9.67,1636.64,193.82,20,1840.13,8.11999218242924,0,0,0,0,0,0
"2350","LNHC","after","10.1594/PANGAEA.851340",31.83,2223.52,108.64,20,2363.99,7.73549547122437,0,0,0,0,0,0
"2351","LNHC","before","10.1594/PANGAEA.851340",31.57,2204.71,107.72,20,2344,7.73549162724662,0,0,0,0,0,0
"2352","LNHP-HC","Before","10.1594/PANGAEA.932293",28.5,1965.3,94.82,20,2088.62,7.73001785129081,0,0,0,0,0,0
"2353","LNHP-HC","End","10.1594/PANGAEA.932293",21.98,1865.18,110.71,20,1997.87,7.82001285528344,0,0,0,0,0,0
"2355","LNHP-LC","Before","10.1594/PANGAEA.932293",11.89,1753.79,180.9,20,1946.58,8.06000773189091,0,0,0,0,0,0
"2356","LNHP-LC","End","10.1594/PANGAEA.932293",9.67,1636.64,193.82,20,1840.13,8.11999218242924,0,0,0,0,0,0
"2359","LNLC","after","10.1594/PANGAEA.851340",12.45,1859.28,194.27,20,2066,8.0656076969569,0,0,0,0,0,0
"2360","LNLC","before","10.1594/PANGAEA.851340",12.51,1868.28,195.21,20,2076,8.06560685122333,0,0,0,0,0,0
"2362","LP-HC","before","10.1594/PANGAEA.920020",28.68,1977.69,95.41,20,2101.78,7.72998243273404,0,0,0,0,0,0
"2363","LP-HC","end","10.1594/PANGAEA.920020",19.56,1905.76,129.87,20,2055.19,7.87998738769234,0,0,0,0,0,0
"2365","LP-LC","before","10.1594/PANGAEA.920020",9.7,1718.9,213.16,20,1941.76,8.14000185444395,0,0,0,0,0,0
"2366","LP-LC","end","10.1594/PANGAEA.920020",9.04,1677.33,217.81,20,1904.18,8.160006054829,0,0,0,0,0,0
"2367","LTCN","No Comment","10.1594/PANGAEA.967107",9.87,1683.54,175.123333333333,13,1868.53333333333,8.1796418088829,0,0.0900000000000007,1.57576436478723,15.1914219215978,16.8571448748991,1.36478449986532e-05
"2368","LTHL-HC","No Comment","10.1594/PANGAEA.889140",35.83,1735.52,53,20,1824.35,7.53139300124754,0,0,0,0,0,0
"2369","LTHL-LC","No Comment","10.1594/PANGAEA.889140",13.5,1498.58,104.88,20,1616.96,7.8915595009208,0,0,0,0,0,0
"2370","LTHN-HC","No Comment","10.1594/PANGAEA.880576",32.98,2050.78333333333,89.4266666666667,20,2173.19,7.68545217879985,0,1.49347175893515,4.99614447840761,11.8950016776914,15.0134078672855,0.0218876667778442
"2371","LTHN-LC","No Comment","10.1594/PANGAEA.880576",15.08,1871.20666666667,162.796666666667,20,2049.08333333333,7.98556853521898,0,0.775822144566653,8.00908081109165,5.59471853077492,6.02467484745382,0.0218886580557492
"2372","LTLL-HC","No Comment","10.1594/PANGAEA.889140",36.06,1706.63,50.93,20,1793.62,7.52138105502523,0,0,0,0,0,0
"2373","LTLL-LC","No Comment","10.1594/PANGAEA.889140",13.28,1440.5,98.52,20,1552.3,7.88155789501011,0,0,0,0,0,0
"2374","LTLN-HC","No Comment","10.1594/PANGAEA.880576",33.37,2074.9,90.3766666666667,20,2198.64666666667,7.68543229288849,0,1.54740529852225,2.697187944326,17.6902543791773,16.6331654001299,0.0165601994167764
"2375","LTLN-LC","No Comment","10.1594/PANGAEA.880576",15.02,1878.41666666667,164.623333333333,20,2058.06,7.98890515397422,0,0.590080279997651,6.56178182369349,1.29866598220386,7.21263474744152,0.0172183480123436
"2377","Low CO2","No Comment","10.1594/PANGAEA.778432",0.13,223.54,257.23,17.5,480.9,9.14850282628252,NA,NA,NA,NA,NA,NA
"2378","Low CO2","No Comment","10.1594/PANGAEA.875042",3.6228,1650.0332,583.345,25.7036363636364,2237.001,8.50291645266259,2.56572591968618,0.519835295736907,50.2652059742388,130.836945906119,146.861148739834,0.0255682654677564
"2379","Low CO2","No Comment","10.1594/PANGAEA.961006",16.5725,1144.36041666667,43.9829166666667,23,1204.91583333333,7.58232380268842,0,0.901974886375543,1.90603042807654,12.0252938061067,12.0618802761884,0.020764730500448
"2380","Low CO2","No Comment","10.1594/PANGAEA.974308",33.575,1656.2775,54.76,20,1744.6125,7.5657308758901,0,0.00501904768802275,1.58380978501666,21.38887223615,22.9327636341711,0.00729623628347741
"2381","Low CO2","T0","10.1594/PANGAEA.772696",8.78,1700.75,211.635,13,1921.165,8.25593235700619,0,1.75362481734264,26.3680118704464,64.488138444213,39.8737513911093,0.0707215285507177
"2382","Low CO2","Tfin","10.1594/PANGAEA.772696",9.13,1264.18,110.97,13,1384.28,8.10591783956222,0,0,0.0565685424949226,0.664680374315393,0.721248916810266,6.9554744821896e-06
"2383","Low CO2 (AGG)","No Comment","10.1594/PANGAEA.778432",0.9,504.42,180.17,16.9,685.49,8.65033441492364,NA,NA,NA,NA,NA,NA
"2384","Low CO2 HL","No Comment","10.1594/PANGAEA.778472",7.46,1872.41,261.13,3,2141,8.47943196332183,NA,NA,NA,NA,NA,NA
"2385","Low CO2 LL","No Comment","10.1594/PANGAEA.778472",8.38,1915.43,243.19,3,2167,8.43865557403223,NA,NA,NA,NA,NA,NA
"2388","Low CO2, low temperature","No Comment","10.1594/PANGAEA.959773",13.39,1884.85,175.17,21,2073.41,7.99846446242719,0,0,0,0,0,0
"2394","Low CO2, stable","No Comment","10.1594/PANGAEA.932009",14.18,1628.6,121.01,35,1763.79,7.68104078285799,0,0,0,0,0,0
"2395","Low CO2-High level nutrient","No Comment","10.1594/PANGAEA.888942",13.05,1905.44,194.55,20,2113.04,8.05558271168348,0,0,0,0,0,0
"2396","Low CO2-Low level nutrient","No Comment","10.1594/PANGAEA.888942",13.09,1866.68,186.25,20,2066.02,8.04557316150091,0,0,0,0,0,0
"2397","Low CO2-Mid level nutrient","No Comment","10.1594/PANGAEA.888942",12.99,1810.7,176.55,20,2000.24,8.03556797476744,0,0,0,0,0,0
"2398","Low CO2-NH4+NO3","No Comment","10.1594/PANGAEA.771910",5.52,1568.12,288.36,17,1862,8.36034675586084,NA,NA,NA,NA,NA,NA
"2399","Low CO2-NO3","No Comment","10.1594/PANGAEA.771910",6.72,1587.39,242.89,17,1837,8.28051702771152,NA,NA,NA,NA,NA,NA
"2401","Low Ca","initial","10.1594/PANGAEA.820681",13,2015,215,20,2243,8.07471016389796,0,0,0,0,0,0
"2402","Low Ca-High Ca","after transfer","10.1594/PANGAEA.820681",13,2015,215,20,2243,8.07471016389796,0,0,0,0,0,0
"2403","Low Ca-High Ca","initial","10.1594/PANGAEA.820681",13,2015,215,20,2243,8.07471016389796,0,0,0,0,0,0
"2404","Low MDP, PAR only, HC","No Comment","10.1594/PANGAEA.843600",31.91,2211.49,107.23,20,2350.63,7.73217808054739,0,0,0,0,0,0
"2405","Low MDP, PAR only, LC","No Comment","10.1594/PANGAEA.843600",12.85,1949.45,206.84,20,2169.14,8.07226918279035,0,0,0,0,0,0
"2406","Low MDP, PAR+UVA+B, HC","No Comment","10.1594/PANGAEA.843600",31.62,2208.79,107.92,20,2348.33,7.73549426369759,0,0,0,0,0,0
"2407","Low MDP, PAR+UVA+B, LC","No Comment","10.1594/PANGAEA.843600",13,1987.01,212.46,20,2212.47,8.07562387881759,0,0,0,0,0,0
"2408","Low MDP, PAR+UVA, HC","No Comment","10.1594/PANGAEA.843600",32.03,2220.13,107.64,20,2359.8,7.7321420381863,0,0,0,0,0,0
"2409","Low MDP, PAR+UVA, LC","No Comment","10.1594/PANGAEA.843600",12.9,1971.12,210.76,20,2194.78,8.07562187982131,0,0,0,0,0,0
"2410","Low O2/Low pHT","No Comment","10.1594/PANGAEA.949389",59.6816666666667,2476.47833333333,66.2916666666667,15,2602.45166666667,7.55598160873843,0,3.49819048461725,3.88453557927672,5.61602142683464,6.08154722637788,0.0254687862548596
"2414","Low Temperature experiments-2-160-1000","final","10.1594/PANGAEA.964944",49.9,2086.6025,48.7875,6.025,2185.29,7.64932060521308,0.857807282163851,2.50082653003629,4.86706191317377,58.5158043466322,61.0549648540831,0.0406122529158847
"2415","Low Temperature experiments-2-160-1000","initial","10.1594/PANGAEA.964944",54.595,2048.175,42.75,6.025,2145.52,7.60093317705532,0.857807282163851,2.72644457123192,2.62247974253377,1.23586676736063,1.42564605237972,0.0175166122611782
"2417","Low Temperature experiments-2-160-1000, Temp2","final","10.1594/PANGAEA.964944",49.9,2086.6025,48.7875,6.285,2185.29,7.64477726525792,0.298607881119482,2.50082653003629,4.86706191317377,58.5158043466322,61.0549648540831,0.034520358246048
"2418","Low Temperature experiments-2-160-1000, Temp2","initial","10.1594/PANGAEA.964944",54.595,2048.175,42.75,6.285,2145.52,7.59638983710016,0.298607881119482,2.72644457123192,2.62247974253377,1.23586676736063,1.42564605237972,0.023523337825305
"2420","Low Temperature experiments-2-160-400","final","10.1594/PANGAEA.964944",21.2225,1950.9925,98.495,3.7,2070.71,8.02571945734767,0.454606056566195,0.449916658949187,2.17061435235895,6.41137205804401,8.15205495565398,0.0102817223213065
"2421","Low Temperature experiments-2-160-400","initial","10.1594/PANGAEA.964944",21.545,1923.2675,92.71,3.7,2037.5225,8.00555791460049,0.454606056566195,0.762036744520892,2.95387880590927,5.24243184664016,4.16522408360776,0.013907585748608
"2423","Low Temperature experiments-2-160-400, Temp2","final","10.1594/PANGAEA.964944",21.2225,1950.9925,98.495,5.135,2070.71,8.00057373661923,1.05316981853197,0.449916658949187,2.17061435235895,6.41137205804401,8.15205495565398,0.0200999812763736
"2424","Low Temperature experiments-2-160-400, Temp2","initial","10.1594/PANGAEA.964944",21.545,1923.2675,92.71,5.135,2037.5225,7.98041219387205,1.05316981853197,0.762036744520892,2.95387880590927,5.24243184664016,4.16522408360776,0.0309598987044263
"2426","Low Temperature experiments-2-55-1000","final","10.1594/PANGAEA.964944",53.7575,2025.475,41.8525,5.05,2121.085,7.61381637892671,0.544671154612273,1.3897331878218,2.02170513840834,31.0759901960768,32.2416712759539,0.0173068917049328
"2427","Low Temperature experiments-2-55-1000","initial","10.1594/PANGAEA.964944",54.7625,2053.36,42.2675,5.05,2150.39,7.61220618154158,0.544671154612273,1.77409836254927,1.79468428049801,4.65628607368579,4.83605210890042,0.00907142408044425
"2429","Low Temperature experiments-2-55-1000, Temp2","final","10.1594/PANGAEA.964944",53.7575,2025.475,41.8525,4.985,2121.085,7.61495950009719,0.69940450861191,1.3897331878218,2.02170513840834,31.0759901960768,32.2416712759539,0.0158364638869039
"2430","Low Temperature experiments-2-55-1000, Temp2","initial","10.1594/PANGAEA.964944",54.7625,2053.36,42.2675,4.985,2150.39,7.61334930271206,0.69940450861191,1.77409836254927,1.79468428049801,4.65628607368579,4.83605210890042,0.0267773447027723
"2432","Low Temperature experiments-2-55-400","final","10.1594/PANGAEA.964944",22.4475,1912.865,89.7825,5.05,2025.095,7.97010017277132,0.12909944487358,0.768174242386886,4.16114066893522,7.45732078787907,9.62486536702377,0.0175079741618054
"2433","Low Temperature experiments-2-55-400","initial","10.1594/PANGAEA.964944",22.915,1925.18,88.7,5.05,2036.795,7.96238994684285,0.12909944487358,0.246373699895098,0.607892534362229,4.23741273263134,4.07540999982413,0.00452827080501995
"2435","Low Temperature experiments-2-55-400, Temp2","final","10.1594/PANGAEA.964944",22.4475,1912.865,89.7825,5.31,2025.095,7.96557617146085,0.810349718742881,0.768174242386886,4.16114066893522,7.45732078787907,9.62486536702377,0.00563332566936329
"2436","Low Temperature experiments-2-55-400, Temp2","initial","10.1594/PANGAEA.964944",22.915,1925.18,88.7,5.31,2036.795,7.95786594553237,0.810349718742881,0.246373699895098,0.607892534362229,4.23741273263134,4.07540999982413,0.0143776607570571
"2437","Low light","No Comment","10.1594/PANGAEA.900658",67.88,2084.60666666667,85.16,20,2237.64666666667,7.55125129656729,0,56.3483799864983,56.8321070404239,222.141747686968,218.183666567893,0.366700927400495
"2438","Low light","No Comment","10.1594/PANGAEA.923884",37.935,2221.3775,84.4675,4.5,2343.78,7.86250212810001,1.73205080756888,17.3946303975298,33.1191046326235,88.2619103860776,72.6184269544125,0.193976841520941
"2439","Low light intensity-High DIP-High CO2","No Comment","10.1594/PANGAEA.960151",28.16,2093.46,105.67,20,2227.29,7.7496337946949,NA,NA,NA,NA,NA,NA
"2440","Low light intensity-High DIP-Low CO2","No Comment","10.1594/PANGAEA.960151",13.05,1891.78,186.19,20,2091.02,8.03963247662126,NA,NA,NA,NA,NA,NA
"2441","Low light intensity-Low DIP-High CO2","No Comment","10.1594/PANGAEA.960151",23.5,2052.29,121.71,20,2197.5,7.81963428787988,NA,NA,NA,NA,NA,NA
"2442","Low light intensity-Low DIP-Low CO2","No Comment","10.1594/PANGAEA.960151",10.68,1818.37,210.27,20,2039.32,8.10964181150403,NA,NA,NA,NA,NA,NA
"2443","Low pCO2","No Comment","10.1594/PANGAEA.733948",1.39,1062.18,503.43,15,1567,8.80474184130737,0,0,0,0,0,0
"2444","Low pCO2","No Comment","10.1594/PANGAEA.773860",13.4266666666667,1818.50333333333,164.63,19,1996.56,8.01963412325305,0,0.331943770338693,2.75662112013965,8.33725294486538,6.63637853049384,0.00894472430539721
"2445","Low pCO2","No Comment","10.1594/PANGAEA.821019",10,1653,227,28.0375,1890,8.05570404311301,1.68263186704638,0,0,0,0,0.0265456685221556
"2446","Low pCO2","No Comment","10.1594/PANGAEA.823381",9.625,1775.9375,223.75,18,2009.3125,8.17796464606046,0,1.12278150050325,21.2687964428564,47.1093821120456,28.3835105336314,0.0509893631792563
"2447","Low pCO2","No Comment","10.1594/PANGAEA.824406",9,1799,193,3,2001,8.36550229214308,0,0,0,0,0,0
"2449","Low pCO2 to High pCO2","No Comment","10.1594/PANGAEA.823381",10,1790,211,18,2011,8.15073028921178,0,0,0,0,0,0
"2450","Low pCO2 to High pCO2","switched","10.1594/PANGAEA.823381",23,2031,120,18,2174,7.8507721875368,0,0,0,0,0,0
"2451","Low pCO2 to Medium pCO2","No Comment","10.1594/PANGAEA.823381",10,1790,211,18,2011,8.15073028921178,0,0,0,0,0,0
"2452","Low pCO2 to Medium pCO2","switched","10.1594/PANGAEA.823381",15,1910,167,18,2092,8.02098396879383,0,0,0,0,0,0
"2453","Low pCO2, Temp2","No Comment","10.1594/PANGAEA.821019",10.2989690721649,1662.06872852234,220.024054982818,29.0034364261168,1892.39175257732,8.02250019485431,3.00057268302517,0.90017180490755,21.0040087811762,27.305211415529,7.2013744392604,0.00719871533335664
"2456","Low salinity","selection environment","10.1594/PANGAEA.823153",51.4,2169.1,83.6,15,2304.1,7.59373361040013,0,37.5308149254119,55.7368199976306,129.374516490851,111.168511418632,0.372632049097031
"2457","Low to high pCO2","No Comment","10.1594/PANGAEA.727841",21.8247826086957,2128.75652173913,151.289130434783,17,2301.87043478261,7.94049618119839,0,4.5308878013889,29.662827811167,63.3142476144836,40.0889586338661,0.0909496048750433
"2458","Low to low pCO2","No Comment","10.1594/PANGAEA.727841",13.9128571428571,2005.36619047619,202.47619047619,17,2221.75523809524,8.09981253030277,0,0.587946790595398,6.00223164847082,19.8501870208294,18.1450928956144,0.0152472901970089
"2459","Medium CO2","No Comment","10.1594/PANGAEA.778432",3.6,719.67,93.03,17.5,816.3,8.19902607694024,NA,NA,NA,NA,NA,NA
"2460","Medium CO2","No Comment","10.1594/PANGAEA.848379",24.26,2160.92,144.46,18.5,2329.64,7.89619310202363,0,0,0,0,0,0
"2461","Medium CO2 (AGG)","No Comment","10.1594/PANGAEA.778432",18.11,1261.86,55.83,16.4,1335.8,7.75157815946351,NA,NA,NA,NA,NA,NA
"2462","Medium MDP, PAR only, HC","No Comment","10.1594/PANGAEA.843600",31.91,2211.49,107.23,20,2350.63,7.73217808054739,NA,NA,NA,NA,NA,NA
"2463","Medium MDP, PAR only, LC","No Comment","10.1594/PANGAEA.843600",12.85,1949.45,206.84,20,2169.14,8.07226918279035,NA,NA,NA,NA,NA,NA
"2464","Medium MDP, PAR+UVA+B, HC","No Comment","10.1594/PANGAEA.843600",31.62,2208.79,107.92,20,2348.33,7.73549426369759,NA,NA,NA,NA,NA,NA
"2465","Medium MDP, PAR+UVA+B, LC","No Comment","10.1594/PANGAEA.843600",13,1987.01,212.46,20,2212.47,8.07562387881759,NA,NA,NA,NA,NA,NA
"2466","Medium MDP, PAR+UVA, HC","No Comment","10.1594/PANGAEA.843600",32.03,2220.13,107.64,20,2359.8,7.7321420381863,NA,NA,NA,NA,NA,NA
"2467","Medium MDP, PAR+UVA, LC","No Comment","10.1594/PANGAEA.843600",12.9,1971.12,210.76,20,2194.78,8.07562187982131,NA,NA,NA,NA,NA,NA
"2468","Medium pCO2","No Comment","10.1594/PANGAEA.823381",14.875,1919.5,166.625,18,2101,8.01780108257467,0,0.703335518130451,3.53478158463346,27.9992401112693,27.7197218370496,0.0126840008509219
"2470","Medium pCO2 to High pCO2","No Comment","10.1594/PANGAEA.823381",15,1910,167,18,2092,8.02098396879383,0,0,0,0,0,0
"2471","Medium pCO2 to High pCO2","switched","10.1594/PANGAEA.823381",23,2031,120,18,2174,7.8507721875368,0,0,0,0,0,0
"2472","Medium pCO2 to Low pCO2","No Comment","10.1594/PANGAEA.823381",15,1910,167,18,2092,8.02098396879383,0,0,0,0,0,0
"2473","Medium pCO2 to Low pCO2","switched","10.1594/PANGAEA.823381",10,1790,211,18,2011,8.15073028921178,0,0,0,0,0,0
"2474","Mid CO2","No Comment","10.1594/PANGAEA.875042",8.92696428571429,1964.99625,334.516071428571,25.4950819672131,2308.43928571429,8.18717571429101,2.88429230080842,0.7507230929828,35.1392507644331,86.223279741136,100.37162268032,0.0238750231129497
"2475","Moderate","No Comment","10.1594/PANGAEA.967074",12.5040740740741,2325.81111111111,292.592962962963,24.9518518518519,2630.90814814815,8.05627679162263,0.243977064140658,3.7074008179044,73.2312297447143,195.605903870335,165.43134224356,0.123166572046329
"2476","Multiple","No Comment","10.1594/PANGAEA.919895",26.8166666666667,1880.05666666667,83.5633333333333,14,1990.43666666667,7.79313863075979,0,1.27445413151409,4.59928617649884,8.08399241299335,10.934396797873,0.0221935133671825
"2478","NA","No Comment","10.1594/PANGAEA.833713",30.9804658151766,1990.53343350864,123.75807663411,3,2145.27197595793,8.0315960388501,0,22.9860286449304,73.4553524087992,190.8839770079,140.414653244031,0.349262491815288
"2479","NA","No Comment","10.1594/PANGAEA.836733",28.7655757575758,1734.411,153.717575757576,18,1916.89415151515,7.8697389416033,0,22.5547084659413,118.048951613659,319.187199374107,327.202953156669,0.412182686659676
"2480","NA","No Comment","10.1594/PANGAEA.846486",30.0503703703704,1622.54555555556,81.4192592592593,16,1734.01518518519,7.69891860521978,0,16.6585338447761,93.3683362126717,269.761281054955,231.741259388243,0.338736438804409
"2481","NA","No Comment","10.1594/PANGAEA.923884",38.2275,2076.76875,97.445625,4.5,2212.441875,7.895668705306,1.54919333848297,26.4497214856162,61.3597552112403,162.704765915651,127.337212273488,0.31871310462702
"2482","NA","assay environment","10.1594/PANGAEA.823153",41.85,2121.65,124.9,15,2288.4,7.79826046541865,0,30.2027470969677,77.2464249625284,195.58673787836,148.543060012799,0.352929443010347
"2483","NA","selection environment","10.1594/PANGAEA.823153",41.85,2121.65,124.9,15,2288.4,7.79826046541865,0,30.2027470969677,77.2464249625284,195.58673787836,148.543060012799,0.352929443010347
"2484","NH4-N","No Comment","10.1594/PANGAEA.917678",4.03333333333333,1508.71666666667,351.246666666667,20,1863.99666666667,8.41353699173778,0,0.305146959130624,9.31996022881357,38.3722821665153,31.4659692789952,0.0215335501832518
"2485","NO3-N","No Comment","10.1594/PANGAEA.917678",4.03333333333333,1508.71666666667,351.246666666667,20,1863.99666666667,8.41353699173778,0,0.304455798652831,9.29885043901554,38.2853686185259,31.3946985888889,0.0214847765075264
"2486","NO3limited","No Comment","10.1594/PANGAEA.778475",33.805,1984.05,79.195,15,2097.05,7.69575663343356,0,9.66614969882011,44.2436712988423,297.409112167062,331.986633767084,0.191232789309513
"2491","Nitrate limited-1000","No Comment","10.1594/PANGAEA.974407",26.606,2108.972,136.75,28,2272.328,7.72600418845455,5.70087712549569,3.04016940317476,23.659068028982,43.6160528934015,23.3444537310256,0.00548118400842926
"2492","Nitrate limited-400","No Comment","10.1594/PANGAEA.974407",10.782,1827.26,252.15,28,2090.192,8.05600183753194,5.70087712549569,1.28190093220966,35.455921931322,72.0544165891307,38.1243691095341,0.0114036706286561
"2493","Normal CO2","No Comment","10.1594/PANGAEA.824065",15,1890,155,20,2060,7.96041664845653,0,0,0,0,0,0
"2494","Normal CO2 level seawater in the dark","No Comment","10.1594/PANGAEA.824065",15,1890,155,20,2060,7.96041664845653,0,0,0,0,0,0
"2495","Normal CO2 level seawaters at fluorescent light","No Comment","10.1594/PANGAEA.824065",15,1890,155,20,2060,7.96041664845653,0,0,0,0,0,0
"2496","Nutrient Replete-1000","No Comment","10.1594/PANGAEA.974407",26.616,2109.146,136.664,28,2272.426,7.72600666840653,5.70087712549569,3.18249587588107,23.0912782236064,53.4681412618767,33.8534035216549,0.00547618564222607
"2497","Nutrient Replete-400","No Comment","10.1594/PANGAEA.974407",10.792,1854.692,259.834,28,2125.318,8.06200102656408,5.70087712549569,1.24714473899383,38.8702029837767,63.9786071276955,32.3896799922445,0.0109523520299338
"2498","OA","No Comment","10.1594/PANGAEA.945242",35.61,2036.48,75.65,20,2147.74,7.61647553752423,NA,NA,NA,NA,NA,NA
"2499","OA A","No Comment","10.1594/PANGAEA.965883",21.69,2108.89,134.99,19,2265.57,7.86913401790251,0,0.197989898732232,1.20208152801714,18.8090403795621,20.2091118063115,6.06379653765381e-06
"2500","OADCEWAF A","No Comment","10.1594/PANGAEA.965883",17.46,2088.99,164.5,19,2270.95,7.95911586227875,NA,NA,NA,NA,NA,NA
"2501","OAWAF A","No Comment","10.1594/PANGAEA.965883",22.425,2105.05,130.225,19,2257.7,7.85412630921846,0,1.23743686707646,5.53664609669066,13.3784603000495,9.07925107043537,0.0212301689576611
"2502","Ocean acidification","No Comment","10.1594/PANGAEA.943450",29.36,1945.32,87.52,20,2062.2,7.69966301161583,NA,NA,NA,NA,NA,NA
"2503","Ocean acidification","No Comment","10.1594/PANGAEA.967107",19.9766666666667,1915.26666666667,122.76,19,2058.00333333333,7.86964032539656,0,0.481283007526064,2.86581576518798,12.1359891781978,13.0744037467615,0.0099992860794745
"2505","Ocean acidification at 1400 µatm","beginning","10.1594/PANGAEA.869470",51.92,2073.69,50.13,15,2175.74,7.51235474017969,NA,NA,NA,NA,NA,NA
"2506","Ocean acidification at 1400 µatm","end","10.1594/PANGAEA.869470",36.55,1924.47,61.34,15,2022.36,7.63243349518773,NA,NA,NA,NA,NA,NA
"2508","Ocean acidification at 900 µatm","beginning","10.1594/PANGAEA.869470",34.43,2081.72,76.19,15,2192.34,7.69247652781982,NA,NA,NA,NA,NA,NA
"2509","Ocean acidification at 900 µatm","end","10.1594/PANGAEA.869470",24.04,1872.75,88.31,15,1985.1,7.80253094795769,NA,NA,NA,NA,NA,NA
"2510","Ocean carbonation","No Comment","10.1594/PANGAEA.943450",28.1,4264.97,439.55,20,4732.62,8.05963905818349,NA,NA,NA,NA,NA,NA
"2512","Ocean warming at 20 °C","beginning","10.1594/PANGAEA.869470",13.85,1958.8,181.23,20,2153.88,8.01278674956243,NA,NA,NA,NA,NA,NA
"2513","Ocean warming at 20 °C","end","10.1594/PANGAEA.869470",13.73,1853.47,163.76,20,2030.96,7.99276902311975,NA,NA,NA,NA,NA,NA
"2514","PAB-HC","No Comment","10.1594/PANGAEA.821994",26.2,2511.865625,164.34375,20,2702.409375,7.84860198759011,0,0,44.8346779488176,362.665801556959,407.051800111227,0.0697583460025244
"2515","PAB-LC","No Comment","10.1594/PANGAEA.821994",12.8,2532.321875,356.378125,20,2901.5,8.15847656226282,0,0,203.319343183328,633.32295269418,835.820757910952,0.0942512208062559
"2516","PAR only, HC","No Comment","10.1594/PANGAEA.843600",31.91,2211.49,107.23,20,2350.63,7.73217808054739,0,0,0,0,0,0
"2517","PAR only, LC","No Comment","10.1594/PANGAEA.843600",12.85,1949.45,206.84,20,2169.14,8.07226918279035,0,0,0,0,0,0
"2518","PAR+UVA+B, HC","No Comment","10.1594/PANGAEA.843600",31.62,2208.79,107.92,20,2348.33,7.73549426369759,0,0,0,0,0,0
"2519","PAR+UVA+B, LC","No Comment","10.1594/PANGAEA.843600",13,1987.01,212.46,20,2212.47,8.07562387881759,0,0,0,0,0,0
"2520","PAR+UVA, HC","No Comment","10.1594/PANGAEA.843600",32.03,2220.13,107.64,20,2359.8,7.7321420381863,0,0,0,0,0,0
"2521","PAR+UVA, LC","No Comment","10.1594/PANGAEA.843600",12.9,1971.12,210.76,20,2194.78,8.07562187982131,0,0,0,0,0,0
"2522","PAR-HC","No Comment","10.1594/PANGAEA.821994",26.2,2506.34545454545,162.615151515152,20,2695.16060606061,7.84942517986881,0,0,37.9673883188925,300.561506903027,338.319843065879,0.0547031511885364
"2523","PAR-LC","No Comment","10.1594/PANGAEA.821994",12.8,2578.10909090909,376.2,20,2967.10909090909,8.16325087292039,0,0,251.968542183345,741.113345482506,991.742260608709,0.105523843110002
"2524","PO4 deplete","No Comment","10.1594/PANGAEA.777419",6.3609756097561,1295.07951219512,282.97243902439,25,1584.41292682927,8.30161894222527,0,5.0608614903384,122.163788799719,501.217045175796,495.170808056391,0.272593928325724
"2525","PO4 replete","No Comment","10.1594/PANGAEA.777419",6.82238095238095,1559.3830952381,361.289285714286,25,1927.49476190476,8.31489908887814,0,4.12471362466317,131.991463441499,327.974747053519,200.175568320365,0.25292477414581
"2526","PO4limited","No Comment","10.1594/PANGAEA.778475",30.52,1985.805,83.825,15,2100.15,7.7357955626611,0,5.51543289325507,35.5038314833766,252.642181850141,282.630580440263,0.134357715996268
"2528","Pre-acclimation 280 ppm","after experiment","10.1594/PANGAEA.830804",22,1725,81,15,1828,7.80069678840433,0,0,0,0,0,0
"2529","Pre-acclimation 280 ppm","before experiment","10.1594/PANGAEA.830804",15,1702,116,15,1833,7.96249930241332,0,0,0,0,0,0
"2531","Pre-acclimation 380 ppm","after experiment","10.1594/PANGAEA.830804",35,1817,58,15,1910,7.63307393518988,0,0,0,0,0,0
"2532","Pre-acclimation 380 ppm","before experiment","10.1594/PANGAEA.830804",22,1812,90,15,1924,7.82508518503351,0,0,0,0,0,0
"2534","Pre-acclimation 750 ppm","after experiment","10.1594/PANGAEA.830804",44,1858,48,15,1950,7.54119639665294,0,0,0,0,0,0
"2535","Pre-acclimation 750 ppm","before experiment","10.1594/PANGAEA.830804",34,1884,63,15,1981,7.6532605199317,0,0,0,0,0,0
"2536","Pre-industrial","No Comment","10.1594/PANGAEA.967107",6.78333333333333,1615.09666666667,262.45,19,1884.33,8.26963921125465,0,1.23492239972127,45.4841301994443,22.172282997773,23.1505248320636,0.0780998320471598
"2538","Present CO2","T0","10.1594/PANGAEA.772696",14.5725,1785.0675,146.1475,15.5,1945.7875,8.0309361596646,2.88675134594813,2.30303242125102,20.5340942093875,76.2617891979114,88.7774788915145,0.0957385814443042
"2539","Present CO2","Tfin","10.1594/PANGAEA.772696",16.9975,1125.175,50.6625,15.5,1192.835,7.75592612984901,2.88675134594813,2.47299245180139,21.0455005088182,247.057069452923,267.396924003749,0.129081256741939
"2540","Present DIC and pH","No Comment","10.1594/PANGAEA.943450",10.29,1673.6,184.82,20,1868.71,8.0896440531805,NA,NA,NA,NA,NA,NA
"2541","Reduced pH","No Comment","10.1594/PANGAEA.943450",10.87,736.65,33.91,20,781.43,7.70961335105028,NA,NA,NA,NA,NA,NA
"2542","SWEN (Control)","No Comment","10.1594/PANGAEA.924610",14.87,1849.7925,210.6475,25,2075.31,8.00000085308281,0,8.70002681988203,80.0919102760489,209.91835895176,138.387391044127,0.219852442714449
"2543","SWEX from EP","No Comment","10.1594/PANGAEA.924610",14.87,1849.7925,210.6475,25,2075.31,8.00000085308281,0,8.70002681988203,80.0919102760489,209.91835895176,138.387391044127,0.219852442714449
"2544","SWEX from LP","No Comment","10.1594/PANGAEA.924610",14.87,1849.7925,210.6475,25,2075.31,8.00000085308281,0,8.70002681988203,80.0919102760489,209.91835895176,138.387391044127,0.219852442714449
"2545","SWEX from SP","No Comment","10.1594/PANGAEA.924610",14.87,1849.7925,210.6475,25,2075.31,8.00000085308281,0,8.70002681988203,80.0919102760489,209.91835895176,138.387391044127,0.219852442714449
"2547","Selection HC-Assay HC","assay","10.1594/PANGAEA.860281",31.644,1960.76,85.032,20,2077.436,7.68342378869858,0,0.184421876607492,3.53176038663036,35.2401238444394,38.6009749691821,0.0101531694984239
"2548","Selection HC-Assay HC","selection","10.1594/PANGAEA.860281",31.644,1960.76,85.032,20,2077.436,7.68342378869858,0,0.184421876607492,3.53176038663036,35.2401238444394,38.6009749691821,0.0101531694984239
"2550","Selection HC-Assay LC","assay","10.1594/PANGAEA.860281",12.338,1703.756,164.666,20,1880.76,8.03153849854802,0,0.0753278548366117,6.02152424936695,30.0154428824325,35.9520275605465,0.00829555357404532
"2551","Selection HC-Assay LC","selection","10.1594/PANGAEA.860281",31.644,1960.76,85.032,20,2077.436,7.68342378869858,0,0.184421876607492,3.53176038663036,35.2401238444394,38.6009749691821,0.0101531694984239
"2553","Selection LC-Assay HC","assay","10.1594/PANGAEA.860281",31.644,1960.76,85.032,20,2077.436,7.68342378869858,0,0.18121429493739,3.47033378102512,34.6272053698264,37.9296024507107,0.00997657916664953
"2554","Selection LC-Assay HC","selection","10.1594/PANGAEA.860281",12.338,1703.756,164.666,20,1880.76,8.03153849854802,0,0.0740177052444556,5.91679409932381,29.493395356506,35.326727207207,0.00815127207080433
"2556","Selection LC-Assay LC","assay","10.1594/PANGAEA.860281",12.338,1703.756,164.666,20,1880.76,8.03153849854802,0,0.0740177052444556,5.91679409932381,29.493395356506,35.326727207207,0.00815127207080433
"2557","Selection LC-Assay LC","selection","10.1594/PANGAEA.860281",12.338,1703.756,164.666,20,1880.76,8.03153849854802,0,0.0740177052444556,5.91679409932381,29.493395356506,35.326727207207,0.00815127207080433
"2558","Si limited-modern pCO2","No Comment","10.1594/PANGAEA.823383",13.6666666666667,1900,171.666666666667,16,2085.33333333333,8.06823158804571,0,0.577350269189626,3.51188458428425,7.81024967590665,10.785793124909,0.00726266610119436
"2559","Si limited-preindustrial pCO2","No Comment","10.1594/PANGAEA.823383",7.33333333333333,1679.66666666667,244.666666666667,16,1931.66666666667,8.27566020326113,0,0.577350269189626,4.93288286231625,14.1891977691952,10.0166528008778,0.0123816226525646
"2560","Si limited-projected year 2100 pCO2","No Comment","10.1594/PANGAEA.823383",27.6666666666667,2063.66666666667,99.3333333333333,16,2190.66666666667,7.79472811751685,0,0.577350269189626,2.51661147842358,15.1767365837763,16.0104132780304,0.0106007404554046
"2561","Si replete-modern pCO2","No Comment","10.1594/PANGAEA.823383",12,1914,204.333333333333,16,2130.33333333333,8.1407079022781,0,0,4.04145188432738,15.3948043183407,19.2959408512084,0.00530795207191191
"2562","Si replete-preindustrial pCO2","No Comment","10.1594/PANGAEA.823383",6.66666666666667,1705,287,16,1998.66666666667,8.33819583507363,0,0.577350269189626,14.1067359796659,24.0208242989286,12.6622799421484,0.0269796887326438
"2563","Si replete-projected year 2100 pCO2","No Comment","10.1594/PANGAEA.823383",25,2154,119,16,2298,7.8545476504291,0,0,4.24264068711928,33.9411254969543,38.1837661840736,0.00864336886028698
"2564","T","No Comment","10.1594/PANGAEA.823376",11.3333333333333,1399,132,22.8,1542.33333333333,7.84195645597166,0.217540671282341,0.474712663277541,91.7473567182659,515.249372142226,605.728335891106,0.257240992137962
"2565","Temperature=20 degree Celsius; Continuous light with 300umol photons/m s; Salinity=38","No Comment","10.1594/PANGAEA.829376",17.7777777777778,1983.33333333333,213,20,2214.11111111111,8.04158654211803,0,11.4430959291812,90.3617728909742,219.196829356631,145.482339516214,0.244983786695024
"2566","Treatment L:D=0:00 pH=7.64","No Comment","10.1594/PANGAEA.718103",40.78,1946.77,62.45,15,2050,7.63521866656125,NA,NA,NA,NA,NA,NA
"2567","Treatment L:D=0:00 pH=7.71","No Comment","10.1594/PANGAEA.718103",35.66,1971.13,73.22,15,2080.01,7.69891532565927,0,0,0,0,0,0
"2568","Treatment L:D=0:00 pH=7.79","No Comment","10.1594/PANGAEA.718103",30.02,2018.75,91.23,15,2140,7.78405600412359,NA,NA,NA,NA,NA,NA
"2569","Treatment L:D=0:00 pH=7.85","No Comment","10.1594/PANGAEA.718103",25.11,1943.78,101.11,15,2070,7.84514787006716,NA,NA,NA,NA,NA,NA
"2570","Treatment L:D=0:00 pH=7.88","No Comment","10.1594/PANGAEA.718103",23.755,1948.815,107.43,15,2080,7.87037123655632,0,0.487903679018719,0.76367532368147,27.0326922447617,28.2842712474619,0.00293719797107774
"2571","Treatment L:D=0:00 pH=8.64","No Comment","10.1594/PANGAEA.718103",3.37,1585.59,501.04,15,2090,8.6286823694871,NA,NA,NA,NA,NA,NA
"2572","Treatment L:D=0:00 pH=8.75","No Comment","10.1594/PANGAEA.718103",2.48,1492.87,604.66,15,2100.01,8.73649011790875,NA,NA,NA,NA,NA,NA
"2573","Treatment L:D=12:12 pH=8.04","No Comment","10.1594/PANGAEA.718103",16.5,1940.21,153.29,15,2110,8.02666595450918,NA,NA,NA,NA,NA,NA
"2574","Treatment L:D=16:08 pH=7.64","No Comment","10.1594/PANGAEA.718103",40.78,1946.77,62.45,15,2050,7.63521866656125,NA,NA,NA,NA,NA,NA
"2575","Treatment L:D=16:08 pH=7.71","No Comment","10.1594/PANGAEA.718103",35.66,1971.13,73.22,15,2080.01,7.69891532565927,0,0,0,0,0,0
"2576","Treatment L:D=16:08 pH=7.79","No Comment","10.1594/PANGAEA.718103",30.02,2018.75,91.23,15,2140,7.78405600412359,NA,NA,NA,NA,NA,NA
"2577","Treatment L:D=16:08 pH=7.88","No Comment","10.1594/PANGAEA.718103",23.755,1948.815,107.43,15,2080,7.87037123655632,0,0.487903679018719,0.76367532368147,27.0326922447617,28.2842712474619,0.00293719797107774
"2578","Treatment L:D=16:08 pH=8.04","No Comment","10.1594/PANGAEA.718103",16.5,1940.21,153.29,15,2110,8.02666595450918,NA,NA,NA,NA,NA,NA
"2579","Treatment L:D=16:08 pH=8.75","No Comment","10.1594/PANGAEA.718103",2.48,1492.87,604.66,15,2100.01,8.73649011790875,NA,NA,NA,NA,NA,NA
"2580","Treatment L:D=18:06 pH=7.85","No Comment","10.1594/PANGAEA.718103",25.11,1943.78,101.11,15,2070,7.84514787006716,NA,NA,NA,NA,NA,NA
"2581","Treatment L:D=18:06 pH=8.64","No Comment","10.1594/PANGAEA.718103",3.37,1585.59,501.04,15,2090,8.6286823694871,NA,NA,NA,NA,NA,NA
"2582","Upwelling","No Comment","10.1594/PANGAEA.967107",37.2966666666667,1995.55666666667,65.1466666666667,13,2098,7.67631466154275,0,1.30542457971854,1.16517523717822,17.6502417358328,17.8033704674144,0.0115401262088128
"2583","WAF A","No Comment","10.1594/PANGAEA.965883",11.795,1920.385,206.56,19,2138.74,8.09412185045772,0,1.15258405333407,13.3360338931783,32.2652824255422,20.081832585698,0.0353557765254763
"2584","Warming and Acidification","No Comment","10.1594/PANGAEA.968460",68.36,1965.96,37.88,20.09,2072.2,7.32991514224468,0,0,0,0,0,0
"2585","Year 2060-Fe limited","No Comment","10.1594/PANGAEA.840328",33.2843935309973,1981.19242587601,65.7997035040431,4,2080.27652291105,7.83862400920011,0,0.0510627209571953,0.905202780604831,15.2956059594508,16.2518714610128,0.00259941754889483
"2586","Year 2060-Fe replete","No Comment","10.1594/PANGAEA.840328",32.7731627906977,1923.78711627907,63.0117209302326,4,2019.572,7.83242230077569,0,0.228127785373605,2.35070804928454,42.6301400667718,45.20897590143,0.00664139343091251
"2587","Year 2100-Fe limited","No Comment","10.1594/PANGAEA.840328",39.4785365853659,1896.04048780488,52.0851219512195,6,1987.60414634146,7.72098127993466,0,0.0771611521525855,2.102641396158,40.0466379671927,42.2264405155032,0.00822671773971237
"2588","Year 2100-Fe replete","No Comment","10.1594/PANGAEA.840328",40.2081188118812,1929.92485148515,52.9695544554455,6,2023.10252475248,7.72075820485011,0,0.258627117320489,1.1805076484145,15.7011688644246,16.6230493955185,0.00627425625904372
"2593","acidification","at the time of harvesting","10.1594/PANGAEA.873376",17.77,1009.25,34.95,15,1061.97,7.66844929093432,NA,NA,NA,NA,NA,NA
"2594","acidification","cell-free media","10.1594/PANGAEA.873376",17.82,1012.05,35.05,15,1064.92,7.66848692202668,NA,NA,NA,NA,NA,NA
"2595","ambient","No Comment","10.1594/PANGAEA.837678",12.38,1806.93,184.49,20,2003.8,8.0555782568892,0,0,0,0,0,0
"2596","ambient","No Comment","10.1594/PANGAEA.868435",12.8209523809524,1823.43095238095,227.27619047619,16.6666666666667,2063.5280952381,8.17071428176425,4.48110714948221,6.8428042618783,81.4835831185816,212.728866109399,139.29136188265,0.200056549549353
"2597","ambient CO2 and high light","No Comment","10.1594/PANGAEA.939406",9.1,1769.29,240.58,20,2018.97,8.18000725211698,0,0,0,0,0,0
"2598","ambient CO2 and low light","No Comment","10.1594/PANGAEA.939406",10.77,1865.94,226.13,20,2102.84,8.13000726246163,0,0,0,0,0,0
"2599","ambient CO2 and medium light","No Comment","10.1594/PANGAEA.939406",10.45,1852.19,229.69,20,2092.33,8.14000330710279,0,0,0,0,0,0
"2600","ambient pCO2","No Comment","10.1594/PANGAEA.834555",10.98,1579.77666666667,167.91,25,1758.66666666667,7.93971423696045,0,1.57343573113108,87.8593870909648,262.681649403481,347.983237144167,0.220575083979047
"2601","ambient-Dark","No Comment","10.1594/PANGAEA.837678",12.38,1806.93,184.49,20,2003.8,8.0555782568892,0,0,0,0,0,0
"2602","ambient-Dim light","No Comment","10.1594/PANGAEA.837678",12.38,1806.93,184.49,20,2003.8,8.0555782568892,0,0,0,0,0,0
"2603","both plankton prey and copepod predators reared under ambient pCO2 levels","No Comment","10.1594/PANGAEA.858970",14,1987.28,175.58,20.4,2176.86,7.98624776099377,0,0,0,0,0,0
"2604","both prey and predator reared under elevated pCO2 levels","No Comment","10.1594/PANGAEA.858970",50.8,2296.86,64.88,20.7,2412.54,7.48612964361922,0,0,0,0,0,0
"2605","bulk Ph 7.78","No Comment","10.1594/PANGAEA.951332",24.15,1936.19,98.96,15,2059.3,7.83751258279919,0,0,0,0,0,0
"2606","bulk Ph 8.10","No Comment","10.1594/PANGAEA.951332",13.5,1891.97,169.02,15,2074.49,8.08002472056935,0,0,0,0,0,0
"2607","bulk Ph 8.40","No Comment","10.1594/PANGAEA.951332",7.46,1811.43,280.41,15,2099.3,8.3187728103095,0,0,0,0,0,0
"2608","bulk ph 8","No Comment","10.1594/PANGAEA.951332",18.88,1902.42,122.2,15,2043.5,7.9367656718373,NA,NA,NA,NA,NA,NA
"2610","carbonation","at the time of harvesting","10.1594/PANGAEA.873376",35,4456.82,346,15,4837.82,8.01905187337353,NA,NA,NA,NA,NA,NA
"2611","carbonation","cell-free media","10.1594/PANGAEA.873376",37.57,4568.04,338.67,15,4944.28,7.99904769854411,NA,NA,NA,NA,NA,NA
"2612","constant CO2-1","No Comment","10.1594/PANGAEA.830627",14,507,12,15,533,7.50317415564926,NA,NA,NA,NA,NA,NA
"2613","constant CO2-2","No Comment","10.1594/PANGAEA.830627",18,786,23,15,827,7.59530615891316,NA,NA,NA,NA,NA,NA
"2614","constant CO2-3","No Comment","10.1594/PANGAEA.830627",17,1111,47,15,1175,7.75538466792982,NA,NA,NA,NA,NA,NA
"2615","constant CO2-4","No Comment","10.1594/PANGAEA.830627",15,1762,135,15,1912,8.01332873335395,NA,NA,NA,NA,NA,NA
"2616","constant CO2-5","No Comment","10.1594/PANGAEA.830627",15,3556,541,15,4112,8.31123638174337,NA,NA,NA,NA,NA,NA
"2618","constant pH","T0","10.1594/PANGAEA.771288",39.0716666666667,3763.77722222222,234.672222222222,15,4037.52111111111,7.91862719020579,0,40.386525016906,248.177387735077,3934.93789162856,4223.4606574145,0.00786041383017803
"2620","constant pH","Tfin","10.1594/PANGAEA.771288",38.6538888888889,3727.10055555556,232.646111111111,15,3998.40055555556,7.91862898966655,0,40.037395481326,250.015928813461,3932.38390784921,4222.38660472608,0.00856739708480884
"2622","control","No Comment","10.1594/PANGAEA.744738",9.5172,1811.6676,220.9692,16,2042.154,8.19764022881707,0,0.768220454470373,16.8453460239517,61.5614698411271,69.6671017530274,0.0308218307352133
"2625","control","adult","10.1594/PANGAEA.971360",12.0185714285714,1987.89714285714,272.978571428571,26.003125,2272.89428571429,8.08683810183164,0.348821229285145,1.56431777778369,19.7681604362411,48.2384480278115,30.0295095157787,0.0445095234754785
"2627","control, Temp2","adult","10.1594/PANGAEA.971360",12.0185714285714,1987.89714285714,272.978571428571,26.0214285714286,2272.89428571429,8.08646002704882,0.12666473875533,1.56431777778369,19.7681604362411,48.2384480278115,30.0295095157787,0.0428153581416982
"2628","control-control","No Comment","10.1594/PANGAEA.863126",15.23,1931.69,159.84,18,2106.76,7.99704890422007,0,0,0,0,0,0
"2629","dark","No Comment","10.1594/PANGAEA.836733",25.8175,1848.535,191.095,18,2065.4475,7.95488280100648,0,27.9163600480674,142.17166349171,67.7968536634751,126.353877232425,0.45048676266313
"2638","diurnally carbonate chemistry fluctuating around ambient pCO2 level","After dilution","10.1594/PANGAEA.868779",15.08,1961.24,178.48,20,2154.8,8.00560556952186,0,0,0,0,0,0
"2639","diurnally carbonate chemistry fluctuating around ambient pCO2 level","Before dilution","10.1594/PANGAEA.868779",14.61,1944.51,181.08,20,2140.2,8.01560705935429,0,0,0,0,0,0
"2641","diurnally carbonate chemistry fluctuating around elevated pCO2 level","After dilution","10.1594/PANGAEA.868779",35.83,2179.4,92.74,20,2307.97,7.67547689945819,0,0,0,0,0,0
"2642","diurnally carbonate chemistry fluctuating around elevated pCO2 level","Before dilution","10.1594/PANGAEA.868779",34.09,2171.59,96.76,20,2302.44,7.69546478105278,0,0,0,0,0,0
"2644","elevated CO2","No Comment","10.1594/PANGAEA.837678",32.59,2075.74,92.49,20,2200.82,7.69546857954463,0,0,0,0,0,0
"2645","elevated CO2 and high light","No Comment","10.1594/PANGAEA.939406",24.74,2098.93,124.58,20,2248.25,7.81999712603629,0,0,0,0,0,0
"2646","elevated CO2 and low light","No Comment","10.1594/PANGAEA.939406",25.84,2093.92,118.69,20,2238.45,7.80000079923203,0,0,0,0,0,0
"2647","elevated CO2 and medium light","No Comment","10.1594/PANGAEA.939406",23.17,2058.26,127.92,20,2209.35,7.83998497110109,0,0,0,0,0,0
"2648","elevated CO2-Dark","No Comment","10.1594/PANGAEA.837678",32.59,2075.74,92.49,20,2200.82,7.69546857954463,0,0,0,0,0,0
"2649","elevated CO2-Dim light","No Comment","10.1594/PANGAEA.837678",32.59,2075.74,92.49,20,2200.82,7.69546857954463,0,0,0,0,0,0
"2651","extreme","adult","10.1594/PANGAEA.971360",19.3242857142857,2138.79714285714,211.565714285714,30.0325,2369.68714285714,7.88047557056215,0.257972866790289,2.38968945980136,15.6577746092568,38.0827739460844,24.8072427212005,0.0393994175030605
"2653","extreme, Temp2","adult","10.1594/PANGAEA.971360",19.3242857142857,2138.79714285714,211.565714285714,29.9457142857143,2369.68714285714,7.88212191565668,0.147362526734968,2.38968945980136,15.6577746092568,38.0827739460844,24.8072427212005,0.0411508085266681
"2654","fluctuating ambient pH/pCO2","No Comment","10.1594/PANGAEA.979844",17.1205,1866.1545,172.1345,20,2055.4095,7.98450529510345,0,8.89905563929041,60.0640704080489,135.463693471344,85.3417285899977,0.192236294950511
"2655","fluctuating future pH/pCO2","No Comment","10.1594/PANGAEA.979844",32.678,2048.569,107.29,20,2188.537,7.73540632413714,0,14.9588070311977,39.8070120728684,99.8703343188013,74.1428954343557,0.187592069708328
"2656","future","No Comment","10.1594/PANGAEA.868435",20.3333333333333,2003.69333333333,157.736666666667,18.3333333333333,2181.76333333333,7.95731079778938,2.37691344270764,6.26312497586283,37.0284044277265,65.867901873182,35.4407544141815,0.0869293274433079
"2657","future","No Comment","10.1594/PANGAEA.913498",58.1357142857143,2117.99285714286,42.7957142857143,7,2218.92428571429,7.57004599305703,0,2.50109214239738,2.08724584994084,12.2580989748081,12.5551859897852,0.0198711979962574
"2666","high CO2","No Comment","10.1594/PANGAEA.983617",21.7366666666667,2221.69333333333,156.118888888889,21,2399.54888888889,7.87258066552505,0,1.45586036822379,25.3024674195293,123.840573366586,146.998083896631,0.046139878432676
"2667","high pCO2","No Comment","10.1594/PANGAEA.830881",17.5555555555556,1562.33333333333,71.5555555555556,23.1444444444444,1651.44444444444,7.65347838215732,0.274367960552572,2.92023591132254,9.20748487795542,32.5192250830182,26.3538949261353,0.0628961268055159
"2668","high pCO2","No Comment","10.1594/PANGAEA.834555",27.2133333333333,1769.84333333333,87.9433333333333,25,1885,7.5932312991466,0,4.52288993159609,51.2999925276148,375.286059471083,421.690644904532,0.250126416473888
"2669","high pCO2","No Comment","10.1594/PANGAEA.835334",33.9501639344262,2235.99836065574,87.9614754098361,10.4098360655738,2357.91,7.7982134606013,1.37722981247665,6.38317377257739,10.0917404794391,33.1023361478819,29.2424301711409,0.0772392404346475
"2670","high pCO2 (950 µatm)","No Comment","10.1594/PANGAEA.836912",32.94,2081.34,82.44,15,2196.72,7.72569956529337,0,3.4381353958214,6.15080888989407,31.0024962704618,30.1645338104205,0.0380592074658528
"2671","high solar radiation-current CO2","No Comment","10.1594/PANGAEA.892795",28.38,2232.92,90.32,-0.38,2351.62,7.99599733489384,0,0,0,0,0,0
"2672","high solar radiation-future CO2","No Comment","10.1594/PANGAEA.892795",70.69,2357.23,40.42,-0.38,2468.34,7.62328091917115,0,0,0,0,0,0
"2673","high-light","No Comment","10.1594/PANGAEA.861820",23.32,2009.30875,159.755,15,2192.38375,7.97240341695293,0,15.7091420153089,86.9536613868066,219.258353249409,147.201664386699,0.293558916520185
"2675","intermediate","adult","10.1594/PANGAEA.971360",16.0614285714286,2081.19571428571,235.041428571429,27.885,2332.29857142857,7.97066937413199,0.33113769630328,2.76040447346813,23.0427501148874,56.1885909746302,35.9000606247002,0.0555307034277044
"2677","intermediate, Temp2","adult","10.1594/PANGAEA.971360",16.0614285714286,2081.19571428571,235.041428571429,28.1142857142857,2332.29857142857,7.96753727441898,0.116171056144439,2.76040447346813,23.0427501148874,56.1885909746302,35.9000606247002,0.0570680039515109
"2678","light","No Comment","10.1594/PANGAEA.836733",25.8175,1848.535,191.095,18,2065.4475,7.95488280100648,0,27.9163600480674,142.17166349171,67.7968536634751,126.353877232425,0.45048676266313
"2679","light limit","No Comment","10.1594/PANGAEA.952426",17.145,1824.24,201.075833333333,32.5,2042.46083333333,7.87126591237897,8.72278375988647,8.00407124666811,71.1900175535543,171.816596505642,108.3451426618,0.166833394992928
"2680","low CO2","No Comment","10.1594/PANGAEA.983617",9.22166666666667,2006.03777777778,299.740555555556,21,2315,8.20318061255149,0,1.21961541672196,32.2837403023333,139.921322369376,157.191455463038,0.0455584021288345
"2681","low pCO2","No Comment","10.1594/PANGAEA.830881",12,1494.22222222222,97.2222222222222,23.1444444444444,1603.44444444444,7.8037175481166,0.274367960552572,3.08220700148449,15.8806311097653,48.8486892807212,36.1701227227359,0.0893594535578236
"2682","low pCO2","No Comment","10.1594/PANGAEA.835334",13.5685245901639,2007.28508196721,173.62737704918,10.4098360655738,2194.48098360656,8.14273247976983,1.37722981247665,1.56605926031819,10.3523482227187,32.9499494537015,25.9654935486092,0.0487528858149747
"2683","low pCO2 (380 µatm)","No Comment","10.1594/PANGAEA.836912",13.8022222222222,1878.09777777778,159.628888888889,15,2051.52888888889,8.05780583559831,0,0.945433469073549,9.11806920960304,27.5592742002478,28.4934490034307,0.0262731642214124
"2684","low-light","No Comment","10.1594/PANGAEA.861820",29.515,2102.93,110.616666666667,15,2243.06166666667,7.82483874081488,0,12.8973156121729,42.5798490681527,113.574987387188,85.5137620308372,0.185127236761718
"2685","medium pCO2","No Comment","10.1594/PANGAEA.830881",14.1111111111111,1517.77777777778,85.7777777777778,23.1444444444444,1617.66666666667,7.74074683589814,0.274367960552572,3.82244831372657,16.1615112054673,44.5414912687535,32.1519828315456,0.0987764754321519
"2686","moderate solar radiation-current CO2","No Comment","10.1594/PANGAEA.892795",28.38,2232.92,90.32,-0.38,2351.62,7.99599733489384,0,0,0,0,0,0
"2687","moderate solar radiation-future CO2","No Comment","10.1594/PANGAEA.892795",70.69,2357.23,40.42,-0.38,2468.34,7.62328091917115,0,0,0,0,0,0
"2688","nitrate limit","No Comment","10.1594/PANGAEA.952426",17.145,1824.24,201.075833333333,32.5,2042.46083333333,7.87126591237897,8.72278375988647,8.00407124666811,71.1900175535543,171.816596505642,108.3451426618,0.166833394992928
"2689","nitrate-HH","No Comment","10.1594/PANGAEA.929551",30.4525,2099.205,108.73,20,2238.3875,7.71400757220917,7.90569415042095,4.95327080489919,23.1903270064626,55.072738870213,36.7854621419932,0.00315806314930735
"2690","nitrate-HL","No Comment","10.1594/PANGAEA.929551",12.7116666666667,1859.205,206.278333333333,22,2078.195,8.05200084389277,8.60232526704263,2.90621689945308,47.3867772344424,113.245178043041,68.71738375404,0.0102539781048556
"2691","nitrate-LH","No Comment","10.1594/PANGAEA.929551",30.4525,2099.205,108.73,20,2238.3875,7.71400757220917,7.90569415042095,4.95327080489919,23.1903270064626,55.072738870213,36.7854621419932,0.00315806314930735
"2692","nitrate-LL","No Comment","10.1594/PANGAEA.929551",13.29,1885.832,195.174,20,2094.296,8.05499972205299,7.90569415042095,2.83709358322915,43.3830229467703,103.504151945707,62.9148792417183,0.00799878472454188
"2693","nitrate-limited","No Comment","10.1594/PANGAEA.842157",22.97,1719.97,126.73,19,1869.67,7.87358903335917,0,19.5359233208978,70.0741100549982,167.569487974392,119.269512868964,0.331626349729199
"2694","nut replete-HH","No Comment","10.1594/PANGAEA.929551",31.545,2101.515,107.758333333333,21,2240.81833333333,7.71116913172825,10.2260172389562,7.29595161716414,30.2628547342558,71.9445816583848,48.8373379359141,0.0061194521338188
"2695","nut replete-HL","No Comment","10.1594/PANGAEA.929551",12.7116666666667,1859.205,206.278333333333,21,2078.195,8.05200084389277,10.2260172389562,2.90621689945308,47.3867772344424,113.245178043041,68.71738375404,0.0102539781048556
"2696","nut replete-LH","No Comment","10.1594/PANGAEA.929551",32.996,2118.876,100.46,20,2252.332,7.71120325907353,7.90569415042095,7.12377217490846,27.3003287525993,64.8806298520599,44.5771586129041,0.00684111708384717
"2697","nut replete-LL","No Comment","10.1594/PANGAEA.929551",13.29,1885.832,195.174,20,2094.296,8.05499972205299,7.90569415042095,2.83709358322915,43.3830229467703,103.504151945707,62.9148792417183,0.00799878472454188
"2698","nutrient supply","No Comment","10.1594/PANGAEA.861820",21.45125,1955.7775,160.055,15,2137.28375,7.98865656713333,0,13.844214302114,85.0531412034349,204.8780143507,133.673208122057,0.282136511274167
"2699","nutrient-replete","No Comment","10.1594/PANGAEA.842157",20.2,1786.65,142.15,19,1949,7.92254248884812,0,12.3192118992321,64.9384094214034,177.241361066562,125.674905284157,0.247052790161439
"2700","nutrient-replete","No Comment","10.1594/PANGAEA.861820",22.4333333333333,1978.61166666667,138.278333333333,15,2139.32333333333,7.93822051986762,0,11.3934870284153,64.4133866262803,171.941935945443,119.012974194693,0.229922184397775
"2702","ocean acidification","at the time of harvesting","10.1594/PANGAEA.873376",40.84,2116.13,66.85,15,2223.82,7.62855993638135,NA,NA,NA,NA,NA,NA
"2703","ocean acidification","cell-free media","10.1594/PANGAEA.873376",42.32,2143.15,66.17,15,2251.64,7.61860943501341,NA,NA,NA,NA,NA,NA
"2704","pCO2 1000 µatm +NO3-","No Comment","10.1594/PANGAEA.834556",26.26,2090.54,124.34,25,2241.14,7.74030387347272,NA,NA,NA,NA,NA,NA
"2705","pCO2 1000 µatm -NO3-","No Comment","10.1594/PANGAEA.834556",26.78,2083.12,121.08,25,2230.98,7.7303096158078,NA,NA,NA,NA,NA,NA
"2706","pCO2 1000 µatm at 90 µE","No Comment","10.1594/PANGAEA.833713",55,2190,47,3,2292,7.66662988957646,0,0,0,0,0,0
"2707","pCO2 1000 µatm under high light","No Comment","10.1594/PANGAEA.833713",55,2190,47,3,2292,7.66662988957646,0,0,0,0,0,0
"2708","pCO2 1400 µatm +NO3-","No Comment","10.1594/PANGAEA.834556",36.95,2180.41,96.13,25,2313.49,7.61027226926555,0,0,0,0,0,0
"2709","pCO2 1400 µatm -NO3-","No Comment","10.1594/PANGAEA.834556",38.64,2177.02,91.66,25,2307.32,7.59026892615796,0,0,0,0,0,0
"2710","pCO2 160 µatm at 90 µE","No Comment","10.1594/PANGAEA.833713",9,1808,194,3,2011,8.36557945027174,0,0,0,0,0,0
"2711","pCO2 160 µatm under high light","No Comment","10.1594/PANGAEA.833713",9,1808,194,3,2011,8.36557945027174,0,0,0,0,0,0
"2713","pCO2 171 ppm","at the end of experiment","10.1594/PANGAEA.833852",5.2,1548.1,316.4,20,1869.7,8.35676456821844,0,0.632455532033676,12.3486391512947,29.2705768078913,18.7915465628091,0.0245937668168579
"2714","pCO2 171 ppm","at the start of experiment","10.1594/PANGAEA.833852",7.7,1700,259.5,20,1967.2,8.22995265295551,0,0.674948557710553,10.4907366545708,25.6255081250434,15.8029533104839,0.0243513275420451
"2715","pCO2 180 µatm +NO3-","No Comment","10.1594/PANGAEA.834556",4.88,1547.69,366.49,25,1919.06,8.34032964462969,NA,NA,NA,NA,NA,NA
"2716","pCO2 180 µatm -NO3-","No Comment","10.1594/PANGAEA.834556",4.99,1545.01,357.54,25,1907.54,8.33034483320477,NA,NA,NA,NA,NA,NA
"2717","pCO2 380 µatm +NO3-","No Comment","10.1594/PANGAEA.834556",9.56,1784.14,248.77,25,2042.47,8.11032056817058,0,0,0,0,0,0
"2718","pCO2 380 µatm -NO3-","No Comment","10.1594/PANGAEA.834556",9.64,1799,250.84,25,2059.48,8.11031712087338,0,0,0,0,0,0
"2720","pCO2 386 ppm","at the end of experiment","10.1594/PANGAEA.833852",9.4,1759.1,230.9,20,1999.4,8.16246837502053,0,1.71269767715535,26.0957638111799,63.7712056234369,41.018153162824,0.064061991179451
"2721","pCO2 386 ppm","at the start of experiment","10.1594/PANGAEA.833852",12.8,1869.4,190.6,20,2072.8,8.05492742783471,0,0.421637021355784,2.7968235951204,6.41525958598368,4.02216083439956,0.00786182765057779
"2723","pCO2 614 ppm","at the end of experiment","10.1594/PANGAEA.833852",13.8,1877.9,179.8,20,2071.5,8.02542944169609,0,2.34757558155453,19.8818733747323,53.5255909718789,36.0069437747777,0.0604583115555427
"2724","pCO2 614 ppm","at the start of experiment","10.1594/PANGAEA.833852",18.6,1983.3,145.1,20,2147,7.91078679934778,0,0.516397779494322,2.07899548393502,4.90011337737313,3.52766841475279,0.00721413219110849
"2726","pCO2 795 ppm","at the end of experiment","10.1594/PANGAEA.833852",18.3,1967.7,147.2,20,2133.2,7.91810984384755,0,2.86937856222098,16.7650429962666,43.8331432188526,29.9399398796992,0.0584076491492962
"2727","pCO2 795 ppm","at the start of experiment","10.1594/PANGAEA.833852",23.6,2038.6,121.8,20,2184,7.8228308322848,0,0.516397779494322,1.54919333848297,3.37309617084627,2.58198889747161,0.00613073718257212
"2729","pCO2 high","Calculated from means","10.1594/PANGAEA.777432",41.904,2204.666,72.168,15,2318.738,7.64269510363679,0,3.26919409029198,6.17154923823832,22.2861465937923,24.6334177490659,0.0356679826692859
"2732","pCO2 low","Calculated from means","10.1594/PANGAEA.777432",17.142,1990.008,144.148,15,2151.298,7.98687214130247,0,1.61318628806471,15.9855394028478,46.1306537998325,55.8485185121324,0.0439501067362784
"2734","pCO2 treatment 1","No Comment","10.1594/PANGAEA.716818",3.96,1619.14,566.57,25,2189.67,8.50992066499159,NA,NA,NA,NA,NA,NA
"2735","pCO2 treatment 10","No Comment","10.1594/PANGAEA.716818",11.8,2127.078,331.631,25,2470.509,8.15882319682211,NA,NA,NA,NA,NA,NA
"2736","pCO2 treatment 11","No Comment","10.1594/PANGAEA.716818",11.98,2204.615,347.897,25,2564.492,8.16406941786514,NA,NA,NA,NA,NA,NA
"2737","pCO2 treatment 12","No Comment","10.1594/PANGAEA.716818",12.73,1867.671,242.867,25,2123.268,8.08001962497799,NA,NA,NA,NA,NA,NA
"2738","pCO2 treatment 13","No Comment","10.1594/PANGAEA.716818",13.71,1912.032,229.874,25,2155.616,8.04594618868784,NA,NA,NA,NA,NA,NA
"2739","pCO2 treatment 14","No Comment","10.1594/PANGAEA.716818",14.31,1823.998,212.155,25,2050.463,8.03158040585784,NA,NA,NA,NA,NA,NA
"2740","pCO2 treatment 15","No Comment","10.1594/PANGAEA.716818",15.51,1913.028,207.242,25,2135.78,8.00070794031583,NA,NA,NA,NA,NA,NA
"2741","pCO2 treatment 16","No Comment","10.1594/PANGAEA.716818",15.56,1874.707,208.94,25,2099.207,8.01303968147564,NA,NA,NA,NA,NA,NA
"2742","pCO2 treatment 17","No Comment","10.1594/PANGAEA.716818",16.82,2217.37,253.107,25,2487.297,8.02341748098605,NA,NA,NA,NA,NA,NA
"2743","pCO2 treatment 18","No Comment","10.1594/PANGAEA.716818",24.11,2008.095,143.091,25,2175.296,7.81877955611042,NA,NA,NA,NA,NA,NA
"2744","pCO2 treatment 2","No Comment","10.1594/PANGAEA.716818",4.41,1860.072,669.671,25,2534.153,8.5222832291112,NA,NA,NA,NA,NA,NA
"2745","pCO2 treatment 3","No Comment","10.1594/PANGAEA.716818",4.42,1657.684,532.447,25,2194.551,8.47272613084722,NA,NA,NA,NA,NA,NA
"2746","pCO2 treatment 4","No Comment","10.1594/PANGAEA.716818",5.89,1711.96,429.561,25,2147.411,8.36548272368712,NA,NA,NA,NA,NA,NA
"2747","pCO2 treatment 5","No Comment","10.1594/PANGAEA.716818",7.43,2068.72,492.352,25,2568.502,8.34252548538915,NA,NA,NA,NA,NA,NA
"2748","pCO2 treatment 6","No Comment","10.1594/PANGAEA.716818",7.58,1801.559,366.453,25,2175.592,8.2743212839687,NA,NA,NA,NA,NA,NA
"2749","pCO2 treatment 7","No Comment","10.1594/PANGAEA.716818",9.83,2177.679,412.133,25,2599.642,8.24299501941627,NA,NA,NA,NA,NA,NA
"2750","pCO2 treatment 8","No Comment","10.1594/PANGAEA.716818",10.51,1816.109,285.402,25,2112.021,8.16226659365504,NA,NA,NA,NA,NA,NA
"2751","pCO2 treatment 9","No Comment","10.1594/PANGAEA.716818",10.99,1869.344,275.36,25,2155.694,8.13416311672469,NA,NA,NA,NA,NA,NA
"2752","pCO2=1000","No Comment","10.1594/PANGAEA.763842",23.36,2007.65533333333,111.852,15,2142.86733333333,7.86533510379416,0,5.49832571918813,23.2969649157506,50.9706978660522,55.6302564728772,0.0974756000536455
"2753","pCO2=1000ppm","No Comment","10.1594/PANGAEA.823378",37.5733333333333,2272.68,90.08,18,2400.33333333333,7.67376242213363,0,4.34390947759614,12.09730816607,89.9596245771071,96.877232610135,0.0528720683972486
"2754","pCO2=120 Pa","No Comment","10.1594/PANGAEA.846486",34.72,1610.835,52.435,21,1697.99,7.5351362232749,0,2.08134571851963,11.5186053843336,130.845441762409,140.282701428223,0.0613719288031232
"2755","pCO2=1200 ppm - FCN","No Comment","10.1594/PANGAEA.756687",21.485,1882.745,158.57,25,2062.8,7.85842997227389,0,15.9876843226278,86.1821744910164,238.627325447024,168.432835278636,0.30400285208339
"2756","pCO2=1200 ppm - NCD","No Comment","10.1594/PANGAEA.756687",31.835,2037.74,99.27,25,2168.845,7.65350616509244,0,1.03944696834422,3.22440692221066,0,2.18495995386686,0.0141088792672339
"2757","pCO2=1200 ppm - NCN","No Comment","10.1594/PANGAEA.756687",23.96,1935.995,131.745,25,2091.7,7.78344132514125,0,12.0773838226662,49.4904036152465,137.539340008595,100.126320216015,0.1980318164562
"2758","pCO2=1269","No Comment","10.1594/PANGAEA.763286",42.56,2118.8,70.58,20,2231.94,7.56913844421987,NA,NA,NA,NA,NA,NA
"2759","pCO2=1340 ppm","No Comment","10.1594/PANGAEA.833162",45.2362204724409,2039.13779527559,63.7755905511811,18,2148.14960629921,7.57435255466506,0,1.09945507820299,1.68251724341142,14.3251592111336,15.1621427564483,0.0120089429362658
"2760","pCO2=1400 micro atm","end","10.1594/PANGAEA.824705",66,2263,49.1639344262295,15,2378.16393442623,7.46595191007227,0,0,0.3732884438274,5.29150262212918,5.61005147887508,0.00248055571141155
"2761","pCO2=1400 micro atm","start","10.1594/PANGAEA.824705",46.1639344262295,2186,65.8360655737705,15,2298,7.60779205057865,0,0.687515523918126,0.687515523918126,4.04145188432738,4.04145188432738,0.0052223944603532
"2762","pCO2=1400A","No Comment","10.1594/PANGAEA.771912",66.51,7203.23,513.71,18,7783.45,7.93220264649406,0,2.50570016828298,21.6621820999948,16.2350895696122,35.3915715013242,0.017342685678182
"2763","pCO2=1400B","No Comment","10.1594/PANGAEA.771912",64.32,7213.335,532.345,18,7810,7.9472260761648,0,1.59348674296337,15.1785385769952,13.5504108178801,27.1354626519119,0.0115695486865931
"2764","pCO2=150","No Comment","10.1594/PANGAEA.777431",3.68,1432.6,431.02,25,1867.3,8.44432396786237,0,0,0,0,0,0
"2765","pCO2=150 Pa","No Comment","10.1594/PANGAEA.846486",49.1,1836.11,47.39,21,1932.6,7.44206953917206,0,0,0,0,0,0
"2766","pCO2=150 micro atm","end","10.1594/PANGAEA.824705",9.16393442622951,1816,224.16393442623,15,2049.32786885246,8.22046236392918,0,0.3732884438274,0.3732884438274,13.7477270848675,13.8644885847206,0.00374769863937432
"2767","pCO2=150 micro atm","start","10.1594/PANGAEA.824705",6,1676.96721311475,308.803278688525,15,1991.77049180328,8.39415403628884,0,0,1.46991691523872,3.0053686025442,4.27158613250765,0.00152473211799649
"2768","pCO2=1500","No Comment","10.1594/PANGAEA.736022",54.08,1992.99,46.9333333333333,15,2094.00333333333,7.50048250617387,0,3.23949070071207,2.85365263010993,34.6102687074226,36.2866371179988,0.0254148958942554
"2769","pCO2=1532","No Comment","10.1594/PANGAEA.763286",50.45,4570.62,277.05,20,4898.12,7.82912979328044,NA,NA,NA,NA,NA,NA
"2770","pCO2=160 Pa","No Comment","10.1594/PANGAEA.846486",50.81,1712.9,39.86,21,1803.57,7.39708681137877,0,0,0,0,0,0
"2771","pCO2=1634","No Comment","10.1594/PANGAEA.763286",54.06,2089.46,54.03,20,2197.55,7.45914766044368,NA,NA,NA,NA,NA,NA
"2772","pCO2=170 Pa","No Comment","10.1594/PANGAEA.846486",53.7,1801.98,41.74,21,1897.42,7.39508400463203,0,0,0,0,0,0
"2773","pCO2=180","No Comment","10.1594/PANGAEA.763842",5.90533333333333,1685.404,302.292666666667,15,1993.602,8.38077715912368,0,1.02132873304944,33.5854922902874,86.5762006063362,92.6785629551331,0.0536899403593074
"2774","pCO2=190","No Comment","10.1594/PANGAEA.736022",6.56666666666667,1775.7,306.4,15,2088.66666666667,8.36596470911219,0,0.398789836045671,5.09497791948111,43.0927244439244,40.5010287935175,0.0159755318225305
"2775","pCO2=190 Pa","No Comment","10.1594/PANGAEA.846486",57.67,1985.15,47.16,21,2089.98,7.40606199472138,0,0,0,0,0,0
"2776","pCO2=200A","No Comment","10.1594/PANGAEA.771912",8.8,1067.495,85.31,18,1161.605,7.98156986559665,0,0.27712812921102,4.09918691124634,8.87387363744462,12.6959324194799,0.0172698524738331
"2777","pCO2=200B","No Comment","10.1594/PANGAEA.771912",14.515,1111.72,56.015,18,1182.25,7.78151463428515,0,0.0173205080756884,1.58771324027147,16.4660296772881,18.0710634256353,0.00587947977123255
"2778","pCO2=215","No Comment","10.1594/PANGAEA.763286",7.14,1910.15,341.7,20,2258.99,8.29912426045323,NA,NA,NA,NA,NA,NA
"2779","pCO2=280A","No Comment","10.1594/PANGAEA.771912",11.43,1453.55,121.57,18,1586.55,8.00167629546189,0,0.173205080756888,1.3971876514389,2.55188818981819,1.32790561913611,0.00575391155031738
"2780","pCO2=280B","No Comment","10.1594/PANGAEA.771912",12.675,1453.215,109.555,18,1575.445,7.95660203540373,0,0.132790561913613,1.21820906799011,15.686606813882,17.0376064437857,0.000141243578914789
"2782","pCO2=380","No Comment","10.1594/PANGAEA.763842",11.6193333333333,1860.32333333333,188.393333333333,15,2060.336,8.13112573393152,0,2.14387655117235,23.6657125897564,40.8051354727855,27.6523144988418,0.0655975551609052
"2783","pCO2=380 micro atm","end","10.1594/PANGAEA.824705",19.377358490566,2033.81132075472,135.811320754717,15,2189,7.95362250809436,0,0.489364387372484,0.961901237805487,11.7244921224654,12.5422363359846,0.00258112658283439
"2784","pCO2=380 micro atm","start","10.1594/PANGAEA.824705",13,1935,187.811320754717,15,2135.81132075472,8.11603860042313,0,0,0.73528131125192,1.86052101883813,1.3017237650602,0.00206363060654352
"2785","pCO2=380 ppm","No Comment","10.1594/PANGAEA.823378",12.5858585858586,1983.41414141414,203.838383838384,18,2199.83838383838,8.09095816803442,0,1.0203050865275,11.3260644593292,89.8293177564655,98.1539510334852,0.0190174747713091
"2786","pCO2=380A","No Comment","10.1594/PANGAEA.771912",16.345,1960.335,154.975,18,2131.655,7.97682596279544,0,0.929533933395297,7.75381411521668,6.54137854991842,0.282901631903053,0.0231917164601473
"2787","pCO2=380B","No Comment","10.1594/PANGAEA.771912",17.89,1957.05,141.11,18,2116.05,7.93668509918523,0,0.83138438763306,8.40621991940094,12.9210990244639,20.495934556232,0.0230274387378062
"2788","pCO2=39 Pa","No Comment","10.1594/PANGAEA.846486",13.6379166666667,1574.1975,125.7575,21,1713.59291666667,7.93073033954522,0,0.701110790517241,15.9914646391238,130.168885791732,146.267500371874,0.0230281976874162
"2789","pCO2=390 ppm","No Comment","10.1594/PANGAEA.824665",13.1818181818182,1790.81818181818,166.181818181818,18,1970.18181818182,8.04533203780163,0,1.66241882918727,14.736472996061,35.1363577560856,30.1058737850878,0.0444581355757494
"2790","pCO2=390 ppm","No Comment","10.1594/PANGAEA.847792",13.7605555555556,1753.22222222222,152.111111111111,18,1919.09388888889,8.01671703860348,0,1.16823382138933,10.5934990547138,39.7677900339333,40.6542483329398,0.0330163016565495
"2791","pCO2=390 ppmv","No Comment","10.1594/PANGAEA.824663",13.7605555555556,1753.22222222222,152.111111111111,18,1919.09388888889,8.01671703860348,0,1.16823382138933,10.5934990547138,39.7677900339333,40.6542483329398,0.0330163016565495
"2792","pCO2=395 ppm","No Comment","10.1594/PANGAEA.833162",13.4117647058824,1822.17647058824,165.176470588235,18,2000.76470588235,8.03636570727387,0,1.27763568405726,6.96630546019236,36.9259991302159,38.1567972512184,0.0209890967157589
"2793","pCO2=400","No Comment","10.1594/PANGAEA.770055",11.13375,1745.57125,189.46125,19.75,1946.16625,8.08398286055377,1.32697760539407,1.53621926913353,22.2715471510176,56.8093655350947,42.113371794818,0.0456907016617375
"2794","pCO2=410","No Comment","10.1594/PANGAEA.736022",14.21,1905.89666666667,163.226666666667,15,2083.33333333333,8.06148146387823,0,0.825287828578611,7.25708159891655,43.8859821962929,45.9601276470522,0.0203178759264687
"2795","pCO2=500 ppm - Short incubation","No Comment","10.1594/PANGAEA.756687",13.6175,1891.7825,201.1475,25,2106.5475,7.991432054722,0,1.45119203875067,19.887646710123,92.8479981385346,101.928182355683,0.0394305452382398
"2797","pCO2=750","No Comment","10.1594/PANGAEA.763842",18.54,1937.77833333333,131.098333333333,15,2087.41666666667,7.95082183825537,0,4.58313112501605,25.3118494828494,37.8483581566165,35.4259238240569,0.0965274473652131
"2798","pCO2=750","No Comment","10.1594/PANGAEA.770055",18.63,1896.475,138.5,22,2053.605,7.87554773898847,0,3.39411254969543,19.2050201770266,41.8253661071842,26.0144584798531,0.069994117147641
"2799","pCO2=750 micro atm","end","10.1594/PANGAEA.824705",35,2172.66666666667,85.3333333333333,15,2293,7.7230284610628,0,0.8304547985374,1.91785320594154,12.4936765614846,13.721365167831,0.00775825010317029
"2800","pCO2=750 micro atm","start","10.1594/PANGAEA.824705",24,2098.33333333333,117,15,2239.33333333333,7.87530975643059,0,0,0.8304547985374,13.033996220318,13.8298361456704,0.000944694584197102
"2801","pCO2=750 ppm","No Comment","10.1594/PANGAEA.824665",25.3636363636364,1900,97.3636363636364,18,2022.72727272727,7.78767476849708,0,2.15743955988237,8.72092572233851,72.8560224003479,77.9744713468337,0.0339392412727171
"2802","pCO2=750 ppm","No Comment","10.1594/PANGAEA.847792",29.278,1941.6,87.8,18,2058.678,7.73369299257591,0,3.00987944704008,6.52686754883229,52.3829306985723,52.2338254117279,0.0377337261569744
"2803","pCO2=750 ppmv","No Comment","10.1594/PANGAEA.824663",29.278,1941.6,87.8,18,2058.678,7.73369299257591,0,3.00987944704008,6.52686754883229,52.3829306985723,52.2338254117279,0.0377337261569744
"2804","pCO2=760","No Comment","10.1594/PANGAEA.770055",22.105,1963.125,119.046666666667,19,2104.27666666667,7.843469621105,0,2.99221489869962,13.5291916486783,46.3339325980431,42.9471380497777,0.0542504732691859
"2805","pCO2=800","No Comment","10.1594/PANGAEA.736022",27.9466666666667,1972.58666666667,89.1366666666667,15,2089.67,7.78360042072935,0,2.81929660258252,5.11318230980799,41.3746013072432,39.3075908699579,0.0339632261467745
"2806","pCO2=820 ppm - Short incubation","No Comment","10.1594/PANGAEA.756687",27.4175,2067.795,124.3075,25,2219.52,7.73765360548408,0,8.48303159253813,25.4500653240812,116.18647583375,117.088816146832,0.107502810170093
"2807","pCO2=90 Pa","No Comment","10.1594/PANGAEA.846486",26.16,1869.01,92.17,21,1987.34,7.72325948882465,0,0,0,0,0,0
"2808","pCO2=900","No Comment","10.1594/PANGAEA.777431",23.08,2108.58,148.74,25,2280.4,7.81438918637318,0,0,0,0,0,0
"2809","pCO2=917","No Comment","10.1594/PANGAEA.763286",30.26,8279.36,1515.56,20,9825.18,8.30912312209773,NA,NA,NA,NA,NA,NA
"2810","pCO2=950A","No Comment","10.1594/PANGAEA.771912",41.555,4659.995,343.705,18,5045.255,7.94709979621665,0,3.18119998323484,26.3906808046578,357.53570120106,387.107581988953,2.55013018525811e-05
"2811","pCO2=950B","No Comment","10.1594/PANGAEA.771912",41.81,4908.43,379.21,18,5329.45,7.96708925863681,0,0.958401446854781,11.5470053837925,18.3366445494626,28.9252484863999,0.0116049841713563
"2812","pCO2=969","No Comment","10.1594/PANGAEA.763286",32.41,2127.19,93.41,20,2253.01,7.68913384384542,NA,NA,NA,NA,NA,NA
"2813","pH 7.6","No Comment","10.1594/PANGAEA.919851",48.979387755102,2108.55714285714,54.5997959183673,9.82428571428571,2212.13632653061,7.62978902971936,0.282842712474618,2.93954390464693,0.257588898860813,62.4728841178314,65.1548391236174,0.010093003055526
"2815","pH 7.75","day 0","10.1594/PANGAEA.973252",58.07,2241.14,65.79,25,2365,7.43364239153225,0,0,0,0,0,0
"2816","pH 7.75","day 8","10.1594/PANGAEA.973252",0.05,207.98,705.98,25,914.01,9.49672231616314,0,0,0,0,0,0
"2817","pH 7.8-750 ppm pCO2","No Comment","10.1594/PANGAEA.830475",20,1900,139,27,2059,7.798477656888,0,0,0,0,0,0
"2818","pH 7.9","No Comment","10.1594/PANGAEA.919851",52.18,2146.56,52.4,8.89,2251.14,7.61999155760396,0,0,0,0,0,0
"2820","pH 7.9","day 0","10.1594/PANGAEA.973252",54.97,2223.61,68.42,25,2347,7.4540759434883,0,0,0,0,0,0
"2821","pH 7.9","day 8","10.1594/PANGAEA.973252",0,60.01,555.99,25,616,9.9327948458095,0,0,0,0,0,0
"2823","pH 8.1","day 0","10.1594/PANGAEA.973252",51.68,2205.71,71.61,25,2329,7.47737675369382,0,0,0,0,0,0
"2824","pH 8.1","day 8","10.1594/PANGAEA.973252",0,20.97,332.03,25,353,10.1655303870587,0,0,0,0,0,0
"2825","pH 8.1-350 ppm pCO2","No Comment","10.1594/PANGAEA.830475",10,1788,262,27,2060,8.10015023444658,0,0,0,0,0,0
"2827","pH 8.25","day 0","10.1594/PANGAEA.973252",55.4,2212.39,67.2,25,2334.99,7.44845907837839,0,0,0,0,0,0
"2828","pH 8.25","day 8","10.1594/PANGAEA.973252",0,11.6,213.4,25,225,10.2306879179772,0,0,0,0,0,0
"2829","pH 8.35-180 ppm pCO2","No Comment","10.1594/PANGAEA.830475",5,1630,425,27,2060,8.35041778323308,0,0,0,0,0,0
"2831","pH-shock 280 ppm","after experiment","10.1594/PANGAEA.830804",21,1727,84,15,1832,7.8159878174294,0,0,0,0,0,0
"2832","pH-shock 280 ppm","before experiment","10.1594/PANGAEA.830804",15,1702,117,15,1834,7.96622717493257,0,0,0,0,0,0
"2834","pH-shock 380 ppm","after experiment","10.1594/PANGAEA.830804",23,1757,82,15,1862,7.7980429598234,0,0,0,0,0,0
"2835","pH-shock 380 ppm","before experiment","10.1594/PANGAEA.830804",22,1804,90,15,1916,7.82700684516838,0,0,0,0,0,0
"2837","pH-shock 750 ppm","after experiment","10.1594/PANGAEA.830804",32,1817,63,15,1912,7.66898649108052,0,0,0,0,0,0
"2838","pH-shock 750 ppm","before experiment","10.1594/PANGAEA.830804",38,1896,58,15,1992,7.61459052949586,0,0,0,0,0,0
"2839","pH=7.40","No Comment","10.1594/PANGAEA.937532",65.7557142857143,1932.18857142857,35.67,16,2033.61428571429,7.37861114712623,0,2.76252213953636,1.49680771421493,81.0943030116936,85.3535439328957,0.000111118440121793
"2840","pH=7.7-1","No Comment","10.1594/PANGAEA.830627",4,189,7,15,200,7.69763710477599,NA,NA,NA,NA,NA,NA
"2841","pH=7.7-2","No Comment","10.1594/PANGAEA.830627",6,317,11,15,334,7.66933429187545,NA,NA,NA,NA,NA,NA
"2842","pH=7.7-3","No Comment","10.1594/PANGAEA.830627",16,865,30,15,911,7.66910601618982,NA,NA,NA,NA,NA,NA
"2843","pH=7.7-4","No Comment","10.1594/PANGAEA.830627",37,1924,65,15,2026,7.65770915787604,NA,NA,NA,NA,NA,NA
"2844","pH=7.7-5","No Comment","10.1594/PANGAEA.830627",71,3853,135,15,4059,7.67353562841698,NA,NA,NA,NA,NA,NA
"2845","pH=7.7-6","No Comment","10.1594/PANGAEA.830627",132,6993,240,15,7365,7.66454858240634,NA,NA,NA,NA,NA,NA
"2846","pH=7.77","No Comment","10.1594/PANGAEA.937532",27.9942857142857,1929.72428571429,83.5742857142857,16,2041.29285714286,7.74893506368422,0,0.824355448069524,2.45360182278256,56.6828109915586,59.9607145594196,7.2658923009098e-05
"2847","pH=8.07","No Comment","10.1594/PANGAEA.937532",13.1371428571429,1807.29571428571,156.235714285714,16,1976.66857142857,8.04910846274965,0,0.252567765541203,3.00808276228596,34.7680029419498,38.0286284390113,1.99604285278222e-05
"2848","pH=8.3-1","No Comment","10.1594/PANGAEA.830627",1,167,22,15,190,8.2487070786096,NA,NA,NA,NA,NA,NA
"2849","pH=8.3-2","No Comment","10.1594/PANGAEA.830627",4,787,106,15,897,8.25833200184068,NA,NA,NA,NA,NA,NA
"2850","pH=8.3-3","No Comment","10.1594/PANGAEA.830627",9,1973,267,15,2249,8.26038504504736,NA,NA,NA,NA,NA,NA
"2851","pH=8.3-4","No Comment","10.1594/PANGAEA.830627",16,3441,470,15,3927,8.26441405424976,NA,NA,NA,NA,NA,NA
"2852","pH=8.3-5","No Comment","10.1594/PANGAEA.830627",27,5842,810,15,6679,8.27092433517609,NA,NA,NA,NA,NA,NA
"2853","pH=8.3-6","No Comment","10.1594/PANGAEA.830627",43,8739,1157,15,9939,8.25087248853939,NA,NA,NA,NA,NA,NA
"2854","phosphate-limited","No Comment","10.1594/PANGAEA.842157",20.87,1762.48333333333,142.65,19,1926.00333333333,7.92541297612301,0,15.4066502760098,62.0184858072025,180.882361838413,134.000597104052,0.268717121877457
"2855","plankton reared under ambient pCO2 levels","No Comment","10.1594/PANGAEA.858970",11.84,1994.45333333333,211.306666666667,20.1,2217.6,8.06879113607696,0.268328157299974,1.62881552055474,17.8389244817805,50.1084913629084,34.710560928916,0.0512354256004199
"2856","plankton reared under elevated pCO2 levels","No Comment","10.1594/PANGAEA.858970",34.2466666666667,2297.76,96.8833333333333,20.5666666666667,2428.89,7.66157065573609,0.287518115371305,2.75887416651551,6.06181710930532,29.8597374402388,28.1202503545043,0.0339899875925272
"2857","pre-culture end","No Comment","10.1594/PANGAEA.736022",17.04,976.3,35.67,15,1029.01,7.69172068896232,NA,NA,NA,NA,NA,NA
"2858","pre-culture start","No Comment","10.1594/PANGAEA.736022",17.32,1974.2,143.49,15,2135.01,7.99043135695462,NA,NA,NA,NA,NA,NA
"2859","present","No Comment","10.1594/PANGAEA.913498",22.5657142857143,1965.50857142857,89.92,2,2077.99428571429,8.01079071550582,0,1.77350742074246,9.97707873077085,41.4355481153448,48.8088328267002,0.0414625868029336
"2861","present-day","at the time of harvesting","10.1594/PANGAEA.873376",16.69,1936.78,137.05,15,2090.52,7.97879961706005,NA,NA,NA,NA,NA,NA
"2862","present-day","cell-free media","10.1594/PANGAEA.873376",17.61,1996.9,138.09,15,2152.6,7.96880678156754,NA,NA,NA,NA,NA,NA
"2863","prey reared under ambient pCO2 levels and predators reared under elevated levels","No Comment","10.1594/PANGAEA.858970",49.91,2277.62,64.8,20.3,2392.33,7.4957531474927,0,0,0,0,0,0
"2864","prey reared under elevated pCO2 levels and predators reared under ambient levels","No Comment","10.1594/PANGAEA.858970",14.91,2023.59,173.18,21,2211.68,7.96265673710435,0,0,0,0,0,0
"2865","selection env-1000ppm","No Comment","10.1594/PANGAEA.863127",34.87,2183.04,90.65,18,2308.56,7.69760697993422,0,0,0,0,0,0
"2866","selection env-1000ppmfluc","No Comment","10.1594/PANGAEA.863127",34.87,2183.04,90.65,18,2308.56,7.69760697993422,0,0,0,0,0,0
"2867","selection env-400ppm","No Comment","10.1594/PANGAEA.863127",15.23,1931.69,159.84,18,2106.76,7.99704890422007,0,0,0,0,0,0
"2868","selection env-400ppmfluc","No Comment","10.1594/PANGAEA.863127",16.87,1979.22,151.93,18,2148.02,7.96445033188434,0,0,0,0,0,0
"2869","steady ambient pH/pCO2","No Comment","10.1594/PANGAEA.979844",13.87,1845.93019230769,171.864230769231,20,2031.66442307692,8.01551697925294,0,0,0.00909011952357823,0.0318154183324786,0.0227252988088099,3.04561537517202e-05
"2870","steady carbonate chemistry at ambient pCO2","After dilution","10.1594/PANGAEA.868779",15.49,1968.57,175.06,20,2159.12,7.99558281619662,0,0,0,0,0,0
"2871","steady carbonate chemistry at ambient pCO2","Before dilution","10.1594/PANGAEA.868779",15.08,1962.08,178.55,20,2155.71,8.00558989806961,0,0,0,0,0,0
"2873","steady carbonate chemistry at elevated pCO2","After dilution","10.1594/PANGAEA.868779",35.62,2166.51,92.19,20,2294.32,7.67546987147948,0,0,0,0,0,0
"2874","steady carbonate chemistry at elevated pCO2","Before dilution","10.1594/PANGAEA.868779",36.66,2179.48,90.63,20,2306.77,7.6654658463841,0,0,0,0,0,0
"2876","steady future pH/pCO2","No Comment","10.1594/PANGAEA.979844",28.9528846153846,2021.85865384615,98.7671153846154,20,2149.57865384615,7.73540833264512,0,0.0045450597617875,0.00454505976178266,0.0136351792854513,0.013635179285658,2.29145902091688e-05
"2877","treatment","No Comment","10.1594/PANGAEA.744738",30.4012,1952.3012,96.664,16,2079.3664,7.76604327051634,0,12.0531815716847,46.7100931277171,64.3154925814924,43.5964215733356,0.196782292030091
"2879","variable pH","T0","10.1594/PANGAEA.771288",56.751,1928.826,155.3645,15,2140.9415,7.8216394305224,0,65.9692196087651,161.991131514076,405.762413597441,290.715115376132,0.573186041994606
"2881","variable pH","Tfin","10.1594/PANGAEA.771288",47.1665,1880.859,159.8395,15,2087.865,7.86912928639625,0,53.5190828018135,158.119851927015,396.943830242225,278.992340198568,0.545851854543227
"2883","warming","No Comment","10.1594/PANGAEA.913498",20.4066666666667,1870.18333333333,94.98,7,1985.57,7.97056824451238,0,0.772959679845375,3.03593148802802,7.14748254049403,5.50017090643558,0.0151590835820152
